nohup: ignoring input

CommandNotFoundError: Your shell has not been properly configured to use 'conda activate'.
To initialize your shell, run

    $ conda init <SHELL_NAME>

Currently supported shells are:
  - bash
  - fish
  - tcsh
  - xonsh
  - zsh
  - powershell

See 'conda init --help' for more information and options.

IMPORTANT: You may need to close and restart your shell after running 'conda init'.


/work/home/acrzcyisbk/HYCOM_monthly/ts3z/degree_1/GLBv0.08_53X_archMN.1994_02_ts3z.nc exists, skip
/work/home/acrzcyisbk/HYCOM_monthly/ts3z/degree_1/GLBv0.08_53X_archMN.1995_09_ts3z.nc exists, skip
/work/home/acrzcyisbk/HYCOM_monthly/ts3z/degree_1/GLBv0.08_53X_archMN.1996_10_ts3z.nc exists, skip
/work/home/acrzcyisbk/HYCOM_monthly/ts3z/degree_1/GLBv0.08_53X_archMN.1996_12_ts3z.nc exists, skip
/work/home/acrzcyisbk/HYCOM_monthly/ts3z/degree_1/GLBv0.08_53X_archMN.1997_06_ts3z.nc exists, skip
/work/home/acrzcyisbk/HYCOM_monthly/ts3z/degree_1/GLBv0.08_53X_archMN.1998_02_ts3z.nc exists, skip
/work/home/acrzcyisbk/HYCOM_monthly/ts3z/degree_1/GLBv0.08_53X_archMN.1999_09_ts3z.nc exists, skip
/work/home/acrzcyisbk/HYCOM_monthly/ts3z/degree_1/GLBv0.08_53X_archMN.2000_02_ts3z.nc exists, skip
/work/home/acrzcyisbk/HYCOM_monthly/ts3z/degree_1/GLBv0.08_53X_archMN.2006_10_ts3z.nc exists, skip
/work/home/acrzcyisbk/HYCOM_monthly/ts3z/degree_1/GLBv0.08_53X_archMN.2006_12_ts3z.nc exists, skip
/work/home/acrzcyisbk/HYCOM_monthly/ts3z/degree_1/GLBv0.08_53X_archMN.2007_06_ts3z.nc exists, skip
/work/home/acrzcyisbk/HYCOM_monthly/ts3z/degree_1/GLBv0.08_53X_archMN.2008_02_ts3z.nc exists, skip
/work/home/acrzcyisbk/HYCOM_monthly/ts3z/degree_1/GLBv0.08_53X_archMN.2009_09_ts3z.nc exists, skip
/work/home/acrzcyisbk/HYCOM_monthly/ts3z/degree_1/GLBv0.08_53X_archMN.2012_02_ts3z.nc exists, skip
/work/home/acrzcyisbk/HYCOM_monthly/ts3z/degree_1/GLBv0.08_53X_archMN.2013_09_ts3z.nc exists, skip
/work/home/acrzcyisbk/HYCOM_monthly/ts3z/degree_1/GLBv0.08_53X_archMN.2014_10_ts3z.nc exists, skip
/work/home/acrzcyisbk/HYCOM_monthly/ts3z/degree_1/GLBv0.08_53X_archMN.2014_12_ts3z.nc exists, skip
------------------------------------------------
Interplating /work/home/acrzcyisbk/HYCOM_monthly/ts3z/degree_0083/GLBv0.08_53X_archMN.2001_09_ts3z.nc
cdo    remapbil: Bilinear weights from lonlat (4500x3251) to lonlat (360x170) grid, with source mask (9974940)
cdo    remapbil: Bilinear weights from lonlat (4500x3251) to lonlat (360x170) grid, with source mask (9952885)
cdo    remapbil: Bilinear weights from lonlat (4500x3251) to lonlat (360x170) grid, with source mask (9939291)
cdo    remapbil: Bilinear weights from lonlat (4500x3251) to lonlat (360x170) grid, with source mask (9925415)
cdo    remapbil: Bilinear weights from lonlat (4500x3251) to lonlat (360x170) grid, with source mask (9909528)
cdo    remapbil: Bilinear weights from lonlat (4500x3251) to lonlat (360x170) grid, with source mask (9887620)
cdo    remapbil: Bilinear weights from lonlat (4500x3251) to lonlat (360x170) grid, with source mask (9846685)
cdo    remapbil: Bilinear weights from lonlat (4500x3251) to lonlat (360x170) grid, with source mask (9804573)
cdo    remapbil: Bilinear weights from lonlat (4500x3251) to lonlat (360x170) grid, with source mask (9767299)
cdo    remapbil: Bilinear weights from lonlat (4500x3251) to lonlat (360x170) grid, with source mask (9730643)
cdo    remapbil: Bilinear weights from lonlat (4500x3251) to lonlat (360x170) grid, with source mask (9691209)
cdo    remapbil: Bilinear weights from lonlat (4500x3251) to lonlat (360x170) grid, with source mask (9648582)
cdo    remapbil: Bilinear weights from lonlat (4500x3251) to lonlat (360x170) grid, with source mask (9606865)
cdo    remapbil: Bilinear weights from lonlat (4500x3251) to lonlat (360x170) grid, with source mask (9536477)
cdo    remapbil: Bilinear weights from lonlat (4500x3251) to lonlat (360x170) grid, with source mask (9480678)
cdo    remapbil: Bilinear weights from lonlat (4500x3251) to lonlat (360x170) grid, with source mask (9430184)
cdo    remapbil: Bilinear weights from lonlat (4500x3251) to lonlat (360x170) grid, with source mask (9384784)
cdo    remapbil: Bilinear weights from lonlat (4500x3251) to lonlat (360x170) grid, with source mask (9338856)
cdo    remapbil: Bilinear weights from lonlat (4500x3251) to lonlat (360x170) grid, with source mask (9244901)
cdo    remapbil: Bilinear weights from lonlat (4500x3251) to lonlat (360x170) grid, with source mask (9167129)
cdo    remapbil: Bilinear weights from lonlat (4500x3251) to lonlat (360x170) grid, with source mask (9032413)
cdo    remapbil: Bilinear weights from lonlat (4500x3251) to lonlat (360x170) grid, with source mask (8923756)
cdo    remapbil: Bilinear weights from lonlat (4500x3251) to lonlat (360x170) grid, with source mask (8825169)
cdo    remapbil: Bilinear weights from lonlat (4500x3251) to lonlat (360x170) grid, with source mask (8741043)
cdo    remapbil: Bilinear weights from lonlat (4500x3251) to lonlat (360x170) grid, with source mask (8669422)
cdo    remapbil: Bilinear weights from lonlat (4500x3251) to lonlat (360x170) grid, with source mask (8547872)
cdo    remapbil: Bilinear weights from lonlat (4500x3251) to lonlat (360x170) grid, with source mask (8453750)
cdo    remapbil: Bilinear weights from lonlat (4500x3251) to lonlat (360x170) grid, with source mask (8387576)
cdo    remapbil: Bilinear weights from lonlat (4500x3251) to lonlat (360x170) grid, with source mask (8336479)
cdo    remapbil: Bilinear weights from lonlat (4500x3251) to lonlat (360x170) grid, with source mask (8290417)
cdo    remapbil: Bilinear weights from lonlat (4500x3251) to lonlat (360x170) grid, with source mask (8247815)
cdo    remapbil: Bilinear weights from lonlat (4500x3251) to lonlat (360x170) grid, with source mask (8128477)
cdo    remapbil: Bilinear weights from lonlat (4500x3251) to lonlat (360x170) grid, with source mask (7994116)
cdo    remapbil: Bilinear weights from lonlat (4500x3251) to lonlat (360x170) grid, with source mask (7692126)
cdo    remapbil: Bilinear weights from lonlat (4500x3251) to lonlat (360x170) grid, with source mask (7286838)
cdo    remapbil: Bilinear weights from lonlat (4500x3251) to lonlat (360x170) grid, with source mask (6658426)
cdo    remapbil: Bilinear weights from lonlat (4500x3251) to lonlat (360x170) grid, with source mask (4336945)
cdo    remapbil: Bilinear weights from lonlat (4500x3251) to lonlat (360x170) grid, with source mask (1454435)
------------------------------------------------
Interplating /work/home/acrzcyisbk/HYCOM_monthly/ts3z/degree_0083/GLBv0.08_53X_archMN.2002_10_ts3z.nc
cdo    remapbil: Bilinear weights from lonlat (4500x3251) to lonlat (360x170) grid, with source mask (9974940)
cdo    remapbil: Bilinear weights from lonlat (4500x3251) to lonlat (360x170) grid, with source mask (9952885)
cdo    remapbil: Bilinear weights from lonlat (4500x3251) to lonlat (360x170) grid, with source mask (9939291)
cdo    remapbil: Bilinear weights from lonlat (4500x3251) to lonlat (360x170) grid, with source mask (9925415)
cdo    remapbil: Bilinear weights from lonlat (4500x3251) to lonlat (360x170) grid, with source mask (9909528)
cdo    remapbil: Bilinear weights from lonlat (4500x3251) to lonlat (360x170) grid, with source mask (9887620)
cdo    remapbil: Bilinear weights from lonlat (4500x3251) to lonlat (360x170) grid, with source mask (9846685)
cdo    remapbil: Bilinear weights from lonlat (4500x3251) to lonlat (360x170) grid, with source mask (9804573)
cdo    remapbil: Bilinear weights from lonlat (4500x3251) to lonlat (360x170) grid, with source mask (9767299)
cdo    remapbil: Bilinear weights from lonlat (4500x3251) to lonlat (360x170) grid, with source mask (9730643)
cdo    remapbil: Bilinear weights from lonlat (4500x3251) to lonlat (360x170) grid, with source mask (9691209)
cdo    remapbil: Bilinear weights from lonlat (4500x3251) to lonlat (360x170) grid, with source mask (9648582)
cdo    remapbil: Bilinear weights from lonlat (4500x3251) to lonlat (360x170) grid, with source mask (9606865)
cdo    remapbil: Bilinear weights from lonlat (4500x3251) to lonlat (360x170) grid, with source mask (9536477)
cdo    remapbil: Bilinear weights from lonlat (4500x3251) to lonlat (360x170) grid, with source mask (9480678)
cdo    remapbil: Bilinear weights from lonlat (4500x3251) to lonlat (360x170) grid, with source mask (9430184)
cdo    remapbil: Bilinear weights from lonlat (4500x3251) to lonlat (360x170) grid, with source mask (9384784)
cdo    remapbil: Bilinear weights from lonlat (4500x3251) to lonlat (360x170) grid, with source mask (9338856)
cdo    remapbil: Bilinear weights from lonlat (4500x3251) to lonlat (360x170) grid, with source mask (9244901)
cdo    remapbil: Bilinear weights from lonlat (4500x3251) to lonlat (360x170) grid, with source mask (9167129)
cdo    remapbil: Bilinear weights from lonlat (4500x3251) to lonlat (360x170) grid, with source mask (9032413)
cdo    remapbil: Bilinear weights from lonlat (4500x3251) to lonlat (360x170) grid, with source mask (8923756)
cdo    remapbil: Bilinear weights from lonlat (4500x3251) to lonlat (360x170) grid, with source mask (8825169)
cdo    remapbil: Bilinear weights from lonlat (4500x3251) to lonlat (360x170) grid, with source mask (8741043)
cdo    remapbil: Bilinear weights from lonlat (4500x3251) to lonlat (360x170) grid, with source mask (8669422)
cdo    remapbil: Bilinear weights from lonlat (4500x3251) to lonlat (360x170) grid, with source mask (8547872)
cdo    remapbil: Bilinear weights from lonlat (4500x3251) to lonlat (360x170) grid, with source mask (8453750)
cdo    remapbil: Bilinear weights from lonlat (4500x3251) to lonlat (360x170) grid, with source mask (8387576)
cdo    remapbil: Bilinear weights from lonlat (4500x3251) to lonlat (360x170) grid, with source mask (8336479)
cdo    remapbil: Bilinear weights from lonlat (4500x3251) to lonlat (360x170) grid, with source mask (8290417)
cdo    remapbil: Bilinear weights from lonlat (4500x3251) to lonlat (360x170) grid, with source mask (8247815)
cdo    remapbil: Bilinear weights from lonlat (4500x3251) to lonlat (360x170) grid, with source mask (8128477)
cdo    remapbil: Bilinear weights from lonlat (4500x3251) to lonlat (360x170) grid, with source mask (7994116)
cdo    remapbil: Bilinear weights from lonlat (4500x3251) to lonlat (360x170) grid, with source mask (7692126)
cdo    remapbil: Bilinear weights from lonlat (4500x3251) to lonlat (360x170) grid, with source mask (7286838)
cdo    remapbil: Bilinear weights from lonlat (4500x3251) to lonlat (360x170) grid, with source mask (6658426)
cdo    remapbil: Bilinear weights from lonlat (4500x3251) to lonlat (360x170) grid, with source mask (4336945)
cdo    remapbil: Bilinear weights from lonlat (4500x3251) to lonlat (360x170) grid, with source mask (1454435)
------------------------------------------------
Interplating /work/home/acrzcyisbk/HYCOM_monthly/ts3z/degree_0083/GLBv0.08_53X_archMN.2002_12_ts3z.nc
cdo    remapbil: Bilinear weights from lonlat (4500x3251) to lonlat (360x170) grid, with source mask (9974940)
cdo    remapbil: Bilinear weights from lonlat (4500x3251) to lonlat (360x170) grid, with source mask (9952885)
cdo    remapbil: Bilinear weights from lonlat (4500x3251) to lonlat (360x170) grid, with source mask (9939291)
cdo    remapbil: Bilinear weights from lonlat (4500x3251) to lonlat (360x170) grid, with source mask (9925415)
cdo    remapbil: Bilinear weights from lonlat (4500x3251) to lonlat (360x170) grid, with source mask (9909528)
cdo    remapbil: Bilinear weights from lonlat (4500x3251) to lonlat (360x170) grid, with source mask (9887620)
cdo    remapbil: Bilinear weights from lonlat (4500x3251) to lonlat (360x170) grid, with source mask (9846685)
cdo    remapbil: Bilinear weights from lonlat (4500x3251) to lonlat (360x170) grid, with source mask (9804573)
cdo    remapbil: Bilinear weights from lonlat (4500x3251) to lonlat (360x170) grid, with source mask (9767299)
cdo    remapbil: Bilinear weights from lonlat (4500x3251) to lonlat (360x170) grid, with source mask (9730643)
cdo    remapbil: Bilinear weights from lonlat (4500x3251) to lonlat (360x170) grid, with source mask (9691209)
cdo    remapbil: Bilinear weights from lonlat (4500x3251) to lonlat (360x170) grid, with source mask (9648582)
cdo    remapbil: Bilinear weights from lonlat (4500x3251) to lonlat (360x170) grid, with source mask (9606865)
cdo    remapbil: Bilinear weights from lonlat (4500x3251) to lonlat (360x170) grid, with source mask (9536477)
cdo    remapbil: Bilinear weights from lonlat (4500x3251) to lonlat (360x170) grid, with source mask (9480678)
cdo    remapbil: Bilinear weights from lonlat (4500x3251) to lonlat (360x170) grid, with source mask (9430184)
cdo    remapbil: Bilinear weights from lonlat (4500x3251) to lonlat (360x170) grid, with source mask (9384784)
cdo    remapbil: Bilinear weights from lonlat (4500x3251) to lonlat (360x170) grid, with source mask (9338856)
cdo    remapbil: Bilinear weights from lonlat (4500x3251) to lonlat (360x170) grid, with source mask (9244901)
cdo    remapbil: Bilinear weights from lonlat (4500x3251) to lonlat (360x170) grid, with source mask (9167129)
cdo    remapbil: Bilinear weights from lonlat (4500x3251) to lonlat (360x170) grid, with source mask (9032413)
cdo    remapbil: Bilinear weights from lonlat (4500x3251) to lonlat (360x170) grid, with source mask (8923756)
cdo    remapbil: Bilinear weights from lonlat (4500x3251) to lonlat (360x170) grid, with source mask (8825169)
cdo    remapbil: Bilinear weights from lonlat (4500x3251) to lonlat (360x170) grid, with source mask (8741043)
cdo    remapbil: Bilinear weights from lonlat (4500x3251) to lonlat (360x170) grid, with source mask (8669422)
cdo    remapbil: Bilinear weights from lonlat (4500x3251) to lonlat (360x170) grid, with source mask (8547872)
cdo    remapbil: Bilinear weights from lonlat (4500x3251) to lonlat (360x170) grid, with source mask (8453750)
cdo    remapbil: Bilinear weights from lonlat (4500x3251) to lonlat (360x170) grid, with source mask (8387576)
cdo    remapbil: Bilinear weights from lonlat (4500x3251) to lonlat (360x170) grid, with source mask (8336479)
cdo    remapbil: Bilinear weights from lonlat (4500x3251) to lonlat (360x170) grid, with source mask (8290417)
cdo    remapbil: Bilinear weights from lonlat (4500x3251) to lonlat (360x170) grid, with source mask (8247815)
cdo    remapbil: Bilinear weights from lonlat (4500x3251) to lonlat (360x170) grid, with source mask (8128477)
cdo    remapbil: Bilinear weights from lonlat (4500x3251) to lonlat (360x170) grid, with source mask (7994116)
cdo    remapbil: Bilinear weights from lonlat (4500x3251) to lonlat (360x170) grid, with source mask (7692126)
cdo    remapbil: Bilinear weights from lonlat (4500x3251) to lonlat (360x170) grid, with source mask (7286838)
cdo    remapbil: Bilinear weights from lonlat (4500x3251) to lonlat (360x170) grid, with source mask (6658426)
cdo    remapbil: Bilinear weights from lonlat (4500x3251) to lonlat (360x170) grid, with source mask (4336945)
cdo    remapbil: Bilinear weights from lonlat (4500x3251) to lonlat (360x170) grid, with source mask (1454435)
------------------------------------------------
Interplating /work/home/acrzcyisbk/HYCOM_monthly/ts3z/degree_0083/GLBv0.08_53X_archMN.2003_06_ts3z.nc
cdo    remapbil: Bilinear weights from lonlat (4500x3251) to lonlat (360x170) grid, with source mask (9974940)
cdo    remapbil: Bilinear weights from lonlat (4500x3251) to lonlat (360x170) grid, with source mask (12437784)
cdo    remapbil: Bilinear weights from lonlat (4500x3251) to lonlat (360x170) grid, with source mask (14548514)
cdo    remapbil: Bilinear weights from lonlat (4500x3251) to lonlat (360x170) grid, with source mask (14548514)
cdo    remapbil: Bilinear weights from lonlat (4500x3251) to lonlat (360x170) grid, with source mask (14548514)
cdo    remapbil: Bilinear weights from lonlat (4500x3251) to lonlat (360x170) grid, with source mask (14589007)
cdo    remapbil: Bilinear weights from lonlat (4500x3251) to lonlat (360x170) grid, with source mask (14548514)
cdo    remapbil: Bilinear weights from lonlat (4500x3251) to lonlat (360x170) grid, with source mask (14548514)
cdo    remapbil: Bilinear weights from lonlat (4500x3251) to lonlat (360x170) grid, with source mask (14548514)
cdo    remapbil: Bilinear weights from lonlat (4500x3251) to lonlat (360x170) grid, with source mask (14589007)
cdo    remapbil: Bilinear weights from lonlat (4500x3251) to lonlat (360x170) grid, with source mask (14548514)
cdo    remapbil: Bilinear weights from lonlat (4500x3251) to lonlat (360x170) grid, with source mask (14548514)
cdo    remapbil: Bilinear weights from lonlat (4500x3251) to lonlat (360x170) grid, with source mask (14548514)
cdo    remapbil: Bilinear weights from lonlat (4500x3251) to lonlat (360x170) grid, with source mask (14589007)
cdo    remapbil: Bilinear weights from lonlat (4500x3251) to lonlat (360x170) grid, with source mask (14548514)
cdo    remapbil: Bilinear weights from lonlat (4500x3251) to lonlat (360x170) grid, with source mask (14548514)
cdo    remapbil: Bilinear weights from lonlat (4500x3251) to lonlat (360x170) grid, with source mask (14548514)
cdo    remapbil: Bilinear weights from lonlat (4500x3251) to lonlat (360x170) grid, with source mask (14589007)
cdo    remapbil: Bilinear weights from lonlat (4500x3251) to lonlat (360x170) grid, with source mask (14548514)
cdo    remapbil: Bilinear weights from lonlat (4500x3251) to lonlat (360x170) grid, with source mask (14548514)
cdo    remapbil: Bilinear weights from lonlat (4500x3251) to lonlat (360x170) grid, with source mask (14548514)
cdo    remapbil: Bilinear weights from lonlat (4500x3251) to lonlat (360x170) grid, with source mask (14589007)
cdo    remapbil: Bilinear weights from lonlat (4500x3251) to lonlat (360x170) grid, with source mask (14548514)
cdo    remapbil: Bilinear weights from lonlat (4500x3251) to lonlat (360x170) grid, with source mask (14548514)
cdo    remapbil: Bilinear weights from lonlat (4500x3251) to lonlat (360x170) grid, with source mask (14548514)
cdo    remapbil: Bilinear weights from lonlat (4500x3251) to lonlat (360x170) grid, with source mask (14589007)
cdo    remapbil: Bilinear weights from lonlat (4500x3251) to lonlat (360x170) grid, with source mask (14548514)
cdo    remapbil: Bilinear weights from lonlat (4500x3251) to lonlat (360x170) grid, with source mask (14548514)
cdo    remapbil: Bilinear weights from lonlat (4500x3251) to lonlat (360x170) grid, with source mask (14548514)
cdo    remapbil: Bilinear weights from lonlat (4500x3251) to lonlat (360x170) grid, with source mask (14589007)
cdo    remapbil: Bilinear weights from lonlat (4500x3251) to lonlat (360x170) grid, with source mask (14548514)
cdo    remapbil: Bilinear weights from lonlat (4500x3251) to lonlat (360x170) grid, with source mask (14548514)
cdo    remapbil: Bilinear weights from lonlat (4500x3251) to lonlat (360x170) grid, with source mask (14548514)
cdo    remapbil: Bilinear weights from lonlat (4500x3251) to lonlat (360x170) grid, with source mask (14589007)
cdo    remapbil: Bilinear weights from lonlat (4500x3251) to lonlat (360x170) grid, with source mask (14548514)
cdo    remapbil: Bilinear weights from lonlat (4500x3251) to lonlat (360x170) grid, with source mask (14548514)
cdo    remapbil: Bilinear weights from lonlat (4500x3251) to lonlat (360x170) grid, with source mask (14548514)
cdo    remapbil: Bilinear weights from lonlat (4500x3251) to lonlat (360x170) grid, with source mask (14589007)
cdo    remapbil: Bilinear weights from lonlat (4500x3251) to lonlat (360x170) grid, with source mask (14548514)
cdo    remapbil: Bilinear weights from lonlat (4500x3251) to lonlat (360x170) grid, with source mask (14548514)
cdo    remapbil: Bilinear weights from lonlat (4500x3251) to lonlat (360x170) grid, with source mask (14589007)
cdo    remapbil: Bilinear weights from lonlat (4500x3251) to lonlat (360x170) grid, with source mask (14607906)
cdo    remapbil: Bilinear weights from lonlat (4500x3251) to lonlat (360x170) grid, with source mask (14607906)
cdo    remapbil: Bilinear weights from lonlat (4500x3251) to lonlat (360x170) grid, with source mask (14607906)
cdo    remapbil: Bilinear weights from lonlat (4500x3251) to lonlat (360x170) grid, with source mask (14618703)
cdo    remapbil: Bilinear weights from lonlat (4500x3251) to lonlat (360x170) grid, with source mask (14607906)
cdo    remapbil: Bilinear weights from lonlat (4500x3251) to lonlat (360x170) grid, with source mask (14607906)
cdo    remapbil: Bilinear weights from lonlat (4500x3251) to lonlat (360x170) grid, with source mask (14607906)
cdo    remapbil: Bilinear weights from lonlat (4500x3251) to lonlat (360x170) grid, with source mask (14618703)
cdo    remapbil: Bilinear weights from lonlat (4500x3251) to lonlat (360x170) grid, with source mask (14607906)
cdo    remapbil: Bilinear weights from lonlat (4500x3251) to lonlat (360x170) grid, with source mask (14607906)
cdo    remapbil: Bilinear weights from lonlat (4500x3251) to lonlat (360x170) grid, with source mask (14607906)
cdo    remapbil: Bilinear weights from lonlat (4500x3251) to lonlat (360x170) grid, with source mask (14618703)
cdo    remapbil: Bilinear weights from lonlat (4500x3251) to lonlat (360x170) grid, with source mask (14607906)
cdo    remapbil: Bilinear weights from lonlat (4500x3251) to lonlat (360x170) grid, with source mask (14607906)
cdo    remapbil: Bilinear weights from lonlat (4500x3251) to lonlat (360x170) grid, with source mask (14607906)
cdo    remapbil: Bilinear weights from lonlat (4500x3251) to lonlat (360x170) grid, with source mask (14618703)
cdo    remapbil: Bilinear weights from lonlat (4500x3251) to lonlat (360x170) grid, with source mask (14607906)
cdo    remapbil: Bilinear weights from lonlat (4500x3251) to lonlat (360x170) grid, with source mask (14607906)
cdo    remapbil: Bilinear weights from lonlat (4500x3251) to lonlat (360x170) grid, with source mask (14607906)
cdo    remapbil: Bilinear weights from lonlat (4500x3251) to lonlat (360x170) grid, with source mask (14618703)
cdo    remapbil: Bilinear weights from lonlat (4500x3251) to lonlat (360x170) grid, with source mask (14607906)
cdo    remapbil: Bilinear weights from lonlat (4500x3251) to lonlat (360x170) grid, with source mask (14607906)
cdo    remapbil: Bilinear weights from lonlat (4500x3251) to lonlat (360x170) grid, with source mask (14607906)
cdo    remapbil: Bilinear weights from lonlat (4500x3251) to lonlat (360x170) grid, with source mask (14618703)
cdo    remapbil: Bilinear weights from lonlat (4500x3251) to lonlat (360x170) grid, with source mask (14607906)
cdo    remapbil: Bilinear weights from lonlat (4500x3251) to lonlat (360x170) grid, with source mask (14607906)
cdo    remapbil: Bilinear weights from lonlat (4500x3251) to lonlat (360x170) grid, with source mask (14607906)
cdo    remapbil: Bilinear weights from lonlat (4500x3251) to lonlat (360x170) grid, with source mask (14618703)
cdo    remapbil: Bilinear weights from lonlat (4500x3251) to lonlat (360x170) grid, with source mask (14607906)
cdo    remapbil: Bilinear weights from lonlat (4500x3251) to lonlat (360x170) grid, with source mask (14607906)
cdo    remapbil: Bilinear weights from lonlat (4500x3251) to lonlat (360x170) grid, with source mask (14607906)
cdo    remapbil: Bilinear weights from lonlat (4500x3251) to lonlat (360x170) grid, with source mask (14618703)
cdo    remapbil: Bilinear weights from lonlat (4500x3251) to lonlat (360x170) grid, with source mask (14607906)
cdo    remapbil: Bilinear weights from lonlat (4500x3251) to lonlat (360x170) grid, with source mask (14607906)
cdo    remapbil: Bilinear weights from lonlat (4500x3251) to lonlat (360x170) grid, with source mask (14607906)
cdo    remapbil: Bilinear weights from lonlat (4500x3251) to lonlat (360x170) grid, with source mask (14618703)
cdo    remapbil: Bilinear weights from lonlat (4500x3251) to lonlat (360x170) grid, with source mask (14607906)
------------------------------------------------
Interplating /work/home/acrzcyisbk/HYCOM_monthly/ts3z/degree_0083/GLBv0.08_53X_archMN.2005_09_ts3z.nc
cdo    remapbil: Bilinear weights from lonlat (4500x3251) to lonlat (360x170) grid, with source mask (9974940)
cdo    remapbil: Bilinear weights from lonlat (4500x3251) to lonlat (360x170) grid, with source mask (9952885)
cdo    remapbil: Bilinear weights from lonlat (4500x3251) to lonlat (360x170) grid, with source mask (9939291)
cdo    remapbil: Bilinear weights from lonlat (4500x3251) to lonlat (360x170) grid, with source mask (9925415)
cdo    remapbil: Bilinear weights from lonlat (4500x3251) to lonlat (360x170) grid, with source mask (9909528)
cdo    remapbil: Bilinear weights from lonlat (4500x3251) to lonlat (360x170) grid, with source mask (9887620)
cdo    remapbil: Bilinear weights from lonlat (4500x3251) to lonlat (360x170) grid, with source mask (9846685)
cdo    remapbil: Bilinear weights from lonlat (4500x3251) to lonlat (360x170) grid, with source mask (9804573)
cdo    remapbil: Bilinear weights from lonlat (4500x3251) to lonlat (360x170) grid, with source mask (9767299)
cdo    remapbil: Bilinear weights from lonlat (4500x3251) to lonlat (360x170) grid, with source mask (9730643)
cdo    remapbil: Bilinear weights from lonlat (4500x3251) to lonlat (360x170) grid, with source mask (9691209)
cdo    remapbil: Bilinear weights from lonlat (4500x3251) to lonlat (360x170) grid, with source mask (9648582)
cdo    remapbil: Bilinear weights from lonlat (4500x3251) to lonlat (360x170) grid, with source mask (9606865)
cdo    remapbil: Bilinear weights from lonlat (4500x3251) to lonlat (360x170) grid, with source mask (9536477)
cdo    remapbil: Bilinear weights from lonlat (4500x3251) to lonlat (360x170) grid, with source mask (9480678)
cdo    remapbil: Bilinear weights from lonlat (4500x3251) to lonlat (360x170) grid, with source mask (9430184)
cdo    remapbil: Bilinear weights from lonlat (4500x3251) to lonlat (360x170) grid, with source mask (9384784)
cdo    remapbil: Bilinear weights from lonlat (4500x3251) to lonlat (360x170) grid, with source mask (9338856)
cdo    remapbil: Bilinear weights from lonlat (4500x3251) to lonlat (360x170) grid, with source mask (9244901)
cdo    remapbil: Bilinear weights from lonlat (4500x3251) to lonlat (360x170) grid, with source mask (9167129)
cdo    remapbil: Bilinear weights from lonlat (4500x3251) to lonlat (360x170) grid, with source mask (9032413)
cdo    remapbil: Bilinear weights from lonlat (4500x3251) to lonlat (360x170) grid, with source mask (8923756)
cdo    remapbil: Bilinear weights from lonlat (4500x3251) to lonlat (360x170) grid, with source mask (8825169)
cdo    remapbil: Bilinear weights from lonlat (4500x3251) to lonlat (360x170) grid, with source mask (8741043)
cdo    remapbil: Bilinear weights from lonlat (4500x3251) to lonlat (360x170) grid, with source mask (8669422)
cdo    remapbil: Bilinear weights from lonlat (4500x3251) to lonlat (360x170) grid, with source mask (8547872)
cdo    remapbil: Bilinear weights from lonlat (4500x3251) to lonlat (360x170) grid, with source mask (8453750)
cdo    remapbil: Bilinear weights from lonlat (4500x3251) to lonlat (360x170) grid, with source mask (8387576)
cdo    remapbil: Bilinear weights from lonlat (4500x3251) to lonlat (360x170) grid, with source mask (8336479)
cdo    remapbil: Bilinear weights from lonlat (4500x3251) to lonlat (360x170) grid, with source mask (8290417)
cdo    remapbil: Bilinear weights from lonlat (4500x3251) to lonlat (360x170) grid, with source mask (8247815)
cdo    remapbil: Bilinear weights from lonlat (4500x3251) to lonlat (360x170) grid, with source mask (8128477)
cdo    remapbil: Bilinear weights from lonlat (4500x3251) to lonlat (360x170) grid, with source mask (7994116)
cdo    remapbil: Bilinear weights from lonlat (4500x3251) to lonlat (360x170) grid, with source mask (7692126)
cdo    remapbil: Bilinear weights from lonlat (4500x3251) to lonlat (360x170) grid, with source mask (7286838)
cdo    remapbil: Bilinear weights from lonlat (4500x3251) to lonlat (360x170) grid, with source mask (6658426)
cdo    remapbil: Bilinear weights from lonlat (4500x3251) to lonlat (360x170) grid, with source mask (4336945)
cdo    remapbil: Bilinear weights from lonlat (4500x3251) to lonlat (360x170) grid, with source mask (1454435)
------------------------------------------------
Interplating /work/home/acrzcyisbk/HYCOM_monthly/ts3z/degree_0083/GLBv0.08_53X_archMN.2010_10_ts3z.nc
cdo    remapbil: Bilinear weights from lonlat (4500x3251) to lonlat (360x170) grid, with source mask (9974940)
cdo    remapbil: Bilinear weights from lonlat (4500x3251) to lonlat (360x170) grid, with source mask (9952885)
cdo    remapbil: Bilinear weights from lonlat (4500x3251) to lonlat (360x170) grid, with source mask (9939291)
cdo    remapbil: Bilinear weights from lonlat (4500x3251) to lonlat (360x170) grid, with source mask (9925415)
cdo    remapbil: Bilinear weights from lonlat (4500x3251) to lonlat (360x170) grid, with source mask (9909528)
cdo    remapbil: Bilinear weights from lonlat (4500x3251) to lonlat (360x170) grid, with source mask (9887620)
cdo    remapbil: Bilinear weights from lonlat (4500x3251) to lonlat (360x170) grid, with source mask (9846685)
cdo    remapbil: Bilinear weights from lonlat (4500x3251) to lonlat (360x170) grid, with source mask (9804573)
cdo    remapbil: Bilinear weights from lonlat (4500x3251) to lonlat (360x170) grid, with source mask (9767299)
cdo    remapbil: Bilinear weights from lonlat (4500x3251) to lonlat (360x170) grid, with source mask (9730643)
cdo    remapbil: Bilinear weights from lonlat (4500x3251) to lonlat (360x170) grid, with source mask (9691209)
cdo    remapbil: Bilinear weights from lonlat (4500x3251) to lonlat (360x170) grid, with source mask (9648582)
cdo    remapbil: Bilinear weights from lonlat (4500x3251) to lonlat (360x170) grid, with source mask (9606865)
cdo    remapbil: Bilinear weights from lonlat (4500x3251) to lonlat (360x170) grid, with source mask (9536477)
cdo    remapbil: Bilinear weights from lonlat (4500x3251) to lonlat (360x170) grid, with source mask (9480678)
cdo    remapbil: Bilinear weights from lonlat (4500x3251) to lonlat (360x170) grid, with source mask (9430184)
cdo    remapbil: Bilinear weights from lonlat (4500x3251) to lonlat (360x170) grid, with source mask (9384784)
cdo    remapbil: Bilinear weights from lonlat (4500x3251) to lonlat (360x170) grid, with source mask (9338856)
cdo    remapbil: Bilinear weights from lonlat (4500x3251) to lonlat (360x170) grid, with source mask (9244901)
cdo    remapbil: Bilinear weights from lonlat (4500x3251) to lonlat (360x170) grid, with source mask (9167129)
cdo    remapbil: Bilinear weights from lonlat (4500x3251) to lonlat (360x170) grid, with source mask (9032413)
cdo    remapbil: Bilinear weights from lonlat (4500x3251) to lonlat (360x170) grid, with source mask (8923756)
cdo    remapbil: Bilinear weights from lonlat (4500x3251) to lonlat (360x170) grid, with source mask (8825169)
cdo    remapbil: Bilinear weights from lonlat (4500x3251) to lonlat (360x170) grid, with source mask (8741043)
cdo    remapbil: Bilinear weights from lonlat (4500x3251) to lonlat (360x170) grid, with source mask (8669422)
cdo    remapbil: Bilinear weights from lonlat (4500x3251) to lonlat (360x170) grid, with source mask (8547872)
cdo    remapbil: Bilinear weights from lonlat (4500x3251) to lonlat (360x170) grid, with source mask (8453750)
cdo    remapbil: Bilinear weights from lonlat (4500x3251) to lonlat (360x170) grid, with source mask (8387576)
cdo    remapbil: Bilinear weights from lonlat (4500x3251) to lonlat (360x170) grid, with source mask (8336479)
cdo    remapbil: Bilinear weights from lonlat (4500x3251) to lonlat (360x170) grid, with source mask (8290417)
cdo    remapbil: Bilinear weights from lonlat (4500x3251) to lonlat (360x170) grid, with source mask (8247815)
cdo    remapbil: Bilinear weights from lonlat (4500x3251) to lonlat (360x170) grid, with source mask (8128477)
cdo    remapbil: Bilinear weights from lonlat (4500x3251) to lonlat (360x170) grid, with source mask (7994116)
cdo    remapbil: Bilinear weights from lonlat (4500x3251) to lonlat (360x170) grid, with source mask (7692126)
cdo    remapbil: Bilinear weights from lonlat (4500x3251) to lonlat (360x170) grid, with source mask (7286838)
cdo    remapbil: Bilinear weights from lonlat (4500x3251) to lonlat (360x170) grid, with source mask (6658426)
cdo    remapbil: Bilinear weights from lonlat (4500x3251) to lonlat (360x170) grid, with source mask (4336945)
cdo    remapbil: Bilinear weights from lonlat (4500x3251) to lonlat (360x170) grid, with source mask (1454435)
------------------------------------------------
Interplating /work/home/acrzcyisbk/HYCOM_monthly/ts3z/degree_0083/GLBv0.08_53X_archMN.2010_12_ts3z.nc
cdo    remapbil: Bilinear weights from lonlat (4500x3251) to lonlat (360x170) grid, with source mask (9974940)
cdo    remapbil: Bilinear weights from lonlat (4500x3251) to lonlat (360x170) grid, with source mask (9952885)
cdo    remapbil: Bilinear weights from lonlat (4500x3251) to lonlat (360x170) grid, with source mask (9939291)
cdo    remapbil: Bilinear weights from lonlat (4500x3251) to lonlat (360x170) grid, with source mask (9925415)
cdo    remapbil: Bilinear weights from lonlat (4500x3251) to lonlat (360x170) grid, with source mask (9909528)
cdo    remapbil: Bilinear weights from lonlat (4500x3251) to lonlat (360x170) grid, with source mask (9887620)
cdo    remapbil: Bilinear weights from lonlat (4500x3251) to lonlat (360x170) grid, with source mask (9846685)
cdo    remapbil: Bilinear weights from lonlat (4500x3251) to lonlat (360x170) grid, with source mask (9804573)
cdo    remapbil: Bilinear weights from lonlat (4500x3251) to lonlat (360x170) grid, with source mask (9767299)
cdo    remapbil: Bilinear weights from lonlat (4500x3251) to lonlat (360x170) grid, with source mask (9730643)
cdo    remapbil: Bilinear weights from lonlat (4500x3251) to lonlat (360x170) grid, with source mask (9691209)
cdo    remapbil: Bilinear weights from lonlat (4500x3251) to lonlat (360x170) grid, with source mask (9648582)
cdo    remapbil: Bilinear weights from lonlat (4500x3251) to lonlat (360x170) grid, with source mask (9606865)
cdo    remapbil: Bilinear weights from lonlat (4500x3251) to lonlat (360x170) grid, with source mask (9536477)
cdo    remapbil: Bilinear weights from lonlat (4500x3251) to lonlat (360x170) grid, with source mask (9480678)
cdo    remapbil: Bilinear weights from lonlat (4500x3251) to lonlat (360x170) grid, with source mask (9430184)
cdo    remapbil: Bilinear weights from lonlat (4500x3251) to lonlat (360x170) grid, with source mask (9384784)
cdo    remapbil: Bilinear weights from lonlat (4500x3251) to lonlat (360x170) grid, with source mask (9338856)
cdo    remapbil: Bilinear weights from lonlat (4500x3251) to lonlat (360x170) grid, with source mask (9244901)
cdo    remapbil: Bilinear weights from lonlat (4500x3251) to lonlat (360x170) grid, with source mask (9167129)
cdo    remapbil: Bilinear weights from lonlat (4500x3251) to lonlat (360x170) grid, with source mask (9032413)
cdo    remapbil: Bilinear weights from lonlat (4500x3251) to lonlat (360x170) grid, with source mask (8923756)
cdo    remapbil: Bilinear weights from lonlat (4500x3251) to lonlat (360x170) grid, with source mask (8825169)
cdo    remapbil: Bilinear weights from lonlat (4500x3251) to lonlat (360x170) grid, with source mask (8741043)
cdo    remapbil: Bilinear weights from lonlat (4500x3251) to lonlat (360x170) grid, with source mask (8669422)
cdo    remapbil: Bilinear weights from lonlat (4500x3251) to lonlat (360x170) grid, with source mask (8547872)
cdo    remapbil: Bilinear weights from lonlat (4500x3251) to lonlat (360x170) grid, with source mask (8453750)
cdo    remapbil: Bilinear weights from lonlat (4500x3251) to lonlat (360x170) grid, with source mask (8387576)
cdo    remapbil: Bilinear weights from lonlat (4500x3251) to lonlat (360x170) grid, with source mask (8336479)
cdo    remapbil: Bilinear weights from lonlat (4500x3251) to lonlat (360x170) grid, with source mask (8290417)
cdo    remapbil: Bilinear weights from lonlat (4500x3251) to lonlat (360x170) grid, with source mask (8247815)
cdo    remapbil: Bilinear weights from lonlat (4500x3251) to lonlat (360x170) grid, with source mask (8128477)
cdo    remapbil: Bilinear weights from lonlat (4500x3251) to lonlat (360x170) grid, with source mask (7994116)
cdo    remapbil: Bilinear weights from lonlat (4500x3251) to lonlat (360x170) grid, with source mask (7692126)
cdo    remapbil: Bilinear weights from lonlat (4500x3251) to lonlat (360x170) grid, with source mask (7286838)
cdo    remapbil: Bilinear weights from lonlat (4500x3251) to lonlat (360x170) grid, with source mask (6658426)
cdo    remapbil: Bilinear weights from lonlat (4500x3251) to lonlat (360x170) grid, with source mask (4336945)
cdo    remapbil: Bilinear weights from lonlat (4500x3251) to lonlat (360x170) grid, with source mask (1454435)
------------------------------------------------
Interplating /work/home/acrzcyisbk/HYCOM_monthly/ts3z/degree_0083/GLBv0.08_53X_archMN.2011_06_ts3z.nc
cdo    remapbil: Bilinear weights from lonlat (4500x3251) to lonlat (360x170) grid, with source mask (9974940)
cdo    remapbil: Bilinear weights from lonlat (4500x3251) to lonlat (360x170) grid, with source mask (9952885)
cdo    remapbil: Bilinear weights from lonlat (4500x3251) to lonlat (360x170) grid, with source mask (9939291)
cdo    remapbil: Bilinear weights from lonlat (4500x3251) to lonlat (360x170) grid, with source mask (9925415)
cdo    remapbil: Bilinear weights from lonlat (4500x3251) to lonlat (360x170) grid, with source mask (9909528)
cdo    remapbil: Bilinear weights from lonlat (4500x3251) to lonlat (360x170) grid, with source mask (9887620)
cdo    remapbil: Bilinear weights from lonlat (4500x3251) to lonlat (360x170) grid, with source mask (9846685)
cdo    remapbil: Bilinear weights from lonlat (4500x3251) to lonlat (360x170) grid, with source mask (9804573)
cdo    remapbil: Bilinear weights from lonlat (4500x3251) to lonlat (360x170) grid, with source mask (9767299)
cdo    remapbil: Bilinear weights from lonlat (4500x3251) to lonlat (360x170) grid, with source mask (9730643)
cdo    remapbil: Bilinear weights from lonlat (4500x3251) to lonlat (360x170) grid, with source mask (9691209)
cdo    remapbil: Bilinear weights from lonlat (4500x3251) to lonlat (360x170) grid, with source mask (9648582)
cdo    remapbil: Bilinear weights from lonlat (4500x3251) to lonlat (360x170) grid, with source mask (9606865)
cdo    remapbil: Bilinear weights from lonlat (4500x3251) to lonlat (360x170) grid, with source mask (9536477)
cdo    remapbil: Bilinear weights from lonlat (4500x3251) to lonlat (360x170) grid, with source mask (9480678)
cdo    remapbil: Bilinear weights from lonlat (4500x3251) to lonlat (360x170) grid, with source mask (9430184)
cdo    remapbil: Bilinear weights from lonlat (4500x3251) to lonlat (360x170) grid, with source mask (9384784)
cdo    remapbil: Bilinear weights from lonlat (4500x3251) to lonlat (360x170) grid, with source mask (9338856)
cdo    remapbil: Bilinear weights from lonlat (4500x3251) to lonlat (360x170) grid, with source mask (9244901)
cdo    remapbil: Bilinear weights from lonlat (4500x3251) to lonlat (360x170) grid, with source mask (9167129)
cdo    remapbil: Bilinear weights from lonlat (4500x3251) to lonlat (360x170) grid, with source mask (9032413)
cdo    remapbil: Bilinear weights from lonlat (4500x3251) to lonlat (360x170) grid, with source mask (8923756)
cdo    remapbil: Bilinear weights from lonlat (4500x3251) to lonlat (360x170) grid, with source mask (8825169)
cdo    remapbil: Bilinear weights from lonlat (4500x3251) to lonlat (360x170) grid, with source mask (8741043)
cdo    remapbil: Bilinear weights from lonlat (4500x3251) to lonlat (360x170) grid, with source mask (8669422)
cdo    remapbil: Bilinear weights from lonlat (4500x3251) to lonlat (360x170) grid, with source mask (8547872)
cdo    remapbil: Bilinear weights from lonlat (4500x3251) to lonlat (360x170) grid, with source mask (8453750)
cdo    remapbil: Bilinear weights from lonlat (4500x3251) to lonlat (360x170) grid, with source mask (8387576)
cdo    remapbil: Bilinear weights from lonlat (4500x3251) to lonlat (360x170) grid, with source mask (8336479)
cdo    remapbil: Bilinear weights from lonlat (4500x3251) to lonlat (360x170) grid, with source mask (8290417)
cdo    remapbil: Bilinear weights from lonlat (4500x3251) to lonlat (360x170) grid, with source mask (8247815)
cdo    remapbil: Bilinear weights from lonlat (4500x3251) to lonlat (360x170) grid, with source mask (8128477)
cdo    remapbil: Bilinear weights from lonlat (4500x3251) to lonlat (360x170) grid, with source mask (7994116)
cdo    remapbil: Bilinear weights from lonlat (4500x3251) to lonlat (360x170) grid, with source mask (7692126)
cdo    remapbil: Bilinear weights from lonlat (4500x3251) to lonlat (360x170) grid, with source mask (7286838)
cdo    remapbil: Bilinear weights from lonlat (4500x3251) to lonlat (360x170) grid, with source mask (6658426)
cdo    remapbil: Bilinear weights from lonlat (4500x3251) to lonlat (360x170) grid, with source mask (4336945)
cdo    remapbil: Bilinear weights from lonlat (4500x3251) to lonlat (360x170) grid, with source mask (1454435)
/work/home/acrzcyisbk/HYCOM_monthly/ts3z/degree_1/GLBv0.08_53X_archMN.1995_10_ts3z.nc exists, skip
/work/home/acrzcyisbk/HYCOM_monthly/ts3z/degree_1/GLBv0.08_53X_archMN.1995_12_ts3z.nc exists, skip
/work/home/acrzcyisbk/HYCOM_monthly/ts3z/degree_1/GLBv0.08_53X_archMN.1996_09_ts3z.nc exists, skip
/work/home/acrzcyisbk/HYCOM_monthly/ts3z/degree_1/GLBv0.08_53X_archMN.1997_02_ts3z.nc exists, skip
/work/home/acrzcyisbk/HYCOM_monthly/ts3z/degree_1/GLBv0.08_53X_archMN.1998_06_ts3z.nc exists, skip
/work/home/acrzcyisbk/HYCOM_monthly/ts3z/degree_1/GLBv0.08_53X_archMN.1999_10_ts3z.nc exists, skip
/work/home/acrzcyisbk/HYCOM_monthly/ts3z/degree_1/GLBv0.08_53X_archMN.2000_06_ts3z.nc exists, skip
/work/home/acrzcyisbk/HYCOM_monthly/ts3z/degree_1/GLBv0.08_53X_archMN.2003_02_ts3z.nc exists, skip
/work/home/acrzcyisbk/HYCOM_monthly/ts3z/degree_1/GLBv0.08_53X_archMN.2004_02_ts3z.nc exists, skip
/work/home/acrzcyisbk/HYCOM_monthly/ts3z/degree_1/GLBv0.08_53X_archMN.2004_06_ts3z.nc exists, skip
/work/home/acrzcyisbk/HYCOM_monthly/ts3z/degree_1/GLBv0.08_53X_archMN.2006_09_ts3z.nc exists, skip
/work/home/acrzcyisbk/HYCOM_monthly/ts3z/degree_1/GLBv0.08_53X_archMN.2007_02_ts3z.nc exists, skip
/work/home/acrzcyisbk/HYCOM_monthly/ts3z/degree_1/GLBv0.08_53X_archMN.2008_06_ts3z.nc exists, skip
/work/home/acrzcyisbk/HYCOM_monthly/ts3z/degree_1/GLBv0.08_53X_archMN.2009_10_ts3z.nc exists, skip
/work/home/acrzcyisbk/HYCOM_monthly/ts3z/degree_1/GLBv0.08_53X_archMN.2009_12_ts3z.nc exists, skip
/work/home/acrzcyisbk/HYCOM_monthly/ts3z/degree_1/GLBv0.08_53X_archMN.2012_06_ts3z.nc exists, skip
/work/home/acrzcyisbk/HYCOM_monthly/ts3z/degree_1/GLBv0.08_53X_archMN.2013_10_ts3z.nc exists, skip
/work/home/acrzcyisbk/HYCOM_monthly/ts3z/degree_1/GLBv0.08_53X_archMN.2014_09_ts3z.nc exists, skip
------------------------------------------------
Interplating /work/home/acrzcyisbk/HYCOM_monthly/ts3z/degree_0083/GLBv0.08_53X_archMN.1994_06_ts3z.nc
cdo    remapbil: Bilinear weights from lonlat (4500x3251) to lonlat (360x170) grid, with source mask (9974940)
cdo    remapbil: Bilinear weights from lonlat (4500x3251) to lonlat (360x170) grid, with source mask (11087798)
cdo    remapbil: Bilinear weights from lonlat (4500x3251) to lonlat (360x170) grid, with source mask (14489970)
cdo    remapbil: Bilinear weights from lonlat (4500x3251) to lonlat (360x170) grid, with source mask (14489970)
cdo    remapbil: Bilinear weights from lonlat (4500x3251) to lonlat (360x170) grid, with source mask (14489970)
cdo    remapbil: Bilinear weights from lonlat (4500x3251) to lonlat (360x170) grid, with source mask (14559735)
cdo    remapbil: Bilinear weights from lonlat (4500x3251) to lonlat (360x170) grid, with source mask (14489970)
cdo    remapbil: Bilinear weights from lonlat (4500x3251) to lonlat (360x170) grid, with source mask (14489970)
cdo    remapbil: Bilinear weights from lonlat (4500x3251) to lonlat (360x170) grid, with source mask (14489970)
cdo    remapbil: Bilinear weights from lonlat (4500x3251) to lonlat (360x170) grid, with source mask (14559735)
cdo    remapbil: Bilinear weights from lonlat (4500x3251) to lonlat (360x170) grid, with source mask (14489970)
cdo    remapbil: Bilinear weights from lonlat (4500x3251) to lonlat (360x170) grid, with source mask (14489970)
cdo    remapbil: Bilinear weights from lonlat (4500x3251) to lonlat (360x170) grid, with source mask (14489970)
cdo    remapbil: Bilinear weights from lonlat (4500x3251) to lonlat (360x170) grid, with source mask (14559735)
cdo    remapbil: Bilinear weights from lonlat (4500x3251) to lonlat (360x170) grid, with source mask (14489970)
cdo    remapbil: Bilinear weights from lonlat (4500x3251) to lonlat (360x170) grid, with source mask (14489970)
cdo    remapbil: Bilinear weights from lonlat (4500x3251) to lonlat (360x170) grid, with source mask (14489970)
cdo    remapbil: Bilinear weights from lonlat (4500x3251) to lonlat (360x170) grid, with source mask (14559735)
cdo    remapbil: Bilinear weights from lonlat (4500x3251) to lonlat (360x170) grid, with source mask (14489970)
cdo    remapbil: Bilinear weights from lonlat (4500x3251) to lonlat (360x170) grid, with source mask (14489970)
cdo    remapbil: Bilinear weights from lonlat (4500x3251) to lonlat (360x170) grid, with source mask (14489970)
cdo    remapbil: Bilinear weights from lonlat (4500x3251) to lonlat (360x170) grid, with source mask (14559735)
cdo    remapbil: Bilinear weights from lonlat (4500x3251) to lonlat (360x170) grid, with source mask (14489970)
cdo    remapbil: Bilinear weights from lonlat (4500x3251) to lonlat (360x170) grid, with source mask (14489970)
cdo    remapbil: Bilinear weights from lonlat (4500x3251) to lonlat (360x170) grid, with source mask (14489970)
cdo    remapbil: Bilinear weights from lonlat (4500x3251) to lonlat (360x170) grid, with source mask (14559735)
cdo    remapbil: Bilinear weights from lonlat (4500x3251) to lonlat (360x170) grid, with source mask (14489970)
cdo    remapbil: Bilinear weights from lonlat (4500x3251) to lonlat (360x170) grid, with source mask (14489970)
cdo    remapbil: Bilinear weights from lonlat (4500x3251) to lonlat (360x170) grid, with source mask (14489970)
cdo    remapbil: Bilinear weights from lonlat (4500x3251) to lonlat (360x170) grid, with source mask (14559735)
cdo    remapbil: Bilinear weights from lonlat (4500x3251) to lonlat (360x170) grid, with source mask (14489970)
cdo    remapbil: Bilinear weights from lonlat (4500x3251) to lonlat (360x170) grid, with source mask (14489970)
cdo    remapbil: Bilinear weights from lonlat (4500x3251) to lonlat (360x170) grid, with source mask (14489970)
cdo    remapbil: Bilinear weights from lonlat (4500x3251) to lonlat (360x170) grid, with source mask (14559735)
cdo    remapbil: Bilinear weights from lonlat (4500x3251) to lonlat (360x170) grid, with source mask (14489970)
cdo    remapbil: Bilinear weights from lonlat (4500x3251) to lonlat (360x170) grid, with source mask (14489970)
cdo    remapbil: Bilinear weights from lonlat (4500x3251) to lonlat (360x170) grid, with source mask (14489970)
cdo    remapbil: Bilinear weights from lonlat (4500x3251) to lonlat (360x170) grid, with source mask (14559735)
cdo    remapbil: Bilinear weights from lonlat (4500x3251) to lonlat (360x170) grid, with source mask (14489970)
cdo    remapbil: Bilinear weights from lonlat (4500x3251) to lonlat (360x170) grid, with source mask (14489970)
cdo    remapbil: Bilinear weights from lonlat (4500x3251) to lonlat (360x170) grid, with source mask (14559735)
cdo    remapbil: Bilinear weights from lonlat (4500x3251) to lonlat (360x170) grid, with source mask (14594744)
cdo    remapbil: Bilinear weights from lonlat (4500x3251) to lonlat (360x170) grid, with source mask (14594744)
cdo    remapbil: Bilinear weights from lonlat (4500x3251) to lonlat (360x170) grid, with source mask (14594744)
cdo    remapbil: Bilinear weights from lonlat (4500x3251) to lonlat (360x170) grid, with source mask (14612122)
cdo    remapbil: Bilinear weights from lonlat (4500x3251) to lonlat (360x170) grid, with source mask (14594744)
cdo    remapbil: Bilinear weights from lonlat (4500x3251) to lonlat (360x170) grid, with source mask (14594744)
cdo    remapbil: Bilinear weights from lonlat (4500x3251) to lonlat (360x170) grid, with source mask (14594744)
cdo    remapbil: Bilinear weights from lonlat (4500x3251) to lonlat (360x170) grid, with source mask (14612122)
cdo    remapbil: Bilinear weights from lonlat (4500x3251) to lonlat (360x170) grid, with source mask (14594744)
cdo    remapbil: Bilinear weights from lonlat (4500x3251) to lonlat (360x170) grid, with source mask (14594744)
cdo    remapbil: Bilinear weights from lonlat (4500x3251) to lonlat (360x170) grid, with source mask (14594744)
cdo    remapbil: Bilinear weights from lonlat (4500x3251) to lonlat (360x170) grid, with source mask (14612122)
cdo    remapbil: Bilinear weights from lonlat (4500x3251) to lonlat (360x170) grid, with source mask (14594744)
cdo    remapbil: Bilinear weights from lonlat (4500x3251) to lonlat (360x170) grid, with source mask (14594744)
cdo    remapbil: Bilinear weights from lonlat (4500x3251) to lonlat (360x170) grid, with source mask (14594744)
cdo    remapbil: Bilinear weights from lonlat (4500x3251) to lonlat (360x170) grid, with source mask (14612122)
cdo    remapbil: Bilinear weights from lonlat (4500x3251) to lonlat (360x170) grid, with source mask (14594744)
cdo    remapbil: Bilinear weights from lonlat (4500x3251) to lonlat (360x170) grid, with source mask (14594744)
cdo    remapbil: Bilinear weights from lonlat (4500x3251) to lonlat (360x170) grid, with source mask (14594744)
cdo    remapbil: Bilinear weights from lonlat (4500x3251) to lonlat (360x170) grid, with source mask (14612122)
cdo    remapbil: Bilinear weights from lonlat (4500x3251) to lonlat (360x170) grid, with source mask (14594744)
cdo    remapbil: Bilinear weights from lonlat (4500x3251) to lonlat (360x170) grid, with source mask (14594744)
cdo    remapbil: Bilinear weights from lonlat (4500x3251) to lonlat (360x170) grid, with source mask (14594744)
cdo    remapbil: Bilinear weights from lonlat (4500x3251) to lonlat (360x170) grid, with source mask (14612122)
cdo    remapbil: Bilinear weights from lonlat (4500x3251) to lonlat (360x170) grid, with source mask (14594744)
cdo    remapbil: Bilinear weights from lonlat (4500x3251) to lonlat (360x170) grid, with source mask (14594744)
cdo    remapbil: Bilinear weights from lonlat (4500x3251) to lonlat (360x170) grid, with source mask (14594744)
cdo    remapbil: Bilinear weights from lonlat (4500x3251) to lonlat (360x170) grid, with source mask (14612122)
cdo    remapbil: Bilinear weights from lonlat (4500x3251) to lonlat (360x170) grid, with source mask (14594744)
cdo    remapbil: Bilinear weights from lonlat (4500x3251) to lonlat (360x170) grid, with source mask (14594744)
cdo    remapbil: Bilinear weights from lonlat (4500x3251) to lonlat (360x170) grid, with source mask (14594744)
cdo    remapbil: Bilinear weights from lonlat (4500x3251) to lonlat (360x170) grid, with source mask (14612122)
cdo    remapbil: Bilinear weights from lonlat (4500x3251) to lonlat (360x170) grid, with source mask (14594744)
cdo    remapbil: Bilinear weights from lonlat (4500x3251) to lonlat (360x170) grid, with source mask (14594744)
cdo    remapbil: Bilinear weights from lonlat (4500x3251) to lonlat (360x170) grid, with source mask (14594744)
cdo    remapbil: Bilinear weights from lonlat (4500x3251) to lonlat (360x170) grid, with source mask (14612122)
cdo    remapbil: Bilinear weights from lonlat (4500x3251) to lonlat (360x170) grid, with source mask (14594744)
------------------------------------------------
Interplating /work/home/acrzcyisbk/HYCOM_monthly/ts3z/degree_0083/GLBv0.08_53X_archMN.2001_10_ts3z.nc
cdo    remapbil: Bilinear weights from lonlat (4500x3251) to lonlat (360x170) grid, with source mask (9974940)
cdo    remapbil: Bilinear weights from lonlat (4500x3251) to lonlat (360x170) grid, with source mask (9952885)
cdo    remapbil: Bilinear weights from lonlat (4500x3251) to lonlat (360x170) grid, with source mask (9939291)
cdo    remapbil: Bilinear weights from lonlat (4500x3251) to lonlat (360x170) grid, with source mask (9925415)
cdo    remapbil: Bilinear weights from lonlat (4500x3251) to lonlat (360x170) grid, with source mask (9909528)
cdo    remapbil: Bilinear weights from lonlat (4500x3251) to lonlat (360x170) grid, with source mask (9887620)
cdo    remapbil: Bilinear weights from lonlat (4500x3251) to lonlat (360x170) grid, with source mask (9846685)
cdo    remapbil: Bilinear weights from lonlat (4500x3251) to lonlat (360x170) grid, with source mask (9804573)
cdo    remapbil: Bilinear weights from lonlat (4500x3251) to lonlat (360x170) grid, with source mask (9767299)
cdo    remapbil: Bilinear weights from lonlat (4500x3251) to lonlat (360x170) grid, with source mask (9730643)
cdo    remapbil: Bilinear weights from lonlat (4500x3251) to lonlat (360x170) grid, with source mask (9691209)
cdo    remapbil: Bilinear weights from lonlat (4500x3251) to lonlat (360x170) grid, with source mask (9648582)
cdo    remapbil: Bilinear weights from lonlat (4500x3251) to lonlat (360x170) grid, with source mask (9606865)
cdo    remapbil: Bilinear weights from lonlat (4500x3251) to lonlat (360x170) grid, with source mask (9536477)
cdo    remapbil: Bilinear weights from lonlat (4500x3251) to lonlat (360x170) grid, with source mask (9480678)
cdo    remapbil: Bilinear weights from lonlat (4500x3251) to lonlat (360x170) grid, with source mask (9430184)
cdo    remapbil: Bilinear weights from lonlat (4500x3251) to lonlat (360x170) grid, with source mask (9384784)
cdo    remapbil: Bilinear weights from lonlat (4500x3251) to lonlat (360x170) grid, with source mask (9338856)
cdo    remapbil: Bilinear weights from lonlat (4500x3251) to lonlat (360x170) grid, with source mask (9244901)
cdo    remapbil: Bilinear weights from lonlat (4500x3251) to lonlat (360x170) grid, with source mask (9167129)
cdo    remapbil: Bilinear weights from lonlat (4500x3251) to lonlat (360x170) grid, with source mask (9032413)
cdo    remapbil: Bilinear weights from lonlat (4500x3251) to lonlat (360x170) grid, with source mask (8923756)
cdo    remapbil: Bilinear weights from lonlat (4500x3251) to lonlat (360x170) grid, with source mask (8825169)
cdo    remapbil: Bilinear weights from lonlat (4500x3251) to lonlat (360x170) grid, with source mask (8741043)
cdo    remapbil: Bilinear weights from lonlat (4500x3251) to lonlat (360x170) grid, with source mask (8669422)
cdo    remapbil: Bilinear weights from lonlat (4500x3251) to lonlat (360x170) grid, with source mask (8547872)
cdo    remapbil: Bilinear weights from lonlat (4500x3251) to lonlat (360x170) grid, with source mask (8453750)
cdo    remapbil: Bilinear weights from lonlat (4500x3251) to lonlat (360x170) grid, with source mask (8387576)
cdo    remapbil: Bilinear weights from lonlat (4500x3251) to lonlat (360x170) grid, with source mask (8336479)
cdo    remapbil: Bilinear weights from lonlat (4500x3251) to lonlat (360x170) grid, with source mask (8290417)
cdo    remapbil: Bilinear weights from lonlat (4500x3251) to lonlat (360x170) grid, with source mask (8247815)
cdo    remapbil: Bilinear weights from lonlat (4500x3251) to lonlat (360x170) grid, with source mask (8128477)
cdo    remapbil: Bilinear weights from lonlat (4500x3251) to lonlat (360x170) grid, with source mask (7994116)
cdo    remapbil: Bilinear weights from lonlat (4500x3251) to lonlat (360x170) grid, with source mask (7692126)
cdo    remapbil: Bilinear weights from lonlat (4500x3251) to lonlat (360x170) grid, with source mask (7286838)
cdo    remapbil: Bilinear weights from lonlat (4500x3251) to lonlat (360x170) grid, with source mask (6658426)
cdo    remapbil: Bilinear weights from lonlat (4500x3251) to lonlat (360x170) grid, with source mask (4336945)
cdo    remapbil: Bilinear weights from lonlat (4500x3251) to lonlat (360x170) grid, with source mask (1454435)
------------------------------------------------
Interplating /work/home/acrzcyisbk/HYCOM_monthly/ts3z/degree_0083/GLBv0.08_53X_archMN.2001_12_ts3z.nc
cdo    remapbil: Bilinear weights from lonlat (4500x3251) to lonlat (360x170) grid, with source mask (9974940)
cdo    remapbil: Bilinear weights from lonlat (4500x3251) to lonlat (360x170) grid, with source mask (9952885)
cdo    remapbil: Bilinear weights from lonlat (4500x3251) to lonlat (360x170) grid, with source mask (9939291)
cdo    remapbil: Bilinear weights from lonlat (4500x3251) to lonlat (360x170) grid, with source mask (9925415)
cdo    remapbil: Bilinear weights from lonlat (4500x3251) to lonlat (360x170) grid, with source mask (9909528)
cdo    remapbil: Bilinear weights from lonlat (4500x3251) to lonlat (360x170) grid, with source mask (9887620)
cdo    remapbil: Bilinear weights from lonlat (4500x3251) to lonlat (360x170) grid, with source mask (9846685)
cdo    remapbil: Bilinear weights from lonlat (4500x3251) to lonlat (360x170) grid, with source mask (9804573)
cdo    remapbil: Bilinear weights from lonlat (4500x3251) to lonlat (360x170) grid, with source mask (9767299)
cdo    remapbil: Bilinear weights from lonlat (4500x3251) to lonlat (360x170) grid, with source mask (9730643)
cdo    remapbil: Bilinear weights from lonlat (4500x3251) to lonlat (360x170) grid, with source mask (9691209)
cdo    remapbil: Bilinear weights from lonlat (4500x3251) to lonlat (360x170) grid, with source mask (9648582)
cdo    remapbil: Bilinear weights from lonlat (4500x3251) to lonlat (360x170) grid, with source mask (9606865)
cdo    remapbil: Bilinear weights from lonlat (4500x3251) to lonlat (360x170) grid, with source mask (9536477)
cdo    remapbil: Bilinear weights from lonlat (4500x3251) to lonlat (360x170) grid, with source mask (9480678)
cdo    remapbil: Bilinear weights from lonlat (4500x3251) to lonlat (360x170) grid, with source mask (9430184)
cdo    remapbil: Bilinear weights from lonlat (4500x3251) to lonlat (360x170) grid, with source mask (9384784)
cdo    remapbil: Bilinear weights from lonlat (4500x3251) to lonlat (360x170) grid, with source mask (9338856)
cdo    remapbil: Bilinear weights from lonlat (4500x3251) to lonlat (360x170) grid, with source mask (9244901)
cdo    remapbil: Bilinear weights from lonlat (4500x3251) to lonlat (360x170) grid, with source mask (9167129)
cdo    remapbil: Bilinear weights from lonlat (4500x3251) to lonlat (360x170) grid, with source mask (9032413)
cdo    remapbil: Bilinear weights from lonlat (4500x3251) to lonlat (360x170) grid, with source mask (8923756)
cdo    remapbil: Bilinear weights from lonlat (4500x3251) to lonlat (360x170) grid, with source mask (8825169)
cdo    remapbil: Bilinear weights from lonlat (4500x3251) to lonlat (360x170) grid, with source mask (8741043)
cdo    remapbil: Bilinear weights from lonlat (4500x3251) to lonlat (360x170) grid, with source mask (8669422)
cdo    remapbil: Bilinear weights from lonlat (4500x3251) to lonlat (360x170) grid, with source mask (8547872)
cdo    remapbil: Bilinear weights from lonlat (4500x3251) to lonlat (360x170) grid, with source mask (8453750)
cdo    remapbil: Bilinear weights from lonlat (4500x3251) to lonlat (360x170) grid, with source mask (8387576)
cdo    remapbil: Bilinear weights from lonlat (4500x3251) to lonlat (360x170) grid, with source mask (8336479)
cdo    remapbil: Bilinear weights from lonlat (4500x3251) to lonlat (360x170) grid, with source mask (8290417)
cdo    remapbil: Bilinear weights from lonlat (4500x3251) to lonlat (360x170) grid, with source mask (8247815)
cdo    remapbil: Bilinear weights from lonlat (4500x3251) to lonlat (360x170) grid, with source mask (8128477)
cdo    remapbil: Bilinear weights from lonlat (4500x3251) to lonlat (360x170) grid, with source mask (7994116)
cdo    remapbil: Bilinear weights from lonlat (4500x3251) to lonlat (360x170) grid, with source mask (7692126)
cdo    remapbil: Bilinear weights from lonlat (4500x3251) to lonlat (360x170) grid, with source mask (7286838)
cdo    remapbil: Bilinear weights from lonlat (4500x3251) to lonlat (360x170) grid, with source mask (6658426)
cdo    remapbil: Bilinear weights from lonlat (4500x3251) to lonlat (360x170) grid, with source mask (4336945)
cdo    remapbil: Bilinear weights from lonlat (4500x3251) to lonlat (360x170) grid, with source mask (1454435)
------------------------------------------------
Interplating /work/home/acrzcyisbk/HYCOM_monthly/ts3z/degree_0083/GLBv0.08_53X_archMN.2002_09_ts3z.nc
cdo    remapbil: Bilinear weights from lonlat (4500x3251) to lonlat (360x170) grid, with source mask (9974940)
cdo    remapbil: Bilinear weights from lonlat (4500x3251) to lonlat (360x170) grid, with source mask (9952885)
cdo    remapbil: Bilinear weights from lonlat (4500x3251) to lonlat (360x170) grid, with source mask (9939291)
cdo    remapbil: Bilinear weights from lonlat (4500x3251) to lonlat (360x170) grid, with source mask (9925415)
cdo    remapbil: Bilinear weights from lonlat (4500x3251) to lonlat (360x170) grid, with source mask (9909528)
cdo    remapbil: Bilinear weights from lonlat (4500x3251) to lonlat (360x170) grid, with source mask (9887620)
cdo    remapbil: Bilinear weights from lonlat (4500x3251) to lonlat (360x170) grid, with source mask (9846685)
cdo    remapbil: Bilinear weights from lonlat (4500x3251) to lonlat (360x170) grid, with source mask (9804573)
cdo    remapbil: Bilinear weights from lonlat (4500x3251) to lonlat (360x170) grid, with source mask (9767299)
cdo    remapbil: Bilinear weights from lonlat (4500x3251) to lonlat (360x170) grid, with source mask (9730643)
cdo    remapbil: Bilinear weights from lonlat (4500x3251) to lonlat (360x170) grid, with source mask (9691209)
cdo    remapbil: Bilinear weights from lonlat (4500x3251) to lonlat (360x170) grid, with source mask (9648582)
cdo    remapbil: Bilinear weights from lonlat (4500x3251) to lonlat (360x170) grid, with source mask (9606865)
cdo    remapbil: Bilinear weights from lonlat (4500x3251) to lonlat (360x170) grid, with source mask (9536477)
cdo    remapbil: Bilinear weights from lonlat (4500x3251) to lonlat (360x170) grid, with source mask (9480678)
cdo    remapbil: Bilinear weights from lonlat (4500x3251) to lonlat (360x170) grid, with source mask (9430184)
cdo    remapbil: Bilinear weights from lonlat (4500x3251) to lonlat (360x170) grid, with source mask (9384784)
cdo    remapbil: Bilinear weights from lonlat (4500x3251) to lonlat (360x170) grid, with source mask (9338856)
cdo    remapbil: Bilinear weights from lonlat (4500x3251) to lonlat (360x170) grid, with source mask (9244901)
cdo    remapbil: Bilinear weights from lonlat (4500x3251) to lonlat (360x170) grid, with source mask (9167129)
cdo    remapbil: Bilinear weights from lonlat (4500x3251) to lonlat (360x170) grid, with source mask (9032413)
cdo    remapbil: Bilinear weights from lonlat (4500x3251) to lonlat (360x170) grid, with source mask (8923756)
cdo    remapbil: Bilinear weights from lonlat (4500x3251) to lonlat (360x170) grid, with source mask (8825169)
cdo    remapbil: Bilinear weights from lonlat (4500x3251) to lonlat (360x170) grid, with source mask (8741043)
cdo    remapbil: Bilinear weights from lonlat (4500x3251) to lonlat (360x170) grid, with source mask (8669422)
cdo    remapbil: Bilinear weights from lonlat (4500x3251) to lonlat (360x170) grid, with source mask (8547872)
cdo    remapbil: Bilinear weights from lonlat (4500x3251) to lonlat (360x170) grid, with source mask (8453750)
cdo    remapbil: Bilinear weights from lonlat (4500x3251) to lonlat (360x170) grid, with source mask (8387576)
cdo    remapbil: Bilinear weights from lonlat (4500x3251) to lonlat (360x170) grid, with source mask (8336479)
cdo    remapbil: Bilinear weights from lonlat (4500x3251) to lonlat (360x170) grid, with source mask (8290417)
cdo    remapbil: Bilinear weights from lonlat (4500x3251) to lonlat (360x170) grid, with source mask (8247815)
cdo    remapbil: Bilinear weights from lonlat (4500x3251) to lonlat (360x170) grid, with source mask (8128477)
cdo    remapbil: Bilinear weights from lonlat (4500x3251) to lonlat (360x170) grid, with source mask (7994116)
cdo    remapbil: Bilinear weights from lonlat (4500x3251) to lonlat (360x170) grid, with source mask (7692126)
cdo    remapbil: Bilinear weights from lonlat (4500x3251) to lonlat (360x170) grid, with source mask (7286838)
cdo    remapbil: Bilinear weights from lonlat (4500x3251) to lonlat (360x170) grid, with source mask (6658426)
cdo    remapbil: Bilinear weights from lonlat (4500x3251) to lonlat (360x170) grid, with source mask (4336945)
cdo    remapbil: Bilinear weights from lonlat (4500x3251) to lonlat (360x170) grid, with source mask (1454435)
------------------------------------------------
Interplating /work/home/acrzcyisbk/HYCOM_monthly/ts3z/degree_0083/GLBv0.08_53X_archMN.2005_10_ts3z.nc
cdo    remapbil: Bilinear weights from lonlat (4500x3251) to lonlat (360x170) grid, with source mask (9974940)
cdo    remapbil: Bilinear weights from lonlat (4500x3251) to lonlat (360x170) grid, with source mask (9952885)
cdo    remapbil: Bilinear weights from lonlat (4500x3251) to lonlat (360x170) grid, with source mask (9939291)
cdo    remapbil: Bilinear weights from lonlat (4500x3251) to lonlat (360x170) grid, with source mask (9925415)
cdo    remapbil: Bilinear weights from lonlat (4500x3251) to lonlat (360x170) grid, with source mask (9909528)
cdo    remapbil: Bilinear weights from lonlat (4500x3251) to lonlat (360x170) grid, with source mask (9887620)
cdo    remapbil: Bilinear weights from lonlat (4500x3251) to lonlat (360x170) grid, with source mask (9846685)
cdo    remapbil: Bilinear weights from lonlat (4500x3251) to lonlat (360x170) grid, with source mask (9804573)
cdo    remapbil: Bilinear weights from lonlat (4500x3251) to lonlat (360x170) grid, with source mask (9767299)
cdo    remapbil: Bilinear weights from lonlat (4500x3251) to lonlat (360x170) grid, with source mask (9730643)
cdo    remapbil: Bilinear weights from lonlat (4500x3251) to lonlat (360x170) grid, with source mask (9691209)
cdo    remapbil: Bilinear weights from lonlat (4500x3251) to lonlat (360x170) grid, with source mask (9648582)
cdo    remapbil: Bilinear weights from lonlat (4500x3251) to lonlat (360x170) grid, with source mask (9606865)
cdo    remapbil: Bilinear weights from lonlat (4500x3251) to lonlat (360x170) grid, with source mask (9536477)
cdo    remapbil: Bilinear weights from lonlat (4500x3251) to lonlat (360x170) grid, with source mask (9480678)
cdo    remapbil: Bilinear weights from lonlat (4500x3251) to lonlat (360x170) grid, with source mask (9430184)
cdo    remapbil: Bilinear weights from lonlat (4500x3251) to lonlat (360x170) grid, with source mask (9384784)
cdo    remapbil: Bilinear weights from lonlat (4500x3251) to lonlat (360x170) grid, with source mask (9338856)
cdo    remapbil: Bilinear weights from lonlat (4500x3251) to lonlat (360x170) grid, with source mask (9244901)
cdo    remapbil: Bilinear weights from lonlat (4500x3251) to lonlat (360x170) grid, with source mask (9167129)
cdo    remapbil: Bilinear weights from lonlat (4500x3251) to lonlat (360x170) grid, with source mask (9032413)
cdo    remapbil: Bilinear weights from lonlat (4500x3251) to lonlat (360x170) grid, with source mask (8923756)
cdo    remapbil: Bilinear weights from lonlat (4500x3251) to lonlat (360x170) grid, with source mask (8825169)
cdo    remapbil: Bilinear weights from lonlat (4500x3251) to lonlat (360x170) grid, with source mask (8741043)
cdo    remapbil: Bilinear weights from lonlat (4500x3251) to lonlat (360x170) grid, with source mask (8669422)
cdo    remapbil: Bilinear weights from lonlat (4500x3251) to lonlat (360x170) grid, with source mask (8547872)
cdo    remapbil: Bilinear weights from lonlat (4500x3251) to lonlat (360x170) grid, with source mask (8453750)
cdo    remapbil: Bilinear weights from lonlat (4500x3251) to lonlat (360x170) grid, with source mask (8387576)
cdo    remapbil: Bilinear weights from lonlat (4500x3251) to lonlat (360x170) grid, with source mask (8336479)
cdo    remapbil: Bilinear weights from lonlat (4500x3251) to lonlat (360x170) grid, with source mask (8290417)
cdo    remapbil: Bilinear weights from lonlat (4500x3251) to lonlat (360x170) grid, with source mask (8247815)
cdo    remapbil: Bilinear weights from lonlat (4500x3251) to lonlat (360x170) grid, with source mask (8128477)
cdo    remapbil: Bilinear weights from lonlat (4500x3251) to lonlat (360x170) grid, with source mask (7994116)
cdo    remapbil: Bilinear weights from lonlat (4500x3251) to lonlat (360x170) grid, with source mask (7692126)
cdo    remapbil: Bilinear weights from lonlat (4500x3251) to lonlat (360x170) grid, with source mask (7286838)
cdo    remapbil: Bilinear weights from lonlat (4500x3251) to lonlat (360x170) grid, with source mask (6658426)
cdo    remapbil: Bilinear weights from lonlat (4500x3251) to lonlat (360x170) grid, with source mask (4336945)
cdo    remapbil: Bilinear weights from lonlat (4500x3251) to lonlat (360x170) grid, with source mask (1454435)
------------------------------------------------
Interplating /work/home/acrzcyisbk/HYCOM_monthly/ts3z/degree_0083/GLBv0.08_53X_archMN.2005_12_ts3z.nc
cdo    remapbil: Bilinear weights from lonlat (4500x3251) to lonlat (360x170) grid, with source mask (9974940)
cdo    remapbil: Bilinear weights from lonlat (4500x3251) to lonlat (360x170) grid, with source mask (9952885)
cdo    remapbil: Bilinear weights from lonlat (4500x3251) to lonlat (360x170) grid, with source mask (9939291)
cdo    remapbil: Bilinear weights from lonlat (4500x3251) to lonlat (360x170) grid, with source mask (9925415)
cdo    remapbil: Bilinear weights from lonlat (4500x3251) to lonlat (360x170) grid, with source mask (9909528)
cdo    remapbil: Bilinear weights from lonlat (4500x3251) to lonlat (360x170) grid, with source mask (9887620)
cdo    remapbil: Bilinear weights from lonlat (4500x3251) to lonlat (360x170) grid, with source mask (9846685)
cdo    remapbil: Bilinear weights from lonlat (4500x3251) to lonlat (360x170) grid, with source mask (9804573)
cdo    remapbil: Bilinear weights from lonlat (4500x3251) to lonlat (360x170) grid, with source mask (9767299)
cdo    remapbil: Bilinear weights from lonlat (4500x3251) to lonlat (360x170) grid, with source mask (9730643)
cdo    remapbil: Bilinear weights from lonlat (4500x3251) to lonlat (360x170) grid, with source mask (9691209)
cdo    remapbil: Bilinear weights from lonlat (4500x3251) to lonlat (360x170) grid, with source mask (9648582)
cdo    remapbil: Bilinear weights from lonlat (4500x3251) to lonlat (360x170) grid, with source mask (9606865)
cdo    remapbil: Bilinear weights from lonlat (4500x3251) to lonlat (360x170) grid, with source mask (9536477)
cdo    remapbil: Bilinear weights from lonlat (4500x3251) to lonlat (360x170) grid, with source mask (9480678)
cdo    remapbil: Bilinear weights from lonlat (4500x3251) to lonlat (360x170) grid, with source mask (9430184)
cdo    remapbil: Bilinear weights from lonlat (4500x3251) to lonlat (360x170) grid, with source mask (9384784)
cdo    remapbil: Bilinear weights from lonlat (4500x3251) to lonlat (360x170) grid, with source mask (9338856)
cdo    remapbil: Bilinear weights from lonlat (4500x3251) to lonlat (360x170) grid, with source mask (9244901)
cdo    remapbil: Bilinear weights from lonlat (4500x3251) to lonlat (360x170) grid, with source mask (9167129)
cdo    remapbil: Bilinear weights from lonlat (4500x3251) to lonlat (360x170) grid, with source mask (9032413)
cdo    remapbil: Bilinear weights from lonlat (4500x3251) to lonlat (360x170) grid, with source mask (8923756)
cdo    remapbil: Bilinear weights from lonlat (4500x3251) to lonlat (360x170) grid, with source mask (8825169)
cdo    remapbil: Bilinear weights from lonlat (4500x3251) to lonlat (360x170) grid, with source mask (8741043)
cdo    remapbil: Bilinear weights from lonlat (4500x3251) to lonlat (360x170) grid, with source mask (8669422)
cdo    remapbil: Bilinear weights from lonlat (4500x3251) to lonlat (360x170) grid, with source mask (8547872)
cdo    remapbil: Bilinear weights from lonlat (4500x3251) to lonlat (360x170) grid, with source mask (8453750)
cdo    remapbil: Bilinear weights from lonlat (4500x3251) to lonlat (360x170) grid, with source mask (8387576)
cdo    remapbil: Bilinear weights from lonlat (4500x3251) to lonlat (360x170) grid, with source mask (8336479)
cdo    remapbil: Bilinear weights from lonlat (4500x3251) to lonlat (360x170) grid, with source mask (8290417)
cdo    remapbil: Bilinear weights from lonlat (4500x3251) to lonlat (360x170) grid, with source mask (8247815)
cdo    remapbil: Bilinear weights from lonlat (4500x3251) to lonlat (360x170) grid, with source mask (8128477)
cdo    remapbil: Bilinear weights from lonlat (4500x3251) to lonlat (360x170) grid, with source mask (7994116)
cdo    remapbil: Bilinear weights from lonlat (4500x3251) to lonlat (360x170) grid, with source mask (7692126)
cdo    remapbil: Bilinear weights from lonlat (4500x3251) to lonlat (360x170) grid, with source mask (7286838)
cdo    remapbil: Bilinear weights from lonlat (4500x3251) to lonlat (360x170) grid, with source mask (6658426)
cdo    remapbil: Bilinear weights from lonlat (4500x3251) to lonlat (360x170) grid, with source mask (4336945)
cdo    remapbil: Bilinear weights from lonlat (4500x3251) to lonlat (360x170) grid, with source mask (1454435)
------------------------------------------------
Interplating /work/home/acrzcyisbk/HYCOM_monthly/ts3z/degree_0083/GLBv0.08_53X_archMN.2010_09_ts3z.nc
cdo    remapbil: Bilinear weights from lonlat (4500x3251) to lonlat (360x170) grid, with source mask (9974940)
cdo    remapbil: Bilinear weights from lonlat (4500x3251) to lonlat (360x170) grid, with source mask (9952885)
cdo    remapbil: Bilinear weights from lonlat (4500x3251) to lonlat (360x170) grid, with source mask (9939291)
cdo    remapbil: Bilinear weights from lonlat (4500x3251) to lonlat (360x170) grid, with source mask (9925415)
cdo    remapbil: Bilinear weights from lonlat (4500x3251) to lonlat (360x170) grid, with source mask (9909528)
cdo    remapbil: Bilinear weights from lonlat (4500x3251) to lonlat (360x170) grid, with source mask (9887620)
cdo    remapbil: Bilinear weights from lonlat (4500x3251) to lonlat (360x170) grid, with source mask (9846685)
cdo    remapbil: Bilinear weights from lonlat (4500x3251) to lonlat (360x170) grid, with source mask (9804573)
cdo    remapbil: Bilinear weights from lonlat (4500x3251) to lonlat (360x170) grid, with source mask (9767299)
cdo    remapbil: Bilinear weights from lonlat (4500x3251) to lonlat (360x170) grid, with source mask (9730643)
cdo    remapbil: Bilinear weights from lonlat (4500x3251) to lonlat (360x170) grid, with source mask (9691209)
cdo    remapbil: Bilinear weights from lonlat (4500x3251) to lonlat (360x170) grid, with source mask (9648582)
cdo    remapbil: Bilinear weights from lonlat (4500x3251) to lonlat (360x170) grid, with source mask (9606865)
cdo    remapbil: Bilinear weights from lonlat (4500x3251) to lonlat (360x170) grid, with source mask (9536477)
cdo    remapbil: Bilinear weights from lonlat (4500x3251) to lonlat (360x170) grid, with source mask (9480678)
cdo    remapbil: Bilinear weights from lonlat (4500x3251) to lonlat (360x170) grid, with source mask (9430184)
cdo    remapbil: Bilinear weights from lonlat (4500x3251) to lonlat (360x170) grid, with source mask (9384784)
cdo    remapbil: Bilinear weights from lonlat (4500x3251) to lonlat (360x170) grid, with source mask (9338856)
cdo    remapbil: Bilinear weights from lonlat (4500x3251) to lonlat (360x170) grid, with source mask (9244901)
cdo    remapbil: Bilinear weights from lonlat (4500x3251) to lonlat (360x170) grid, with source mask (9167129)
cdo    remapbil: Bilinear weights from lonlat (4500x3251) to lonlat (360x170) grid, with source mask (9032413)
cdo    remapbil: Bilinear weights from lonlat (4500x3251) to lonlat (360x170) grid, with source mask (8923756)
cdo    remapbil: Bilinear weights from lonlat (4500x3251) to lonlat (360x170) grid, with source mask (8825169)
cdo    remapbil: Bilinear weights from lonlat (4500x3251) to lonlat (360x170) grid, with source mask (8741043)
cdo    remapbil: Bilinear weights from lonlat (4500x3251) to lonlat (360x170) grid, with source mask (8669422)
cdo    remapbil: Bilinear weights from lonlat (4500x3251) to lonlat (360x170) grid, with source mask (8547872)
cdo    remapbil: Bilinear weights from lonlat (4500x3251) to lonlat (360x170) grid, with source mask (8453750)
cdo    remapbil: Bilinear weights from lonlat (4500x3251) to lonlat (360x170) grid, with source mask (8387576)
cdo    remapbil: Bilinear weights from lonlat (4500x3251) to lonlat (360x170) grid, with source mask (8336479)
cdo    remapbil: Bilinear weights from lonlat (4500x3251) to lonlat (360x170) grid, with source mask (8290417)
cdo    remapbil: Bilinear weights from lonlat (4500x3251) to lonlat (360x170) grid, with source mask (8247815)
cdo    remapbil: Bilinear weights from lonlat (4500x3251) to lonlat (360x170) grid, with source mask (8128477)
cdo    remapbil: Bilinear weights from lonlat (4500x3251) to lonlat (360x170) grid, with source mask (7994116)
cdo    remapbil: Bilinear weights from lonlat (4500x3251) to lonlat (360x170) grid, with source mask (7692126)
cdo    remapbil: Bilinear weights from lonlat (4500x3251) to lonlat (360x170) grid, with source mask (7286838)
cdo    remapbil: Bilinear weights from lonlat (4500x3251) to lonlat (360x170) grid, with source mask (6658426)
cdo    remapbil: Bilinear weights from lonlat (4500x3251) to lonlat (360x170) grid, with source mask (4336945)
cdo    remapbil: Bilinear weights from lonlat (4500x3251) to lonlat (360x170) grid, with source mask (1454435)
/work/home/acrzcyisbk/HYCOM_monthly/ts3z/degree_1/GLBv0.08_53X_archMN.1995_02_ts3z.nc exists, skip
/work/home/acrzcyisbk/HYCOM_monthly/ts3z/degree_1/GLBv0.08_53X_archMN.1995_06_ts3z.nc exists, skip
/work/home/acrzcyisbk/HYCOM_monthly/ts3z/degree_1/GLBv0.08_53X_archMN.1996_06_ts3z.nc exists, skip
/work/home/acrzcyisbk/HYCOM_monthly/ts3z/degree_1/GLBv0.08_53X_archMN.1997_10_ts3z.nc exists, skip
/work/home/acrzcyisbk/HYCOM_monthly/ts3z/degree_1/GLBv0.08_53X_archMN.1997_12_ts3z.nc exists, skip
/work/home/acrzcyisbk/HYCOM_monthly/ts3z/degree_1/GLBv0.08_53X_archMN.1998_09_ts3z.nc exists, skip
/work/home/acrzcyisbk/HYCOM_monthly/ts3z/degree_1/GLBv0.08_53X_archMN.1999_02_ts3z.nc exists, skip
/work/home/acrzcyisbk/HYCOM_monthly/ts3z/degree_1/GLBv0.08_53X_archMN.1999_12_ts3z.nc exists, skip
/work/home/acrzcyisbk/HYCOM_monthly/ts3z/degree_1/GLBv0.08_53X_archMN.2000_09_ts3z.nc exists, skip
/work/home/acrzcyisbk/HYCOM_monthly/ts3z/degree_1/GLBv0.08_53X_archMN.2001_02_ts3z.nc exists, skip
/work/home/acrzcyisbk/HYCOM_monthly/ts3z/degree_1/GLBv0.08_53X_archMN.2005_02_ts3z.nc exists, skip
/work/home/acrzcyisbk/HYCOM_monthly/ts3z/degree_1/GLBv0.08_53X_archMN.2006_06_ts3z.nc exists, skip
/work/home/acrzcyisbk/HYCOM_monthly/ts3z/degree_1/GLBv0.08_53X_archMN.2007_10_ts3z.nc exists, skip
/work/home/acrzcyisbk/HYCOM_monthly/ts3z/degree_1/GLBv0.08_53X_archMN.2007_12_ts3z.nc exists, skip
/work/home/acrzcyisbk/HYCOM_monthly/ts3z/degree_1/GLBv0.08_53X_archMN.2008_09_ts3z.nc exists, skip
/work/home/acrzcyisbk/HYCOM_monthly/ts3z/degree_1/GLBv0.08_53X_archMN.2009_02_ts3z.nc exists, skip
/work/home/acrzcyisbk/HYCOM_monthly/ts3z/degree_1/GLBv0.08_53X_archMN.2012_09_ts3z.nc exists, skip
/work/home/acrzcyisbk/HYCOM_monthly/ts3z/degree_1/GLBv0.08_53X_archMN.2013_02_ts3z.nc exists, skip
/work/home/acrzcyisbk/HYCOM_monthly/ts3z/degree_1/GLBv0.08_53X_archMN.2013_12_ts3z.nc exists, skip
/work/home/acrzcyisbk/HYCOM_monthly/ts3z/degree_1/GLBv0.08_53X_archMN.2014_06_ts3z.nc exists, skip
------------------------------------------------
Interplating /work/home/acrzcyisbk/HYCOM_monthly/ts3z/degree_0083/GLBv0.08_53X_archMN.2011_02_ts3z.nc
cdo    remapbil: Bilinear weights from lonlat (4500x3251) to lonlat (360x170) grid, with source mask (9974940)
cdo    remapbil: Bilinear weights from lonlat (4500x3251) to lonlat (360x170) grid, with source mask (9952885)
cdo    remapbil: Bilinear weights from lonlat (4500x3251) to lonlat (360x170) grid, with source mask (9939291)
cdo    remapbil: Bilinear weights from lonlat (4500x3251) to lonlat (360x170) grid, with source mask (9925415)
cdo    remapbil: Bilinear weights from lonlat (4500x3251) to lonlat (360x170) grid, with source mask (9909528)
cdo    remapbil: Bilinear weights from lonlat (4500x3251) to lonlat (360x170) grid, with source mask (9887620)
cdo    remapbil: Bilinear weights from lonlat (4500x3251) to lonlat (360x170) grid, with source mask (9846685)
cdo    remapbil: Bilinear weights from lonlat (4500x3251) to lonlat (360x170) grid, with source mask (9804573)
cdo    remapbil: Bilinear weights from lonlat (4500x3251) to lonlat (360x170) grid, with source mask (9767299)
cdo    remapbil: Bilinear weights from lonlat (4500x3251) to lonlat (360x170) grid, with source mask (9730643)
cdo    remapbil: Bilinear weights from lonlat (4500x3251) to lonlat (360x170) grid, with source mask (9691209)
cdo    remapbil: Bilinear weights from lonlat (4500x3251) to lonlat (360x170) grid, with source mask (9648582)
cdo    remapbil: Bilinear weights from lonlat (4500x3251) to lonlat (360x170) grid, with source mask (9606865)
cdo    remapbil: Bilinear weights from lonlat (4500x3251) to lonlat (360x170) grid, with source mask (9536477)
cdo    remapbil: Bilinear weights from lonlat (4500x3251) to lonlat (360x170) grid, with source mask (9480678)
cdo    remapbil: Bilinear weights from lonlat (4500x3251) to lonlat (360x170) grid, with source mask (9430184)
cdo    remapbil: Bilinear weights from lonlat (4500x3251) to lonlat (360x170) grid, with source mask (9384784)
cdo    remapbil: Bilinear weights from lonlat (4500x3251) to lonlat (360x170) grid, with source mask (9338856)
cdo    remapbil: Bilinear weights from lonlat (4500x3251) to lonlat (360x170) grid, with source mask (9244901)
cdo    remapbil: Bilinear weights from lonlat (4500x3251) to lonlat (360x170) grid, with source mask (9167129)
cdo    remapbil: Bilinear weights from lonlat (4500x3251) to lonlat (360x170) grid, with source mask (9032413)
cdo    remapbil: Bilinear weights from lonlat (4500x3251) to lonlat (360x170) grid, with source mask (8923756)
cdo    remapbil: Bilinear weights from lonlat (4500x3251) to lonlat (360x170) grid, with source mask (8825169)
cdo    remapbil: Bilinear weights from lonlat (4500x3251) to lonlat (360x170) grid, with source mask (8741043)
cdo    remapbil: Bilinear weights from lonlat (4500x3251) to lonlat (360x170) grid, with source mask (8669422)
cdo    remapbil: Bilinear weights from lonlat (4500x3251) to lonlat (360x170) grid, with source mask (8547872)
cdo    remapbil: Bilinear weights from lonlat (4500x3251) to lonlat (360x170) grid, with source mask (8453750)
cdo    remapbil: Bilinear weights from lonlat (4500x3251) to lonlat (360x170) grid, with source mask (8387576)
cdo    remapbil: Bilinear weights from lonlat (4500x3251) to lonlat (360x170) grid, with source mask (8336479)
cdo    remapbil: Bilinear weights from lonlat (4500x3251) to lonlat (360x170) grid, with source mask (8290417)
cdo    remapbil: Bilinear weights from lonlat (4500x3251) to lonlat (360x170) grid, with source mask (8247815)
cdo    remapbil: Bilinear weights from lonlat (4500x3251) to lonlat (360x170) grid, with source mask (8128477)
cdo    remapbil: Bilinear weights from lonlat (4500x3251) to lonlat (360x170) grid, with source mask (7994116)
cdo    remapbil: Bilinear weights from lonlat (4500x3251) to lonlat (360x170) grid, with source mask (7692126)
cdo    remapbil: Bilinear weights from lonlat (4500x3251) to lonlat (360x170) grid, with source mask (7286838)
cdo    remapbil: Bilinear weights from lonlat (4500x3251) to lonlat (360x170) grid, with source mask (6658426)
cdo    remapbil: Bilinear weights from lonlat (4500x3251) to lonlat (360x170) grid, with source mask (4336945)
cdo    remapbil: Bilinear weights from lonlat (4500x3251) to lonlat (360x170) grid, with source mask (1454435)
------------------------------------------------
Interplating /work/home/acrzcyisbk/HYCOM_monthly/ts3z/degree_0083/GLBv0.08_53X_archMN.1994_09_ts3z.nc
cdo    remapbil: Bilinear weights from lonlat (4500x3251) to lonlat (360x170) grid, with source mask (9974940)
cdo    remapbil: Bilinear weights from lonlat (4500x3251) to lonlat (360x170) grid, with source mask (9952885)
cdo    remapbil: Bilinear weights from lonlat (4500x3251) to lonlat (360x170) grid, with source mask (9939291)
cdo    remapbil: Bilinear weights from lonlat (4500x3251) to lonlat (360x170) grid, with source mask (9925415)
cdo    remapbil: Bilinear weights from lonlat (4500x3251) to lonlat (360x170) grid, with source mask (9909528)
cdo    remapbil: Bilinear weights from lonlat (4500x3251) to lonlat (360x170) grid, with source mask (9887620)
cdo    remapbil: Bilinear weights from lonlat (4500x3251) to lonlat (360x170) grid, with source mask (9846685)
cdo    remapbil: Bilinear weights from lonlat (4500x3251) to lonlat (360x170) grid, with source mask (9804573)
cdo    remapbil: Bilinear weights from lonlat (4500x3251) to lonlat (360x170) grid, with source mask (9767299)
cdo    remapbil: Bilinear weights from lonlat (4500x3251) to lonlat (360x170) grid, with source mask (9730643)
cdo    remapbil: Bilinear weights from lonlat (4500x3251) to lonlat (360x170) grid, with source mask (9691209)
cdo    remapbil: Bilinear weights from lonlat (4500x3251) to lonlat (360x170) grid, with source mask (9648582)
cdo    remapbil: Bilinear weights from lonlat (4500x3251) to lonlat (360x170) grid, with source mask (9606865)
cdo    remapbil: Bilinear weights from lonlat (4500x3251) to lonlat (360x170) grid, with source mask (9536477)
cdo    remapbil: Bilinear weights from lonlat (4500x3251) to lonlat (360x170) grid, with source mask (9480678)
cdo    remapbil: Bilinear weights from lonlat (4500x3251) to lonlat (360x170) grid, with source mask (9430184)
cdo    remapbil: Bilinear weights from lonlat (4500x3251) to lonlat (360x170) grid, with source mask (9384784)
cdo    remapbil: Bilinear weights from lonlat (4500x3251) to lonlat (360x170) grid, with source mask (9338856)
cdo    remapbil: Bilinear weights from lonlat (4500x3251) to lonlat (360x170) grid, with source mask (9244901)
cdo    remapbil: Bilinear weights from lonlat (4500x3251) to lonlat (360x170) grid, with source mask (9167129)
cdo    remapbil: Bilinear weights from lonlat (4500x3251) to lonlat (360x170) grid, with source mask (9032413)
cdo    remapbil: Bilinear weights from lonlat (4500x3251) to lonlat (360x170) grid, with source mask (8923756)
cdo    remapbil: Bilinear weights from lonlat (4500x3251) to lonlat (360x170) grid, with source mask (8825169)
cdo    remapbil: Bilinear weights from lonlat (4500x3251) to lonlat (360x170) grid, with source mask (8741043)
cdo    remapbil: Bilinear weights from lonlat (4500x3251) to lonlat (360x170) grid, with source mask (8669422)
cdo    remapbil: Bilinear weights from lonlat (4500x3251) to lonlat (360x170) grid, with source mask (8547872)
cdo    remapbil: Bilinear weights from lonlat (4500x3251) to lonlat (360x170) grid, with source mask (8453750)
cdo    remapbil: Bilinear weights from lonlat (4500x3251) to lonlat (360x170) grid, with source mask (8387576)
cdo    remapbil: Bilinear weights from lonlat (4500x3251) to lonlat (360x170) grid, with source mask (8336479)
cdo    remapbil: Bilinear weights from lonlat (4500x3251) to lonlat (360x170) grid, with source mask (8290417)
cdo    remapbil: Bilinear weights from lonlat (4500x3251) to lonlat (360x170) grid, with source mask (8247815)
cdo    remapbil: Bilinear weights from lonlat (4500x3251) to lonlat (360x170) grid, with source mask (8128477)
cdo    remapbil: Bilinear weights from lonlat (4500x3251) to lonlat (360x170) grid, with source mask (7994116)
cdo    remapbil: Bilinear weights from lonlat (4500x3251) to lonlat (360x170) grid, with source mask (7692126)
cdo    remapbil: Bilinear weights from lonlat (4500x3251) to lonlat (360x170) grid, with source mask (7286838)
cdo    remapbil: Bilinear weights from lonlat (4500x3251) to lonlat (360x170) grid, with source mask (6658426)
cdo    remapbil: Bilinear weights from lonlat (4500x3251) to lonlat (360x170) grid, with source mask (4336945)
cdo    remapbil: Bilinear weights from lonlat (4500x3251) to lonlat (360x170) grid, with source mask (1454435)
------------------------------------------------
Interplating /work/home/acrzcyisbk/HYCOM_monthly/ts3z/degree_0083/GLBv0.08_53X_archMN.2002_06_ts3z.nc
cdo    remapbil: Bilinear weights from lonlat (4500x3251) to lonlat (360x170) grid, with source mask (9974940)
cdo    remapbil: Bilinear weights from lonlat (4500x3251) to lonlat (360x170) grid, with source mask (10341674)
cdo    remapbil: Bilinear weights from lonlat (4500x3251) to lonlat (360x170) grid, with source mask (14548514)
cdo    remapbil: Bilinear weights from lonlat (4500x3251) to lonlat (360x170) grid, with source mask (14548514)
cdo    remapbil: Bilinear weights from lonlat (4500x3251) to lonlat (360x170) grid, with source mask (14548514)
cdo    remapbil: Bilinear weights from lonlat (4500x3251) to lonlat (360x170) grid, with source mask (14589007)
cdo    remapbil: Bilinear weights from lonlat (4500x3251) to lonlat (360x170) grid, with source mask (14548514)
cdo    remapbil: Bilinear weights from lonlat (4500x3251) to lonlat (360x170) grid, with source mask (14548514)
cdo    remapbil: Bilinear weights from lonlat (4500x3251) to lonlat (360x170) grid, with source mask (14548514)
cdo    remapbil: Bilinear weights from lonlat (4500x3251) to lonlat (360x170) grid, with source mask (14589007)
cdo    remapbil: Bilinear weights from lonlat (4500x3251) to lonlat (360x170) grid, with source mask (14548514)
cdo    remapbil: Bilinear weights from lonlat (4500x3251) to lonlat (360x170) grid, with source mask (14548514)
cdo    remapbil: Bilinear weights from lonlat (4500x3251) to lonlat (360x170) grid, with source mask (14548514)
cdo    remapbil: Bilinear weights from lonlat (4500x3251) to lonlat (360x170) grid, with source mask (14589007)
cdo    remapbil: Bilinear weights from lonlat (4500x3251) to lonlat (360x170) grid, with source mask (14548514)
cdo    remapbil: Bilinear weights from lonlat (4500x3251) to lonlat (360x170) grid, with source mask (14548514)
cdo    remapbil: Bilinear weights from lonlat (4500x3251) to lonlat (360x170) grid, with source mask (14548514)
cdo    remapbil: Bilinear weights from lonlat (4500x3251) to lonlat (360x170) grid, with source mask (14589007)
cdo    remapbil: Bilinear weights from lonlat (4500x3251) to lonlat (360x170) grid, with source mask (14548514)
cdo    remapbil: Bilinear weights from lonlat (4500x3251) to lonlat (360x170) grid, with source mask (14548514)
cdo    remapbil: Bilinear weights from lonlat (4500x3251) to lonlat (360x170) grid, with source mask (14548514)
cdo    remapbil: Bilinear weights from lonlat (4500x3251) to lonlat (360x170) grid, with source mask (14589007)
cdo    remapbil: Bilinear weights from lonlat (4500x3251) to lonlat (360x170) grid, with source mask (14548514)
cdo    remapbil: Bilinear weights from lonlat (4500x3251) to lonlat (360x170) grid, with source mask (14548514)
cdo    remapbil: Bilinear weights from lonlat (4500x3251) to lonlat (360x170) grid, with source mask (14548514)
cdo    remapbil: Bilinear weights from lonlat (4500x3251) to lonlat (360x170) grid, with source mask (14589007)
cdo    remapbil: Bilinear weights from lonlat (4500x3251) to lonlat (360x170) grid, with source mask (14548514)
cdo    remapbil: Bilinear weights from lonlat (4500x3251) to lonlat (360x170) grid, with source mask (14548514)
cdo    remapbil: Bilinear weights from lonlat (4500x3251) to lonlat (360x170) grid, with source mask (14548514)
cdo    remapbil: Bilinear weights from lonlat (4500x3251) to lonlat (360x170) grid, with source mask (14589007)
cdo    remapbil: Bilinear weights from lonlat (4500x3251) to lonlat (360x170) grid, with source mask (14548514)
cdo    remapbil: Bilinear weights from lonlat (4500x3251) to lonlat (360x170) grid, with source mask (14548514)
cdo    remapbil: Bilinear weights from lonlat (4500x3251) to lonlat (360x170) grid, with source mask (14548514)
cdo    remapbil: Bilinear weights from lonlat (4500x3251) to lonlat (360x170) grid, with source mask (14589007)
cdo    remapbil: Bilinear weights from lonlat (4500x3251) to lonlat (360x170) grid, with source mask (14548514)
cdo    remapbil: Bilinear weights from lonlat (4500x3251) to lonlat (360x170) grid, with source mask (14548514)
cdo    remapbil: Bilinear weights from lonlat (4500x3251) to lonlat (360x170) grid, with source mask (14548514)
cdo    remapbil: Bilinear weights from lonlat (4500x3251) to lonlat (360x170) grid, with source mask (14589007)
cdo    remapbil: Bilinear weights from lonlat (4500x3251) to lonlat (360x170) grid, with source mask (14548514)
cdo    remapbil: Bilinear weights from lonlat (4500x3251) to lonlat (360x170) grid, with source mask (14548514)
cdo    remapbil: Bilinear weights from lonlat (4500x3251) to lonlat (360x170) grid, with source mask (14589007)
cdo    remapbil: Bilinear weights from lonlat (4500x3251) to lonlat (360x170) grid, with source mask (14607906)
cdo    remapbil: Bilinear weights from lonlat (4500x3251) to lonlat (360x170) grid, with source mask (14607906)
cdo    remapbil: Bilinear weights from lonlat (4500x3251) to lonlat (360x170) grid, with source mask (14607906)
cdo    remapbil: Bilinear weights from lonlat (4500x3251) to lonlat (360x170) grid, with source mask (14618703)
cdo    remapbil: Bilinear weights from lonlat (4500x3251) to lonlat (360x170) grid, with source mask (14607906)
cdo    remapbil: Bilinear weights from lonlat (4500x3251) to lonlat (360x170) grid, with source mask (14607906)
cdo    remapbil: Bilinear weights from lonlat (4500x3251) to lonlat (360x170) grid, with source mask (14607906)
cdo    remapbil: Bilinear weights from lonlat (4500x3251) to lonlat (360x170) grid, with source mask (14618703)
cdo    remapbil: Bilinear weights from lonlat (4500x3251) to lonlat (360x170) grid, with source mask (14607906)
cdo    remapbil: Bilinear weights from lonlat (4500x3251) to lonlat (360x170) grid, with source mask (14607906)
cdo    remapbil: Bilinear weights from lonlat (4500x3251) to lonlat (360x170) grid, with source mask (14607906)
cdo    remapbil: Bilinear weights from lonlat (4500x3251) to lonlat (360x170) grid, with source mask (14618703)
cdo    remapbil: Bilinear weights from lonlat (4500x3251) to lonlat (360x170) grid, with source mask (14607906)
cdo    remapbil: Bilinear weights from lonlat (4500x3251) to lonlat (360x170) grid, with source mask (14607906)
cdo    remapbil: Bilinear weights from lonlat (4500x3251) to lonlat (360x170) grid, with source mask (14607906)
cdo    remapbil: Bilinear weights from lonlat (4500x3251) to lonlat (360x170) grid, with source mask (14618703)
cdo    remapbil: Bilinear weights from lonlat (4500x3251) to lonlat (360x170) grid, with source mask (14607906)
cdo    remapbil: Bilinear weights from lonlat (4500x3251) to lonlat (360x170) grid, with source mask (14607906)
cdo    remapbil: Bilinear weights from lonlat (4500x3251) to lonlat (360x170) grid, with source mask (14607906)
cdo    remapbil: Bilinear weights from lonlat (4500x3251) to lonlat (360x170) grid, with source mask (14618703)
cdo    remapbil: Bilinear weights from lonlat (4500x3251) to lonlat (360x170) grid, with source mask (14607906)
cdo    remapbil: Bilinear weights from lonlat (4500x3251) to lonlat (360x170) grid, with source mask (14607906)
cdo    remapbil: Bilinear weights from lonlat (4500x3251) to lonlat (360x170) grid, with source mask (14607906)
cdo    remapbil: Bilinear weights from lonlat (4500x3251) to lonlat (360x170) grid, with source mask (14618703)
cdo    remapbil: Bilinear weights from lonlat (4500x3251) to lonlat (360x170) grid, with source mask (14607906)
cdo    remapbil: Bilinear weights from lonlat (4500x3251) to lonlat (360x170) grid, with source mask (14607906)
cdo    remapbil: Bilinear weights from lonlat (4500x3251) to lonlat (360x170) grid, with source mask (14607906)
cdo    remapbil: Bilinear weights from lonlat (4500x3251) to lonlat (360x170) grid, with source mask (14618703)
cdo    remapbil: Bilinear weights from lonlat (4500x3251) to lonlat (360x170) grid, with source mask (14607906)
cdo    remapbil: Bilinear weights from lonlat (4500x3251) to lonlat (360x170) grid, with source mask (14607906)
cdo    remapbil: Bilinear weights from lonlat (4500x3251) to lonlat (360x170) grid, with source mask (14607906)
cdo    remapbil: Bilinear weights from lonlat (4500x3251) to lonlat (360x170) grid, with source mask (14618703)
cdo    remapbil: Bilinear weights from lonlat (4500x3251) to lonlat (360x170) grid, with source mask (14607906)
cdo    remapbil: Bilinear weights from lonlat (4500x3251) to lonlat (360x170) grid, with source mask (14607906)
cdo    remapbil: Bilinear weights from lonlat (4500x3251) to lonlat (360x170) grid, with source mask (14607906)
cdo    remapbil: Bilinear weights from lonlat (4500x3251) to lonlat (360x170) grid, with source mask (14618703)
cdo    remapbil: Bilinear weights from lonlat (4500x3251) to lonlat (360x170) grid, with source mask (14607906)
------------------------------------------------
Interplating /work/home/acrzcyisbk/HYCOM_monthly/ts3z/degree_0083/GLBv0.08_53X_archMN.2003_10_ts3z.nc
cdo    remapbil: Bilinear weights from lonlat (4500x3251) to lonlat (360x170) grid, with source mask (9974940)
cdo    remapbil: Bilinear weights from lonlat (4500x3251) to lonlat (360x170) grid, with source mask (9952885)
cdo    remapbil: Bilinear weights from lonlat (4500x3251) to lonlat (360x170) grid, with source mask (9939291)
cdo    remapbil: Bilinear weights from lonlat (4500x3251) to lonlat (360x170) grid, with source mask (9925415)
cdo    remapbil: Bilinear weights from lonlat (4500x3251) to lonlat (360x170) grid, with source mask (9909528)
cdo    remapbil: Bilinear weights from lonlat (4500x3251) to lonlat (360x170) grid, with source mask (9887620)
cdo    remapbil: Bilinear weights from lonlat (4500x3251) to lonlat (360x170) grid, with source mask (9846685)
cdo    remapbil: Bilinear weights from lonlat (4500x3251) to lonlat (360x170) grid, with source mask (9804573)
cdo    remapbil: Bilinear weights from lonlat (4500x3251) to lonlat (360x170) grid, with source mask (9767299)
cdo    remapbil: Bilinear weights from lonlat (4500x3251) to lonlat (360x170) grid, with source mask (9730643)
cdo    remapbil: Bilinear weights from lonlat (4500x3251) to lonlat (360x170) grid, with source mask (9691209)
cdo    remapbil: Bilinear weights from lonlat (4500x3251) to lonlat (360x170) grid, with source mask (9648582)
cdo    remapbil: Bilinear weights from lonlat (4500x3251) to lonlat (360x170) grid, with source mask (9606865)
cdo    remapbil: Bilinear weights from lonlat (4500x3251) to lonlat (360x170) grid, with source mask (9536477)
cdo    remapbil: Bilinear weights from lonlat (4500x3251) to lonlat (360x170) grid, with source mask (9480678)
cdo    remapbil: Bilinear weights from lonlat (4500x3251) to lonlat (360x170) grid, with source mask (9430184)
cdo    remapbil: Bilinear weights from lonlat (4500x3251) to lonlat (360x170) grid, with source mask (9384784)
cdo    remapbil: Bilinear weights from lonlat (4500x3251) to lonlat (360x170) grid, with source mask (9338856)
cdo    remapbil: Bilinear weights from lonlat (4500x3251) to lonlat (360x170) grid, with source mask (9244901)
cdo    remapbil: Bilinear weights from lonlat (4500x3251) to lonlat (360x170) grid, with source mask (9167129)
cdo    remapbil: Bilinear weights from lonlat (4500x3251) to lonlat (360x170) grid, with source mask (9032413)
cdo    remapbil: Bilinear weights from lonlat (4500x3251) to lonlat (360x170) grid, with source mask (8923756)
cdo    remapbil: Bilinear weights from lonlat (4500x3251) to lonlat (360x170) grid, with source mask (8825169)
cdo    remapbil: Bilinear weights from lonlat (4500x3251) to lonlat (360x170) grid, with source mask (8741043)
cdo    remapbil: Bilinear weights from lonlat (4500x3251) to lonlat (360x170) grid, with source mask (8669422)
cdo    remapbil: Bilinear weights from lonlat (4500x3251) to lonlat (360x170) grid, with source mask (8547872)
cdo    remapbil: Bilinear weights from lonlat (4500x3251) to lonlat (360x170) grid, with source mask (8453750)
cdo    remapbil: Bilinear weights from lonlat (4500x3251) to lonlat (360x170) grid, with source mask (8387576)
cdo    remapbil: Bilinear weights from lonlat (4500x3251) to lonlat (360x170) grid, with source mask (8336479)
cdo    remapbil: Bilinear weights from lonlat (4500x3251) to lonlat (360x170) grid, with source mask (8290417)
cdo    remapbil: Bilinear weights from lonlat (4500x3251) to lonlat (360x170) grid, with source mask (8247815)
cdo    remapbil: Bilinear weights from lonlat (4500x3251) to lonlat (360x170) grid, with source mask (8128477)
cdo    remapbil: Bilinear weights from lonlat (4500x3251) to lonlat (360x170) grid, with source mask (7994116)
cdo    remapbil: Bilinear weights from lonlat (4500x3251) to lonlat (360x170) grid, with source mask (7692126)
cdo    remapbil: Bilinear weights from lonlat (4500x3251) to lonlat (360x170) grid, with source mask (7286838)
cdo    remapbil: Bilinear weights from lonlat (4500x3251) to lonlat (360x170) grid, with source mask (6658426)
cdo    remapbil: Bilinear weights from lonlat (4500x3251) to lonlat (360x170) grid, with source mask (4336945)
cdo    remapbil: Bilinear weights from lonlat (4500x3251) to lonlat (360x170) grid, with source mask (1454435)
------------------------------------------------
Interplating /work/home/acrzcyisbk/HYCOM_monthly/ts3z/degree_0083/GLBv0.08_53X_archMN.2003_12_ts3z.nc
cdo    remapbil: Bilinear weights from lonlat (4500x3251) to lonlat (360x170) grid, with source mask (9974940)
cdo    remapbil: Bilinear weights from lonlat (4500x3251) to lonlat (360x170) grid, with source mask (9952885)
cdo    remapbil: Bilinear weights from lonlat (4500x3251) to lonlat (360x170) grid, with source mask (9939291)
cdo    remapbil: Bilinear weights from lonlat (4500x3251) to lonlat (360x170) grid, with source mask (9925415)
cdo    remapbil: Bilinear weights from lonlat (4500x3251) to lonlat (360x170) grid, with source mask (9909528)
cdo    remapbil: Bilinear weights from lonlat (4500x3251) to lonlat (360x170) grid, with source mask (9887620)
cdo    remapbil: Bilinear weights from lonlat (4500x3251) to lonlat (360x170) grid, with source mask (9846685)
cdo    remapbil: Bilinear weights from lonlat (4500x3251) to lonlat (360x170) grid, with source mask (9804573)
cdo    remapbil: Bilinear weights from lonlat (4500x3251) to lonlat (360x170) grid, with source mask (9767299)
cdo    remapbil: Bilinear weights from lonlat (4500x3251) to lonlat (360x170) grid, with source mask (9730643)
cdo    remapbil: Bilinear weights from lonlat (4500x3251) to lonlat (360x170) grid, with source mask (9691209)
cdo    remapbil: Bilinear weights from lonlat (4500x3251) to lonlat (360x170) grid, with source mask (9648582)
cdo    remapbil: Bilinear weights from lonlat (4500x3251) to lonlat (360x170) grid, with source mask (9606865)
cdo    remapbil: Bilinear weights from lonlat (4500x3251) to lonlat (360x170) grid, with source mask (9536477)
cdo    remapbil: Bilinear weights from lonlat (4500x3251) to lonlat (360x170) grid, with source mask (9480678)
cdo    remapbil: Bilinear weights from lonlat (4500x3251) to lonlat (360x170) grid, with source mask (9430184)
cdo    remapbil: Bilinear weights from lonlat (4500x3251) to lonlat (360x170) grid, with source mask (9384784)
cdo    remapbil: Bilinear weights from lonlat (4500x3251) to lonlat (360x170) grid, with source mask (9338856)
cdo    remapbil: Bilinear weights from lonlat (4500x3251) to lonlat (360x170) grid, with source mask (9244901)
cdo    remapbil: Bilinear weights from lonlat (4500x3251) to lonlat (360x170) grid, with source mask (9167129)
cdo    remapbil: Bilinear weights from lonlat (4500x3251) to lonlat (360x170) grid, with source mask (9032413)
cdo    remapbil: Bilinear weights from lonlat (4500x3251) to lonlat (360x170) grid, with source mask (8923756)
cdo    remapbil: Bilinear weights from lonlat (4500x3251) to lonlat (360x170) grid, with source mask (8825169)
cdo    remapbil: Bilinear weights from lonlat (4500x3251) to lonlat (360x170) grid, with source mask (8741043)
cdo    remapbil: Bilinear weights from lonlat (4500x3251) to lonlat (360x170) grid, with source mask (8669422)
cdo    remapbil: Bilinear weights from lonlat (4500x3251) to lonlat (360x170) grid, with source mask (8547872)
cdo    remapbil: Bilinear weights from lonlat (4500x3251) to lonlat (360x170) grid, with source mask (8453750)
cdo    remapbil: Bilinear weights from lonlat (4500x3251) to lonlat (360x170) grid, with source mask (8387576)
cdo    remapbil: Bilinear weights from lonlat (4500x3251) to lonlat (360x170) grid, with source mask (8336479)
cdo    remapbil: Bilinear weights from lonlat (4500x3251) to lonlat (360x170) grid, with source mask (8290417)
cdo    remapbil: Bilinear weights from lonlat (4500x3251) to lonlat (360x170) grid, with source mask (8247815)
cdo    remapbil: Bilinear weights from lonlat (4500x3251) to lonlat (360x170) grid, with source mask (8128477)
cdo    remapbil: Bilinear weights from lonlat (4500x3251) to lonlat (360x170) grid, with source mask (7994116)
cdo    remapbil: Bilinear weights from lonlat (4500x3251) to lonlat (360x170) grid, with source mask (7692126)
cdo    remapbil: Bilinear weights from lonlat (4500x3251) to lonlat (360x170) grid, with source mask (7286838)
cdo    remapbil: Bilinear weights from lonlat (4500x3251) to lonlat (360x170) grid, with source mask (6658426)
cdo    remapbil: Bilinear weights from lonlat (4500x3251) to lonlat (360x170) grid, with source mask (4336945)
cdo    remapbil: Bilinear weights from lonlat (4500x3251) to lonlat (360x170) grid, with source mask (1454435)
------------------------------------------------
Interplating /work/home/acrzcyisbk/HYCOM_monthly/ts3z/degree_0083/GLBv0.08_53X_archMN.2004_09_ts3z.nc
cdo    remapbil: Bilinear weights from lonlat (4500x3251) to lonlat (360x170) grid, with source mask (9974940)
cdo    remapbil: Bilinear weights from lonlat (4500x3251) to lonlat (360x170) grid, with source mask (9952885)
cdo    remapbil: Bilinear weights from lonlat (4500x3251) to lonlat (360x170) grid, with source mask (9939291)
cdo    remapbil: Bilinear weights from lonlat (4500x3251) to lonlat (360x170) grid, with source mask (9925415)
cdo    remapbil: Bilinear weights from lonlat (4500x3251) to lonlat (360x170) grid, with source mask (9909528)
cdo    remapbil: Bilinear weights from lonlat (4500x3251) to lonlat (360x170) grid, with source mask (9887620)
cdo    remapbil: Bilinear weights from lonlat (4500x3251) to lonlat (360x170) grid, with source mask (9846685)
cdo    remapbil: Bilinear weights from lonlat (4500x3251) to lonlat (360x170) grid, with source mask (9804573)
cdo    remapbil: Bilinear weights from lonlat (4500x3251) to lonlat (360x170) grid, with source mask (9767299)
cdo    remapbil: Bilinear weights from lonlat (4500x3251) to lonlat (360x170) grid, with source mask (9730643)
cdo    remapbil: Bilinear weights from lonlat (4500x3251) to lonlat (360x170) grid, with source mask (9691209)
cdo    remapbil: Bilinear weights from lonlat (4500x3251) to lonlat (360x170) grid, with source mask (9648582)
cdo    remapbil: Bilinear weights from lonlat (4500x3251) to lonlat (360x170) grid, with source mask (9606865)
cdo    remapbil: Bilinear weights from lonlat (4500x3251) to lonlat (360x170) grid, with source mask (9536477)
cdo    remapbil: Bilinear weights from lonlat (4500x3251) to lonlat (360x170) grid, with source mask (9480678)
cdo    remapbil: Bilinear weights from lonlat (4500x3251) to lonlat (360x170) grid, with source mask (9430184)
cdo    remapbil: Bilinear weights from lonlat (4500x3251) to lonlat (360x170) grid, with source mask (9384784)
cdo    remapbil: Bilinear weights from lonlat (4500x3251) to lonlat (360x170) grid, with source mask (9338856)
cdo    remapbil: Bilinear weights from lonlat (4500x3251) to lonlat (360x170) grid, with source mask (9244901)
cdo    remapbil: Bilinear weights from lonlat (4500x3251) to lonlat (360x170) grid, with source mask (9167129)
cdo    remapbil: Bilinear weights from lonlat (4500x3251) to lonlat (360x170) grid, with source mask (9032413)
cdo    remapbil: Bilinear weights from lonlat (4500x3251) to lonlat (360x170) grid, with source mask (8923756)
cdo    remapbil: Bilinear weights from lonlat (4500x3251) to lonlat (360x170) grid, with source mask (8825169)
cdo    remapbil: Bilinear weights from lonlat (4500x3251) to lonlat (360x170) grid, with source mask (8741043)
cdo    remapbil: Bilinear weights from lonlat (4500x3251) to lonlat (360x170) grid, with source mask (8669422)
cdo    remapbil: Bilinear weights from lonlat (4500x3251) to lonlat (360x170) grid, with source mask (8547872)
cdo    remapbil: Bilinear weights from lonlat (4500x3251) to lonlat (360x170) grid, with source mask (8453750)
cdo    remapbil: Bilinear weights from lonlat (4500x3251) to lonlat (360x170) grid, with source mask (8387576)
cdo    remapbil: Bilinear weights from lonlat (4500x3251) to lonlat (360x170) grid, with source mask (8336479)
cdo    remapbil: Bilinear weights from lonlat (4500x3251) to lonlat (360x170) grid, with source mask (8290417)
cdo    remapbil: Bilinear weights from lonlat (4500x3251) to lonlat (360x170) grid, with source mask (8247815)
cdo    remapbil: Bilinear weights from lonlat (4500x3251) to lonlat (360x170) grid, with source mask (8128477)
cdo    remapbil: Bilinear weights from lonlat (4500x3251) to lonlat (360x170) grid, with source mask (7994116)
cdo    remapbil: Bilinear weights from lonlat (4500x3251) to lonlat (360x170) grid, with source mask (7692126)
cdo    remapbil: Bilinear weights from lonlat (4500x3251) to lonlat (360x170) grid, with source mask (7286838)
cdo    remapbil: Bilinear weights from lonlat (4500x3251) to lonlat (360x170) grid, with source mask (6658426)
cdo    remapbil: Bilinear weights from lonlat (4500x3251) to lonlat (360x170) grid, with source mask (4336945)
cdo    remapbil: Bilinear weights from lonlat (4500x3251) to lonlat (360x170) grid, with source mask (1454435)
------------------------------------------------
Interplating /work/home/acrzcyisbk/HYCOM_monthly/ts3z/degree_0083/GLBv0.08_53X_archMN.2011_10_ts3z.nc
cdo    remapbil: Bilinear weights from lonlat (4500x3251) to lonlat (360x170) grid, with source mask (9974940)
cdo    remapbil: Bilinear weights from lonlat (4500x3251) to lonlat (360x170) grid, with source mask (9952885)
cdo    remapbil: Bilinear weights from lonlat (4500x3251) to lonlat (360x170) grid, with source mask (9939291)
cdo    remapbil: Bilinear weights from lonlat (4500x3251) to lonlat (360x170) grid, with source mask (9925415)
cdo    remapbil: Bilinear weights from lonlat (4500x3251) to lonlat (360x170) grid, with source mask (9909528)
cdo    remapbil: Bilinear weights from lonlat (4500x3251) to lonlat (360x170) grid, with source mask (9887620)
cdo    remapbil: Bilinear weights from lonlat (4500x3251) to lonlat (360x170) grid, with source mask (9846685)
cdo    remapbil: Bilinear weights from lonlat (4500x3251) to lonlat (360x170) grid, with source mask (9804573)
cdo    remapbil: Bilinear weights from lonlat (4500x3251) to lonlat (360x170) grid, with source mask (9767299)
cdo    remapbil: Bilinear weights from lonlat (4500x3251) to lonlat (360x170) grid, with source mask (9730643)
cdo    remapbil: Bilinear weights from lonlat (4500x3251) to lonlat (360x170) grid, with source mask (9691209)
cdo    remapbil: Bilinear weights from lonlat (4500x3251) to lonlat (360x170) grid, with source mask (9648582)
cdo    remapbil: Bilinear weights from lonlat (4500x3251) to lonlat (360x170) grid, with source mask (9606865)
cdo    remapbil: Bilinear weights from lonlat (4500x3251) to lonlat (360x170) grid, with source mask (9536477)
cdo    remapbil: Bilinear weights from lonlat (4500x3251) to lonlat (360x170) grid, with source mask (9480678)
cdo    remapbil: Bilinear weights from lonlat (4500x3251) to lonlat (360x170) grid, with source mask (9430184)
cdo    remapbil: Bilinear weights from lonlat (4500x3251) to lonlat (360x170) grid, with source mask (9384784)
cdo    remapbil: Bilinear weights from lonlat (4500x3251) to lonlat (360x170) grid, with source mask (9338856)
cdo    remapbil: Bilinear weights from lonlat (4500x3251) to lonlat (360x170) grid, with source mask (9244901)
cdo    remapbil: Bilinear weights from lonlat (4500x3251) to lonlat (360x170) grid, with source mask (9167129)
cdo    remapbil: Bilinear weights from lonlat (4500x3251) to lonlat (360x170) grid, with source mask (9032413)
cdo    remapbil: Bilinear weights from lonlat (4500x3251) to lonlat (360x170) grid, with source mask (8923756)
cdo    remapbil: Bilinear weights from lonlat (4500x3251) to lonlat (360x170) grid, with source mask (8825169)
cdo    remapbil: Bilinear weights from lonlat (4500x3251) to lonlat (360x170) grid, with source mask (8741043)
cdo    remapbil: Bilinear weights from lonlat (4500x3251) to lonlat (360x170) grid, with source mask (8669422)
cdo    remapbil: Bilinear weights from lonlat (4500x3251) to lonlat (360x170) grid, with source mask (8547872)
cdo    remapbil: Bilinear weights from lonlat (4500x3251) to lonlat (360x170) grid, with source mask (8453750)
cdo    remapbil: Bilinear weights from lonlat (4500x3251) to lonlat (360x170) grid, with source mask (8387576)
cdo    remapbil: Bilinear weights from lonlat (4500x3251) to lonlat (360x170) grid, with source mask (8336479)
cdo    remapbil: Bilinear weights from lonlat (4500x3251) to lonlat (360x170) grid, with source mask (8290417)
cdo    remapbil: Bilinear weights from lonlat (4500x3251) to lonlat (360x170) grid, with source mask (8247815)
cdo    remapbil: Bilinear weights from lonlat (4500x3251) to lonlat (360x170) grid, with source mask (8128477)
cdo    remapbil: Bilinear weights from lonlat (4500x3251) to lonlat (360x170) grid, with source mask (7994116)
cdo    remapbil: Bilinear weights from lonlat (4500x3251) to lonlat (360x170) grid, with source mask (7692126)
cdo    remapbil: Bilinear weights from lonlat (4500x3251) to lonlat (360x170) grid, with source mask (7286838)
cdo    remapbil: Bilinear weights from lonlat (4500x3251) to lonlat (360x170) grid, with source mask (6658426)
cdo    remapbil: Bilinear weights from lonlat (4500x3251) to lonlat (360x170) grid, with source mask (4336945)
cdo    remapbil: Bilinear weights from lonlat (4500x3251) to lonlat (360x170) grid, with source mask (1454435)
------------------------------------------------
Interplating /work/home/acrzcyisbk/HYCOM_monthly/ts3z/degree_0083/GLBv0.08_53X_archMN.2011_12_ts3z.nc
cdo    remapbil: Bilinear weights from lonlat (4500x3251) to lonlat (360x170) grid, with source mask (9974940)
cdo    remapbil: Bilinear weights from lonlat (4500x3251) to lonlat (360x170) grid, with source mask (9952885)
cdo    remapbil: Bilinear weights from lonlat (4500x3251) to lonlat (360x170) grid, with source mask (9939291)
cdo    remapbil: Bilinear weights from lonlat (4500x3251) to lonlat (360x170) grid, with source mask (9925415)
cdo    remapbil: Bilinear weights from lonlat (4500x3251) to lonlat (360x170) grid, with source mask (9909528)
cdo    remapbil: Bilinear weights from lonlat (4500x3251) to lonlat (360x170) grid, with source mask (9887620)
cdo    remapbil: Bilinear weights from lonlat (4500x3251) to lonlat (360x170) grid, with source mask (9846685)
cdo    remapbil: Bilinear weights from lonlat (4500x3251) to lonlat (360x170) grid, with source mask (9804573)
cdo    remapbil: Bilinear weights from lonlat (4500x3251) to lonlat (360x170) grid, with source mask (9767299)
cdo    remapbil: Bilinear weights from lonlat (4500x3251) to lonlat (360x170) grid, with source mask (9730643)
cdo    remapbil: Bilinear weights from lonlat (4500x3251) to lonlat (360x170) grid, with source mask (9691209)
cdo    remapbil: Bilinear weights from lonlat (4500x3251) to lonlat (360x170) grid, with source mask (9648582)
cdo    remapbil: Bilinear weights from lonlat (4500x3251) to lonlat (360x170) grid, with source mask (9606865)
cdo    remapbil: Bilinear weights from lonlat (4500x3251) to lonlat (360x170) grid, with source mask (9536477)
cdo    remapbil: Bilinear weights from lonlat (4500x3251) to lonlat (360x170) grid, with source mask (9480678)
cdo    remapbil: Bilinear weights from lonlat (4500x3251) to lonlat (360x170) grid, with source mask (9430184)
cdo    remapbil: Bilinear weights from lonlat (4500x3251) to lonlat (360x170) grid, with source mask (9384784)
cdo    remapbil: Bilinear weights from lonlat (4500x3251) to lonlat (360x170) grid, with source mask (9338856)
cdo    remapbil: Bilinear weights from lonlat (4500x3251) to lonlat (360x170) grid, with source mask (9244901)
cdo    remapbil: Bilinear weights from lonlat (4500x3251) to lonlat (360x170) grid, with source mask (9167129)
cdo    remapbil: Bilinear weights from lonlat (4500x3251) to lonlat (360x170) grid, with source mask (9032413)
cdo    remapbil: Bilinear weights from lonlat (4500x3251) to lonlat (360x170) grid, with source mask (8923756)
cdo    remapbil: Bilinear weights from lonlat (4500x3251) to lonlat (360x170) grid, with source mask (8825169)
cdo    remapbil: Bilinear weights from lonlat (4500x3251) to lonlat (360x170) grid, with source mask (8741043)
cdo    remapbil: Bilinear weights from lonlat (4500x3251) to lonlat (360x170) grid, with source mask (8669422)
cdo    remapbil: Bilinear weights from lonlat (4500x3251) to lonlat (360x170) grid, with source mask (8547872)
cdo    remapbil: Bilinear weights from lonlat (4500x3251) to lonlat (360x170) grid, with source mask (8453750)
cdo    remapbil: Bilinear weights from lonlat (4500x3251) to lonlat (360x170) grid, with source mask (8387576)
cdo    remapbil: Bilinear weights from lonlat (4500x3251) to lonlat (360x170) grid, with source mask (8336479)
cdo    remapbil: Bilinear weights from lonlat (4500x3251) to lonlat (360x170) grid, with source mask (8290417)
cdo    remapbil: Bilinear weights from lonlat (4500x3251) to lonlat (360x170) grid, with source mask (8247815)
cdo    remapbil: Bilinear weights from lonlat (4500x3251) to lonlat (360x170) grid, with source mask (8128477)
cdo    remapbil: Bilinear weights from lonlat (4500x3251) to lonlat (360x170) grid, with source mask (7994116)
cdo    remapbil: Bilinear weights from lonlat (4500x3251) to lonlat (360x170) grid, with source mask (7692126)
cdo    remapbil: Bilinear weights from lonlat (4500x3251) to lonlat (360x170) grid, with source mask (7286838)
cdo    remapbil: Bilinear weights from lonlat (4500x3251) to lonlat (360x170) grid, with source mask (6658426)
cdo    remapbil: Bilinear weights from lonlat (4500x3251) to lonlat (360x170) grid, with source mask (4336945)
cdo    remapbil: Bilinear weights from lonlat (4500x3251) to lonlat (360x170) grid, with source mask (1454435)
------------------------------------------------
Interplating /work/home/acrzcyisbk/HYCOM_monthly/ts3z/degree_0083/GLBv0.08_53X_archMN.2010_06_ts3z.nc
cdo    remapbil: Bilinear weights from lonlat (4500x3251) to lonlat (360x170) grid, with source mask (9974940)
cdo    remapbil: Bilinear weights from lonlat (4500x3251) to lonlat (360x170) grid, with source mask (9952885)
cdo    remapbil: Bilinear weights from lonlat (4500x3251) to lonlat (360x170) grid, with source mask (9939291)
cdo    remapbil: Bilinear weights from lonlat (4500x3251) to lonlat (360x170) grid, with source mask (9925415)
cdo    remapbil: Bilinear weights from lonlat (4500x3251) to lonlat (360x170) grid, with source mask (9909528)
cdo    remapbil: Bilinear weights from lonlat (4500x3251) to lonlat (360x170) grid, with source mask (9887620)
cdo    remapbil: Bilinear weights from lonlat (4500x3251) to lonlat (360x170) grid, with source mask (9846685)
cdo    remapbil: Bilinear weights from lonlat (4500x3251) to lonlat (360x170) grid, with source mask (9804573)
cdo    remapbil: Bilinear weights from lonlat (4500x3251) to lonlat (360x170) grid, with source mask (9767299)
cdo    remapbil: Bilinear weights from lonlat (4500x3251) to lonlat (360x170) grid, with source mask (9730643)
cdo    remapbil: Bilinear weights from lonlat (4500x3251) to lonlat (360x170) grid, with source mask (9691209)
cdo    remapbil: Bilinear weights from lonlat (4500x3251) to lonlat (360x170) grid, with source mask (9648582)
cdo    remapbil: Bilinear weights from lonlat (4500x3251) to lonlat (360x170) grid, with source mask (9606865)
cdo    remapbil: Bilinear weights from lonlat (4500x3251) to lonlat (360x170) grid, with source mask (9536477)
cdo    remapbil: Bilinear weights from lonlat (4500x3251) to lonlat (360x170) grid, with source mask (9480678)
cdo    remapbil: Bilinear weights from lonlat (4500x3251) to lonlat (360x170) grid, with source mask (9430184)
cdo    remapbil: Bilinear weights from lonlat (4500x3251) to lonlat (360x170) grid, with source mask (9384784)
cdo    remapbil: Bilinear weights from lonlat (4500x3251) to lonlat (360x170) grid, with source mask (9338856)
cdo    remapbil: Bilinear weights from lonlat (4500x3251) to lonlat (360x170) grid, with source mask (9244901)
cdo    remapbil: Bilinear weights from lonlat (4500x3251) to lonlat (360x170) grid, with source mask (9167129)
cdo    remapbil: Bilinear weights from lonlat (4500x3251) to lonlat (360x170) grid, with source mask (9032413)
cdo    remapbil: Bilinear weights from lonlat (4500x3251) to lonlat (360x170) grid, with source mask (8923756)
cdo    remapbil: Bilinear weights from lonlat (4500x3251) to lonlat (360x170) grid, with source mask (8825169)
cdo    remapbil: Bilinear weights from lonlat (4500x3251) to lonlat (360x170) grid, with source mask (8741043)
cdo    remapbil: Bilinear weights from lonlat (4500x3251) to lonlat (360x170) grid, with source mask (8669422)
cdo    remapbil: Bilinear weights from lonlat (4500x3251) to lonlat (360x170) grid, with source mask (8547872)
cdo    remapbil: Bilinear weights from lonlat (4500x3251) to lonlat (360x170) grid, with source mask (8453750)
cdo    remapbil: Bilinear weights from lonlat (4500x3251) to lonlat (360x170) grid, with source mask (8387576)
cdo    remapbil: Bilinear weights from lonlat (4500x3251) to lonlat (360x170) grid, with source mask (8336479)
cdo    remapbil: Bilinear weights from lonlat (4500x3251) to lonlat (360x170) grid, with source mask (8290417)
cdo    remapbil: Bilinear weights from lonlat (4500x3251) to lonlat (360x170) grid, with source mask (8247815)
cdo    remapbil: Bilinear weights from lonlat (4500x3251) to lonlat (360x170) grid, with source mask (8128477)
cdo    remapbil: Bilinear weights from lonlat (4500x3251) to lonlat (360x170) grid, with source mask (7994116)
cdo    remapbil: Bilinear weights from lonlat (4500x3251) to lonlat (360x170) grid, with source mask (7692126)
cdo    remapbil: Bilinear weights from lonlat (4500x3251) to lonlat (360x170) grid, with source mask (7286838)
cdo    remapbil: Bilinear weights from lonlat (4500x3251) to lonlat (360x170) grid, with source mask (6658426)
cdo    remapbil: Bilinear weights from lonlat (4500x3251) to lonlat (360x170) grid, with source mask (4336945)
cdo    remapbil: Bilinear weights from lonlat (4500x3251) to lonlat (360x170) grid, with source mask (1454435)
/work/home/acrzcyisbk/HYCOM_monthly/ts3z/degree_1/GLBv0.08_53X_archMN.1996_02_ts3z.nc exists, skip
/work/home/acrzcyisbk/HYCOM_monthly/ts3z/degree_1/GLBv0.08_53X_archMN.1997_09_ts3z.nc exists, skip
/work/home/acrzcyisbk/HYCOM_monthly/ts3z/degree_1/GLBv0.08_53X_archMN.1998_10_ts3z.nc exists, skip
/work/home/acrzcyisbk/HYCOM_monthly/ts3z/degree_1/GLBv0.08_53X_archMN.1998_12_ts3z.nc exists, skip
/work/home/acrzcyisbk/HYCOM_monthly/ts3z/degree_1/GLBv0.08_53X_archMN.1999_06_ts3z.nc exists, skip
/work/home/acrzcyisbk/HYCOM_monthly/ts3z/degree_1/GLBv0.08_53X_archMN.2000_10_ts3z.nc exists, skip
/work/home/acrzcyisbk/HYCOM_monthly/ts3z/degree_1/GLBv0.08_53X_archMN.2000_12_ts3z.nc exists, skip
/work/home/acrzcyisbk/HYCOM_monthly/ts3z/degree_1/GLBv0.08_53X_archMN.2002_02_ts3z.nc exists, skip
/work/home/acrzcyisbk/HYCOM_monthly/ts3z/degree_1/GLBv0.08_53X_archMN.2005_06_ts3z.nc exists, skip
/work/home/acrzcyisbk/HYCOM_monthly/ts3z/degree_1/GLBv0.08_53X_archMN.2006_02_ts3z.nc exists, skip
/work/home/acrzcyisbk/HYCOM_monthly/ts3z/degree_1/GLBv0.08_53X_archMN.2007_09_ts3z.nc exists, skip
/work/home/acrzcyisbk/HYCOM_monthly/ts3z/degree_1/GLBv0.08_53X_archMN.2008_10_ts3z.nc exists, skip
/work/home/acrzcyisbk/HYCOM_monthly/ts3z/degree_1/GLBv0.08_53X_archMN.2008_12_ts3z.nc exists, skip
/work/home/acrzcyisbk/HYCOM_monthly/ts3z/degree_1/GLBv0.08_53X_archMN.2009_06_ts3z.nc exists, skip
/work/home/acrzcyisbk/HYCOM_monthly/ts3z/degree_1/GLBv0.08_53X_archMN.2010_02_ts3z.nc exists, skip
/work/home/acrzcyisbk/HYCOM_monthly/ts3z/degree_1/GLBv0.08_53X_archMN.2012_10_ts3z.nc exists, skip
/work/home/acrzcyisbk/HYCOM_monthly/ts3z/degree_1/GLBv0.08_53X_archMN.2012_12_ts3z.nc exists, skip
/work/home/acrzcyisbk/HYCOM_monthly/ts3z/degree_1/GLBv0.08_53X_archMN.2013_06_ts3z.nc exists, skip
/work/home/acrzcyisbk/HYCOM_monthly/ts3z/degree_1/GLBv0.08_53X_archMN.2014_02_ts3z.nc exists, skip
------------------------------------------------
Interplating /work/home/acrzcyisbk/HYCOM_monthly/ts3z/degree_0083/GLBv0.08_53X_archMN.1994_10_ts3z.nc
cdo    remapbil: Bilinear weights from lonlat (4500x3251) to lonlat (360x170) grid, with source mask (9974940)
cdo    remapbil: Bilinear weights from lonlat (4500x3251) to lonlat (360x170) grid, with source mask (9952885)
cdo    remapbil: Bilinear weights from lonlat (4500x3251) to lonlat (360x170) grid, with source mask (9939291)
cdo    remapbil: Bilinear weights from lonlat (4500x3251) to lonlat (360x170) grid, with source mask (9925415)
cdo    remapbil: Bilinear weights from lonlat (4500x3251) to lonlat (360x170) grid, with source mask (9909528)
cdo    remapbil: Bilinear weights from lonlat (4500x3251) to lonlat (360x170) grid, with source mask (9887620)
cdo    remapbil: Bilinear weights from lonlat (4500x3251) to lonlat (360x170) grid, with source mask (9846685)
cdo    remapbil: Bilinear weights from lonlat (4500x3251) to lonlat (360x170) grid, with source mask (9804573)
cdo    remapbil: Bilinear weights from lonlat (4500x3251) to lonlat (360x170) grid, with source mask (9767299)
cdo    remapbil: Bilinear weights from lonlat (4500x3251) to lonlat (360x170) grid, with source mask (9730643)
cdo    remapbil: Bilinear weights from lonlat (4500x3251) to lonlat (360x170) grid, with source mask (9691209)
cdo    remapbil: Bilinear weights from lonlat (4500x3251) to lonlat (360x170) grid, with source mask (9648582)
cdo    remapbil: Bilinear weights from lonlat (4500x3251) to lonlat (360x170) grid, with source mask (9606865)
cdo    remapbil: Bilinear weights from lonlat (4500x3251) to lonlat (360x170) grid, with source mask (9536477)
cdo    remapbil: Bilinear weights from lonlat (4500x3251) to lonlat (360x170) grid, with source mask (9480678)
cdo    remapbil: Bilinear weights from lonlat (4500x3251) to lonlat (360x170) grid, with source mask (9430184)
cdo    remapbil: Bilinear weights from lonlat (4500x3251) to lonlat (360x170) grid, with source mask (9384784)
cdo    remapbil: Bilinear weights from lonlat (4500x3251) to lonlat (360x170) grid, with source mask (9338856)
cdo    remapbil: Bilinear weights from lonlat (4500x3251) to lonlat (360x170) grid, with source mask (9244901)
cdo    remapbil: Bilinear weights from lonlat (4500x3251) to lonlat (360x170) grid, with source mask (9167129)
cdo    remapbil: Bilinear weights from lonlat (4500x3251) to lonlat (360x170) grid, with source mask (9032413)
cdo    remapbil: Bilinear weights from lonlat (4500x3251) to lonlat (360x170) grid, with source mask (8923756)
cdo    remapbil: Bilinear weights from lonlat (4500x3251) to lonlat (360x170) grid, with source mask (8825169)
cdo    remapbil: Bilinear weights from lonlat (4500x3251) to lonlat (360x170) grid, with source mask (8741043)
cdo    remapbil: Bilinear weights from lonlat (4500x3251) to lonlat (360x170) grid, with source mask (8669422)
cdo    remapbil: Bilinear weights from lonlat (4500x3251) to lonlat (360x170) grid, with source mask (8547872)
cdo    remapbil: Bilinear weights from lonlat (4500x3251) to lonlat (360x170) grid, with source mask (8453750)
cdo    remapbil: Bilinear weights from lonlat (4500x3251) to lonlat (360x170) grid, with source mask (8387576)
cdo    remapbil: Bilinear weights from lonlat (4500x3251) to lonlat (360x170) grid, with source mask (8336479)
cdo    remapbil: Bilinear weights from lonlat (4500x3251) to lonlat (360x170) grid, with source mask (8290417)
cdo    remapbil: Bilinear weights from lonlat (4500x3251) to lonlat (360x170) grid, with source mask (8247815)
cdo    remapbil: Bilinear weights from lonlat (4500x3251) to lonlat (360x170) grid, with source mask (8128477)
cdo    remapbil: Bilinear weights from lonlat (4500x3251) to lonlat (360x170) grid, with source mask (7994116)
cdo    remapbil: Bilinear weights from lonlat (4500x3251) to lonlat (360x170) grid, with source mask (7692126)
cdo    remapbil: Bilinear weights from lonlat (4500x3251) to lonlat (360x170) grid, with source mask (7286838)
cdo    remapbil: Bilinear weights from lonlat (4500x3251) to lonlat (360x170) grid, with source mask (6658426)
cdo    remapbil: Bilinear weights from lonlat (4500x3251) to lonlat (360x170) grid, with source mask (4336945)
cdo    remapbil: Bilinear weights from lonlat (4500x3251) to lonlat (360x170) grid, with source mask (1454435)
------------------------------------------------
Interplating /work/home/acrzcyisbk/HYCOM_monthly/ts3z/degree_0083/GLBv0.08_53X_archMN.1994_12_ts3z.nc
cdo    remapbil: Bilinear weights from lonlat (4500x3251) to lonlat (360x170) grid, with source mask (9974940)
cdo    remapbil: Bilinear weights from lonlat (4500x3251) to lonlat (360x170) grid, with source mask (9952885)
cdo    remapbil: Bilinear weights from lonlat (4500x3251) to lonlat (360x170) grid, with source mask (9939291)
cdo    remapbil: Bilinear weights from lonlat (4500x3251) to lonlat (360x170) grid, with source mask (9925415)
cdo    remapbil: Bilinear weights from lonlat (4500x3251) to lonlat (360x170) grid, with source mask (9909528)
cdo    remapbil: Bilinear weights from lonlat (4500x3251) to lonlat (360x170) grid, with source mask (9887620)
cdo    remapbil: Bilinear weights from lonlat (4500x3251) to lonlat (360x170) grid, with source mask (9846685)
cdo    remapbil: Bilinear weights from lonlat (4500x3251) to lonlat (360x170) grid, with source mask (9804573)
cdo    remapbil: Bilinear weights from lonlat (4500x3251) to lonlat (360x170) grid, with source mask (9767299)
cdo    remapbil: Bilinear weights from lonlat (4500x3251) to lonlat (360x170) grid, with source mask (9730643)
cdo    remapbil: Bilinear weights from lonlat (4500x3251) to lonlat (360x170) grid, with source mask (9691209)
cdo    remapbil: Bilinear weights from lonlat (4500x3251) to lonlat (360x170) grid, with source mask (9648582)
cdo    remapbil: Bilinear weights from lonlat (4500x3251) to lonlat (360x170) grid, with source mask (9606865)
cdo    remapbil: Bilinear weights from lonlat (4500x3251) to lonlat (360x170) grid, with source mask (9536477)
cdo    remapbil: Bilinear weights from lonlat (4500x3251) to lonlat (360x170) grid, with source mask (9480678)
cdo    remapbil: Bilinear weights from lonlat (4500x3251) to lonlat (360x170) grid, with source mask (9430184)
cdo    remapbil: Bilinear weights from lonlat (4500x3251) to lonlat (360x170) grid, with source mask (9384784)
cdo    remapbil: Bilinear weights from lonlat (4500x3251) to lonlat (360x170) grid, with source mask (9338856)
cdo    remapbil: Bilinear weights from lonlat (4500x3251) to lonlat (360x170) grid, with source mask (9244901)
cdo    remapbil: Bilinear weights from lonlat (4500x3251) to lonlat (360x170) grid, with source mask (9167129)
cdo    remapbil: Bilinear weights from lonlat (4500x3251) to lonlat (360x170) grid, with source mask (9032413)
cdo    remapbil: Bilinear weights from lonlat (4500x3251) to lonlat (360x170) grid, with source mask (8923756)
cdo    remapbil: Bilinear weights from lonlat (4500x3251) to lonlat (360x170) grid, with source mask (8825169)
cdo    remapbil: Bilinear weights from lonlat (4500x3251) to lonlat (360x170) grid, with source mask (8741043)
cdo    remapbil: Bilinear weights from lonlat (4500x3251) to lonlat (360x170) grid, with source mask (8669422)
cdo    remapbil: Bilinear weights from lonlat (4500x3251) to lonlat (360x170) grid, with source mask (8547872)
cdo    remapbil: Bilinear weights from lonlat (4500x3251) to lonlat (360x170) grid, with source mask (8453750)
cdo    remapbil: Bilinear weights from lonlat (4500x3251) to lonlat (360x170) grid, with source mask (8387576)
cdo    remapbil: Bilinear weights from lonlat (4500x3251) to lonlat (360x170) grid, with source mask (8336479)
cdo    remapbil: Bilinear weights from lonlat (4500x3251) to lonlat (360x170) grid, with source mask (8290417)
cdo    remapbil: Bilinear weights from lonlat (4500x3251) to lonlat (360x170) grid, with source mask (8247815)
cdo    remapbil: Bilinear weights from lonlat (4500x3251) to lonlat (360x170) grid, with source mask (8128477)
cdo    remapbil: Bilinear weights from lonlat (4500x3251) to lonlat (360x170) grid, with source mask (7994116)
cdo    remapbil: Bilinear weights from lonlat (4500x3251) to lonlat (360x170) grid, with source mask (7692126)
cdo    remapbil: Bilinear weights from lonlat (4500x3251) to lonlat (360x170) grid, with source mask (7286838)
cdo    remapbil: Bilinear weights from lonlat (4500x3251) to lonlat (360x170) grid, with source mask (6658426)
cdo    remapbil: Bilinear weights from lonlat (4500x3251) to lonlat (360x170) grid, with source mask (4336945)
cdo    remapbil: Bilinear weights from lonlat (4500x3251) to lonlat (360x170) grid, with source mask (1454435)
------------------------------------------------
Interplating /work/home/acrzcyisbk/HYCOM_monthly/ts3z/degree_0083/GLBv0.08_53X_archMN.2001_06_ts3z.nc
cdo    remapbil: Bilinear weights from lonlat (4500x3251) to lonlat (360x170) grid, with source mask (9974940)
cdo    remapbil: Bilinear weights from lonlat (4500x3251) to lonlat (360x170) grid, with source mask (11201821)
cdo    remapbil: Bilinear weights from lonlat (4500x3251) to lonlat (360x170) grid, with source mask (14548514)
cdo    remapbil: Bilinear weights from lonlat (4500x3251) to lonlat (360x170) grid, with source mask (14548514)
cdo    remapbil: Bilinear weights from lonlat (4500x3251) to lonlat (360x170) grid, with source mask (14548514)
cdo    remapbil: Bilinear weights from lonlat (4500x3251) to lonlat (360x170) grid, with source mask (14589007)
cdo    remapbil: Bilinear weights from lonlat (4500x3251) to lonlat (360x170) grid, with source mask (14548514)
cdo    remapbil: Bilinear weights from lonlat (4500x3251) to lonlat (360x170) grid, with source mask (14548514)
cdo    remapbil: Bilinear weights from lonlat (4500x3251) to lonlat (360x170) grid, with source mask (14548514)
cdo    remapbil: Bilinear weights from lonlat (4500x3251) to lonlat (360x170) grid, with source mask (14589007)
cdo    remapbil: Bilinear weights from lonlat (4500x3251) to lonlat (360x170) grid, with source mask (14548514)
cdo    remapbil: Bilinear weights from lonlat (4500x3251) to lonlat (360x170) grid, with source mask (14548514)
cdo    remapbil: Bilinear weights from lonlat (4500x3251) to lonlat (360x170) grid, with source mask (14548514)
cdo    remapbil: Bilinear weights from lonlat (4500x3251) to lonlat (360x170) grid, with source mask (14589007)
cdo    remapbil: Bilinear weights from lonlat (4500x3251) to lonlat (360x170) grid, with source mask (14548514)
cdo    remapbil: Bilinear weights from lonlat (4500x3251) to lonlat (360x170) grid, with source mask (14548514)
cdo    remapbil: Bilinear weights from lonlat (4500x3251) to lonlat (360x170) grid, with source mask (14548514)
cdo    remapbil: Bilinear weights from lonlat (4500x3251) to lonlat (360x170) grid, with source mask (14589007)
cdo    remapbil: Bilinear weights from lonlat (4500x3251) to lonlat (360x170) grid, with source mask (14548514)
cdo    remapbil: Bilinear weights from lonlat (4500x3251) to lonlat (360x170) grid, with source mask (14548514)
cdo    remapbil: Bilinear weights from lonlat (4500x3251) to lonlat (360x170) grid, with source mask (14548514)
cdo    remapbil: Bilinear weights from lonlat (4500x3251) to lonlat (360x170) grid, with source mask (14589007)
cdo    remapbil: Bilinear weights from lonlat (4500x3251) to lonlat (360x170) grid, with source mask (14548514)
cdo    remapbil: Bilinear weights from lonlat (4500x3251) to lonlat (360x170) grid, with source mask (14548514)
cdo    remapbil: Bilinear weights from lonlat (4500x3251) to lonlat (360x170) grid, with source mask (14548514)
cdo    remapbil: Bilinear weights from lonlat (4500x3251) to lonlat (360x170) grid, with source mask (14589007)
cdo    remapbil: Bilinear weights from lonlat (4500x3251) to lonlat (360x170) grid, with source mask (14548514)
cdo    remapbil: Bilinear weights from lonlat (4500x3251) to lonlat (360x170) grid, with source mask (14548514)
cdo    remapbil: Bilinear weights from lonlat (4500x3251) to lonlat (360x170) grid, with source mask (14548514)
cdo    remapbil: Bilinear weights from lonlat (4500x3251) to lonlat (360x170) grid, with source mask (14589007)
cdo    remapbil: Bilinear weights from lonlat (4500x3251) to lonlat (360x170) grid, with source mask (14548514)
cdo    remapbil: Bilinear weights from lonlat (4500x3251) to lonlat (360x170) grid, with source mask (14548514)
cdo    remapbil: Bilinear weights from lonlat (4500x3251) to lonlat (360x170) grid, with source mask (14548514)
cdo    remapbil: Bilinear weights from lonlat (4500x3251) to lonlat (360x170) grid, with source mask (14589007)
cdo    remapbil: Bilinear weights from lonlat (4500x3251) to lonlat (360x170) grid, with source mask (14548514)
cdo    remapbil: Bilinear weights from lonlat (4500x3251) to lonlat (360x170) grid, with source mask (14548514)
cdo    remapbil: Bilinear weights from lonlat (4500x3251) to lonlat (360x170) grid, with source mask (14548514)
cdo    remapbil: Bilinear weights from lonlat (4500x3251) to lonlat (360x170) grid, with source mask (14589007)
cdo    remapbil: Bilinear weights from lonlat (4500x3251) to lonlat (360x170) grid, with source mask (14548514)
cdo    remapbil: Bilinear weights from lonlat (4500x3251) to lonlat (360x170) grid, with source mask (14548514)
cdo    remapbil: Bilinear weights from lonlat (4500x3251) to lonlat (360x170) grid, with source mask (14589007)
cdo    remapbil: Bilinear weights from lonlat (4500x3251) to lonlat (360x170) grid, with source mask (14607906)
cdo    remapbil: Bilinear weights from lonlat (4500x3251) to lonlat (360x170) grid, with source mask (14607906)
cdo    remapbil: Bilinear weights from lonlat (4500x3251) to lonlat (360x170) grid, with source mask (14607906)
cdo    remapbil: Bilinear weights from lonlat (4500x3251) to lonlat (360x170) grid, with source mask (14618703)
cdo    remapbil: Bilinear weights from lonlat (4500x3251) to lonlat (360x170) grid, with source mask (14607906)
cdo    remapbil: Bilinear weights from lonlat (4500x3251) to lonlat (360x170) grid, with source mask (14607906)
cdo    remapbil: Bilinear weights from lonlat (4500x3251) to lonlat (360x170) grid, with source mask (14607906)
cdo    remapbil: Bilinear weights from lonlat (4500x3251) to lonlat (360x170) grid, with source mask (14618703)
cdo    remapbil: Bilinear weights from lonlat (4500x3251) to lonlat (360x170) grid, with source mask (14607906)
cdo    remapbil: Bilinear weights from lonlat (4500x3251) to lonlat (360x170) grid, with source mask (14607906)
cdo    remapbil: Bilinear weights from lonlat (4500x3251) to lonlat (360x170) grid, with source mask (14607906)
cdo    remapbil: Bilinear weights from lonlat (4500x3251) to lonlat (360x170) grid, with source mask (14618703)
cdo    remapbil: Bilinear weights from lonlat (4500x3251) to lonlat (360x170) grid, with source mask (14607906)
cdo    remapbil: Bilinear weights from lonlat (4500x3251) to lonlat (360x170) grid, with source mask (14607906)
cdo    remapbil: Bilinear weights from lonlat (4500x3251) to lonlat (360x170) grid, with source mask (14607906)
cdo    remapbil: Bilinear weights from lonlat (4500x3251) to lonlat (360x170) grid, with source mask (14618703)
cdo    remapbil: Bilinear weights from lonlat (4500x3251) to lonlat (360x170) grid, with source mask (14607906)
cdo    remapbil: Bilinear weights from lonlat (4500x3251) to lonlat (360x170) grid, with source mask (14607906)
cdo    remapbil: Bilinear weights from lonlat (4500x3251) to lonlat (360x170) grid, with source mask (14607906)
cdo    remapbil: Bilinear weights from lonlat (4500x3251) to lonlat (360x170) grid, with source mask (14618703)
cdo    remapbil: Bilinear weights from lonlat (4500x3251) to lonlat (360x170) grid, with source mask (14607906)
cdo    remapbil: Bilinear weights from lonlat (4500x3251) to lonlat (360x170) grid, with source mask (14607906)
cdo    remapbil: Bilinear weights from lonlat (4500x3251) to lonlat (360x170) grid, with source mask (14607906)
cdo    remapbil: Bilinear weights from lonlat (4500x3251) to lonlat (360x170) grid, with source mask (14618703)
cdo    remapbil: Bilinear weights from lonlat (4500x3251) to lonlat (360x170) grid, with source mask (14607906)
cdo    remapbil: Bilinear weights from lonlat (4500x3251) to lonlat (360x170) grid, with source mask (14607906)
cdo    remapbil: Bilinear weights from lonlat (4500x3251) to lonlat (360x170) grid, with source mask (14607906)
cdo    remapbil: Bilinear weights from lonlat (4500x3251) to lonlat (360x170) grid, with source mask (14618703)
cdo    remapbil: Bilinear weights from lonlat (4500x3251) to lonlat (360x170) grid, with source mask (14607906)
cdo    remapbil: Bilinear weights from lonlat (4500x3251) to lonlat (360x170) grid, with source mask (14607906)
cdo    remapbil: Bilinear weights from lonlat (4500x3251) to lonlat (360x170) grid, with source mask (14607906)
cdo    remapbil: Bilinear weights from lonlat (4500x3251) to lonlat (360x170) grid, with source mask (14618703)
cdo    remapbil: Bilinear weights from lonlat (4500x3251) to lonlat (360x170) grid, with source mask (14607906)
cdo    remapbil: Bilinear weights from lonlat (4500x3251) to lonlat (360x170) grid, with source mask (14607906)
cdo    remapbil: Bilinear weights from lonlat (4500x3251) to lonlat (360x170) grid, with source mask (14607906)
cdo    remapbil: Bilinear weights from lonlat (4500x3251) to lonlat (360x170) grid, with source mask (14618703)
cdo    remapbil: Bilinear weights from lonlat (4500x3251) to lonlat (360x170) grid, with source mask (14607906)
------------------------------------------------
Interplating /work/home/acrzcyisbk/HYCOM_monthly/ts3z/degree_0083/GLBv0.08_53X_archMN.2003_09_ts3z.nc
cdo    remapbil: Bilinear weights from lonlat (4500x3251) to lonlat (360x170) grid, with source mask (9974940)
cdo    remapbil: Bilinear weights from lonlat (4500x3251) to lonlat (360x170) grid, with source mask (9952885)
cdo    remapbil: Bilinear weights from lonlat (4500x3251) to lonlat (360x170) grid, with source mask (9939291)
cdo    remapbil: Bilinear weights from lonlat (4500x3251) to lonlat (360x170) grid, with source mask (9925415)
cdo    remapbil: Bilinear weights from lonlat (4500x3251) to lonlat (360x170) grid, with source mask (9909528)
cdo    remapbil: Bilinear weights from lonlat (4500x3251) to lonlat (360x170) grid, with source mask (9887620)
cdo    remapbil: Bilinear weights from lonlat (4500x3251) to lonlat (360x170) grid, with source mask (9846685)
cdo    remapbil: Bilinear weights from lonlat (4500x3251) to lonlat (360x170) grid, with source mask (9804573)
cdo    remapbil: Bilinear weights from lonlat (4500x3251) to lonlat (360x170) grid, with source mask (9767299)
cdo    remapbil: Bilinear weights from lonlat (4500x3251) to lonlat (360x170) grid, with source mask (9730643)
cdo    remapbil: Bilinear weights from lonlat (4500x3251) to lonlat (360x170) grid, with source mask (9691209)
cdo    remapbil: Bilinear weights from lonlat (4500x3251) to lonlat (360x170) grid, with source mask (9648582)
cdo    remapbil: Bilinear weights from lonlat (4500x3251) to lonlat (360x170) grid, with source mask (9606865)
cdo    remapbil: Bilinear weights from lonlat (4500x3251) to lonlat (360x170) grid, with source mask (9536477)
cdo    remapbil: Bilinear weights from lonlat (4500x3251) to lonlat (360x170) grid, with source mask (9480678)
cdo    remapbil: Bilinear weights from lonlat (4500x3251) to lonlat (360x170) grid, with source mask (9430184)
cdo    remapbil: Bilinear weights from lonlat (4500x3251) to lonlat (360x170) grid, with source mask (9384784)
cdo    remapbil: Bilinear weights from lonlat (4500x3251) to lonlat (360x170) grid, with source mask (9338856)
cdo    remapbil: Bilinear weights from lonlat (4500x3251) to lonlat (360x170) grid, with source mask (9244901)
cdo    remapbil: Bilinear weights from lonlat (4500x3251) to lonlat (360x170) grid, with source mask (9167129)
cdo    remapbil: Bilinear weights from lonlat (4500x3251) to lonlat (360x170) grid, with source mask (9032413)
cdo    remapbil: Bilinear weights from lonlat (4500x3251) to lonlat (360x170) grid, with source mask (8923756)
cdo    remapbil: Bilinear weights from lonlat (4500x3251) to lonlat (360x170) grid, with source mask (8825169)
cdo    remapbil: Bilinear weights from lonlat (4500x3251) to lonlat (360x170) grid, with source mask (8741043)
cdo    remapbil: Bilinear weights from lonlat (4500x3251) to lonlat (360x170) grid, with source mask (8669422)
cdo    remapbil: Bilinear weights from lonlat (4500x3251) to lonlat (360x170) grid, with source mask (8547872)
cdo    remapbil: Bilinear weights from lonlat (4500x3251) to lonlat (360x170) grid, with source mask (8453750)
cdo    remapbil: Bilinear weights from lonlat (4500x3251) to lonlat (360x170) grid, with source mask (8387576)
cdo    remapbil: Bilinear weights from lonlat (4500x3251) to lonlat (360x170) grid, with source mask (8336479)
cdo    remapbil: Bilinear weights from lonlat (4500x3251) to lonlat (360x170) grid, with source mask (8290417)
cdo    remapbil: Bilinear weights from lonlat (4500x3251) to lonlat (360x170) grid, with source mask (8247815)
cdo    remapbil: Bilinear weights from lonlat (4500x3251) to lonlat (360x170) grid, with source mask (8128477)
cdo    remapbil: Bilinear weights from lonlat (4500x3251) to lonlat (360x170) grid, with source mask (7994116)
cdo    remapbil: Bilinear weights from lonlat (4500x3251) to lonlat (360x170) grid, with source mask (7692126)
cdo    remapbil: Bilinear weights from lonlat (4500x3251) to lonlat (360x170) grid, with source mask (7286838)
cdo    remapbil: Bilinear weights from lonlat (4500x3251) to lonlat (360x170) grid, with source mask (6658426)
cdo    remapbil: Bilinear weights from lonlat (4500x3251) to lonlat (360x170) grid, with source mask (4336945)
cdo    remapbil: Bilinear weights from lonlat (4500x3251) to lonlat (360x170) grid, with source mask (1454435)
------------------------------------------------
Interplating /work/home/acrzcyisbk/HYCOM_monthly/ts3z/degree_0083/GLBv0.08_53X_archMN.2004_10_ts3z.nc
cdo    remapbil: Bilinear weights from lonlat (4500x3251) to lonlat (360x170) grid, with source mask (9974940)
cdo    remapbil: Bilinear weights from lonlat (4500x3251) to lonlat (360x170) grid, with source mask (9952885)
cdo    remapbil: Bilinear weights from lonlat (4500x3251) to lonlat (360x170) grid, with source mask (9939291)
cdo    remapbil: Bilinear weights from lonlat (4500x3251) to lonlat (360x170) grid, with source mask (9925415)
cdo    remapbil: Bilinear weights from lonlat (4500x3251) to lonlat (360x170) grid, with source mask (9909528)
cdo    remapbil: Bilinear weights from lonlat (4500x3251) to lonlat (360x170) grid, with source mask (9887620)
cdo    remapbil: Bilinear weights from lonlat (4500x3251) to lonlat (360x170) grid, with source mask (9846685)
cdo    remapbil: Bilinear weights from lonlat (4500x3251) to lonlat (360x170) grid, with source mask (9804573)
cdo    remapbil: Bilinear weights from lonlat (4500x3251) to lonlat (360x170) grid, with source mask (9767299)
cdo    remapbil: Bilinear weights from lonlat (4500x3251) to lonlat (360x170) grid, with source mask (9730643)
cdo    remapbil: Bilinear weights from lonlat (4500x3251) to lonlat (360x170) grid, with source mask (9691209)
cdo    remapbil: Bilinear weights from lonlat (4500x3251) to lonlat (360x170) grid, with source mask (9648582)
cdo    remapbil: Bilinear weights from lonlat (4500x3251) to lonlat (360x170) grid, with source mask (9606865)
cdo    remapbil: Bilinear weights from lonlat (4500x3251) to lonlat (360x170) grid, with source mask (9536477)
cdo    remapbil: Bilinear weights from lonlat (4500x3251) to lonlat (360x170) grid, with source mask (9480678)
cdo    remapbil: Bilinear weights from lonlat (4500x3251) to lonlat (360x170) grid, with source mask (9430184)
cdo    remapbil: Bilinear weights from lonlat (4500x3251) to lonlat (360x170) grid, with source mask (9384784)
cdo    remapbil: Bilinear weights from lonlat (4500x3251) to lonlat (360x170) grid, with source mask (9338856)
cdo    remapbil: Bilinear weights from lonlat (4500x3251) to lonlat (360x170) grid, with source mask (9244901)
cdo    remapbil: Bilinear weights from lonlat (4500x3251) to lonlat (360x170) grid, with source mask (9167129)
cdo    remapbil: Bilinear weights from lonlat (4500x3251) to lonlat (360x170) grid, with source mask (9032413)
cdo    remapbil: Bilinear weights from lonlat (4500x3251) to lonlat (360x170) grid, with source mask (8923756)
cdo    remapbil: Bilinear weights from lonlat (4500x3251) to lonlat (360x170) grid, with source mask (8825169)
cdo    remapbil: Bilinear weights from lonlat (4500x3251) to lonlat (360x170) grid, with source mask (8741043)
cdo    remapbil: Bilinear weights from lonlat (4500x3251) to lonlat (360x170) grid, with source mask (8669422)
cdo    remapbil: Bilinear weights from lonlat (4500x3251) to lonlat (360x170) grid, with source mask (8547872)
cdo    remapbil: Bilinear weights from lonlat (4500x3251) to lonlat (360x170) grid, with source mask (8453750)
cdo    remapbil: Bilinear weights from lonlat (4500x3251) to lonlat (360x170) grid, with source mask (8387576)
cdo    remapbil: Bilinear weights from lonlat (4500x3251) to lonlat (360x170) grid, with source mask (8336479)
cdo    remapbil: Bilinear weights from lonlat (4500x3251) to lonlat (360x170) grid, with source mask (8290417)
cdo    remapbil: Bilinear weights from lonlat (4500x3251) to lonlat (360x170) grid, with source mask (8247815)
cdo    remapbil: Bilinear weights from lonlat (4500x3251) to lonlat (360x170) grid, with source mask (8128477)
cdo    remapbil: Bilinear weights from lonlat (4500x3251) to lonlat (360x170) grid, with source mask (7994116)
cdo    remapbil: Bilinear weights from lonlat (4500x3251) to lonlat (360x170) grid, with source mask (7692126)
cdo    remapbil: Bilinear weights from lonlat (4500x3251) to lonlat (360x170) grid, with source mask (7286838)
cdo    remapbil: Bilinear weights from lonlat (4500x3251) to lonlat (360x170) grid, with source mask (6658426)
cdo    remapbil: Bilinear weights from lonlat (4500x3251) to lonlat (360x170) grid, with source mask (4336945)
cdo    remapbil: Bilinear weights from lonlat (4500x3251) to lonlat (360x170) grid, with source mask (1454435)
------------------------------------------------
Interplating /work/home/acrzcyisbk/HYCOM_monthly/ts3z/degree_0083/GLBv0.08_53X_archMN.2004_12_ts3z.nc
cdo    remapbil: Bilinear weights from lonlat (4500x3251) to lonlat (360x170) grid, with source mask (9974940)
cdo    remapbil: Bilinear weights from lonlat (4500x3251) to lonlat (360x170) grid, with source mask (9952885)
cdo    remapbil: Bilinear weights from lonlat (4500x3251) to lonlat (360x170) grid, with source mask (9939291)
cdo    remapbil: Bilinear weights from lonlat (4500x3251) to lonlat (360x170) grid, with source mask (9925415)
cdo    remapbil: Bilinear weights from lonlat (4500x3251) to lonlat (360x170) grid, with source mask (9909528)
cdo    remapbil: Bilinear weights from lonlat (4500x3251) to lonlat (360x170) grid, with source mask (9887620)
cdo    remapbil: Bilinear weights from lonlat (4500x3251) to lonlat (360x170) grid, with source mask (9846685)
cdo    remapbil: Bilinear weights from lonlat (4500x3251) to lonlat (360x170) grid, with source mask (9804573)
cdo    remapbil: Bilinear weights from lonlat (4500x3251) to lonlat (360x170) grid, with source mask (9767299)
cdo    remapbil: Bilinear weights from lonlat (4500x3251) to lonlat (360x170) grid, with source mask (9730643)
cdo    remapbil: Bilinear weights from lonlat (4500x3251) to lonlat (360x170) grid, with source mask (9691209)
cdo    remapbil: Bilinear weights from lonlat (4500x3251) to lonlat (360x170) grid, with source mask (9648582)
cdo    remapbil: Bilinear weights from lonlat (4500x3251) to lonlat (360x170) grid, with source mask (9606865)
cdo    remapbil: Bilinear weights from lonlat (4500x3251) to lonlat (360x170) grid, with source mask (9536477)
cdo    remapbil: Bilinear weights from lonlat (4500x3251) to lonlat (360x170) grid, with source mask (9480678)
cdo    remapbil: Bilinear weights from lonlat (4500x3251) to lonlat (360x170) grid, with source mask (9430184)
cdo    remapbil: Bilinear weights from lonlat (4500x3251) to lonlat (360x170) grid, with source mask (9384784)
cdo    remapbil: Bilinear weights from lonlat (4500x3251) to lonlat (360x170) grid, with source mask (9338856)
cdo    remapbil: Bilinear weights from lonlat (4500x3251) to lonlat (360x170) grid, with source mask (9244901)
cdo    remapbil: Bilinear weights from lonlat (4500x3251) to lonlat (360x170) grid, with source mask (9167129)
cdo    remapbil: Bilinear weights from lonlat (4500x3251) to lonlat (360x170) grid, with source mask (9032413)
cdo    remapbil: Bilinear weights from lonlat (4500x3251) to lonlat (360x170) grid, with source mask (8923756)
cdo    remapbil: Bilinear weights from lonlat (4500x3251) to lonlat (360x170) grid, with source mask (8825169)
cdo    remapbil: Bilinear weights from lonlat (4500x3251) to lonlat (360x170) grid, with source mask (8741043)
cdo    remapbil: Bilinear weights from lonlat (4500x3251) to lonlat (360x170) grid, with source mask (8669422)
cdo    remapbil: Bilinear weights from lonlat (4500x3251) to lonlat (360x170) grid, with source mask (8547872)
cdo    remapbil: Bilinear weights from lonlat (4500x3251) to lonlat (360x170) grid, with source mask (8453750)
cdo    remapbil: Bilinear weights from lonlat (4500x3251) to lonlat (360x170) grid, with source mask (8387576)
cdo    remapbil: Bilinear weights from lonlat (4500x3251) to lonlat (360x170) grid, with source mask (8336479)
cdo    remapbil: Bilinear weights from lonlat (4500x3251) to lonlat (360x170) grid, with source mask (8290417)
cdo    remapbil: Bilinear weights from lonlat (4500x3251) to lonlat (360x170) grid, with source mask (8247815)
cdo    remapbil: Bilinear weights from lonlat (4500x3251) to lonlat (360x170) grid, with source mask (8128477)
cdo    remapbil: Bilinear weights from lonlat (4500x3251) to lonlat (360x170) grid, with source mask (7994116)
cdo    remapbil: Bilinear weights from lonlat (4500x3251) to lonlat (360x170) grid, with source mask (7692126)
cdo    remapbil: Bilinear weights from lonlat (4500x3251) to lonlat (360x170) grid, with source mask (7286838)
cdo    remapbil: Bilinear weights from lonlat (4500x3251) to lonlat (360x170) grid, with source mask (6658426)
cdo    remapbil: Bilinear weights from lonlat (4500x3251) to lonlat (360x170) grid, with source mask (4336945)
cdo    remapbil: Bilinear weights from lonlat (4500x3251) to lonlat (360x170) grid, with source mask (1454435)
------------------------------------------------
Interplating /work/home/acrzcyisbk/HYCOM_monthly/ts3z/degree_0083/GLBv0.08_53X_archMN.2011_09_ts3z.nc
cdo    remapbil: Bilinear weights from lonlat (4500x3251) to lonlat (360x170) grid, with source mask (9974940)
cdo    remapbil: Bilinear weights from lonlat (4500x3251) to lonlat (360x170) grid, with source mask (9952885)
cdo    remapbil: Bilinear weights from lonlat (4500x3251) to lonlat (360x170) grid, with source mask (9939291)
cdo    remapbil: Bilinear weights from lonlat (4500x3251) to lonlat (360x170) grid, with source mask (9925415)
cdo    remapbil: Bilinear weights from lonlat (4500x3251) to lonlat (360x170) grid, with source mask (9909528)
cdo    remapbil: Bilinear weights from lonlat (4500x3251) to lonlat (360x170) grid, with source mask (9887620)
cdo    remapbil: Bilinear weights from lonlat (4500x3251) to lonlat (360x170) grid, with source mask (9846685)
cdo    remapbil: Bilinear weights from lonlat (4500x3251) to lonlat (360x170) grid, with source mask (9804573)
cdo    remapbil: Bilinear weights from lonlat (4500x3251) to lonlat (360x170) grid, with source mask (9767299)
cdo    remapbil: Bilinear weights from lonlat (4500x3251) to lonlat (360x170) grid, with source mask (9730643)
cdo    remapbil: Bilinear weights from lonlat (4500x3251) to lonlat (360x170) grid, with source mask (9691209)
cdo    remapbil: Bilinear weights from lonlat (4500x3251) to lonlat (360x170) grid, with source mask (9648582)
cdo    remapbil: Bilinear weights from lonlat (4500x3251) to lonlat (360x170) grid, with source mask (9606865)
cdo    remapbil: Bilinear weights from lonlat (4500x3251) to lonlat (360x170) grid, with source mask (9536477)
cdo    remapbil: Bilinear weights from lonlat (4500x3251) to lonlat (360x170) grid, with source mask (9480678)
cdo    remapbil: Bilinear weights from lonlat (4500x3251) to lonlat (360x170) grid, with source mask (9430184)
cdo    remapbil: Bilinear weights from lonlat (4500x3251) to lonlat (360x170) grid, with source mask (9384784)
cdo    remapbil: Bilinear weights from lonlat (4500x3251) to lonlat (360x170) grid, with source mask (9338856)
cdo    remapbil: Bilinear weights from lonlat (4500x3251) to lonlat (360x170) grid, with source mask (9244901)
cdo    remapbil: Bilinear weights from lonlat (4500x3251) to lonlat (360x170) grid, with source mask (9167129)
cdo    remapbil: Bilinear weights from lonlat (4500x3251) to lonlat (360x170) grid, with source mask (9032413)
cdo    remapbil: Bilinear weights from lonlat (4500x3251) to lonlat (360x170) grid, with source mask (8923756)
cdo    remapbil: Bilinear weights from lonlat (4500x3251) to lonlat (360x170) grid, with source mask (8825169)
cdo    remapbil: Bilinear weights from lonlat (4500x3251) to lonlat (360x170) grid, with source mask (8741043)
cdo    remapbil: Bilinear weights from lonlat (4500x3251) to lonlat (360x170) grid, with source mask (8669422)
cdo    remapbil: Bilinear weights from lonlat (4500x3251) to lonlat (360x170) grid, with source mask (8547872)
cdo    remapbil: Bilinear weights from lonlat (4500x3251) to lonlat (360x170) grid, with source mask (8453750)
cdo    remapbil: Bilinear weights from lonlat (4500x3251) to lonlat (360x170) grid, with source mask (8387576)
cdo    remapbil: Bilinear weights from lonlat (4500x3251) to lonlat (360x170) grid, with source mask (8336479)
cdo    remapbil: Bilinear weights from lonlat (4500x3251) to lonlat (360x170) grid, with source mask (8290417)
cdo    remapbil: Bilinear weights from lonlat (4500x3251) to lonlat (360x170) grid, with source mask (8247815)
cdo    remapbil: Bilinear weights from lonlat (4500x3251) to lonlat (360x170) grid, with source mask (8128477)
cdo    remapbil: Bilinear weights from lonlat (4500x3251) to lonlat (360x170) grid, with source mask (7994116)
cdo    remapbil: Bilinear weights from lonlat (4500x3251) to lonlat (360x170) grid, with source mask (7692126)
cdo    remapbil: Bilinear weights from lonlat (4500x3251) to lonlat (360x170) grid, with source mask (7286838)
cdo    remapbil: Bilinear weights from lonlat (4500x3251) to lonlat (360x170) grid, with source mask (6658426)
cdo    remapbil: Bilinear weights from lonlat (4500x3251) to lonlat (360x170) grid, with source mask (4336945)
cdo    remapbil: Bilinear weights from lonlat (4500x3251) to lonlat (360x170) grid, with source mask (1454435)
/work/home/acrzcyisbk/HYCOM_monthly/ts3z/degree_1/GLBv0.08_53X_archMN.1994_03_ts3z.nc exists, skip
/work/home/acrzcyisbk/HYCOM_monthly/ts3z/degree_1/GLBv0.08_53X_archMN.1995_01_1995_12_ts3z.nc exists, skip
/work/home/acrzcyisbk/HYCOM_monthly/ts3z/degree_1/GLBv0.08_53X_archMN.1995_08_ts3z.nc exists, skip
/work/home/acrzcyisbk/HYCOM_monthly/ts3z/degree_1/GLBv0.08_53X_archMN.1997_04_ts3z.nc exists, skip
/work/home/acrzcyisbk/HYCOM_monthly/ts3z/degree_1/GLBv0.08_53X_archMN.1997_05_ts3z.nc exists, skip
/work/home/acrzcyisbk/HYCOM_monthly/ts3z/degree_1/GLBv0.08_53X_archMN.1998_03_ts3z.nc exists, skip
/work/home/acrzcyisbk/HYCOM_monthly/ts3z/degree_1/GLBv0.08_53X_archMN.1999_08_ts3z.nc exists, skip
/work/home/acrzcyisbk/HYCOM_monthly/ts3z/degree_1/GLBv0.08_53X_archMN.2000_01_ts3z.nc exists, skip
/work/home/acrzcyisbk/HYCOM_monthly/ts3z/degree_1/GLBv0.08_53X_archMN.2000_03_ts3z.nc exists, skip
/work/home/acrzcyisbk/HYCOM_monthly/ts3z/degree_1/GLBv0.08_53X_archMN.2001_01_2001_12_ts3z.nc exists, skip
/work/home/acrzcyisbk/HYCOM_monthly/ts3z/degree_1/GLBv0.08_53X_archMN.2003_01_2003_12_ts3z.nc exists, skip
/work/home/acrzcyisbk/HYCOM_monthly/ts3z/degree_1/GLBv0.08_53X_archMN.2004_01_ts3z.nc exists, skip
/work/home/acrzcyisbk/HYCOM_monthly/ts3z/degree_1/GLBv0.08_53X_archMN.2004_03_ts3z.nc exists, skip
/work/home/acrzcyisbk/HYCOM_monthly/ts3z/degree_1/GLBv0.08_53X_archMN.2006_11_ts3z.nc exists, skip
/work/home/acrzcyisbk/HYCOM_monthly/ts3z/degree_1/GLBv0.08_53X_archMN.2007_07_ts3z.nc exists, skip
/work/home/acrzcyisbk/HYCOM_monthly/ts3z/degree_1/GLBv0.08_53X_archMN.2008_01_ts3z.nc exists, skip
/work/home/acrzcyisbk/HYCOM_monthly/ts3z/degree_1/GLBv0.08_53X_archMN.2012_03_ts3z.nc exists, skip
/work/home/acrzcyisbk/HYCOM_monthly/ts3z/degree_1/GLBv0.08_53X_archMN.2013_08_ts3z.nc exists, skip
------------------------------------------------
Interplating /work/home/acrzcyisbk/HYCOM_monthly/ts3z/degree_0083/GLBv0.08_53X_archMN.2011_04_ts3z.nc
cdo    remapbil: Bilinear weights from lonlat (4500x3251) to lonlat (360x170) grid, with source mask (9974940)
cdo    remapbil: Bilinear weights from lonlat (4500x3251) to lonlat (360x170) grid, with source mask (9952885)
cdo    remapbil: Bilinear weights from lonlat (4500x3251) to lonlat (360x170) grid, with source mask (9939291)
cdo    remapbil: Bilinear weights from lonlat (4500x3251) to lonlat (360x170) grid, with source mask (9925415)
cdo    remapbil: Bilinear weights from lonlat (4500x3251) to lonlat (360x170) grid, with source mask (9909528)
cdo    remapbil: Bilinear weights from lonlat (4500x3251) to lonlat (360x170) grid, with source mask (9887620)
cdo    remapbil: Bilinear weights from lonlat (4500x3251) to lonlat (360x170) grid, with source mask (9846685)
cdo    remapbil: Bilinear weights from lonlat (4500x3251) to lonlat (360x170) grid, with source mask (9804573)
cdo    remapbil: Bilinear weights from lonlat (4500x3251) to lonlat (360x170) grid, with source mask (9767299)
cdo    remapbil: Bilinear weights from lonlat (4500x3251) to lonlat (360x170) grid, with source mask (9730643)
cdo    remapbil: Bilinear weights from lonlat (4500x3251) to lonlat (360x170) grid, with source mask (9691209)
cdo    remapbil: Bilinear weights from lonlat (4500x3251) to lonlat (360x170) grid, with source mask (9648582)
cdo    remapbil: Bilinear weights from lonlat (4500x3251) to lonlat (360x170) grid, with source mask (9606865)
cdo    remapbil: Bilinear weights from lonlat (4500x3251) to lonlat (360x170) grid, with source mask (9536477)
cdo    remapbil: Bilinear weights from lonlat (4500x3251) to lonlat (360x170) grid, with source mask (9480678)
cdo    remapbil: Bilinear weights from lonlat (4500x3251) to lonlat (360x170) grid, with source mask (9430184)
cdo    remapbil: Bilinear weights from lonlat (4500x3251) to lonlat (360x170) grid, with source mask (9384784)
cdo    remapbil: Bilinear weights from lonlat (4500x3251) to lonlat (360x170) grid, with source mask (9338856)
cdo    remapbil: Bilinear weights from lonlat (4500x3251) to lonlat (360x170) grid, with source mask (9244901)
cdo    remapbil: Bilinear weights from lonlat (4500x3251) to lonlat (360x170) grid, with source mask (9167129)
cdo    remapbil: Bilinear weights from lonlat (4500x3251) to lonlat (360x170) grid, with source mask (9032413)
cdo    remapbil: Bilinear weights from lonlat (4500x3251) to lonlat (360x170) grid, with source mask (8923756)
cdo    remapbil: Bilinear weights from lonlat (4500x3251) to lonlat (360x170) grid, with source mask (8825169)
cdo    remapbil: Bilinear weights from lonlat (4500x3251) to lonlat (360x170) grid, with source mask (8741043)
cdo    remapbil: Bilinear weights from lonlat (4500x3251) to lonlat (360x170) grid, with source mask (8669422)
cdo    remapbil: Bilinear weights from lonlat (4500x3251) to lonlat (360x170) grid, with source mask (8547872)
cdo    remapbil: Bilinear weights from lonlat (4500x3251) to lonlat (360x170) grid, with source mask (8453750)
cdo    remapbil: Bilinear weights from lonlat (4500x3251) to lonlat (360x170) grid, with source mask (8387576)
cdo    remapbil: Bilinear weights from lonlat (4500x3251) to lonlat (360x170) grid, with source mask (8336479)
cdo    remapbil: Bilinear weights from lonlat (4500x3251) to lonlat (360x170) grid, with source mask (8290417)
cdo    remapbil: Bilinear weights from lonlat (4500x3251) to lonlat (360x170) grid, with source mask (8247815)
cdo    remapbil: Bilinear weights from lonlat (4500x3251) to lonlat (360x170) grid, with source mask (8128477)
cdo    remapbil: Bilinear weights from lonlat (4500x3251) to lonlat (360x170) grid, with source mask (7994116)
cdo    remapbil: Bilinear weights from lonlat (4500x3251) to lonlat (360x170) grid, with source mask (7692126)
cdo    remapbil: Bilinear weights from lonlat (4500x3251) to lonlat (360x170) grid, with source mask (7286838)
cdo    remapbil: Bilinear weights from lonlat (4500x3251) to lonlat (360x170) grid, with source mask (6658426)
cdo    remapbil: Bilinear weights from lonlat (4500x3251) to lonlat (360x170) grid, with source mask (4336945)
cdo    remapbil: Bilinear weights from lonlat (4500x3251) to lonlat (360x170) grid, with source mask (1454435)
------------------------------------------------
Interplating /work/home/acrzcyisbk/HYCOM_monthly/ts3z/degree_0083/GLBv0.08_53X_archMN.2011_05_ts3z.nc
cdo    remapbil: Bilinear weights from lonlat (4500x3251) to lonlat (360x170) grid, with source mask (9974940)
cdo    remapbil: Bilinear weights from lonlat (4500x3251) to lonlat (360x170) grid, with source mask (9952885)
cdo    remapbil: Bilinear weights from lonlat (4500x3251) to lonlat (360x170) grid, with source mask (9939291)
cdo    remapbil: Bilinear weights from lonlat (4500x3251) to lonlat (360x170) grid, with source mask (9925415)
cdo    remapbil: Bilinear weights from lonlat (4500x3251) to lonlat (360x170) grid, with source mask (9909528)
cdo    remapbil: Bilinear weights from lonlat (4500x3251) to lonlat (360x170) grid, with source mask (9887620)
cdo    remapbil: Bilinear weights from lonlat (4500x3251) to lonlat (360x170) grid, with source mask (9846685)
cdo    remapbil: Bilinear weights from lonlat (4500x3251) to lonlat (360x170) grid, with source mask (9804573)
cdo    remapbil: Bilinear weights from lonlat (4500x3251) to lonlat (360x170) grid, with source mask (9767299)
cdo    remapbil: Bilinear weights from lonlat (4500x3251) to lonlat (360x170) grid, with source mask (9730643)
cdo    remapbil: Bilinear weights from lonlat (4500x3251) to lonlat (360x170) grid, with source mask (9691209)
cdo    remapbil: Bilinear weights from lonlat (4500x3251) to lonlat (360x170) grid, with source mask (9648582)
cdo    remapbil: Bilinear weights from lonlat (4500x3251) to lonlat (360x170) grid, with source mask (9606865)
cdo    remapbil: Bilinear weights from lonlat (4500x3251) to lonlat (360x170) grid, with source mask (9536477)
cdo    remapbil: Bilinear weights from lonlat (4500x3251) to lonlat (360x170) grid, with source mask (9480678)
cdo    remapbil: Bilinear weights from lonlat (4500x3251) to lonlat (360x170) grid, with source mask (9430184)
cdo    remapbil: Bilinear weights from lonlat (4500x3251) to lonlat (360x170) grid, with source mask (9384784)
cdo    remapbil: Bilinear weights from lonlat (4500x3251) to lonlat (360x170) grid, with source mask (9338856)
cdo    remapbil: Bilinear weights from lonlat (4500x3251) to lonlat (360x170) grid, with source mask (9244901)
cdo    remapbil: Bilinear weights from lonlat (4500x3251) to lonlat (360x170) grid, with source mask (9167129)
cdo    remapbil: Bilinear weights from lonlat (4500x3251) to lonlat (360x170) grid, with source mask (9032413)
cdo    remapbil: Bilinear weights from lonlat (4500x3251) to lonlat (360x170) grid, with source mask (8923756)
cdo    remapbil: Bilinear weights from lonlat (4500x3251) to lonlat (360x170) grid, with source mask (8825169)
cdo    remapbil: Bilinear weights from lonlat (4500x3251) to lonlat (360x170) grid, with source mask (8741043)
cdo    remapbil: Bilinear weights from lonlat (4500x3251) to lonlat (360x170) grid, with source mask (8669422)
cdo    remapbil: Bilinear weights from lonlat (4500x3251) to lonlat (360x170) grid, with source mask (8547872)
cdo    remapbil: Bilinear weights from lonlat (4500x3251) to lonlat (360x170) grid, with source mask (8453750)
cdo    remapbil: Bilinear weights from lonlat (4500x3251) to lonlat (360x170) grid, with source mask (8387576)
cdo    remapbil: Bilinear weights from lonlat (4500x3251) to lonlat (360x170) grid, with source mask (8336479)
cdo    remapbil: Bilinear weights from lonlat (4500x3251) to lonlat (360x170) grid, with source mask (8290417)
cdo    remapbil: Bilinear weights from lonlat (4500x3251) to lonlat (360x170) grid, with source mask (8247815)
cdo    remapbil: Bilinear weights from lonlat (4500x3251) to lonlat (360x170) grid, with source mask (8128477)
cdo    remapbil: Bilinear weights from lonlat (4500x3251) to lonlat (360x170) grid, with source mask (7994116)
cdo    remapbil: Bilinear weights from lonlat (4500x3251) to lonlat (360x170) grid, with source mask (7692126)
cdo    remapbil: Bilinear weights from lonlat (4500x3251) to lonlat (360x170) grid, with source mask (7286838)
cdo    remapbil: Bilinear weights from lonlat (4500x3251) to lonlat (360x170) grid, with source mask (6658426)
cdo    remapbil: Bilinear weights from lonlat (4500x3251) to lonlat (360x170) grid, with source mask (4336945)
cdo    remapbil: Bilinear weights from lonlat (4500x3251) to lonlat (360x170) grid, with source mask (1454435)
cdo    remapbil: Bilinear weights from lonlat (4500x3251) to lonlat (360x170) grid, with source mask (12827746)
cdo    remapbil: Bilinear weights from lonlat (4500x3251) to lonlat (360x170) grid, with source mask (13007504)
cdo    remapbil: Bilinear weights from lonlat (4500x3251) to lonlat (360x170) grid, with source mask (13007504)
cdo    remapbil: Bilinear weights from lonlat (4500x3251) to lonlat (360x170) grid, with source mask (13818502)
cdo    remapbil: Bilinear weights from lonlat (4500x3251) to lonlat (360x170) grid, with source mask (13007504)
cdo    remapbil: Bilinear weights from lonlat (4500x3251) to lonlat (360x170) grid, with source mask (13007504)
cdo    remapbil: Bilinear weights from lonlat (4500x3251) to lonlat (360x170) grid, with source mask (13007504)
cdo    remapbil: Bilinear weights from lonlat (4500x3251) to lonlat (360x170) grid, with source mask (13818502)
cdo    remapbil: Bilinear weights from lonlat (4500x3251) to lonlat (360x170) grid, with source mask (13007504)
cdo    remapbil: Bilinear weights from lonlat (4500x3251) to lonlat (360x170) grid, with source mask (13007504)
cdo    remapbil: Bilinear weights from lonlat (4500x3251) to lonlat (360x170) grid, with source mask (13007504)
cdo    remapbil: Bilinear weights from lonlat (4500x3251) to lonlat (360x170) grid, with source mask (13818502)
cdo    remapbil: Bilinear weights from lonlat (4500x3251) to lonlat (360x170) grid, with source mask (13007504)
cdo    remapbil: Bilinear weights from lonlat (4500x3251) to lonlat (360x170) grid, with source mask (13007504)
cdo    remapbil: Bilinear weights from lonlat (4500x3251) to lonlat (360x170) grid, with source mask (13007504)
cdo    remapbil: Bilinear weights from lonlat (4500x3251) to lonlat (360x170) grid, with source mask (13818502)
cdo    remapbil: Bilinear weights from lonlat (4500x3251) to lonlat (360x170) grid, with source mask (13007504)
------------------------------------------------
Interplating /work/home/acrzcyisbk/HYCOM_monthly/ts3z/degree_0083/GLBv0.08_53X_archMN.2002_11_ts3z.nc
cdo    remapbil: Bilinear weights from lonlat (4500x3251) to lonlat (360x170) grid, with source mask (9974940)
cdo    remapbil: Bilinear weights from lonlat (4500x3251) to lonlat (360x170) grid, with source mask (9952885)
cdo    remapbil: Bilinear weights from lonlat (4500x3251) to lonlat (360x170) grid, with source mask (9939291)
cdo    remapbil: Bilinear weights from lonlat (4500x3251) to lonlat (360x170) grid, with source mask (9925415)
cdo    remapbil: Bilinear weights from lonlat (4500x3251) to lonlat (360x170) grid, with source mask (9909528)
cdo    remapbil: Bilinear weights from lonlat (4500x3251) to lonlat (360x170) grid, with source mask (9887620)
cdo    remapbil: Bilinear weights from lonlat (4500x3251) to lonlat (360x170) grid, with source mask (9846685)
cdo    remapbil: Bilinear weights from lonlat (4500x3251) to lonlat (360x170) grid, with source mask (9804573)
cdo    remapbil: Bilinear weights from lonlat (4500x3251) to lonlat (360x170) grid, with source mask (9767299)
cdo    remapbil: Bilinear weights from lonlat (4500x3251) to lonlat (360x170) grid, with source mask (9730643)
cdo    remapbil: Bilinear weights from lonlat (4500x3251) to lonlat (360x170) grid, with source mask (9691209)
cdo    remapbil: Bilinear weights from lonlat (4500x3251) to lonlat (360x170) grid, with source mask (9648582)
cdo    remapbil: Bilinear weights from lonlat (4500x3251) to lonlat (360x170) grid, with source mask (9606865)
cdo    remapbil: Bilinear weights from lonlat (4500x3251) to lonlat (360x170) grid, with source mask (9536477)
cdo    remapbil: Bilinear weights from lonlat (4500x3251) to lonlat (360x170) grid, with source mask (9480678)
cdo    remapbil: Bilinear weights from lonlat (4500x3251) to lonlat (360x170) grid, with source mask (9430184)
cdo    remapbil: Bilinear weights from lonlat (4500x3251) to lonlat (360x170) grid, with source mask (9384784)
cdo    remapbil: Bilinear weights from lonlat (4500x3251) to lonlat (360x170) grid, with source mask (9338856)
cdo    remapbil: Bilinear weights from lonlat (4500x3251) to lonlat (360x170) grid, with source mask (9244901)
cdo    remapbil: Bilinear weights from lonlat (4500x3251) to lonlat (360x170) grid, with source mask (9167129)
cdo    remapbil: Bilinear weights from lonlat (4500x3251) to lonlat (360x170) grid, with source mask (9032413)
cdo    remapbil: Bilinear weights from lonlat (4500x3251) to lonlat (360x170) grid, with source mask (8923756)
cdo    remapbil: Bilinear weights from lonlat (4500x3251) to lonlat (360x170) grid, with source mask (8825169)
cdo    remapbil: Bilinear weights from lonlat (4500x3251) to lonlat (360x170) grid, with source mask (8741043)
cdo    remapbil: Bilinear weights from lonlat (4500x3251) to lonlat (360x170) grid, with source mask (8669422)
cdo    remapbil: Bilinear weights from lonlat (4500x3251) to lonlat (360x170) grid, with source mask (8547872)
cdo    remapbil: Bilinear weights from lonlat (4500x3251) to lonlat (360x170) grid, with source mask (8453750)
cdo    remapbil: Bilinear weights from lonlat (4500x3251) to lonlat (360x170) grid, with source mask (8387576)
cdo    remapbil: Bilinear weights from lonlat (4500x3251) to lonlat (360x170) grid, with source mask (8336479)
cdo    remapbil: Bilinear weights from lonlat (4500x3251) to lonlat (360x170) grid, with source mask (8290417)
cdo    remapbil: Bilinear weights from lonlat (4500x3251) to lonlat (360x170) grid, with source mask (8247815)
cdo    remapbil: Bilinear weights from lonlat (4500x3251) to lonlat (360x170) grid, with source mask (8128477)
cdo    remapbil: Bilinear weights from lonlat (4500x3251) to lonlat (360x170) grid, with source mask (7994116)
cdo    remapbil: Bilinear weights from lonlat (4500x3251) to lonlat (360x170) grid, with source mask (7692126)
cdo    remapbil: Bilinear weights from lonlat (4500x3251) to lonlat (360x170) grid, with source mask (7286838)
cdo    remapbil: Bilinear weights from lonlat (4500x3251) to lonlat (360x170) grid, with source mask (6658426)
cdo    remapbil: Bilinear weights from lonlat (4500x3251) to lonlat (360x170) grid, with source mask (4336945)
cdo    remapbil: Bilinear weights from lonlat (4500x3251) to lonlat (360x170) grid, with source mask (1454435)
------------------------------------------------
Interplating /work/home/acrzcyisbk/HYCOM_monthly/ts3z/degree_0083/GLBv0.08_53X_archMN.2003_07_ts3z.nc
cdo    remapbil: Bilinear weights from lonlat (4500x3251) to lonlat (360x170) grid, with source mask (9974940)
cdo    remapbil: Bilinear weights from lonlat (4500x3251) to lonlat (360x170) grid, with source mask (10790084)
cdo    remapbil: Bilinear weights from lonlat (4500x3251) to lonlat (360x170) grid, with source mask (12709792)
cdo    remapbil: Bilinear weights from lonlat (4500x3251) to lonlat (360x170) grid, with source mask (14420600)
cdo    remapbil: Bilinear weights from lonlat (4500x3251) to lonlat (360x170) grid, with source mask (14420600)
cdo    remapbil: Bilinear weights from lonlat (4500x3251) to lonlat (360x170) grid, with source mask (14420600)
cdo    remapbil: Bilinear weights from lonlat (4500x3251) to lonlat (360x170) grid, with source mask (14525050)
cdo    remapbil: Bilinear weights from lonlat (4500x3251) to lonlat (360x170) grid, with source mask (14420600)
cdo    remapbil: Bilinear weights from lonlat (4500x3251) to lonlat (360x170) grid, with source mask (14420600)
cdo    remapbil: Bilinear weights from lonlat (4500x3251) to lonlat (360x170) grid, with source mask (14420600)
cdo    remapbil: Bilinear weights from lonlat (4500x3251) to lonlat (360x170) grid, with source mask (14525050)
cdo    remapbil: Bilinear weights from lonlat (4500x3251) to lonlat (360x170) grid, with source mask (14420600)
cdo    remapbil: Bilinear weights from lonlat (4500x3251) to lonlat (360x170) grid, with source mask (14420600)
cdo    remapbil: Bilinear weights from lonlat (4500x3251) to lonlat (360x170) grid, with source mask (14420600)
cdo    remapbil: Bilinear weights from lonlat (4500x3251) to lonlat (360x170) grid, with source mask (14525050)
cdo    remapbil: Bilinear weights from lonlat (4500x3251) to lonlat (360x170) grid, with source mask (14420600)
cdo    remapbil: Bilinear weights from lonlat (4500x3251) to lonlat (360x170) grid, with source mask (14420600)
cdo    remapbil: Bilinear weights from lonlat (4500x3251) to lonlat (360x170) grid, with source mask (14420600)
cdo    remapbil: Bilinear weights from lonlat (4500x3251) to lonlat (360x170) grid, with source mask (14525050)
cdo    remapbil: Bilinear weights from lonlat (4500x3251) to lonlat (360x170) grid, with source mask (14420600)
cdo    remapbil: Bilinear weights from lonlat (4500x3251) to lonlat (360x170) grid, with source mask (14420600)
cdo    remapbil: Bilinear weights from lonlat (4500x3251) to lonlat (360x170) grid, with source mask (14420600)
cdo    remapbil: Bilinear weights from lonlat (4500x3251) to lonlat (360x170) grid, with source mask (14525050)
cdo    remapbil: Bilinear weights from lonlat (4500x3251) to lonlat (360x170) grid, with source mask (14420600)
cdo    remapbil: Bilinear weights from lonlat (4500x3251) to lonlat (360x170) grid, with source mask (14420600)
cdo    remapbil: Bilinear weights from lonlat (4500x3251) to lonlat (360x170) grid, with source mask (14420600)
cdo    remapbil: Bilinear weights from lonlat (4500x3251) to lonlat (360x170) grid, with source mask (14525050)
cdo    remapbil: Bilinear weights from lonlat (4500x3251) to lonlat (360x170) grid, with source mask (14420600)
cdo    remapbil: Bilinear weights from lonlat (4500x3251) to lonlat (360x170) grid, with source mask (14420600)
cdo    remapbil: Bilinear weights from lonlat (4500x3251) to lonlat (360x170) grid, with source mask (14420600)
cdo    remapbil: Bilinear weights from lonlat (4500x3251) to lonlat (360x170) grid, with source mask (14525050)
cdo    remapbil: Bilinear weights from lonlat (4500x3251) to lonlat (360x170) grid, with source mask (14420600)
cdo    remapbil: Bilinear weights from lonlat (4500x3251) to lonlat (360x170) grid, with source mask (14420600)
cdo    remapbil: Bilinear weights from lonlat (4500x3251) to lonlat (360x170) grid, with source mask (14420600)
cdo    remapbil: Bilinear weights from lonlat (4500x3251) to lonlat (360x170) grid, with source mask (14525050)
cdo    remapbil: Bilinear weights from lonlat (4500x3251) to lonlat (360x170) grid, with source mask (14420600)
cdo    remapbil: Bilinear weights from lonlat (4500x3251) to lonlat (360x170) grid, with source mask (14420600)
cdo    remapbil: Bilinear weights from lonlat (4500x3251) to lonlat (360x170) grid, with source mask (14420600)
cdo    remapbil: Bilinear weights from lonlat (4500x3251) to lonlat (360x170) grid, with source mask (14525050)
cdo    remapbil: Bilinear weights from lonlat (4500x3251) to lonlat (360x170) grid, with source mask (14420600)
cdo    remapbil: Bilinear weights from lonlat (4500x3251) to lonlat (360x170) grid, with source mask (14420600)
cdo    remapbil: Bilinear weights from lonlat (4500x3251) to lonlat (360x170) grid, with source mask (14525050)
cdo    remapbil: Bilinear weights from lonlat (4500x3251) to lonlat (360x170) grid, with source mask (14574268)
cdo    remapbil: Bilinear weights from lonlat (4500x3251) to lonlat (360x170) grid, with source mask (14574268)
cdo    remapbil: Bilinear weights from lonlat (4500x3251) to lonlat (360x170) grid, with source mask (14574268)
cdo    remapbil: Bilinear weights from lonlat (4500x3251) to lonlat (360x170) grid, with source mask (14601884)
cdo    remapbil: Bilinear weights from lonlat (4500x3251) to lonlat (360x170) grid, with source mask (14574268)
cdo    remapbil: Bilinear weights from lonlat (4500x3251) to lonlat (360x170) grid, with source mask (14574268)
cdo    remapbil: Bilinear weights from lonlat (4500x3251) to lonlat (360x170) grid, with source mask (14574268)
cdo    remapbil: Bilinear weights from lonlat (4500x3251) to lonlat (360x170) grid, with source mask (14601884)
cdo    remapbil: Bilinear weights from lonlat (4500x3251) to lonlat (360x170) grid, with source mask (14574268)
cdo    remapbil: Bilinear weights from lonlat (4500x3251) to lonlat (360x170) grid, with source mask (14574268)
cdo    remapbil: Bilinear weights from lonlat (4500x3251) to lonlat (360x170) grid, with source mask (14574268)
cdo    remapbil: Bilinear weights from lonlat (4500x3251) to lonlat (360x170) grid, with source mask (14601884)
cdo    remapbil: Bilinear weights from lonlat (4500x3251) to lonlat (360x170) grid, with source mask (14574268)
cdo    remapbil: Bilinear weights from lonlat (4500x3251) to lonlat (360x170) grid, with source mask (14574268)
cdo    remapbil: Bilinear weights from lonlat (4500x3251) to lonlat (360x170) grid, with source mask (14574268)
cdo    remapbil: Bilinear weights from lonlat (4500x3251) to lonlat (360x170) grid, with source mask (14601884)
cdo    remapbil: Bilinear weights from lonlat (4500x3251) to lonlat (360x170) grid, with source mask (14574268)
cdo    remapbil: Bilinear weights from lonlat (4500x3251) to lonlat (360x170) grid, with source mask (14574268)
cdo    remapbil: Bilinear weights from lonlat (4500x3251) to lonlat (360x170) grid, with source mask (14574268)
cdo    remapbil: Bilinear weights from lonlat (4500x3251) to lonlat (360x170) grid, with source mask (14601884)
cdo    remapbil: Bilinear weights from lonlat (4500x3251) to lonlat (360x170) grid, with source mask (14574268)
cdo    remapbil: Bilinear weights from lonlat (4500x3251) to lonlat (360x170) grid, with source mask (14574268)
cdo    remapbil: Bilinear weights from lonlat (4500x3251) to lonlat (360x170) grid, with source mask (14574268)
cdo    remapbil: Bilinear weights from lonlat (4500x3251) to lonlat (360x170) grid, with source mask (14601884)
cdo    remapbil: Bilinear weights from lonlat (4500x3251) to lonlat (360x170) grid, with source mask (14574268)
cdo    remapbil: Bilinear weights from lonlat (4500x3251) to lonlat (360x170) grid, with source mask (14574268)
cdo    remapbil: Bilinear weights from lonlat (4500x3251) to lonlat (360x170) grid, with source mask (14574268)
cdo    remapbil: Bilinear weights from lonlat (4500x3251) to lonlat (360x170) grid, with source mask (14601884)
cdo    remapbil: Bilinear weights from lonlat (4500x3251) to lonlat (360x170) grid, with source mask (14574268)
cdo    remapbil: Bilinear weights from lonlat (4500x3251) to lonlat (360x170) grid, with source mask (14574268)
cdo    remapbil: Bilinear weights from lonlat (4500x3251) to lonlat (360x170) grid, with source mask (14574268)
cdo    remapbil: Bilinear weights from lonlat (4500x3251) to lonlat (360x170) grid, with source mask (14601884)
cdo    remapbil: Bilinear weights from lonlat (4500x3251) to lonlat (360x170) grid, with source mask (14574268)
cdo    remapbil: Bilinear weights from lonlat (4500x3251) to lonlat (360x170) grid, with source mask (14574268)
cdo    remapbil: Bilinear weights from lonlat (4500x3251) to lonlat (360x170) grid, with source mask (14574268)
cdo    remapbil: Bilinear weights from lonlat (4500x3251) to lonlat (360x170) grid, with source mask (14601884)
cdo    remapbil: Bilinear weights from lonlat (4500x3251) to lonlat (360x170) grid, with source mask (14574268)
/work/home/acrzcyisbk/HYCOM_monthly/ts3z/degree_1/GLBv0.08_53X_archMN.1994_01_ts3z.nc exists, skip
/work/home/acrzcyisbk/HYCOM_monthly/ts3z/degree_1/GLBv0.08_53X_archMN.1996_11_ts3z.nc exists, skip
/work/home/acrzcyisbk/HYCOM_monthly/ts3z/degree_1/GLBv0.08_53X_archMN.1997_01_1997_12_ts3z.nc exists, skip
/work/home/acrzcyisbk/HYCOM_monthly/ts3z/degree_1/GLBv0.08_53X_archMN.1997_07_ts3z.nc exists, skip
/work/home/acrzcyisbk/HYCOM_monthly/ts3z/degree_1/GLBv0.08_53X_archMN.1998_01_1998_12_ts3z.nc exists, skip
/work/home/acrzcyisbk/HYCOM_monthly/ts3z/degree_1/GLBv0.08_53X_archMN.1998_01_ts3z.nc exists, skip
/work/home/acrzcyisbk/HYCOM_monthly/ts3z/degree_1/GLBv0.08_53X_archMN.2003_04_ts3z.nc exists, skip
/work/home/acrzcyisbk/HYCOM_monthly/ts3z/degree_1/GLBv0.08_53X_archMN.2003_05_ts3z.nc exists, skip
/work/home/acrzcyisbk/HYCOM_monthly/ts3z/degree_1/GLBv0.08_53X_archMN.2007_04_ts3z.nc exists, skip
/work/home/acrzcyisbk/HYCOM_monthly/ts3z/degree_1/GLBv0.08_53X_archMN.2007_05_ts3z.nc exists, skip
/work/home/acrzcyisbk/HYCOM_monthly/ts3z/degree_1/GLBv0.08_53X_archMN.2008_03_ts3z.nc exists, skip
/work/home/acrzcyisbk/HYCOM_monthly/ts3z/degree_1/GLBv0.08_53X_archMN.2009_08_ts3z.nc exists, skip
/work/home/acrzcyisbk/HYCOM_monthly/ts3z/degree_1/GLBv0.08_53X_archMN.2012_01_ts3z.nc exists, skip
/work/home/acrzcyisbk/HYCOM_monthly/ts3z/degree_1/GLBv0.08_53X_archMN.2013_11_ts3z.nc exists, skip
/work/home/acrzcyisbk/HYCOM_monthly/ts3z/degree_1/GLBv0.08_53X_archMN.2014_11_ts3z.nc exists, skip
------------------------------------------------
Interplating /work/home/acrzcyisbk/HYCOM_monthly/ts3z/degree_0083/GLBv0.08_53X_archMN.2011_01_2011_12_ts3z.nc
cdo    remapbil: Bilinear weights from lonlat (4500x3251) to lonlat (360x170) grid, with source mask (9974940)
cdo    remapbil: Bilinear weights from lonlat (4500x3251) to lonlat (360x170) grid, with source mask (9952885)
cdo    remapbil: Bilinear weights from lonlat (4500x3251) to lonlat (360x170) grid, with source mask (9939291)
cdo    remapbil: Bilinear weights from lonlat (4500x3251) to lonlat (360x170) grid, with source mask (9925415)
cdo    remapbil: Bilinear weights from lonlat (4500x3251) to lonlat (360x170) grid, with source mask (9909528)
cdo    remapbil: Bilinear weights from lonlat (4500x3251) to lonlat (360x170) grid, with source mask (9887620)
cdo    remapbil: Bilinear weights from lonlat (4500x3251) to lonlat (360x170) grid, with source mask (9846685)
cdo    remapbil: Bilinear weights from lonlat (4500x3251) to lonlat (360x170) grid, with source mask (9804573)
cdo    remapbil: Bilinear weights from lonlat (4500x3251) to lonlat (360x170) grid, with source mask (9767299)
cdo    remapbil: Bilinear weights from lonlat (4500x3251) to lonlat (360x170) grid, with source mask (9730643)
cdo    remapbil: Bilinear weights from lonlat (4500x3251) to lonlat (360x170) grid, with source mask (9691209)
cdo    remapbil: Bilinear weights from lonlat (4500x3251) to lonlat (360x170) grid, with source mask (9648582)
cdo    remapbil: Bilinear weights from lonlat (4500x3251) to lonlat (360x170) grid, with source mask (9606865)
cdo    remapbil: Bilinear weights from lonlat (4500x3251) to lonlat (360x170) grid, with source mask (9536477)
cdo    remapbil: Bilinear weights from lonlat (4500x3251) to lonlat (360x170) grid, with source mask (9480678)
cdo    remapbil: Bilinear weights from lonlat (4500x3251) to lonlat (360x170) grid, with source mask (9430184)
cdo    remapbil: Bilinear weights from lonlat (4500x3251) to lonlat (360x170) grid, with source mask (9384784)
cdo    remapbil: Bilinear weights from lonlat (4500x3251) to lonlat (360x170) grid, with source mask (9338856)
cdo    remapbil: Bilinear weights from lonlat (4500x3251) to lonlat (360x170) grid, with source mask (9244901)
cdo    remapbil: Bilinear weights from lonlat (4500x3251) to lonlat (360x170) grid, with source mask (9167129)
cdo    remapbil: Bilinear weights from lonlat (4500x3251) to lonlat (360x170) grid, with source mask (9032413)
cdo    remapbil: Bilinear weights from lonlat (4500x3251) to lonlat (360x170) grid, with source mask (8923756)
cdo    remapbil: Bilinear weights from lonlat (4500x3251) to lonlat (360x170) grid, with source mask (8825169)
cdo    remapbil: Bilinear weights from lonlat (4500x3251) to lonlat (360x170) grid, with source mask (8741043)
cdo    remapbil: Bilinear weights from lonlat (4500x3251) to lonlat (360x170) grid, with source mask (8669422)
cdo    remapbil: Bilinear weights from lonlat (4500x3251) to lonlat (360x170) grid, with source mask (8547872)
cdo    remapbil: Bilinear weights from lonlat (4500x3251) to lonlat (360x170) grid, with source mask (8453750)
cdo    remapbil: Bilinear weights from lonlat (4500x3251) to lonlat (360x170) grid, with source mask (8387576)
cdo    remapbil: Bilinear weights from lonlat (4500x3251) to lonlat (360x170) grid, with source mask (8336479)
cdo    remapbil: Bilinear weights from lonlat (4500x3251) to lonlat (360x170) grid, with source mask (8290417)
cdo    remapbil: Bilinear weights from lonlat (4500x3251) to lonlat (360x170) grid, with source mask (8247815)
cdo    remapbil: Bilinear weights from lonlat (4500x3251) to lonlat (360x170) grid, with source mask (8128477)
cdo    remapbil: Bilinear weights from lonlat (4500x3251) to lonlat (360x170) grid, with source mask (7994116)
cdo    remapbil: Bilinear weights from lonlat (4500x3251) to lonlat (360x170) grid, with source mask (7692126)
cdo    remapbil: Bilinear weights from lonlat (4500x3251) to lonlat (360x170) grid, with source mask (7286838)
cdo    remapbil: Bilinear weights from lonlat (4500x3251) to lonlat (360x170) grid, with source mask (6658426)
cdo    remapbil: Bilinear weights from lonlat (4500x3251) to lonlat (360x170) grid, with source mask (4336945)
cdo    remapbil: Bilinear weights from lonlat (4500x3251) to lonlat (360x170) grid, with source mask (1454435)
------------------------------------------------
Interplating /work/home/acrzcyisbk/HYCOM_monthly/ts3z/degree_0083/GLBv0.08_53X_archMN.2011_01_ts3z.nc
cdo    remapbil: Bilinear weights from lonlat (4500x3251) to lonlat (360x170) grid, with source mask (9974940)
cdo    remapbil: Bilinear weights from lonlat (4500x3251) to lonlat (360x170) grid, with source mask (9952885)
cdo    remapbil: Bilinear weights from lonlat (4500x3251) to lonlat (360x170) grid, with source mask (9939291)
cdo    remapbil: Bilinear weights from lonlat (4500x3251) to lonlat (360x170) grid, with source mask (9925415)
cdo    remapbil: Bilinear weights from lonlat (4500x3251) to lonlat (360x170) grid, with source mask (9909528)
cdo    remapbil: Bilinear weights from lonlat (4500x3251) to lonlat (360x170) grid, with source mask (9887620)
cdo    remapbil: Bilinear weights from lonlat (4500x3251) to lonlat (360x170) grid, with source mask (9846685)
cdo    remapbil: Bilinear weights from lonlat (4500x3251) to lonlat (360x170) grid, with source mask (9804573)
cdo    remapbil: Bilinear weights from lonlat (4500x3251) to lonlat (360x170) grid, with source mask (9767299)
cdo    remapbil: Bilinear weights from lonlat (4500x3251) to lonlat (360x170) grid, with source mask (9730643)
cdo    remapbil: Bilinear weights from lonlat (4500x3251) to lonlat (360x170) grid, with source mask (9691209)
cdo    remapbil: Bilinear weights from lonlat (4500x3251) to lonlat (360x170) grid, with source mask (9648582)
cdo    remapbil: Bilinear weights from lonlat (4500x3251) to lonlat (360x170) grid, with source mask (9606865)
cdo    remapbil: Bilinear weights from lonlat (4500x3251) to lonlat (360x170) grid, with source mask (9536477)
cdo    remapbil: Bilinear weights from lonlat (4500x3251) to lonlat (360x170) grid, with source mask (9480678)
cdo    remapbil: Bilinear weights from lonlat (4500x3251) to lonlat (360x170) grid, with source mask (9430184)
cdo    remapbil: Bilinear weights from lonlat (4500x3251) to lonlat (360x170) grid, with source mask (9384784)
cdo    remapbil: Bilinear weights from lonlat (4500x3251) to lonlat (360x170) grid, with source mask (9338856)
cdo    remapbil: Bilinear weights from lonlat (4500x3251) to lonlat (360x170) grid, with source mask (9244901)
cdo    remapbil: Bilinear weights from lonlat (4500x3251) to lonlat (360x170) grid, with source mask (9167129)
cdo    remapbil: Bilinear weights from lonlat (4500x3251) to lonlat (360x170) grid, with source mask (9032413)
cdo    remapbil: Bilinear weights from lonlat (4500x3251) to lonlat (360x170) grid, with source mask (8923756)
cdo    remapbil: Bilinear weights from lonlat (4500x3251) to lonlat (360x170) grid, with source mask (8825169)
cdo    remapbil: Bilinear weights from lonlat (4500x3251) to lonlat (360x170) grid, with source mask (8741043)
cdo    remapbil: Bilinear weights from lonlat (4500x3251) to lonlat (360x170) grid, with source mask (8669422)
cdo    remapbil: Bilinear weights from lonlat (4500x3251) to lonlat (360x170) grid, with source mask (8547872)
cdo    remapbil: Bilinear weights from lonlat (4500x3251) to lonlat (360x170) grid, with source mask (8453750)
cdo    remapbil: Bilinear weights from lonlat (4500x3251) to lonlat (360x170) grid, with source mask (8387576)
cdo    remapbil: Bilinear weights from lonlat (4500x3251) to lonlat (360x170) grid, with source mask (8336479)
cdo    remapbil: Bilinear weights from lonlat (4500x3251) to lonlat (360x170) grid, with source mask (8290417)
cdo    remapbil: Bilinear weights from lonlat (4500x3251) to lonlat (360x170) grid, with source mask (8247815)
cdo    remapbil: Bilinear weights from lonlat (4500x3251) to lonlat (360x170) grid, with source mask (8128477)
cdo    remapbil: Bilinear weights from lonlat (4500x3251) to lonlat (360x170) grid, with source mask (7994116)
cdo    remapbil: Bilinear weights from lonlat (4500x3251) to lonlat (360x170) grid, with source mask (7692126)
cdo    remapbil: Bilinear weights from lonlat (4500x3251) to lonlat (360x170) grid, with source mask (7286838)
cdo    remapbil: Bilinear weights from lonlat (4500x3251) to lonlat (360x170) grid, with source mask (6658426)
cdo    remapbil: Bilinear weights from lonlat (4500x3251) to lonlat (360x170) grid, with source mask (4336945)
cdo    remapbil: Bilinear weights from lonlat (4500x3251) to lonlat (360x170) grid, with source mask (1454435)
------------------------------------------------
Interplating /work/home/acrzcyisbk/HYCOM_monthly/ts3z/degree_0083/GLBv0.08_53X_archMN.2001_08_ts3z.nc
cdo    remapbil: Bilinear weights from lonlat (4500x3251) to lonlat (360x170) grid, with source mask (9974940)
cdo    remapbil: Bilinear weights from lonlat (4500x3251) to lonlat (360x170) grid, with source mask (9952885)
cdo    remapbil: Bilinear weights from lonlat (4500x3251) to lonlat (360x170) grid, with source mask (9939291)
cdo    remapbil: Bilinear weights from lonlat (4500x3251) to lonlat (360x170) grid, with source mask (9925415)
cdo    remapbil: Bilinear weights from lonlat (4500x3251) to lonlat (360x170) grid, with source mask (9909528)
cdo    remapbil: Bilinear weights from lonlat (4500x3251) to lonlat (360x170) grid, with source mask (9887620)
cdo    remapbil: Bilinear weights from lonlat (4500x3251) to lonlat (360x170) grid, with source mask (9846685)
cdo    remapbil: Bilinear weights from lonlat (4500x3251) to lonlat (360x170) grid, with source mask (9804573)
cdo    remapbil: Bilinear weights from lonlat (4500x3251) to lonlat (360x170) grid, with source mask (9767299)
cdo    remapbil: Bilinear weights from lonlat (4500x3251) to lonlat (360x170) grid, with source mask (9730643)
cdo    remapbil: Bilinear weights from lonlat (4500x3251) to lonlat (360x170) grid, with source mask (9691209)
cdo    remapbil: Bilinear weights from lonlat (4500x3251) to lonlat (360x170) grid, with source mask (9648582)
cdo    remapbil: Bilinear weights from lonlat (4500x3251) to lonlat (360x170) grid, with source mask (9606865)
cdo    remapbil: Bilinear weights from lonlat (4500x3251) to lonlat (360x170) grid, with source mask (9536477)
cdo    remapbil: Bilinear weights from lonlat (4500x3251) to lonlat (360x170) grid, with source mask (9480678)
cdo    remapbil: Bilinear weights from lonlat (4500x3251) to lonlat (360x170) grid, with source mask (9430184)
cdo    remapbil: Bilinear weights from lonlat (4500x3251) to lonlat (360x170) grid, with source mask (9384784)
cdo    remapbil: Bilinear weights from lonlat (4500x3251) to lonlat (360x170) grid, with source mask (9338856)
cdo    remapbil: Bilinear weights from lonlat (4500x3251) to lonlat (360x170) grid, with source mask (9244901)
cdo    remapbil: Bilinear weights from lonlat (4500x3251) to lonlat (360x170) grid, with source mask (9167129)
cdo    remapbil: Bilinear weights from lonlat (4500x3251) to lonlat (360x170) grid, with source mask (9032413)
cdo    remapbil: Bilinear weights from lonlat (4500x3251) to lonlat (360x170) grid, with source mask (8923756)
cdo    remapbil: Bilinear weights from lonlat (4500x3251) to lonlat (360x170) grid, with source mask (8825169)
cdo    remapbil: Bilinear weights from lonlat (4500x3251) to lonlat (360x170) grid, with source mask (8741043)
cdo    remapbil: Bilinear weights from lonlat (4500x3251) to lonlat (360x170) grid, with source mask (8669422)
cdo    remapbil: Bilinear weights from lonlat (4500x3251) to lonlat (360x170) grid, with source mask (8547872)
cdo    remapbil: Bilinear weights from lonlat (4500x3251) to lonlat (360x170) grid, with source mask (8453750)
cdo    remapbil: Bilinear weights from lonlat (4500x3251) to lonlat (360x170) grid, with source mask (8387576)
cdo    remapbil: Bilinear weights from lonlat (4500x3251) to lonlat (360x170) grid, with source mask (8336479)
cdo    remapbil: Bilinear weights from lonlat (4500x3251) to lonlat (360x170) grid, with source mask (8290417)
cdo    remapbil: Bilinear weights from lonlat (4500x3251) to lonlat (360x170) grid, with source mask (8247815)
cdo    remapbil: Bilinear weights from lonlat (4500x3251) to lonlat (360x170) grid, with source mask (8128477)
cdo    remapbil: Bilinear weights from lonlat (4500x3251) to lonlat (360x170) grid, with source mask (7994116)
cdo    remapbil: Bilinear weights from lonlat (4500x3251) to lonlat (360x170) grid, with source mask (7692126)
cdo    remapbil: Bilinear weights from lonlat (4500x3251) to lonlat (360x170) grid, with source mask (7286838)
cdo    remapbil: Bilinear weights from lonlat (4500x3251) to lonlat (360x170) grid, with source mask (6658426)
cdo    remapbil: Bilinear weights from lonlat (4500x3251) to lonlat (360x170) grid, with source mask (4336945)
cdo    remapbil: Bilinear weights from lonlat (4500x3251) to lonlat (360x170) grid, with source mask (1454435)
------------------------------------------------
Interplating /work/home/acrzcyisbk/HYCOM_monthly/ts3z/degree_0083/GLBv0.08_53X_archMN.2002_08_ts3z.nc
cdo    remapbil: Bilinear weights from lonlat (4500x3251) to lonlat (360x170) grid, with source mask (9974940)
cdo    remapbil: Bilinear weights from lonlat (4500x3251) to lonlat (360x170) grid, with source mask (9952885)
cdo    remapbil: Bilinear weights from lonlat (4500x3251) to lonlat (360x170) grid, with source mask (9939291)
cdo    remapbil: Bilinear weights from lonlat (4500x3251) to lonlat (360x170) grid, with source mask (9925415)
cdo    remapbil: Bilinear weights from lonlat (4500x3251) to lonlat (360x170) grid, with source mask (9909528)
cdo    remapbil: Bilinear weights from lonlat (4500x3251) to lonlat (360x170) grid, with source mask (9887620)
cdo    remapbil: Bilinear weights from lonlat (4500x3251) to lonlat (360x170) grid, with source mask (9846685)
cdo    remapbil: Bilinear weights from lonlat (4500x3251) to lonlat (360x170) grid, with source mask (9804573)
cdo    remapbil: Bilinear weights from lonlat (4500x3251) to lonlat (360x170) grid, with source mask (9767299)
cdo    remapbil: Bilinear weights from lonlat (4500x3251) to lonlat (360x170) grid, with source mask (9730643)
cdo    remapbil: Bilinear weights from lonlat (4500x3251) to lonlat (360x170) grid, with source mask (9691209)
cdo    remapbil: Bilinear weights from lonlat (4500x3251) to lonlat (360x170) grid, with source mask (9648582)
cdo    remapbil: Bilinear weights from lonlat (4500x3251) to lonlat (360x170) grid, with source mask (9606865)
cdo    remapbil: Bilinear weights from lonlat (4500x3251) to lonlat (360x170) grid, with source mask (9536477)
cdo    remapbil: Bilinear weights from lonlat (4500x3251) to lonlat (360x170) grid, with source mask (9480678)
cdo    remapbil: Bilinear weights from lonlat (4500x3251) to lonlat (360x170) grid, with source mask (9430184)
cdo    remapbil: Bilinear weights from lonlat (4500x3251) to lonlat (360x170) grid, with source mask (9384784)
cdo    remapbil: Bilinear weights from lonlat (4500x3251) to lonlat (360x170) grid, with source mask (9338856)
cdo    remapbil: Bilinear weights from lonlat (4500x3251) to lonlat (360x170) grid, with source mask (9244901)
cdo    remapbil: Bilinear weights from lonlat (4500x3251) to lonlat (360x170) grid, with source mask (9167129)
cdo    remapbil: Bilinear weights from lonlat (4500x3251) to lonlat (360x170) grid, with source mask (9032413)
cdo    remapbil: Bilinear weights from lonlat (4500x3251) to lonlat (360x170) grid, with source mask (8923756)
cdo    remapbil: Bilinear weights from lonlat (4500x3251) to lonlat (360x170) grid, with source mask (8825169)
cdo    remapbil: Bilinear weights from lonlat (4500x3251) to lonlat (360x170) grid, with source mask (8741043)
cdo    remapbil: Bilinear weights from lonlat (4500x3251) to lonlat (360x170) grid, with source mask (8669422)
cdo    remapbil: Bilinear weights from lonlat (4500x3251) to lonlat (360x170) grid, with source mask (8547872)
cdo    remapbil: Bilinear weights from lonlat (4500x3251) to lonlat (360x170) grid, with source mask (8453750)
cdo    remapbil: Bilinear weights from lonlat (4500x3251) to lonlat (360x170) grid, with source mask (8387576)
cdo    remapbil: Bilinear weights from lonlat (4500x3251) to lonlat (360x170) grid, with source mask (8336479)
cdo    remapbil: Bilinear weights from lonlat (4500x3251) to lonlat (360x170) grid, with source mask (8290417)
cdo    remapbil: Bilinear weights from lonlat (4500x3251) to lonlat (360x170) grid, with source mask (8247815)
cdo    remapbil: Bilinear weights from lonlat (4500x3251) to lonlat (360x170) grid, with source mask (8128477)
cdo    remapbil: Bilinear weights from lonlat (4500x3251) to lonlat (360x170) grid, with source mask (7994116)
cdo    remapbil: Bilinear weights from lonlat (4500x3251) to lonlat (360x170) grid, with source mask (7692126)
cdo    remapbil: Bilinear weights from lonlat (4500x3251) to lonlat (360x170) grid, with source mask (7286838)
cdo    remapbil: Bilinear weights from lonlat (4500x3251) to lonlat (360x170) grid, with source mask (6658426)
cdo    remapbil: Bilinear weights from lonlat (4500x3251) to lonlat (360x170) grid, with source mask (4336945)
cdo    remapbil: Bilinear weights from lonlat (4500x3251) to lonlat (360x170) grid, with source mask (1454435)
------------------------------------------------
Interplating /work/home/acrzcyisbk/HYCOM_monthly/ts3z/degree_0083/GLBv0.08_53X_archMN.2005_08_ts3z.nc
cdo    remapbil: Bilinear weights from lonlat (4500x3251) to lonlat (360x170) grid, with source mask (9974940)
cdo    remapbil: Bilinear weights from lonlat (4500x3251) to lonlat (360x170) grid, with source mask (9952885)
cdo    remapbil: Bilinear weights from lonlat (4500x3251) to lonlat (360x170) grid, with source mask (9939291)
cdo    remapbil: Bilinear weights from lonlat (4500x3251) to lonlat (360x170) grid, with source mask (9925415)
cdo    remapbil: Bilinear weights from lonlat (4500x3251) to lonlat (360x170) grid, with source mask (9909528)
cdo    remapbil: Bilinear weights from lonlat (4500x3251) to lonlat (360x170) grid, with source mask (9887620)
cdo    remapbil: Bilinear weights from lonlat (4500x3251) to lonlat (360x170) grid, with source mask (9846685)
cdo    remapbil: Bilinear weights from lonlat (4500x3251) to lonlat (360x170) grid, with source mask (9804573)
cdo    remapbil: Bilinear weights from lonlat (4500x3251) to lonlat (360x170) grid, with source mask (9767299)
cdo    remapbil: Bilinear weights from lonlat (4500x3251) to lonlat (360x170) grid, with source mask (9730643)
cdo    remapbil: Bilinear weights from lonlat (4500x3251) to lonlat (360x170) grid, with source mask (9691209)
cdo    remapbil: Bilinear weights from lonlat (4500x3251) to lonlat (360x170) grid, with source mask (9648582)
cdo    remapbil: Bilinear weights from lonlat (4500x3251) to lonlat (360x170) grid, with source mask (9606865)
cdo    remapbil: Bilinear weights from lonlat (4500x3251) to lonlat (360x170) grid, with source mask (9536477)
cdo    remapbil: Bilinear weights from lonlat (4500x3251) to lonlat (360x170) grid, with source mask (9480678)
cdo    remapbil: Bilinear weights from lonlat (4500x3251) to lonlat (360x170) grid, with source mask (9430184)
cdo    remapbil: Bilinear weights from lonlat (4500x3251) to lonlat (360x170) grid, with source mask (9384784)
cdo    remapbil: Bilinear weights from lonlat (4500x3251) to lonlat (360x170) grid, with source mask (9338856)
cdo    remapbil: Bilinear weights from lonlat (4500x3251) to lonlat (360x170) grid, with source mask (9244901)
cdo    remapbil: Bilinear weights from lonlat (4500x3251) to lonlat (360x170) grid, with source mask (9167129)
cdo    remapbil: Bilinear weights from lonlat (4500x3251) to lonlat (360x170) grid, with source mask (9032413)
cdo    remapbil: Bilinear weights from lonlat (4500x3251) to lonlat (360x170) grid, with source mask (8923756)
cdo    remapbil: Bilinear weights from lonlat (4500x3251) to lonlat (360x170) grid, with source mask (8825169)
cdo    remapbil: Bilinear weights from lonlat (4500x3251) to lonlat (360x170) grid, with source mask (8741043)
cdo    remapbil: Bilinear weights from lonlat (4500x3251) to lonlat (360x170) grid, with source mask (8669422)
cdo    remapbil: Bilinear weights from lonlat (4500x3251) to lonlat (360x170) grid, with source mask (8547872)
cdo    remapbil: Bilinear weights from lonlat (4500x3251) to lonlat (360x170) grid, with source mask (8453750)
cdo    remapbil: Bilinear weights from lonlat (4500x3251) to lonlat (360x170) grid, with source mask (8387576)
cdo    remapbil: Bilinear weights from lonlat (4500x3251) to lonlat (360x170) grid, with source mask (8336479)
cdo    remapbil: Bilinear weights from lonlat (4500x3251) to lonlat (360x170) grid, with source mask (8290417)
cdo    remapbil: Bilinear weights from lonlat (4500x3251) to lonlat (360x170) grid, with source mask (8247815)
cdo    remapbil: Bilinear weights from lonlat (4500x3251) to lonlat (360x170) grid, with source mask (8128477)
cdo    remapbil: Bilinear weights from lonlat (4500x3251) to lonlat (360x170) grid, with source mask (7994116)
cdo    remapbil: Bilinear weights from lonlat (4500x3251) to lonlat (360x170) grid, with source mask (7692126)
cdo    remapbil: Bilinear weights from lonlat (4500x3251) to lonlat (360x170) grid, with source mask (7286838)
cdo    remapbil: Bilinear weights from lonlat (4500x3251) to lonlat (360x170) grid, with source mask (6658426)
cdo    remapbil: Bilinear weights from lonlat (4500x3251) to lonlat (360x170) grid, with source mask (4336945)
cdo    remapbil: Bilinear weights from lonlat (4500x3251) to lonlat (360x170) grid, with source mask (1454435)
------------------------------------------------
Interplating /work/home/acrzcyisbk/HYCOM_monthly/ts3z/degree_0083/GLBv0.08_53X_archMN.2010_11_ts3z.nc
cdo    remapbil: Bilinear weights from lonlat (4500x3251) to lonlat (360x170) grid, with source mask (9974940)
cdo    remapbil: Bilinear weights from lonlat (4500x3251) to lonlat (360x170) grid, with source mask (9952885)
cdo    remapbil: Bilinear weights from lonlat (4500x3251) to lonlat (360x170) grid, with source mask (9939291)
cdo    remapbil: Bilinear weights from lonlat (4500x3251) to lonlat (360x170) grid, with source mask (9925415)
cdo    remapbil: Bilinear weights from lonlat (4500x3251) to lonlat (360x170) grid, with source mask (9909528)
cdo    remapbil: Bilinear weights from lonlat (4500x3251) to lonlat (360x170) grid, with source mask (9887620)
cdo    remapbil: Bilinear weights from lonlat (4500x3251) to lonlat (360x170) grid, with source mask (9846685)
cdo    remapbil: Bilinear weights from lonlat (4500x3251) to lonlat (360x170) grid, with source mask (9804573)
cdo    remapbil: Bilinear weights from lonlat (4500x3251) to lonlat (360x170) grid, with source mask (9767299)
cdo    remapbil: Bilinear weights from lonlat (4500x3251) to lonlat (360x170) grid, with source mask (9730643)
cdo    remapbil: Bilinear weights from lonlat (4500x3251) to lonlat (360x170) grid, with source mask (9691209)
cdo    remapbil: Bilinear weights from lonlat (4500x3251) to lonlat (360x170) grid, with source mask (9648582)
cdo    remapbil: Bilinear weights from lonlat (4500x3251) to lonlat (360x170) grid, with source mask (9606865)
cdo    remapbil: Bilinear weights from lonlat (4500x3251) to lonlat (360x170) grid, with source mask (9536477)
cdo    remapbil: Bilinear weights from lonlat (4500x3251) to lonlat (360x170) grid, with source mask (9480678)
cdo    remapbil: Bilinear weights from lonlat (4500x3251) to lonlat (360x170) grid, with source mask (9430184)
cdo    remapbil: Bilinear weights from lonlat (4500x3251) to lonlat (360x170) grid, with source mask (9384784)
cdo    remapbil: Bilinear weights from lonlat (4500x3251) to lonlat (360x170) grid, with source mask (9338856)
cdo    remapbil: Bilinear weights from lonlat (4500x3251) to lonlat (360x170) grid, with source mask (9244901)
cdo    remapbil: Bilinear weights from lonlat (4500x3251) to lonlat (360x170) grid, with source mask (9167129)
cdo    remapbil: Bilinear weights from lonlat (4500x3251) to lonlat (360x170) grid, with source mask (9032413)
cdo    remapbil: Bilinear weights from lonlat (4500x3251) to lonlat (360x170) grid, with source mask (8923756)
cdo    remapbil: Bilinear weights from lonlat (4500x3251) to lonlat (360x170) grid, with source mask (8825169)
cdo    remapbil: Bilinear weights from lonlat (4500x3251) to lonlat (360x170) grid, with source mask (8741043)
cdo    remapbil: Bilinear weights from lonlat (4500x3251) to lonlat (360x170) grid, with source mask (8669422)
cdo    remapbil: Bilinear weights from lonlat (4500x3251) to lonlat (360x170) grid, with source mask (8547872)
cdo    remapbil: Bilinear weights from lonlat (4500x3251) to lonlat (360x170) grid, with source mask (8453750)
cdo    remapbil: Bilinear weights from lonlat (4500x3251) to lonlat (360x170) grid, with source mask (8387576)
cdo    remapbil: Bilinear weights from lonlat (4500x3251) to lonlat (360x170) grid, with source mask (8336479)
cdo    remapbil: Bilinear weights from lonlat (4500x3251) to lonlat (360x170) grid, with source mask (8290417)
cdo    remapbil: Bilinear weights from lonlat (4500x3251) to lonlat (360x170) grid, with source mask (8247815)
cdo    remapbil: Bilinear weights from lonlat (4500x3251) to lonlat (360x170) grid, with source mask (8128477)
cdo    remapbil: Bilinear weights from lonlat (4500x3251) to lonlat (360x170) grid, with source mask (7994116)
cdo    remapbil: Bilinear weights from lonlat (4500x3251) to lonlat (360x170) grid, with source mask (7692126)
cdo    remapbil: Bilinear weights from lonlat (4500x3251) to lonlat (360x170) grid, with source mask (7286838)
cdo    remapbil: Bilinear weights from lonlat (4500x3251) to lonlat (360x170) grid, with source mask (6658426)
cdo    remapbil: Bilinear weights from lonlat (4500x3251) to lonlat (360x170) grid, with source mask (4336945)
cdo    remapbil: Bilinear weights from lonlat (4500x3251) to lonlat (360x170) grid, with source mask (1454435)
------------------------------------------------
Interplating /work/home/acrzcyisbk/HYCOM_monthly/ts3z/degree_0083/GLBv0.08_53X_archMN.2011_07_ts3z.nc
cdo    remapbil: Bilinear weights from lonlat (4500x3251) to lonlat (360x170) grid, with source mask (9974940)
cdo    remapbil: Bilinear weights from lonlat (4500x3251) to lonlat (360x170) grid, with source mask (9952885)
cdo    remapbil: Bilinear weights from lonlat (4500x3251) to lonlat (360x170) grid, with source mask (9939291)
cdo    remapbil: Bilinear weights from lonlat (4500x3251) to lonlat (360x170) grid, with source mask (9925415)
cdo    remapbil: Bilinear weights from lonlat (4500x3251) to lonlat (360x170) grid, with source mask (9909528)
cdo    remapbil: Bilinear weights from lonlat (4500x3251) to lonlat (360x170) grid, with source mask (9887620)
cdo    remapbil: Bilinear weights from lonlat (4500x3251) to lonlat (360x170) grid, with source mask (9846685)
cdo    remapbil: Bilinear weights from lonlat (4500x3251) to lonlat (360x170) grid, with source mask (9804573)
cdo    remapbil: Bilinear weights from lonlat (4500x3251) to lonlat (360x170) grid, with source mask (9767299)
cdo    remapbil: Bilinear weights from lonlat (4500x3251) to lonlat (360x170) grid, with source mask (9730643)
cdo    remapbil: Bilinear weights from lonlat (4500x3251) to lonlat (360x170) grid, with source mask (9691209)
cdo    remapbil: Bilinear weights from lonlat (4500x3251) to lonlat (360x170) grid, with source mask (9648582)
cdo    remapbil: Bilinear weights from lonlat (4500x3251) to lonlat (360x170) grid, with source mask (9606865)
cdo    remapbil: Bilinear weights from lonlat (4500x3251) to lonlat (360x170) grid, with source mask (9536477)
cdo    remapbil: Bilinear weights from lonlat (4500x3251) to lonlat (360x170) grid, with source mask (9480678)
cdo    remapbil: Bilinear weights from lonlat (4500x3251) to lonlat (360x170) grid, with source mask (9430184)
cdo    remapbil: Bilinear weights from lonlat (4500x3251) to lonlat (360x170) grid, with source mask (9384784)
cdo    remapbil: Bilinear weights from lonlat (4500x3251) to lonlat (360x170) grid, with source mask (9338856)
cdo    remapbil: Bilinear weights from lonlat (4500x3251) to lonlat (360x170) grid, with source mask (9244901)
cdo    remapbil: Bilinear weights from lonlat (4500x3251) to lonlat (360x170) grid, with source mask (9167129)
cdo    remapbil: Bilinear weights from lonlat (4500x3251) to lonlat (360x170) grid, with source mask (9032413)
cdo    remapbil: Bilinear weights from lonlat (4500x3251) to lonlat (360x170) grid, with source mask (8923756)
cdo    remapbil: Bilinear weights from lonlat (4500x3251) to lonlat (360x170) grid, with source mask (8825169)
cdo    remapbil: Bilinear weights from lonlat (4500x3251) to lonlat (360x170) grid, with source mask (8741043)
cdo    remapbil: Bilinear weights from lonlat (4500x3251) to lonlat (360x170) grid, with source mask (8669422)
cdo    remapbil: Bilinear weights from lonlat (4500x3251) to lonlat (360x170) grid, with source mask (8547872)
cdo    remapbil: Bilinear weights from lonlat (4500x3251) to lonlat (360x170) grid, with source mask (8453750)
cdo    remapbil: Bilinear weights from lonlat (4500x3251) to lonlat (360x170) grid, with source mask (8387576)
cdo    remapbil: Bilinear weights from lonlat (4500x3251) to lonlat (360x170) grid, with source mask (8336479)
cdo    remapbil: Bilinear weights from lonlat (4500x3251) to lonlat (360x170) grid, with source mask (8290417)
cdo    remapbil: Bilinear weights from lonlat (4500x3251) to lonlat (360x170) grid, with source mask (8247815)
cdo    remapbil: Bilinear weights from lonlat (4500x3251) to lonlat (360x170) grid, with source mask (8128477)
cdo    remapbil: Bilinear weights from lonlat (4500x3251) to lonlat (360x170) grid, with source mask (7994116)
cdo    remapbil: Bilinear weights from lonlat (4500x3251) to lonlat (360x170) grid, with source mask (7692126)
cdo    remapbil: Bilinear weights from lonlat (4500x3251) to lonlat (360x170) grid, with source mask (7286838)
cdo    remapbil: Bilinear weights from lonlat (4500x3251) to lonlat (360x170) grid, with source mask (6658426)
cdo    remapbil: Bilinear weights from lonlat (4500x3251) to lonlat (360x170) grid, with source mask (4336945)
cdo    remapbil: Bilinear weights from lonlat (4500x3251) to lonlat (360x170) grid, with source mask (1454435)
/work/home/acrzcyisbk/HYCOM_monthly/ts3z/degree_1/GLBv0.08_53X_archMN.1994_04_ts3z.nc exists, skip
/work/home/acrzcyisbk/HYCOM_monthly/ts3z/degree_1/GLBv0.08_53X_archMN.1994_05_ts3z.nc exists, skip
/work/home/acrzcyisbk/HYCOM_monthly/ts3z/degree_1/GLBv0.08_53X_archMN.1994_07_ts3z.nc exists, skip
/work/home/acrzcyisbk/HYCOM_monthly/ts3z/degree_1/GLBv0.08_53X_archMN.1995_11_ts3z.nc exists, skip
/work/home/acrzcyisbk/HYCOM_monthly/ts3z/degree_1/GLBv0.08_53X_archMN.1996_08_ts3z.nc exists, skip
/work/home/acrzcyisbk/HYCOM_monthly/ts3z/degree_1/GLBv0.08_53X_archMN.1997_01_ts3z.nc exists, skip
/work/home/acrzcyisbk/HYCOM_monthly/ts3z/degree_1/GLBv0.08_53X_archMN.1997_03_ts3z.nc exists, skip
/work/home/acrzcyisbk/HYCOM_monthly/ts3z/degree_1/GLBv0.08_53X_archMN.1998_04_ts3z.nc exists, skip
/work/home/acrzcyisbk/HYCOM_monthly/ts3z/degree_1/GLBv0.08_53X_archMN.1998_05_ts3z.nc exists, skip
/work/home/acrzcyisbk/HYCOM_monthly/ts3z/degree_1/GLBv0.08_53X_archMN.1998_07_ts3z.nc exists, skip
/work/home/acrzcyisbk/HYCOM_monthly/ts3z/degree_1/GLBv0.08_53X_archMN.1999_11_ts3z.nc exists, skip
/work/home/acrzcyisbk/HYCOM_monthly/ts3z/degree_1/GLBv0.08_53X_archMN.2000_04_ts3z.nc exists, skip
/work/home/acrzcyisbk/HYCOM_monthly/ts3z/degree_1/GLBv0.08_53X_archMN.2000_05_ts3z.nc exists, skip
/work/home/acrzcyisbk/HYCOM_monthly/ts3z/degree_1/GLBv0.08_53X_archMN.2000_07_ts3z.nc exists, skip
/work/home/acrzcyisbk/HYCOM_monthly/ts3z/degree_1/GLBv0.08_53X_archMN.2003_01_ts3z.nc exists, skip
/work/home/acrzcyisbk/HYCOM_monthly/ts3z/degree_1/GLBv0.08_53X_archMN.2003_03_ts3z.nc exists, skip
/work/home/acrzcyisbk/HYCOM_monthly/ts3z/degree_1/GLBv0.08_53X_archMN.2004_04_ts3z.nc exists, skip
/work/home/acrzcyisbk/HYCOM_monthly/ts3z/degree_1/GLBv0.08_53X_archMN.2004_05_ts3z.nc exists, skip
/work/home/acrzcyisbk/HYCOM_monthly/ts3z/degree_1/GLBv0.08_53X_archMN.2004_07_ts3z.nc exists, skip
/work/home/acrzcyisbk/HYCOM_monthly/ts3z/degree_1/GLBv0.08_53X_archMN.2005_01_2005_12_ts3z.nc exists, skip
/work/home/acrzcyisbk/HYCOM_monthly/ts3z/degree_1/GLBv0.08_53X_archMN.2006_08_ts3z.nc exists, skip
/work/home/acrzcyisbk/HYCOM_monthly/ts3z/degree_1/GLBv0.08_53X_archMN.2007_01_2007_12_ts3z.nc exists, skip
/work/home/acrzcyisbk/HYCOM_monthly/ts3z/degree_1/GLBv0.08_53X_archMN.2007_01_ts3z.nc exists, skip
/work/home/acrzcyisbk/HYCOM_monthly/ts3z/degree_1/GLBv0.08_53X_archMN.2007_03_ts3z.nc exists, skip
/work/home/acrzcyisbk/HYCOM_monthly/ts3z/degree_1/GLBv0.08_53X_archMN.2008_01_2008_12_ts3z.nc exists, skip
/work/home/acrzcyisbk/HYCOM_monthly/ts3z/degree_1/GLBv0.08_53X_archMN.2008_04_ts3z.nc exists, skip
/work/home/acrzcyisbk/HYCOM_monthly/ts3z/degree_1/GLBv0.08_53X_archMN.2008_05_ts3z.nc exists, skip
/work/home/acrzcyisbk/HYCOM_monthly/ts3z/degree_1/GLBv0.08_53X_archMN.2008_07_ts3z.nc exists, skip
/work/home/acrzcyisbk/HYCOM_monthly/ts3z/degree_1/GLBv0.08_53X_archMN.2009_11_ts3z.nc exists, skip
/work/home/acrzcyisbk/HYCOM_monthly/ts3z/degree_1/GLBv0.08_53X_archMN.2012_04_ts3z.nc exists, skip
/work/home/acrzcyisbk/HYCOM_monthly/ts3z/degree_1/GLBv0.08_53X_archMN.2012_05_ts3z.nc exists, skip
/work/home/acrzcyisbk/HYCOM_monthly/ts3z/degree_1/GLBv0.08_53X_archMN.2012_07_ts3z.nc exists, skip
/work/home/acrzcyisbk/HYCOM_monthly/ts3z/degree_1/GLBv0.08_53X_archMN.2013_01_2013_12_ts3z.nc exists, skip
/work/home/acrzcyisbk/HYCOM_monthly/ts3z/degree_1/GLBv0.08_53X_archMN.2013_03_ts3z.nc exists, skip
/work/home/acrzcyisbk/HYCOM_monthly/ts3z/degree_1/GLBv0.08_53X_archMN.2014_05_ts3z.nc exists, skip
/work/home/acrzcyisbk/HYCOM_monthly/ts3z/degree_1/GLBv0.08_53X_archMN.2014_08_ts3z.nc exists, skip
------------------------------------------------
Interplating /work/home/acrzcyisbk/HYCOM_monthly/ts3z/degree_0083/GLBv0.08_53X_archMN.2011_03_ts3z.nc
cdo    remapbil: Bilinear weights from lonlat (4500x3251) to lonlat (360x170) grid, with source mask (9974940)
cdo    remapbil: Bilinear weights from lonlat (4500x3251) to lonlat (360x170) grid, with source mask (9952885)
cdo    remapbil: Bilinear weights from lonlat (4500x3251) to lonlat (360x170) grid, with source mask (9939291)
cdo    remapbil: Bilinear weights from lonlat (4500x3251) to lonlat (360x170) grid, with source mask (9925415)
cdo    remapbil: Bilinear weights from lonlat (4500x3251) to lonlat (360x170) grid, with source mask (9909528)
cdo    remapbil: Bilinear weights from lonlat (4500x3251) to lonlat (360x170) grid, with source mask (9887620)
cdo    remapbil: Bilinear weights from lonlat (4500x3251) to lonlat (360x170) grid, with source mask (9846685)
cdo    remapbil: Bilinear weights from lonlat (4500x3251) to lonlat (360x170) grid, with source mask (9804573)
cdo    remapbil: Bilinear weights from lonlat (4500x3251) to lonlat (360x170) grid, with source mask (9767299)
cdo    remapbil: Bilinear weights from lonlat (4500x3251) to lonlat (360x170) grid, with source mask (9730643)
cdo    remapbil: Bilinear weights from lonlat (4500x3251) to lonlat (360x170) grid, with source mask (9691209)
cdo    remapbil: Bilinear weights from lonlat (4500x3251) to lonlat (360x170) grid, with source mask (9648582)
cdo    remapbil: Bilinear weights from lonlat (4500x3251) to lonlat (360x170) grid, with source mask (9606865)
cdo    remapbil: Bilinear weights from lonlat (4500x3251) to lonlat (360x170) grid, with source mask (9536477)
cdo    remapbil: Bilinear weights from lonlat (4500x3251) to lonlat (360x170) grid, with source mask (9480678)
cdo    remapbil: Bilinear weights from lonlat (4500x3251) to lonlat (360x170) grid, with source mask (9430184)
cdo    remapbil: Bilinear weights from lonlat (4500x3251) to lonlat (360x170) grid, with source mask (9384784)
cdo    remapbil: Bilinear weights from lonlat (4500x3251) to lonlat (360x170) grid, with source mask (9338856)
cdo    remapbil: Bilinear weights from lonlat (4500x3251) to lonlat (360x170) grid, with source mask (9244901)
cdo    remapbil: Bilinear weights from lonlat (4500x3251) to lonlat (360x170) grid, with source mask (9167129)
cdo    remapbil: Bilinear weights from lonlat (4500x3251) to lonlat (360x170) grid, with source mask (9032413)
cdo    remapbil: Bilinear weights from lonlat (4500x3251) to lonlat (360x170) grid, with source mask (8923756)
cdo    remapbil: Bilinear weights from lonlat (4500x3251) to lonlat (360x170) grid, with source mask (8825169)
cdo    remapbil: Bilinear weights from lonlat (4500x3251) to lonlat (360x170) grid, with source mask (8741043)
cdo    remapbil: Bilinear weights from lonlat (4500x3251) to lonlat (360x170) grid, with source mask (8669422)
cdo    remapbil: Bilinear weights from lonlat (4500x3251) to lonlat (360x170) grid, with source mask (8547872)
cdo    remapbil: Bilinear weights from lonlat (4500x3251) to lonlat (360x170) grid, with source mask (8453750)
cdo    remapbil: Bilinear weights from lonlat (4500x3251) to lonlat (360x170) grid, with source mask (8387576)
cdo    remapbil: Bilinear weights from lonlat (4500x3251) to lonlat (360x170) grid, with source mask (8336479)
cdo    remapbil: Bilinear weights from lonlat (4500x3251) to lonlat (360x170) grid, with source mask (8290417)
cdo    remapbil: Bilinear weights from lonlat (4500x3251) to lonlat (360x170) grid, with source mask (8247815)
cdo    remapbil: Bilinear weights from lonlat (4500x3251) to lonlat (360x170) grid, with source mask (8128477)
cdo    remapbil: Bilinear weights from lonlat (4500x3251) to lonlat (360x170) grid, with source mask (7994116)
cdo    remapbil: Bilinear weights from lonlat (4500x3251) to lonlat (360x170) grid, with source mask (7692126)
cdo    remapbil: Bilinear weights from lonlat (4500x3251) to lonlat (360x170) grid, with source mask (7286838)
cdo    remapbil: Bilinear weights from lonlat (4500x3251) to lonlat (360x170) grid, with source mask (6658426)
cdo    remapbil: Bilinear weights from lonlat (4500x3251) to lonlat (360x170) grid, with source mask (4336945)
cdo    remapbil: Bilinear weights from lonlat (4500x3251) to lonlat (360x170) grid, with source mask (1454435)
------------------------------------------------
Interplating /work/home/acrzcyisbk/HYCOM_monthly/ts3z/degree_0083/GLBv0.08_53X_archMN.2001_11_ts3z.nc
cdo    remapbil: Bilinear weights from lonlat (4500x3251) to lonlat (360x170) grid, with source mask (9974940)
cdo    remapbil: Bilinear weights from lonlat (4500x3251) to lonlat (360x170) grid, with source mask (9952885)
cdo    remapbil: Bilinear weights from lonlat (4500x3251) to lonlat (360x170) grid, with source mask (9939291)
cdo    remapbil: Bilinear weights from lonlat (4500x3251) to lonlat (360x170) grid, with source mask (9925415)
cdo    remapbil: Bilinear weights from lonlat (4500x3251) to lonlat (360x170) grid, with source mask (9909528)
cdo    remapbil: Bilinear weights from lonlat (4500x3251) to lonlat (360x170) grid, with source mask (9887620)
cdo    remapbil: Bilinear weights from lonlat (4500x3251) to lonlat (360x170) grid, with source mask (9846685)
cdo    remapbil: Bilinear weights from lonlat (4500x3251) to lonlat (360x170) grid, with source mask (9804573)
cdo    remapbil: Bilinear weights from lonlat (4500x3251) to lonlat (360x170) grid, with source mask (9767299)
cdo    remapbil: Bilinear weights from lonlat (4500x3251) to lonlat (360x170) grid, with source mask (9730643)
cdo    remapbil: Bilinear weights from lonlat (4500x3251) to lonlat (360x170) grid, with source mask (9691209)
cdo    remapbil: Bilinear weights from lonlat (4500x3251) to lonlat (360x170) grid, with source mask (9648582)
cdo    remapbil: Bilinear weights from lonlat (4500x3251) to lonlat (360x170) grid, with source mask (9606865)
cdo    remapbil: Bilinear weights from lonlat (4500x3251) to lonlat (360x170) grid, with source mask (9536477)
cdo    remapbil: Bilinear weights from lonlat (4500x3251) to lonlat (360x170) grid, with source mask (9480678)
cdo    remapbil: Bilinear weights from lonlat (4500x3251) to lonlat (360x170) grid, with source mask (9430184)
cdo    remapbil: Bilinear weights from lonlat (4500x3251) to lonlat (360x170) grid, with source mask (9384784)
cdo    remapbil: Bilinear weights from lonlat (4500x3251) to lonlat (360x170) grid, with source mask (9338856)
cdo    remapbil: Bilinear weights from lonlat (4500x3251) to lonlat (360x170) grid, with source mask (9244901)
cdo    remapbil: Bilinear weights from lonlat (4500x3251) to lonlat (360x170) grid, with source mask (9167129)
cdo    remapbil: Bilinear weights from lonlat (4500x3251) to lonlat (360x170) grid, with source mask (9032413)
cdo    remapbil: Bilinear weights from lonlat (4500x3251) to lonlat (360x170) grid, with source mask (8923756)
cdo    remapbil: Bilinear weights from lonlat (4500x3251) to lonlat (360x170) grid, with source mask (8825169)
cdo    remapbil: Bilinear weights from lonlat (4500x3251) to lonlat (360x170) grid, with source mask (8741043)
cdo    remapbil: Bilinear weights from lonlat (4500x3251) to lonlat (360x170) grid, with source mask (8669422)
cdo    remapbil: Bilinear weights from lonlat (4500x3251) to lonlat (360x170) grid, with source mask (8547872)
cdo    remapbil: Bilinear weights from lonlat (4500x3251) to lonlat (360x170) grid, with source mask (8453750)
cdo    remapbil: Bilinear weights from lonlat (4500x3251) to lonlat (360x170) grid, with source mask (8387576)
cdo    remapbil: Bilinear weights from lonlat (4500x3251) to lonlat (360x170) grid, with source mask (8336479)
cdo    remapbil: Bilinear weights from lonlat (4500x3251) to lonlat (360x170) grid, with source mask (8290417)
cdo    remapbil: Bilinear weights from lonlat (4500x3251) to lonlat (360x170) grid, with source mask (8247815)
cdo    remapbil: Bilinear weights from lonlat (4500x3251) to lonlat (360x170) grid, with source mask (8128477)
cdo    remapbil: Bilinear weights from lonlat (4500x3251) to lonlat (360x170) grid, with source mask (7994116)
cdo    remapbil: Bilinear weights from lonlat (4500x3251) to lonlat (360x170) grid, with source mask (7692126)
cdo    remapbil: Bilinear weights from lonlat (4500x3251) to lonlat (360x170) grid, with source mask (7286838)
cdo    remapbil: Bilinear weights from lonlat (4500x3251) to lonlat (360x170) grid, with source mask (6658426)
cdo    remapbil: Bilinear weights from lonlat (4500x3251) to lonlat (360x170) grid, with source mask (4336945)
cdo    remapbil: Bilinear weights from lonlat (4500x3251) to lonlat (360x170) grid, with source mask (1454435)
------------------------------------------------
Interplating /work/home/acrzcyisbk/HYCOM_monthly/ts3z/degree_0083/GLBv0.08_53X_archMN.2005_11_ts3z.nc
cdo    remapbil: Bilinear weights from lonlat (4500x3251) to lonlat (360x170) grid, with source mask (9974940)
cdo    remapbil: Bilinear weights from lonlat (4500x3251) to lonlat (360x170) grid, with source mask (9952885)
cdo    remapbil: Bilinear weights from lonlat (4500x3251) to lonlat (360x170) grid, with source mask (9939291)
cdo    remapbil: Bilinear weights from lonlat (4500x3251) to lonlat (360x170) grid, with source mask (9925415)
cdo    remapbil: Bilinear weights from lonlat (4500x3251) to lonlat (360x170) grid, with source mask (9909528)
cdo    remapbil: Bilinear weights from lonlat (4500x3251) to lonlat (360x170) grid, with source mask (9887620)
cdo    remapbil: Bilinear weights from lonlat (4500x3251) to lonlat (360x170) grid, with source mask (9846685)
cdo    remapbil: Bilinear weights from lonlat (4500x3251) to lonlat (360x170) grid, with source mask (9804573)
cdo    remapbil: Bilinear weights from lonlat (4500x3251) to lonlat (360x170) grid, with source mask (9767299)
cdo    remapbil: Bilinear weights from lonlat (4500x3251) to lonlat (360x170) grid, with source mask (9730643)
cdo    remapbil: Bilinear weights from lonlat (4500x3251) to lonlat (360x170) grid, with source mask (9691209)
cdo    remapbil: Bilinear weights from lonlat (4500x3251) to lonlat (360x170) grid, with source mask (9648582)
cdo    remapbil: Bilinear weights from lonlat (4500x3251) to lonlat (360x170) grid, with source mask (9606865)
cdo    remapbil: Bilinear weights from lonlat (4500x3251) to lonlat (360x170) grid, with source mask (9536477)
cdo    remapbil: Bilinear weights from lonlat (4500x3251) to lonlat (360x170) grid, with source mask (9480678)
cdo    remapbil: Bilinear weights from lonlat (4500x3251) to lonlat (360x170) grid, with source mask (9430184)
cdo    remapbil: Bilinear weights from lonlat (4500x3251) to lonlat (360x170) grid, with source mask (9384784)
cdo    remapbil: Bilinear weights from lonlat (4500x3251) to lonlat (360x170) grid, with source mask (9338856)
cdo    remapbil: Bilinear weights from lonlat (4500x3251) to lonlat (360x170) grid, with source mask (9244901)
cdo    remapbil: Bilinear weights from lonlat (4500x3251) to lonlat (360x170) grid, with source mask (9167129)
cdo    remapbil: Bilinear weights from lonlat (4500x3251) to lonlat (360x170) grid, with source mask (9032413)
cdo    remapbil: Bilinear weights from lonlat (4500x3251) to lonlat (360x170) grid, with source mask (8923756)
cdo    remapbil: Bilinear weights from lonlat (4500x3251) to lonlat (360x170) grid, with source mask (8825169)
cdo    remapbil: Bilinear weights from lonlat (4500x3251) to lonlat (360x170) grid, with source mask (8741043)
cdo    remapbil: Bilinear weights from lonlat (4500x3251) to lonlat (360x170) grid, with source mask (8669422)
cdo    remapbil: Bilinear weights from lonlat (4500x3251) to lonlat (360x170) grid, with source mask (8547872)
cdo    remapbil: Bilinear weights from lonlat (4500x3251) to lonlat (360x170) grid, with source mask (8453750)
cdo    remapbil: Bilinear weights from lonlat (4500x3251) to lonlat (360x170) grid, with source mask (8387576)
cdo    remapbil: Bilinear weights from lonlat (4500x3251) to lonlat (360x170) grid, with source mask (8336479)
cdo    remapbil: Bilinear weights from lonlat (4500x3251) to lonlat (360x170) grid, with source mask (8290417)
cdo    remapbil: Bilinear weights from lonlat (4500x3251) to lonlat (360x170) grid, with source mask (8247815)
cdo    remapbil: Bilinear weights from lonlat (4500x3251) to lonlat (360x170) grid, with source mask (8128477)
cdo    remapbil: Bilinear weights from lonlat (4500x3251) to lonlat (360x170) grid, with source mask (7994116)
cdo    remapbil: Bilinear weights from lonlat (4500x3251) to lonlat (360x170) grid, with source mask (7692126)
cdo    remapbil: Bilinear weights from lonlat (4500x3251) to lonlat (360x170) grid, with source mask (7286838)
cdo    remapbil: Bilinear weights from lonlat (4500x3251) to lonlat (360x170) grid, with source mask (6658426)
cdo    remapbil: Bilinear weights from lonlat (4500x3251) to lonlat (360x170) grid, with source mask (4336945)
cdo    remapbil: Bilinear weights from lonlat (4500x3251) to lonlat (360x170) grid, with source mask (1454435)
------------------------------------------------
Interplating /work/home/acrzcyisbk/HYCOM_monthly/ts3z/degree_0083/GLBv0.08_53X_archMN.2010_08_ts3z.nc
cdo    remapbil: Bilinear weights from lonlat (4500x3251) to lonlat (360x170) grid, with source mask (9974940)
cdo    remapbil: Bilinear weights from lonlat (4500x3251) to lonlat (360x170) grid, with source mask (9952885)
cdo    remapbil: Bilinear weights from lonlat (4500x3251) to lonlat (360x170) grid, with source mask (9939291)
cdo    remapbil: Bilinear weights from lonlat (4500x3251) to lonlat (360x170) grid, with source mask (9925415)
cdo    remapbil: Bilinear weights from lonlat (4500x3251) to lonlat (360x170) grid, with source mask (9909528)
cdo    remapbil: Bilinear weights from lonlat (4500x3251) to lonlat (360x170) grid, with source mask (9887620)
cdo    remapbil: Bilinear weights from lonlat (4500x3251) to lonlat (360x170) grid, with source mask (9846685)
cdo    remapbil: Bilinear weights from lonlat (4500x3251) to lonlat (360x170) grid, with source mask (9804573)
cdo    remapbil: Bilinear weights from lonlat (4500x3251) to lonlat (360x170) grid, with source mask (9767299)
cdo    remapbil: Bilinear weights from lonlat (4500x3251) to lonlat (360x170) grid, with source mask (9730643)
cdo    remapbil: Bilinear weights from lonlat (4500x3251) to lonlat (360x170) grid, with source mask (9691209)
cdo    remapbil: Bilinear weights from lonlat (4500x3251) to lonlat (360x170) grid, with source mask (9648582)
cdo    remapbil: Bilinear weights from lonlat (4500x3251) to lonlat (360x170) grid, with source mask (9606865)
cdo    remapbil: Bilinear weights from lonlat (4500x3251) to lonlat (360x170) grid, with source mask (9536477)
cdo    remapbil: Bilinear weights from lonlat (4500x3251) to lonlat (360x170) grid, with source mask (9480678)
cdo    remapbil: Bilinear weights from lonlat (4500x3251) to lonlat (360x170) grid, with source mask (9430184)
cdo    remapbil: Bilinear weights from lonlat (4500x3251) to lonlat (360x170) grid, with source mask (9384784)
cdo    remapbil: Bilinear weights from lonlat (4500x3251) to lonlat (360x170) grid, with source mask (9338856)
cdo    remapbil: Bilinear weights from lonlat (4500x3251) to lonlat (360x170) grid, with source mask (9244901)
cdo    remapbil: Bilinear weights from lonlat (4500x3251) to lonlat (360x170) grid, with source mask (9167129)
cdo    remapbil: Bilinear weights from lonlat (4500x3251) to lonlat (360x170) grid, with source mask (9032413)
cdo    remapbil: Bilinear weights from lonlat (4500x3251) to lonlat (360x170) grid, with source mask (8923756)
cdo    remapbil: Bilinear weights from lonlat (4500x3251) to lonlat (360x170) grid, with source mask (8825169)
cdo    remapbil: Bilinear weights from lonlat (4500x3251) to lonlat (360x170) grid, with source mask (8741043)
cdo    remapbil: Bilinear weights from lonlat (4500x3251) to lonlat (360x170) grid, with source mask (8669422)
cdo    remapbil: Bilinear weights from lonlat (4500x3251) to lonlat (360x170) grid, with source mask (8547872)
cdo    remapbil: Bilinear weights from lonlat (4500x3251) to lonlat (360x170) grid, with source mask (8453750)
cdo    remapbil: Bilinear weights from lonlat (4500x3251) to lonlat (360x170) grid, with source mask (8387576)
cdo    remapbil: Bilinear weights from lonlat (4500x3251) to lonlat (360x170) grid, with source mask (8336479)
cdo    remapbil: Bilinear weights from lonlat (4500x3251) to lonlat (360x170) grid, with source mask (8290417)
cdo    remapbil: Bilinear weights from lonlat (4500x3251) to lonlat (360x170) grid, with source mask (8247815)
cdo    remapbil: Bilinear weights from lonlat (4500x3251) to lonlat (360x170) grid, with source mask (8128477)
cdo    remapbil: Bilinear weights from lonlat (4500x3251) to lonlat (360x170) grid, with source mask (7994116)
cdo    remapbil: Bilinear weights from lonlat (4500x3251) to lonlat (360x170) grid, with source mask (7692126)
cdo    remapbil: Bilinear weights from lonlat (4500x3251) to lonlat (360x170) grid, with source mask (7286838)
cdo    remapbil: Bilinear weights from lonlat (4500x3251) to lonlat (360x170) grid, with source mask (6658426)
cdo    remapbil: Bilinear weights from lonlat (4500x3251) to lonlat (360x170) grid, with source mask (4336945)
cdo    remapbil: Bilinear weights from lonlat (4500x3251) to lonlat (360x170) grid, with source mask (1454435)
------------------------------------------------
Interplating /work/home/acrzcyisbk/HYCOM_monthly/ts3z/degree_0083/GLBv0.08_53X_archMN.2010_05_ts3z.nc
cdo    remapbil: Bilinear weights from lonlat (4500x3251) to lonlat (360x170) grid, with source mask (9974940)
cdo    remapbil: Bilinear weights from lonlat (4500x3251) to lonlat (360x170) grid, with source mask (9952885)
cdo    remapbil: Bilinear weights from lonlat (4500x3251) to lonlat (360x170) grid, with source mask (9939291)
cdo    remapbil: Bilinear weights from lonlat (4500x3251) to lonlat (360x170) grid, with source mask (9925415)
cdo    remapbil: Bilinear weights from lonlat (4500x3251) to lonlat (360x170) grid, with source mask (9909528)
cdo    remapbil: Bilinear weights from lonlat (4500x3251) to lonlat (360x170) grid, with source mask (9887620)
cdo    remapbil: Bilinear weights from lonlat (4500x3251) to lonlat (360x170) grid, with source mask (9846685)
cdo    remapbil: Bilinear weights from lonlat (4500x3251) to lonlat (360x170) grid, with source mask (9804573)
cdo    remapbil: Bilinear weights from lonlat (4500x3251) to lonlat (360x170) grid, with source mask (9767299)
cdo    remapbil: Bilinear weights from lonlat (4500x3251) to lonlat (360x170) grid, with source mask (9730643)
cdo    remapbil: Bilinear weights from lonlat (4500x3251) to lonlat (360x170) grid, with source mask (9691209)
cdo    remapbil: Bilinear weights from lonlat (4500x3251) to lonlat (360x170) grid, with source mask (9648582)
cdo    remapbil: Bilinear weights from lonlat (4500x3251) to lonlat (360x170) grid, with source mask (9606865)
cdo    remapbil: Bilinear weights from lonlat (4500x3251) to lonlat (360x170) grid, with source mask (9536477)
cdo    remapbil: Bilinear weights from lonlat (4500x3251) to lonlat (360x170) grid, with source mask (9480678)
cdo    remapbil: Bilinear weights from lonlat (4500x3251) to lonlat (360x170) grid, with source mask (9430184)
cdo    remapbil: Bilinear weights from lonlat (4500x3251) to lonlat (360x170) grid, with source mask (9384784)
cdo    remapbil: Bilinear weights from lonlat (4500x3251) to lonlat (360x170) grid, with source mask (9338856)
cdo    remapbil: Bilinear weights from lonlat (4500x3251) to lonlat (360x170) grid, with source mask (9244901)
cdo    remapbil: Bilinear weights from lonlat (4500x3251) to lonlat (360x170) grid, with source mask (9167129)
cdo    remapbil: Bilinear weights from lonlat (4500x3251) to lonlat (360x170) grid, with source mask (9032413)
cdo    remapbil: Bilinear weights from lonlat (4500x3251) to lonlat (360x170) grid, with source mask (8923756)
cdo    remapbil: Bilinear weights from lonlat (4500x3251) to lonlat (360x170) grid, with source mask (8825169)
cdo    remapbil: Bilinear weights from lonlat (4500x3251) to lonlat (360x170) grid, with source mask (8741043)
cdo    remapbil: Bilinear weights from lonlat (4500x3251) to lonlat (360x170) grid, with source mask (8669422)
cdo    remapbil: Bilinear weights from lonlat (4500x3251) to lonlat (360x170) grid, with source mask (8547872)
cdo    remapbil: Bilinear weights from lonlat (4500x3251) to lonlat (360x170) grid, with source mask (8453750)
cdo    remapbil: Bilinear weights from lonlat (4500x3251) to lonlat (360x170) grid, with source mask (8387576)
cdo    remapbil: Bilinear weights from lonlat (4500x3251) to lonlat (360x170) grid, with source mask (8336479)
cdo    remapbil: Bilinear weights from lonlat (4500x3251) to lonlat (360x170) grid, with source mask (8290417)
cdo    remapbil: Bilinear weights from lonlat (4500x3251) to lonlat (360x170) grid, with source mask (8247815)
cdo    remapbil: Bilinear weights from lonlat (4500x3251) to lonlat (360x170) grid, with source mask (8128477)
cdo    remapbil: Bilinear weights from lonlat (4500x3251) to lonlat (360x170) grid, with source mask (7994116)
cdo    remapbil: Bilinear weights from lonlat (4500x3251) to lonlat (360x170) grid, with source mask (7692126)
cdo    remapbil: Bilinear weights from lonlat (4500x3251) to lonlat (360x170) grid, with source mask (7286838)
cdo    remapbil: Bilinear weights from lonlat (4500x3251) to lonlat (360x170) grid, with source mask (6658426)
cdo    remapbil: Bilinear weights from lonlat (4500x3251) to lonlat (360x170) grid, with source mask (4336945)
cdo    remapbil: Bilinear weights from lonlat (4500x3251) to lonlat (360x170) grid, with source mask (1454435)
/work/home/acrzcyisbk/HYCOM_monthly/ts3z/degree_1/GLBv0.08_53X_archMN.1995_01_ts3z.nc exists, skip
/work/home/acrzcyisbk/HYCOM_monthly/ts3z/degree_1/GLBv0.08_53X_archMN.1995_03_ts3z.nc exists, skip
/work/home/acrzcyisbk/HYCOM_monthly/ts3z/degree_1/GLBv0.08_53X_archMN.1996_04_ts3z.nc exists, skip
/work/home/acrzcyisbk/HYCOM_monthly/ts3z/degree_1/GLBv0.08_53X_archMN.1996_05_ts3z.nc exists, skip
/work/home/acrzcyisbk/HYCOM_monthly/ts3z/degree_1/GLBv0.08_53X_archMN.1996_07_ts3z.nc exists, skip
/work/home/acrzcyisbk/HYCOM_monthly/ts3z/degree_1/GLBv0.08_53X_archMN.1997_11_ts3z.nc exists, skip
/work/home/acrzcyisbk/HYCOM_monthly/ts3z/degree_1/GLBv0.08_53X_archMN.1998_08_ts3z.nc exists, skip
/work/home/acrzcyisbk/HYCOM_monthly/ts3z/degree_1/GLBv0.08_53X_archMN.1999_01_ts3z.nc exists, skip
/work/home/acrzcyisbk/HYCOM_monthly/ts3z/degree_1/GLBv0.08_53X_archMN.1999_03_ts3z.nc exists, skip
/work/home/acrzcyisbk/HYCOM_monthly/ts3z/degree_1/GLBv0.08_53X_archMN.2000_08_ts3z.nc exists, skip
/work/home/acrzcyisbk/HYCOM_monthly/ts3z/degree_1/GLBv0.08_53X_archMN.2001_01_ts3z.nc exists, skip
/work/home/acrzcyisbk/HYCOM_monthly/ts3z/degree_1/GLBv0.08_53X_archMN.2001_03_ts3z.nc exists, skip
/work/home/acrzcyisbk/HYCOM_monthly/ts3z/degree_1/GLBv0.08_53X_archMN.2001_05_ts3z.nc exists, skip
/work/home/acrzcyisbk/HYCOM_monthly/ts3z/degree_1/GLBv0.08_53X_archMN.2002_04_ts3z.nc exists, skip
/work/home/acrzcyisbk/HYCOM_monthly/ts3z/degree_1/GLBv0.08_53X_archMN.2002_05_ts3z.nc exists, skip
/work/home/acrzcyisbk/HYCOM_monthly/ts3z/degree_1/GLBv0.08_53X_archMN.2004_01_2004_12_ts3z.nc exists, skip
/work/home/acrzcyisbk/HYCOM_monthly/ts3z/degree_1/GLBv0.08_53X_archMN.2005_01_ts3z.nc exists, skip
/work/home/acrzcyisbk/HYCOM_monthly/ts3z/degree_1/GLBv0.08_53X_archMN.2005_03_ts3z.nc exists, skip
/work/home/acrzcyisbk/HYCOM_monthly/ts3z/degree_1/GLBv0.08_53X_archMN.2005_05_ts3z.nc exists, skip
/work/home/acrzcyisbk/HYCOM_monthly/ts3z/degree_1/GLBv0.08_53X_archMN.2006_01_2006_12_ts3z.nc exists, skip
/work/home/acrzcyisbk/HYCOM_monthly/ts3z/degree_1/GLBv0.08_53X_archMN.2006_03_ts3z.nc exists, skip
/work/home/acrzcyisbk/HYCOM_monthly/ts3z/degree_1/GLBv0.08_53X_archMN.2006_04_ts3z.nc exists, skip
/work/home/acrzcyisbk/HYCOM_monthly/ts3z/degree_1/GLBv0.08_53X_archMN.2006_05_ts3z.nc exists, skip
/work/home/acrzcyisbk/HYCOM_monthly/ts3z/degree_1/GLBv0.08_53X_archMN.2006_07_ts3z.nc exists, skip
/work/home/acrzcyisbk/HYCOM_monthly/ts3z/degree_1/GLBv0.08_53X_archMN.2007_11_ts3z.nc exists, skip
/work/home/acrzcyisbk/HYCOM_monthly/ts3z/degree_1/GLBv0.08_53X_archMN.2008_08_ts3z.nc exists, skip
/work/home/acrzcyisbk/HYCOM_monthly/ts3z/degree_1/GLBv0.08_53X_archMN.2009_01_2009_12_ts3z.nc exists, skip
/work/home/acrzcyisbk/HYCOM_monthly/ts3z/degree_1/GLBv0.08_53X_archMN.2009_01_ts3z.nc exists, skip
/work/home/acrzcyisbk/HYCOM_monthly/ts3z/degree_1/GLBv0.08_53X_archMN.2009_03_ts3z.nc exists, skip
/work/home/acrzcyisbk/HYCOM_monthly/ts3z/degree_1/GLBv0.08_53X_archMN.2009_05_ts3z.nc exists, skip
/work/home/acrzcyisbk/HYCOM_monthly/ts3z/degree_1/GLBv0.08_53X_archMN.2010_01_2010_12_ts3z.nc exists, skip
/work/home/acrzcyisbk/HYCOM_monthly/ts3z/degree_1/GLBv0.08_53X_archMN.2012_01_2012_12_ts3z.nc exists, skip
/work/home/acrzcyisbk/HYCOM_monthly/ts3z/degree_1/GLBv0.08_53X_archMN.2012_08_ts3z.nc exists, skip
/work/home/acrzcyisbk/HYCOM_monthly/ts3z/degree_1/GLBv0.08_53X_archMN.2013_01_ts3z.nc exists, skip
/work/home/acrzcyisbk/HYCOM_monthly/ts3z/degree_1/GLBv0.08_53X_archMN.2014_04_ts3z.nc exists, skip
/work/home/acrzcyisbk/HYCOM_monthly/ts3z/degree_1/GLBv0.08_53X_archMN.2014_07_ts3z.nc exists, skip
------------------------------------------------
Interplating /work/home/acrzcyisbk/HYCOM_monthly/ts3z/degree_0083/GLBv0.08_53X_archMN.1994_08_ts3z.nc
cdo    remapbil: Bilinear weights from lonlat (4500x3251) to lonlat (360x170) grid, with source mask (9974940)
cdo    remapbil: Bilinear weights from lonlat (4500x3251) to lonlat (360x170) grid, with source mask (9952885)
cdo    remapbil: Bilinear weights from lonlat (4500x3251) to lonlat (360x170) grid, with source mask (9939291)
cdo    remapbil: Bilinear weights from lonlat (4500x3251) to lonlat (360x170) grid, with source mask (9925415)
cdo    remapbil: Bilinear weights from lonlat (4500x3251) to lonlat (360x170) grid, with source mask (9909528)
cdo    remapbil: Bilinear weights from lonlat (4500x3251) to lonlat (360x170) grid, with source mask (9887620)
cdo    remapbil: Bilinear weights from lonlat (4500x3251) to lonlat (360x170) grid, with source mask (9846685)
cdo    remapbil: Bilinear weights from lonlat (4500x3251) to lonlat (360x170) grid, with source mask (9804573)
cdo    remapbil: Bilinear weights from lonlat (4500x3251) to lonlat (360x170) grid, with source mask (9767299)
cdo    remapbil: Bilinear weights from lonlat (4500x3251) to lonlat (360x170) grid, with source mask (9730643)
cdo    remapbil: Bilinear weights from lonlat (4500x3251) to lonlat (360x170) grid, with source mask (9691209)
cdo    remapbil: Bilinear weights from lonlat (4500x3251) to lonlat (360x170) grid, with source mask (9648582)
cdo    remapbil: Bilinear weights from lonlat (4500x3251) to lonlat (360x170) grid, with source mask (9606865)
cdo    remapbil: Bilinear weights from lonlat (4500x3251) to lonlat (360x170) grid, with source mask (9536477)
cdo    remapbil: Bilinear weights from lonlat (4500x3251) to lonlat (360x170) grid, with source mask (9480678)
cdo    remapbil: Bilinear weights from lonlat (4500x3251) to lonlat (360x170) grid, with source mask (9430184)
cdo    remapbil: Bilinear weights from lonlat (4500x3251) to lonlat (360x170) grid, with source mask (9384784)
cdo    remapbil: Bilinear weights from lonlat (4500x3251) to lonlat (360x170) grid, with source mask (9338856)
cdo    remapbil: Bilinear weights from lonlat (4500x3251) to lonlat (360x170) grid, with source mask (9244901)
cdo    remapbil: Bilinear weights from lonlat (4500x3251) to lonlat (360x170) grid, with source mask (9167129)
cdo    remapbil: Bilinear weights from lonlat (4500x3251) to lonlat (360x170) grid, with source mask (9032413)
cdo    remapbil: Bilinear weights from lonlat (4500x3251) to lonlat (360x170) grid, with source mask (8923756)
cdo    remapbil: Bilinear weights from lonlat (4500x3251) to lonlat (360x170) grid, with source mask (8825169)
cdo    remapbil: Bilinear weights from lonlat (4500x3251) to lonlat (360x170) grid, with source mask (8741043)
cdo    remapbil: Bilinear weights from lonlat (4500x3251) to lonlat (360x170) grid, with source mask (8669422)
cdo    remapbil: Bilinear weights from lonlat (4500x3251) to lonlat (360x170) grid, with source mask (8547872)
cdo    remapbil: Bilinear weights from lonlat (4500x3251) to lonlat (360x170) grid, with source mask (8453750)
cdo    remapbil: Bilinear weights from lonlat (4500x3251) to lonlat (360x170) grid, with source mask (8387576)
cdo    remapbil: Bilinear weights from lonlat (4500x3251) to lonlat (360x170) grid, with source mask (8336479)
cdo    remapbil: Bilinear weights from lonlat (4500x3251) to lonlat (360x170) grid, with source mask (8290417)
cdo    remapbil: Bilinear weights from lonlat (4500x3251) to lonlat (360x170) grid, with source mask (8247815)
cdo    remapbil: Bilinear weights from lonlat (4500x3251) to lonlat (360x170) grid, with source mask (8128477)
cdo    remapbil: Bilinear weights from lonlat (4500x3251) to lonlat (360x170) grid, with source mask (7994116)
cdo    remapbil: Bilinear weights from lonlat (4500x3251) to lonlat (360x170) grid, with source mask (7692126)
cdo    remapbil: Bilinear weights from lonlat (4500x3251) to lonlat (360x170) grid, with source mask (7286838)
cdo    remapbil: Bilinear weights from lonlat (4500x3251) to lonlat (360x170) grid, with source mask (6658426)
cdo    remapbil: Bilinear weights from lonlat (4500x3251) to lonlat (360x170) grid, with source mask (4336945)
cdo    remapbil: Bilinear weights from lonlat (4500x3251) to lonlat (360x170) grid, with source mask (1454435)
------------------------------------------------
Interplating /work/home/acrzcyisbk/HYCOM_monthly/ts3z/degree_0083/GLBv0.08_53X_archMN.2002_07_ts3z.nc
cdo    remapbil: Bilinear weights from lonlat (4500x3251) to lonlat (360x170) grid, with source mask (9974940)
cdo    remapbil: Bilinear weights from lonlat (4500x3251) to lonlat (360x170) grid, with source mask (9952887)
cdo    remapbil: Bilinear weights from lonlat (4500x3251) to lonlat (360x170) grid, with source mask (14548514)
cdo    remapbil: Bilinear weights from lonlat (4500x3251) to lonlat (360x170) grid, with source mask (14548514)
cdo    remapbil: Bilinear weights from lonlat (4500x3251) to lonlat (360x170) grid, with source mask (14548514)
cdo    remapbil: Bilinear weights from lonlat (4500x3251) to lonlat (360x170) grid, with source mask (14589007)
cdo    remapbil: Bilinear weights from lonlat (4500x3251) to lonlat (360x170) grid, with source mask (14548514)
cdo    remapbil: Bilinear weights from lonlat (4500x3251) to lonlat (360x170) grid, with source mask (14548514)
cdo    remapbil: Bilinear weights from lonlat (4500x3251) to lonlat (360x170) grid, with source mask (14548514)
cdo    remapbil: Bilinear weights from lonlat (4500x3251) to lonlat (360x170) grid, with source mask (14589007)
cdo    remapbil: Bilinear weights from lonlat (4500x3251) to lonlat (360x170) grid, with source mask (14548514)
cdo    remapbil: Bilinear weights from lonlat (4500x3251) to lonlat (360x170) grid, with source mask (14548514)
cdo    remapbil: Bilinear weights from lonlat (4500x3251) to lonlat (360x170) grid, with source mask (14548514)
cdo    remapbil: Bilinear weights from lonlat (4500x3251) to lonlat (360x170) grid, with source mask (14589007)
cdo    remapbil: Bilinear weights from lonlat (4500x3251) to lonlat (360x170) grid, with source mask (14548514)
cdo    remapbil: Bilinear weights from lonlat (4500x3251) to lonlat (360x170) grid, with source mask (14548514)
cdo    remapbil: Bilinear weights from lonlat (4500x3251) to lonlat (360x170) grid, with source mask (14548514)
cdo    remapbil: Bilinear weights from lonlat (4500x3251) to lonlat (360x170) grid, with source mask (14589007)
cdo    remapbil: Bilinear weights from lonlat (4500x3251) to lonlat (360x170) grid, with source mask (14548514)
cdo    remapbil: Bilinear weights from lonlat (4500x3251) to lonlat (360x170) grid, with source mask (14548514)
cdo    remapbil: Bilinear weights from lonlat (4500x3251) to lonlat (360x170) grid, with source mask (14548514)
cdo    remapbil: Bilinear weights from lonlat (4500x3251) to lonlat (360x170) grid, with source mask (14589007)
cdo    remapbil: Bilinear weights from lonlat (4500x3251) to lonlat (360x170) grid, with source mask (14548514)
cdo    remapbil: Bilinear weights from lonlat (4500x3251) to lonlat (360x170) grid, with source mask (14548514)
cdo    remapbil: Bilinear weights from lonlat (4500x3251) to lonlat (360x170) grid, with source mask (14548514)
cdo    remapbil: Bilinear weights from lonlat (4500x3251) to lonlat (360x170) grid, with source mask (14589007)
cdo    remapbil: Bilinear weights from lonlat (4500x3251) to lonlat (360x170) grid, with source mask (14548514)
cdo    remapbil: Bilinear weights from lonlat (4500x3251) to lonlat (360x170) grid, with source mask (14548514)
cdo    remapbil: Bilinear weights from lonlat (4500x3251) to lonlat (360x170) grid, with source mask (14548514)
cdo    remapbil: Bilinear weights from lonlat (4500x3251) to lonlat (360x170) grid, with source mask (14589007)
cdo    remapbil: Bilinear weights from lonlat (4500x3251) to lonlat (360x170) grid, with source mask (14548514)
cdo    remapbil: Bilinear weights from lonlat (4500x3251) to lonlat (360x170) grid, with source mask (14548514)
cdo    remapbil: Bilinear weights from lonlat (4500x3251) to lonlat (360x170) grid, with source mask (14548514)
cdo    remapbil: Bilinear weights from lonlat (4500x3251) to lonlat (360x170) grid, with source mask (14589007)
cdo    remapbil: Bilinear weights from lonlat (4500x3251) to lonlat (360x170) grid, with source mask (14548514)
cdo    remapbil: Bilinear weights from lonlat (4500x3251) to lonlat (360x170) grid, with source mask (14548514)
cdo    remapbil: Bilinear weights from lonlat (4500x3251) to lonlat (360x170) grid, with source mask (14548514)
cdo    remapbil: Bilinear weights from lonlat (4500x3251) to lonlat (360x170) grid, with source mask (14589007)
cdo    remapbil: Bilinear weights from lonlat (4500x3251) to lonlat (360x170) grid, with source mask (14548514)
cdo    remapbil: Bilinear weights from lonlat (4500x3251) to lonlat (360x170) grid, with source mask (14548514)
cdo    remapbil: Bilinear weights from lonlat (4500x3251) to lonlat (360x170) grid, with source mask (14589007)
cdo    remapbil: Bilinear weights from lonlat (4500x3251) to lonlat (360x170) grid, with source mask (14607906)
cdo    remapbil: Bilinear weights from lonlat (4500x3251) to lonlat (360x170) grid, with source mask (14607906)
cdo    remapbil: Bilinear weights from lonlat (4500x3251) to lonlat (360x170) grid, with source mask (14607906)
cdo    remapbil: Bilinear weights from lonlat (4500x3251) to lonlat (360x170) grid, with source mask (14618703)
cdo    remapbil: Bilinear weights from lonlat (4500x3251) to lonlat (360x170) grid, with source mask (14607906)
cdo    remapbil: Bilinear weights from lonlat (4500x3251) to lonlat (360x170) grid, with source mask (14607906)
cdo    remapbil: Bilinear weights from lonlat (4500x3251) to lonlat (360x170) grid, with source mask (14607906)
cdo    remapbil: Bilinear weights from lonlat (4500x3251) to lonlat (360x170) grid, with source mask (14618703)
cdo    remapbil: Bilinear weights from lonlat (4500x3251) to lonlat (360x170) grid, with source mask (14607906)
cdo    remapbil: Bilinear weights from lonlat (4500x3251) to lonlat (360x170) grid, with source mask (14607906)
cdo    remapbil: Bilinear weights from lonlat (4500x3251) to lonlat (360x170) grid, with source mask (14607906)
cdo    remapbil: Bilinear weights from lonlat (4500x3251) to lonlat (360x170) grid, with source mask (14618703)
cdo    remapbil: Bilinear weights from lonlat (4500x3251) to lonlat (360x170) grid, with source mask (14607906)
cdo    remapbil: Bilinear weights from lonlat (4500x3251) to lonlat (360x170) grid, with source mask (14607906)
cdo    remapbil: Bilinear weights from lonlat (4500x3251) to lonlat (360x170) grid, with source mask (14607906)
cdo    remapbil: Bilinear weights from lonlat (4500x3251) to lonlat (360x170) grid, with source mask (14618703)
cdo    remapbil: Bilinear weights from lonlat (4500x3251) to lonlat (360x170) grid, with source mask (14607906)
cdo    remapbil: Bilinear weights from lonlat (4500x3251) to lonlat (360x170) grid, with source mask (14607906)
cdo    remapbil: Bilinear weights from lonlat (4500x3251) to lonlat (360x170) grid, with source mask (14607906)
cdo    remapbil: Bilinear weights from lonlat (4500x3251) to lonlat (360x170) grid, with source mask (14618703)
cdo    remapbil: Bilinear weights from lonlat (4500x3251) to lonlat (360x170) grid, with source mask (14607906)
cdo    remapbil: Bilinear weights from lonlat (4500x3251) to lonlat (360x170) grid, with source mask (14607906)
cdo    remapbil: Bilinear weights from lonlat (4500x3251) to lonlat (360x170) grid, with source mask (14607906)
cdo    remapbil: Bilinear weights from lonlat (4500x3251) to lonlat (360x170) grid, with source mask (14618703)
cdo    remapbil: Bilinear weights from lonlat (4500x3251) to lonlat (360x170) grid, with source mask (14607906)
cdo    remapbil: Bilinear weights from lonlat (4500x3251) to lonlat (360x170) grid, with source mask (14607906)
cdo    remapbil: Bilinear weights from lonlat (4500x3251) to lonlat (360x170) grid, with source mask (14607906)
cdo    remapbil: Bilinear weights from lonlat (4500x3251) to lonlat (360x170) grid, with source mask (14618703)
cdo    remapbil: Bilinear weights from lonlat (4500x3251) to lonlat (360x170) grid, with source mask (14607906)
cdo    remapbil: Bilinear weights from lonlat (4500x3251) to lonlat (360x170) grid, with source mask (14607906)
cdo    remapbil: Bilinear weights from lonlat (4500x3251) to lonlat (360x170) grid, with source mask (14607906)
cdo    remapbil: Bilinear weights from lonlat (4500x3251) to lonlat (360x170) grid, with source mask (14618703)
cdo    remapbil: Bilinear weights from lonlat (4500x3251) to lonlat (360x170) grid, with source mask (14607906)
cdo    remapbil: Bilinear weights from lonlat (4500x3251) to lonlat (360x170) grid, with source mask (14607906)
cdo    remapbil: Bilinear weights from lonlat (4500x3251) to lonlat (360x170) grid, with source mask (14607906)
cdo    remapbil: Bilinear weights from lonlat (4500x3251) to lonlat (360x170) grid, with source mask (14618703)
cdo    remapbil: Bilinear weights from lonlat (4500x3251) to lonlat (360x170) grid, with source mask (14607906)
------------------------------------------------
Interplating /work/home/acrzcyisbk/HYCOM_monthly/ts3z/degree_0083/GLBv0.08_53X_archMN.2003_11_ts3z.nc
cdo    remapbil: Bilinear weights from lonlat (4500x3251) to lonlat (360x170) grid, with source mask (9974940)
cdo    remapbil: Bilinear weights from lonlat (4500x3251) to lonlat (360x170) grid, with source mask (9952885)
cdo    remapbil: Bilinear weights from lonlat (4500x3251) to lonlat (360x170) grid, with source mask (9939291)
cdo    remapbil: Bilinear weights from lonlat (4500x3251) to lonlat (360x170) grid, with source mask (9925415)
cdo    remapbil: Bilinear weights from lonlat (4500x3251) to lonlat (360x170) grid, with source mask (9909528)
cdo    remapbil: Bilinear weights from lonlat (4500x3251) to lonlat (360x170) grid, with source mask (9887620)
cdo    remapbil: Bilinear weights from lonlat (4500x3251) to lonlat (360x170) grid, with source mask (9846685)
cdo    remapbil: Bilinear weights from lonlat (4500x3251) to lonlat (360x170) grid, with source mask (9804573)
cdo    remapbil: Bilinear weights from lonlat (4500x3251) to lonlat (360x170) grid, with source mask (9767299)
cdo    remapbil: Bilinear weights from lonlat (4500x3251) to lonlat (360x170) grid, with source mask (9730643)
cdo    remapbil: Bilinear weights from lonlat (4500x3251) to lonlat (360x170) grid, with source mask (9691209)
cdo    remapbil: Bilinear weights from lonlat (4500x3251) to lonlat (360x170) grid, with source mask (9648582)
cdo    remapbil: Bilinear weights from lonlat (4500x3251) to lonlat (360x170) grid, with source mask (9606865)
cdo    remapbil: Bilinear weights from lonlat (4500x3251) to lonlat (360x170) grid, with source mask (9536477)
cdo    remapbil: Bilinear weights from lonlat (4500x3251) to lonlat (360x170) grid, with source mask (9480678)
cdo    remapbil: Bilinear weights from lonlat (4500x3251) to lonlat (360x170) grid, with source mask (9430184)
cdo    remapbil: Bilinear weights from lonlat (4500x3251) to lonlat (360x170) grid, with source mask (9384784)
cdo    remapbil: Bilinear weights from lonlat (4500x3251) to lonlat (360x170) grid, with source mask (9338856)
cdo    remapbil: Bilinear weights from lonlat (4500x3251) to lonlat (360x170) grid, with source mask (9244901)
cdo    remapbil: Bilinear weights from lonlat (4500x3251) to lonlat (360x170) grid, with source mask (9167129)
cdo    remapbil: Bilinear weights from lonlat (4500x3251) to lonlat (360x170) grid, with source mask (9032413)
cdo    remapbil: Bilinear weights from lonlat (4500x3251) to lonlat (360x170) grid, with source mask (8923756)
cdo    remapbil: Bilinear weights from lonlat (4500x3251) to lonlat (360x170) grid, with source mask (8825169)
cdo    remapbil: Bilinear weights from lonlat (4500x3251) to lonlat (360x170) grid, with source mask (8741043)
cdo    remapbil: Bilinear weights from lonlat (4500x3251) to lonlat (360x170) grid, with source mask (8669422)
cdo    remapbil: Bilinear weights from lonlat (4500x3251) to lonlat (360x170) grid, with source mask (8547872)
cdo    remapbil: Bilinear weights from lonlat (4500x3251) to lonlat (360x170) grid, with source mask (8453750)
cdo    remapbil: Bilinear weights from lonlat (4500x3251) to lonlat (360x170) grid, with source mask (8387576)
cdo    remapbil: Bilinear weights from lonlat (4500x3251) to lonlat (360x170) grid, with source mask (8336479)
cdo    remapbil: Bilinear weights from lonlat (4500x3251) to lonlat (360x170) grid, with source mask (8290417)
cdo    remapbil: Bilinear weights from lonlat (4500x3251) to lonlat (360x170) grid, with source mask (8247815)
cdo    remapbil: Bilinear weights from lonlat (4500x3251) to lonlat (360x170) grid, with source mask (8128477)
cdo    remapbil: Bilinear weights from lonlat (4500x3251) to lonlat (360x170) grid, with source mask (7994116)
cdo    remapbil: Bilinear weights from lonlat (4500x3251) to lonlat (360x170) grid, with source mask (7692126)
cdo    remapbil: Bilinear weights from lonlat (4500x3251) to lonlat (360x170) grid, with source mask (7286838)
cdo    remapbil: Bilinear weights from lonlat (4500x3251) to lonlat (360x170) grid, with source mask (6658426)
cdo    remapbil: Bilinear weights from lonlat (4500x3251) to lonlat (360x170) grid, with source mask (4336945)
cdo    remapbil: Bilinear weights from lonlat (4500x3251) to lonlat (360x170) grid, with source mask (1454435)
------------------------------------------------
Interplating /work/home/acrzcyisbk/HYCOM_monthly/ts3z/degree_0083/GLBv0.08_53X_archMN.2004_08_ts3z.nc
cdo    remapbil: Bilinear weights from lonlat (4500x3251) to lonlat (360x170) grid, with source mask (9974940)
cdo    remapbil: Bilinear weights from lonlat (4500x3251) to lonlat (360x170) grid, with source mask (9952885)
cdo    remapbil: Bilinear weights from lonlat (4500x3251) to lonlat (360x170) grid, with source mask (9939291)
cdo    remapbil: Bilinear weights from lonlat (4500x3251) to lonlat (360x170) grid, with source mask (9925415)
cdo    remapbil: Bilinear weights from lonlat (4500x3251) to lonlat (360x170) grid, with source mask (9909528)
cdo    remapbil: Bilinear weights from lonlat (4500x3251) to lonlat (360x170) grid, with source mask (9887620)
cdo    remapbil: Bilinear weights from lonlat (4500x3251) to lonlat (360x170) grid, with source mask (9846685)
cdo    remapbil: Bilinear weights from lonlat (4500x3251) to lonlat (360x170) grid, with source mask (9804573)
cdo    remapbil: Bilinear weights from lonlat (4500x3251) to lonlat (360x170) grid, with source mask (9767299)
cdo    remapbil: Bilinear weights from lonlat (4500x3251) to lonlat (360x170) grid, with source mask (9730643)
cdo    remapbil: Bilinear weights from lonlat (4500x3251) to lonlat (360x170) grid, with source mask (9691209)
cdo    remapbil: Bilinear weights from lonlat (4500x3251) to lonlat (360x170) grid, with source mask (9648582)
cdo    remapbil: Bilinear weights from lonlat (4500x3251) to lonlat (360x170) grid, with source mask (9606865)
cdo    remapbil: Bilinear weights from lonlat (4500x3251) to lonlat (360x170) grid, with source mask (9536477)
cdo    remapbil: Bilinear weights from lonlat (4500x3251) to lonlat (360x170) grid, with source mask (9480678)
cdo    remapbil: Bilinear weights from lonlat (4500x3251) to lonlat (360x170) grid, with source mask (9430184)
cdo    remapbil: Bilinear weights from lonlat (4500x3251) to lonlat (360x170) grid, with source mask (9384784)
cdo    remapbil: Bilinear weights from lonlat (4500x3251) to lonlat (360x170) grid, with source mask (9338856)
cdo    remapbil: Bilinear weights from lonlat (4500x3251) to lonlat (360x170) grid, with source mask (9244901)
cdo    remapbil: Bilinear weights from lonlat (4500x3251) to lonlat (360x170) grid, with source mask (9167129)
cdo    remapbil: Bilinear weights from lonlat (4500x3251) to lonlat (360x170) grid, with source mask (9032413)
cdo    remapbil: Bilinear weights from lonlat (4500x3251) to lonlat (360x170) grid, with source mask (8923756)
cdo    remapbil: Bilinear weights from lonlat (4500x3251) to lonlat (360x170) grid, with source mask (8825169)
cdo    remapbil: Bilinear weights from lonlat (4500x3251) to lonlat (360x170) grid, with source mask (8741043)
cdo    remapbil: Bilinear weights from lonlat (4500x3251) to lonlat (360x170) grid, with source mask (8669422)
cdo    remapbil: Bilinear weights from lonlat (4500x3251) to lonlat (360x170) grid, with source mask (8547872)
cdo    remapbil: Bilinear weights from lonlat (4500x3251) to lonlat (360x170) grid, with source mask (8453750)
cdo    remapbil: Bilinear weights from lonlat (4500x3251) to lonlat (360x170) grid, with source mask (8387576)
cdo    remapbil: Bilinear weights from lonlat (4500x3251) to lonlat (360x170) grid, with source mask (8336479)
cdo    remapbil: Bilinear weights from lonlat (4500x3251) to lonlat (360x170) grid, with source mask (8290417)
cdo    remapbil: Bilinear weights from lonlat (4500x3251) to lonlat (360x170) grid, with source mask (8247815)
cdo    remapbil: Bilinear weights from lonlat (4500x3251) to lonlat (360x170) grid, with source mask (8128477)
cdo    remapbil: Bilinear weights from lonlat (4500x3251) to lonlat (360x170) grid, with source mask (7994116)
cdo    remapbil: Bilinear weights from lonlat (4500x3251) to lonlat (360x170) grid, with source mask (7692126)
cdo    remapbil: Bilinear weights from lonlat (4500x3251) to lonlat (360x170) grid, with source mask (7286838)
cdo    remapbil: Bilinear weights from lonlat (4500x3251) to lonlat (360x170) grid, with source mask (6658426)
cdo    remapbil: Bilinear weights from lonlat (4500x3251) to lonlat (360x170) grid, with source mask (4336945)
cdo    remapbil: Bilinear weights from lonlat (4500x3251) to lonlat (360x170) grid, with source mask (1454435)
------------------------------------------------
Interplating /work/home/acrzcyisbk/HYCOM_monthly/ts3z/degree_0083/GLBv0.08_53X_archMN.2010_07_ts3z.nc
cdo    remapbil: Bilinear weights from lonlat (4500x3251) to lonlat (360x170) grid, with source mask (9974940)
cdo    remapbil: Bilinear weights from lonlat (4500x3251) to lonlat (360x170) grid, with source mask (9952885)
cdo    remapbil: Bilinear weights from lonlat (4500x3251) to lonlat (360x170) grid, with source mask (9939291)
cdo    remapbil: Bilinear weights from lonlat (4500x3251) to lonlat (360x170) grid, with source mask (9925415)
cdo    remapbil: Bilinear weights from lonlat (4500x3251) to lonlat (360x170) grid, with source mask (9909528)
cdo    remapbil: Bilinear weights from lonlat (4500x3251) to lonlat (360x170) grid, with source mask (9887620)
cdo    remapbil: Bilinear weights from lonlat (4500x3251) to lonlat (360x170) grid, with source mask (9846685)
cdo    remapbil: Bilinear weights from lonlat (4500x3251) to lonlat (360x170) grid, with source mask (9804573)
cdo    remapbil: Bilinear weights from lonlat (4500x3251) to lonlat (360x170) grid, with source mask (9767299)
cdo    remapbil: Bilinear weights from lonlat (4500x3251) to lonlat (360x170) grid, with source mask (9730643)
cdo    remapbil: Bilinear weights from lonlat (4500x3251) to lonlat (360x170) grid, with source mask (9691209)
cdo    remapbil: Bilinear weights from lonlat (4500x3251) to lonlat (360x170) grid, with source mask (9648582)
cdo    remapbil: Bilinear weights from lonlat (4500x3251) to lonlat (360x170) grid, with source mask (9606865)
cdo    remapbil: Bilinear weights from lonlat (4500x3251) to lonlat (360x170) grid, with source mask (9536477)
cdo    remapbil: Bilinear weights from lonlat (4500x3251) to lonlat (360x170) grid, with source mask (9480678)
cdo    remapbil: Bilinear weights from lonlat (4500x3251) to lonlat (360x170) grid, with source mask (9430184)
cdo    remapbil: Bilinear weights from lonlat (4500x3251) to lonlat (360x170) grid, with source mask (9384784)
cdo    remapbil: Bilinear weights from lonlat (4500x3251) to lonlat (360x170) grid, with source mask (9338856)
cdo    remapbil: Bilinear weights from lonlat (4500x3251) to lonlat (360x170) grid, with source mask (9244901)
cdo    remapbil: Bilinear weights from lonlat (4500x3251) to lonlat (360x170) grid, with source mask (9167129)
cdo    remapbil: Bilinear weights from lonlat (4500x3251) to lonlat (360x170) grid, with source mask (9032413)
cdo    remapbil: Bilinear weights from lonlat (4500x3251) to lonlat (360x170) grid, with source mask (8923756)
cdo    remapbil: Bilinear weights from lonlat (4500x3251) to lonlat (360x170) grid, with source mask (8825169)
cdo    remapbil: Bilinear weights from lonlat (4500x3251) to lonlat (360x170) grid, with source mask (8741043)
cdo    remapbil: Bilinear weights from lonlat (4500x3251) to lonlat (360x170) grid, with source mask (8669422)
cdo    remapbil: Bilinear weights from lonlat (4500x3251) to lonlat (360x170) grid, with source mask (8547872)
cdo    remapbil: Bilinear weights from lonlat (4500x3251) to lonlat (360x170) grid, with source mask (8453750)
cdo    remapbil: Bilinear weights from lonlat (4500x3251) to lonlat (360x170) grid, with source mask (8387576)
cdo    remapbil: Bilinear weights from lonlat (4500x3251) to lonlat (360x170) grid, with source mask (8336479)
cdo    remapbil: Bilinear weights from lonlat (4500x3251) to lonlat (360x170) grid, with source mask (8290417)
cdo    remapbil: Bilinear weights from lonlat (4500x3251) to lonlat (360x170) grid, with source mask (8247815)
cdo    remapbil: Bilinear weights from lonlat (4500x3251) to lonlat (360x170) grid, with source mask (8128477)
cdo    remapbil: Bilinear weights from lonlat (4500x3251) to lonlat (360x170) grid, with source mask (7994116)
cdo    remapbil: Bilinear weights from lonlat (4500x3251) to lonlat (360x170) grid, with source mask (7692126)
cdo    remapbil: Bilinear weights from lonlat (4500x3251) to lonlat (360x170) grid, with source mask (7286838)
cdo    remapbil: Bilinear weights from lonlat (4500x3251) to lonlat (360x170) grid, with source mask (6658426)
cdo    remapbil: Bilinear weights from lonlat (4500x3251) to lonlat (360x170) grid, with source mask (4336945)
cdo    remapbil: Bilinear weights from lonlat (4500x3251) to lonlat (360x170) grid, with source mask (1454435)
------------------------------------------------
Interplating /work/home/acrzcyisbk/HYCOM_monthly/ts3z/degree_0083/GLBv0.08_53X_archMN.2011_11_ts3z.nc
cdo    remapbil: Bilinear weights from lonlat (4500x3251) to lonlat (360x170) grid, with source mask (9974940)
cdo    remapbil: Bilinear weights from lonlat (4500x3251) to lonlat (360x170) grid, with source mask (9952885)
cdo    remapbil: Bilinear weights from lonlat (4500x3251) to lonlat (360x170) grid, with source mask (9939291)
cdo    remapbil: Bilinear weights from lonlat (4500x3251) to lonlat (360x170) grid, with source mask (9925415)
cdo    remapbil: Bilinear weights from lonlat (4500x3251) to lonlat (360x170) grid, with source mask (9909528)
cdo    remapbil: Bilinear weights from lonlat (4500x3251) to lonlat (360x170) grid, with source mask (9887620)
cdo    remapbil: Bilinear weights from lonlat (4500x3251) to lonlat (360x170) grid, with source mask (9846685)
cdo    remapbil: Bilinear weights from lonlat (4500x3251) to lonlat (360x170) grid, with source mask (9804573)
cdo    remapbil: Bilinear weights from lonlat (4500x3251) to lonlat (360x170) grid, with source mask (9767299)
cdo    remapbil: Bilinear weights from lonlat (4500x3251) to lonlat (360x170) grid, with source mask (9730643)
cdo    remapbil: Bilinear weights from lonlat (4500x3251) to lonlat (360x170) grid, with source mask (9691209)
cdo    remapbil: Bilinear weights from lonlat (4500x3251) to lonlat (360x170) grid, with source mask (9648582)
cdo    remapbil: Bilinear weights from lonlat (4500x3251) to lonlat (360x170) grid, with source mask (9606865)
cdo    remapbil: Bilinear weights from lonlat (4500x3251) to lonlat (360x170) grid, with source mask (9536477)
cdo    remapbil: Bilinear weights from lonlat (4500x3251) to lonlat (360x170) grid, with source mask (9480678)
cdo    remapbil: Bilinear weights from lonlat (4500x3251) to lonlat (360x170) grid, with source mask (9430184)
cdo    remapbil: Bilinear weights from lonlat (4500x3251) to lonlat (360x170) grid, with source mask (9384784)
cdo    remapbil: Bilinear weights from lonlat (4500x3251) to lonlat (360x170) grid, with source mask (9338856)
cdo    remapbil: Bilinear weights from lonlat (4500x3251) to lonlat (360x170) grid, with source mask (9244901)
cdo    remapbil: Bilinear weights from lonlat (4500x3251) to lonlat (360x170) grid, with source mask (9167129)
cdo    remapbil: Bilinear weights from lonlat (4500x3251) to lonlat (360x170) grid, with source mask (9032413)
cdo    remapbil: Bilinear weights from lonlat (4500x3251) to lonlat (360x170) grid, with source mask (8923756)
cdo    remapbil: Bilinear weights from lonlat (4500x3251) to lonlat (360x170) grid, with source mask (8825169)
cdo    remapbil: Bilinear weights from lonlat (4500x3251) to lonlat (360x170) grid, with source mask (8741043)
cdo    remapbil: Bilinear weights from lonlat (4500x3251) to lonlat (360x170) grid, with source mask (8669422)
cdo    remapbil: Bilinear weights from lonlat (4500x3251) to lonlat (360x170) grid, with source mask (8547872)
cdo    remapbil: Bilinear weights from lonlat (4500x3251) to lonlat (360x170) grid, with source mask (8453750)
cdo    remapbil: Bilinear weights from lonlat (4500x3251) to lonlat (360x170) grid, with source mask (8387576)
cdo    remapbil: Bilinear weights from lonlat (4500x3251) to lonlat (360x170) grid, with source mask (8336479)
cdo    remapbil: Bilinear weights from lonlat (4500x3251) to lonlat (360x170) grid, with source mask (8290417)
cdo    remapbil: Bilinear weights from lonlat (4500x3251) to lonlat (360x170) grid, with source mask (8247815)
cdo    remapbil: Bilinear weights from lonlat (4500x3251) to lonlat (360x170) grid, with source mask (8128477)
cdo    remapbil: Bilinear weights from lonlat (4500x3251) to lonlat (360x170) grid, with source mask (7994116)
cdo    remapbil: Bilinear weights from lonlat (4500x3251) to lonlat (360x170) grid, with source mask (7692126)
cdo    remapbil: Bilinear weights from lonlat (4500x3251) to lonlat (360x170) grid, with source mask (7286838)
cdo    remapbil: Bilinear weights from lonlat (4500x3251) to lonlat (360x170) grid, with source mask (6658426)
cdo    remapbil: Bilinear weights from lonlat (4500x3251) to lonlat (360x170) grid, with source mask (4336945)
cdo    remapbil: Bilinear weights from lonlat (4500x3251) to lonlat (360x170) grid, with source mask (1454435)
------------------------------------------------
Interplating /work/home/acrzcyisbk/HYCOM_monthly/ts3z/degree_0083/GLBv0.08_53X_archMN.2010_04_ts3z.nc
cdo    remapbil: Bilinear weights from lonlat (4500x3251) to lonlat (360x170) grid, with source mask (9974940)
cdo    remapbil: Bilinear weights from lonlat (4500x3251) to lonlat (360x170) grid, with source mask (9952885)
cdo    remapbil: Bilinear weights from lonlat (4500x3251) to lonlat (360x170) grid, with source mask (9939291)
cdo    remapbil: Bilinear weights from lonlat (4500x3251) to lonlat (360x170) grid, with source mask (9925415)
cdo    remapbil: Bilinear weights from lonlat (4500x3251) to lonlat (360x170) grid, with source mask (9909528)
cdo    remapbil: Bilinear weights from lonlat (4500x3251) to lonlat (360x170) grid, with source mask (9887620)
cdo    remapbil: Bilinear weights from lonlat (4500x3251) to lonlat (360x170) grid, with source mask (9846685)
cdo    remapbil: Bilinear weights from lonlat (4500x3251) to lonlat (360x170) grid, with source mask (9804573)
cdo    remapbil: Bilinear weights from lonlat (4500x3251) to lonlat (360x170) grid, with source mask (9767299)
cdo    remapbil: Bilinear weights from lonlat (4500x3251) to lonlat (360x170) grid, with source mask (9730643)
cdo    remapbil: Bilinear weights from lonlat (4500x3251) to lonlat (360x170) grid, with source mask (9691209)
cdo    remapbil: Bilinear weights from lonlat (4500x3251) to lonlat (360x170) grid, with source mask (9648582)
cdo    remapbil: Bilinear weights from lonlat (4500x3251) to lonlat (360x170) grid, with source mask (9606865)
cdo    remapbil: Bilinear weights from lonlat (4500x3251) to lonlat (360x170) grid, with source mask (9536477)
cdo    remapbil: Bilinear weights from lonlat (4500x3251) to lonlat (360x170) grid, with source mask (9480678)
cdo    remapbil: Bilinear weights from lonlat (4500x3251) to lonlat (360x170) grid, with source mask (9430184)
cdo    remapbil: Bilinear weights from lonlat (4500x3251) to lonlat (360x170) grid, with source mask (9384784)
cdo    remapbil: Bilinear weights from lonlat (4500x3251) to lonlat (360x170) grid, with source mask (9338856)
cdo    remapbil: Bilinear weights from lonlat (4500x3251) to lonlat (360x170) grid, with source mask (9244901)
cdo    remapbil: Bilinear weights from lonlat (4500x3251) to lonlat (360x170) grid, with source mask (9167129)
cdo    remapbil: Bilinear weights from lonlat (4500x3251) to lonlat (360x170) grid, with source mask (9032413)
cdo    remapbil: Bilinear weights from lonlat (4500x3251) to lonlat (360x170) grid, with source mask (8923756)
cdo    remapbil: Bilinear weights from lonlat (4500x3251) to lonlat (360x170) grid, with source mask (8825169)
cdo    remapbil: Bilinear weights from lonlat (4500x3251) to lonlat (360x170) grid, with source mask (8741043)
cdo    remapbil: Bilinear weights from lonlat (4500x3251) to lonlat (360x170) grid, with source mask (8669422)
cdo    remapbil: Bilinear weights from lonlat (4500x3251) to lonlat (360x170) grid, with source mask (8547872)
cdo    remapbil: Bilinear weights from lonlat (4500x3251) to lonlat (360x170) grid, with source mask (8453750)
cdo    remapbil: Bilinear weights from lonlat (4500x3251) to lonlat (360x170) grid, with source mask (8387576)
cdo    remapbil: Bilinear weights from lonlat (4500x3251) to lonlat (360x170) grid, with source mask (8336479)
cdo    remapbil: Bilinear weights from lonlat (4500x3251) to lonlat (360x170) grid, with source mask (8290417)
cdo    remapbil: Bilinear weights from lonlat (4500x3251) to lonlat (360x170) grid, with source mask (8247815)
cdo    remapbil: Bilinear weights from lonlat (4500x3251) to lonlat (360x170) grid, with source mask (8128477)
cdo    remapbil: Bilinear weights from lonlat (4500x3251) to lonlat (360x170) grid, with source mask (7994116)
cdo    remapbil: Bilinear weights from lonlat (4500x3251) to lonlat (360x170) grid, with source mask (7692126)
cdo    remapbil: Bilinear weights from lonlat (4500x3251) to lonlat (360x170) grid, with source mask (7286838)
cdo    remapbil: Bilinear weights from lonlat (4500x3251) to lonlat (360x170) grid, with source mask (6658426)
cdo    remapbil: Bilinear weights from lonlat (4500x3251) to lonlat (360x170) grid, with source mask (4336945)
cdo    remapbil: Bilinear weights from lonlat (4500x3251) to lonlat (360x170) grid, with source mask (1454435)
/work/home/acrzcyisbk/HYCOM_monthly/ts3z/degree_1/GLBv0.08_53X_archMN.1994_01_1994_12_ts3z.nc exists, skip
/work/home/acrzcyisbk/HYCOM_monthly/ts3z/degree_1/GLBv0.08_53X_archMN.1995_04_ts3z.nc exists, skip
/work/home/acrzcyisbk/HYCOM_monthly/ts3z/degree_1/GLBv0.08_53X_archMN.1995_05_ts3z.nc exists, skip
/work/home/acrzcyisbk/HYCOM_monthly/ts3z/degree_1/GLBv0.08_53X_archMN.1995_07_ts3z.nc exists, skip
/work/home/acrzcyisbk/HYCOM_monthly/ts3z/degree_1/GLBv0.08_53X_archMN.1996_01_1996_12_ts3z.nc exists, skip
/work/home/acrzcyisbk/HYCOM_monthly/ts3z/degree_1/GLBv0.08_53X_archMN.1996_01_ts3z.nc exists, skip
/work/home/acrzcyisbk/HYCOM_monthly/ts3z/degree_1/GLBv0.08_53X_archMN.1996_03_ts3z.nc exists, skip
/work/home/acrzcyisbk/HYCOM_monthly/ts3z/degree_1/GLBv0.08_53X_archMN.1997_08_ts3z.nc exists, skip
/work/home/acrzcyisbk/HYCOM_monthly/ts3z/degree_1/GLBv0.08_53X_archMN.1998_11_ts3z.nc exists, skip
/work/home/acrzcyisbk/HYCOM_monthly/ts3z/degree_1/GLBv0.08_53X_archMN.1999_01_1999_12_ts3z.nc exists, skip
/work/home/acrzcyisbk/HYCOM_monthly/ts3z/degree_1/GLBv0.08_53X_archMN.1999_04_ts3z.nc exists, skip
/work/home/acrzcyisbk/HYCOM_monthly/ts3z/degree_1/GLBv0.08_53X_archMN.1999_05_ts3z.nc exists, skip
/work/home/acrzcyisbk/HYCOM_monthly/ts3z/degree_1/GLBv0.08_53X_archMN.1999_07_ts3z.nc exists, skip
/work/home/acrzcyisbk/HYCOM_monthly/ts3z/degree_1/GLBv0.08_53X_archMN.2000_01_2000_12_ts3z.nc exists, skip
/work/home/acrzcyisbk/HYCOM_monthly/ts3z/degree_1/GLBv0.08_53X_archMN.2000_11_ts3z.nc exists, skip
/work/home/acrzcyisbk/HYCOM_monthly/ts3z/degree_1/GLBv0.08_53X_archMN.2001_04_ts3z.nc exists, skip
/work/home/acrzcyisbk/HYCOM_monthly/ts3z/degree_1/GLBv0.08_53X_archMN.2002_01_2002_12_ts3z.nc exists, skip
/work/home/acrzcyisbk/HYCOM_monthly/ts3z/degree_1/GLBv0.08_53X_archMN.2002_01_ts3z.nc exists, skip
/work/home/acrzcyisbk/HYCOM_monthly/ts3z/degree_1/GLBv0.08_53X_archMN.2002_03_ts3z.nc exists, skip
/work/home/acrzcyisbk/HYCOM_monthly/ts3z/degree_1/GLBv0.08_53X_archMN.2005_04_ts3z.nc exists, skip
/work/home/acrzcyisbk/HYCOM_monthly/ts3z/degree_1/GLBv0.08_53X_archMN.2006_01_ts3z.nc exists, skip
/work/home/acrzcyisbk/HYCOM_monthly/ts3z/degree_1/GLBv0.08_53X_archMN.2007_08_ts3z.nc exists, skip
/work/home/acrzcyisbk/HYCOM_monthly/ts3z/degree_1/GLBv0.08_53X_archMN.2008_11_ts3z.nc exists, skip
/work/home/acrzcyisbk/HYCOM_monthly/ts3z/degree_1/GLBv0.08_53X_archMN.2009_04_ts3z.nc exists, skip
/work/home/acrzcyisbk/HYCOM_monthly/ts3z/degree_1/GLBv0.08_53X_archMN.2009_07_ts3z.nc exists, skip
/work/home/acrzcyisbk/HYCOM_monthly/ts3z/degree_1/GLBv0.08_53X_archMN.2010_01_ts3z.nc exists, skip
/work/home/acrzcyisbk/HYCOM_monthly/ts3z/degree_1/GLBv0.08_53X_archMN.2012_11_ts3z.nc exists, skip
/work/home/acrzcyisbk/HYCOM_monthly/ts3z/degree_1/GLBv0.08_53X_archMN.2013_04_ts3z.nc exists, skip
/work/home/acrzcyisbk/HYCOM_monthly/ts3z/degree_1/GLBv0.08_53X_archMN.2013_05_ts3z.nc exists, skip
/work/home/acrzcyisbk/HYCOM_monthly/ts3z/degree_1/GLBv0.08_53X_archMN.2013_07_ts3z.nc exists, skip
/work/home/acrzcyisbk/HYCOM_monthly/ts3z/degree_1/GLBv0.08_53X_archMN.2014_01_2014_12_ts3z.nc exists, skip
/work/home/acrzcyisbk/HYCOM_monthly/ts3z/degree_1/GLBv0.08_53X_archMN.2014_01_ts3z.nc exists, skip
/work/home/acrzcyisbk/HYCOM_monthly/ts3z/degree_1/GLBv0.08_53X_archMN.2014_03_ts3z.nc exists, skip
------------------------------------------------
Interplating /work/home/acrzcyisbk/HYCOM_monthly/ts3z/degree_0083/GLBv0.08_53X_archMN.1994_11_ts3z.nc
cdo    remapbil: Bilinear weights from lonlat (4500x3251) to lonlat (360x170) grid, with source mask (9974940)
cdo    remapbil: Bilinear weights from lonlat (4500x3251) to lonlat (360x170) grid, with source mask (9952885)
cdo    remapbil: Bilinear weights from lonlat (4500x3251) to lonlat (360x170) grid, with source mask (9939291)
cdo    remapbil: Bilinear weights from lonlat (4500x3251) to lonlat (360x170) grid, with source mask (9925415)
cdo    remapbil: Bilinear weights from lonlat (4500x3251) to lonlat (360x170) grid, with source mask (9909528)
cdo    remapbil: Bilinear weights from lonlat (4500x3251) to lonlat (360x170) grid, with source mask (9887620)
cdo    remapbil: Bilinear weights from lonlat (4500x3251) to lonlat (360x170) grid, with source mask (9846685)
cdo    remapbil: Bilinear weights from lonlat (4500x3251) to lonlat (360x170) grid, with source mask (9804573)
cdo    remapbil: Bilinear weights from lonlat (4500x3251) to lonlat (360x170) grid, with source mask (9767299)
cdo    remapbil: Bilinear weights from lonlat (4500x3251) to lonlat (360x170) grid, with source mask (9730643)
cdo    remapbil: Bilinear weights from lonlat (4500x3251) to lonlat (360x170) grid, with source mask (9691209)
cdo    remapbil: Bilinear weights from lonlat (4500x3251) to lonlat (360x170) grid, with source mask (9648582)
cdo    remapbil: Bilinear weights from lonlat (4500x3251) to lonlat (360x170) grid, with source mask (9606865)
cdo    remapbil: Bilinear weights from lonlat (4500x3251) to lonlat (360x170) grid, with source mask (9536477)
cdo    remapbil: Bilinear weights from lonlat (4500x3251) to lonlat (360x170) grid, with source mask (9480678)
cdo    remapbil: Bilinear weights from lonlat (4500x3251) to lonlat (360x170) grid, with source mask (9430184)
cdo    remapbil: Bilinear weights from lonlat (4500x3251) to lonlat (360x170) grid, with source mask (9384784)
cdo    remapbil: Bilinear weights from lonlat (4500x3251) to lonlat (360x170) grid, with source mask (9338856)
cdo    remapbil: Bilinear weights from lonlat (4500x3251) to lonlat (360x170) grid, with source mask (9244901)
cdo    remapbil: Bilinear weights from lonlat (4500x3251) to lonlat (360x170) grid, with source mask (9167129)
cdo    remapbil: Bilinear weights from lonlat (4500x3251) to lonlat (360x170) grid, with source mask (9032413)
cdo    remapbil: Bilinear weights from lonlat (4500x3251) to lonlat (360x170) grid, with source mask (8923756)
cdo    remapbil: Bilinear weights from lonlat (4500x3251) to lonlat (360x170) grid, with source mask (8825169)
cdo    remapbil: Bilinear weights from lonlat (4500x3251) to lonlat (360x170) grid, with source mask (8741043)
cdo    remapbil: Bilinear weights from lonlat (4500x3251) to lonlat (360x170) grid, with source mask (8669422)
cdo    remapbil: Bilinear weights from lonlat (4500x3251) to lonlat (360x170) grid, with source mask (8547872)
cdo    remapbil: Bilinear weights from lonlat (4500x3251) to lonlat (360x170) grid, with source mask (8453750)
cdo    remapbil: Bilinear weights from lonlat (4500x3251) to lonlat (360x170) grid, with source mask (8387576)
cdo    remapbil: Bilinear weights from lonlat (4500x3251) to lonlat (360x170) grid, with source mask (8336479)
cdo    remapbil: Bilinear weights from lonlat (4500x3251) to lonlat (360x170) grid, with source mask (8290417)
cdo    remapbil: Bilinear weights from lonlat (4500x3251) to lonlat (360x170) grid, with source mask (8247815)
cdo    remapbil: Bilinear weights from lonlat (4500x3251) to lonlat (360x170) grid, with source mask (8128477)
cdo    remapbil: Bilinear weights from lonlat (4500x3251) to lonlat (360x170) grid, with source mask (7994116)
cdo    remapbil: Bilinear weights from lonlat (4500x3251) to lonlat (360x170) grid, with source mask (7692126)
cdo    remapbil: Bilinear weights from lonlat (4500x3251) to lonlat (360x170) grid, with source mask (7286838)
cdo    remapbil: Bilinear weights from lonlat (4500x3251) to lonlat (360x170) grid, with source mask (6658426)
cdo    remapbil: Bilinear weights from lonlat (4500x3251) to lonlat (360x170) grid, with source mask (4336945)
cdo    remapbil: Bilinear weights from lonlat (4500x3251) to lonlat (360x170) grid, with source mask (1454435)
------------------------------------------------
Interplating /work/home/acrzcyisbk/HYCOM_monthly/ts3z/degree_0083/GLBv0.08_53X_archMN.2001_07_ts3z.nc
cdo    remapbil: Bilinear weights from lonlat (4500x3251) to lonlat (360x170) grid, with source mask (9974940)
cdo    remapbil: Bilinear weights from lonlat (4500x3251) to lonlat (360x170) grid, with source mask (11504783)
cdo    remapbil: Bilinear weights from lonlat (4500x3251) to lonlat (360x170) grid, with source mask (14489970)
cdo    remapbil: Bilinear weights from lonlat (4500x3251) to lonlat (360x170) grid, with source mask (14489970)
cdo    remapbil: Bilinear weights from lonlat (4500x3251) to lonlat (360x170) grid, with source mask (14489970)
cdo    remapbil: Bilinear weights from lonlat (4500x3251) to lonlat (360x170) grid, with source mask (14559735)
cdo    remapbil: Bilinear weights from lonlat (4500x3251) to lonlat (360x170) grid, with source mask (14489970)
cdo    remapbil: Bilinear weights from lonlat (4500x3251) to lonlat (360x170) grid, with source mask (14489970)
cdo    remapbil: Bilinear weights from lonlat (4500x3251) to lonlat (360x170) grid, with source mask (14489970)
cdo    remapbil: Bilinear weights from lonlat (4500x3251) to lonlat (360x170) grid, with source mask (14559735)
cdo    remapbil: Bilinear weights from lonlat (4500x3251) to lonlat (360x170) grid, with source mask (14489970)
cdo    remapbil: Bilinear weights from lonlat (4500x3251) to lonlat (360x170) grid, with source mask (14489970)
cdo    remapbil: Bilinear weights from lonlat (4500x3251) to lonlat (360x170) grid, with source mask (14489970)
cdo    remapbil: Bilinear weights from lonlat (4500x3251) to lonlat (360x170) grid, with source mask (14559735)
cdo    remapbil: Bilinear weights from lonlat (4500x3251) to lonlat (360x170) grid, with source mask (14489970)
cdo    remapbil: Bilinear weights from lonlat (4500x3251) to lonlat (360x170) grid, with source mask (14489970)
cdo    remapbil: Bilinear weights from lonlat (4500x3251) to lonlat (360x170) grid, with source mask (14489970)
cdo    remapbil: Bilinear weights from lonlat (4500x3251) to lonlat (360x170) grid, with source mask (14559735)
cdo    remapbil: Bilinear weights from lonlat (4500x3251) to lonlat (360x170) grid, with source mask (14489970)
cdo    remapbil: Bilinear weights from lonlat (4500x3251) to lonlat (360x170) grid, with source mask (14489970)
cdo    remapbil: Bilinear weights from lonlat (4500x3251) to lonlat (360x170) grid, with source mask (14489970)
cdo    remapbil: Bilinear weights from lonlat (4500x3251) to lonlat (360x170) grid, with source mask (14559735)
cdo    remapbil: Bilinear weights from lonlat (4500x3251) to lonlat (360x170) grid, with source mask (14489970)
cdo    remapbil: Bilinear weights from lonlat (4500x3251) to lonlat (360x170) grid, with source mask (14489970)
cdo    remapbil: Bilinear weights from lonlat (4500x3251) to lonlat (360x170) grid, with source mask (14489970)
cdo    remapbil: Bilinear weights from lonlat (4500x3251) to lonlat (360x170) grid, with source mask (14559735)
cdo    remapbil: Bilinear weights from lonlat (4500x3251) to lonlat (360x170) grid, with source mask (14489970)
cdo    remapbil: Bilinear weights from lonlat (4500x3251) to lonlat (360x170) grid, with source mask (14489970)
cdo    remapbil: Bilinear weights from lonlat (4500x3251) to lonlat (360x170) grid, with source mask (14489970)
cdo    remapbil: Bilinear weights from lonlat (4500x3251) to lonlat (360x170) grid, with source mask (14559735)
cdo    remapbil: Bilinear weights from lonlat (4500x3251) to lonlat (360x170) grid, with source mask (14489970)
cdo    remapbil: Bilinear weights from lonlat (4500x3251) to lonlat (360x170) grid, with source mask (14489970)
cdo    remapbil: Bilinear weights from lonlat (4500x3251) to lonlat (360x170) grid, with source mask (14489970)
cdo    remapbil: Bilinear weights from lonlat (4500x3251) to lonlat (360x170) grid, with source mask (14559735)
cdo    remapbil: Bilinear weights from lonlat (4500x3251) to lonlat (360x170) grid, with source mask (14489970)
cdo    remapbil: Bilinear weights from lonlat (4500x3251) to lonlat (360x170) grid, with source mask (14489970)
cdo    remapbil: Bilinear weights from lonlat (4500x3251) to lonlat (360x170) grid, with source mask (14489970)
cdo    remapbil: Bilinear weights from lonlat (4500x3251) to lonlat (360x170) grid, with source mask (14559735)
cdo    remapbil: Bilinear weights from lonlat (4500x3251) to lonlat (360x170) grid, with source mask (14489970)
cdo    remapbil: Bilinear weights from lonlat (4500x3251) to lonlat (360x170) grid, with source mask (14489970)
cdo    remapbil: Bilinear weights from lonlat (4500x3251) to lonlat (360x170) grid, with source mask (14559735)
cdo    remapbil: Bilinear weights from lonlat (4500x3251) to lonlat (360x170) grid, with source mask (14594744)
cdo    remapbil: Bilinear weights from lonlat (4500x3251) to lonlat (360x170) grid, with source mask (14594744)
cdo    remapbil: Bilinear weights from lonlat (4500x3251) to lonlat (360x170) grid, with source mask (14594744)
cdo    remapbil: Bilinear weights from lonlat (4500x3251) to lonlat (360x170) grid, with source mask (14612122)
cdo    remapbil: Bilinear weights from lonlat (4500x3251) to lonlat (360x170) grid, with source mask (14594744)
cdo    remapbil: Bilinear weights from lonlat (4500x3251) to lonlat (360x170) grid, with source mask (14594744)
cdo    remapbil: Bilinear weights from lonlat (4500x3251) to lonlat (360x170) grid, with source mask (14594744)
cdo    remapbil: Bilinear weights from lonlat (4500x3251) to lonlat (360x170) grid, with source mask (14612122)
cdo    remapbil: Bilinear weights from lonlat (4500x3251) to lonlat (360x170) grid, with source mask (14594744)
cdo    remapbil: Bilinear weights from lonlat (4500x3251) to lonlat (360x170) grid, with source mask (14594744)
cdo    remapbil: Bilinear weights from lonlat (4500x3251) to lonlat (360x170) grid, with source mask (14594744)
cdo    remapbil: Bilinear weights from lonlat (4500x3251) to lonlat (360x170) grid, with source mask (14612122)
cdo    remapbil: Bilinear weights from lonlat (4500x3251) to lonlat (360x170) grid, with source mask (14594744)
cdo    remapbil: Bilinear weights from lonlat (4500x3251) to lonlat (360x170) grid, with source mask (14594744)
cdo    remapbil: Bilinear weights from lonlat (4500x3251) to lonlat (360x170) grid, with source mask (14594744)
cdo    remapbil: Bilinear weights from lonlat (4500x3251) to lonlat (360x170) grid, with source mask (14612122)
cdo    remapbil: Bilinear weights from lonlat (4500x3251) to lonlat (360x170) grid, with source mask (14594744)
cdo    remapbil: Bilinear weights from lonlat (4500x3251) to lonlat (360x170) grid, with source mask (14594744)
cdo    remapbil: Bilinear weights from lonlat (4500x3251) to lonlat (360x170) grid, with source mask (14594744)
cdo    remapbil: Bilinear weights from lonlat (4500x3251) to lonlat (360x170) grid, with source mask (14612122)
cdo    remapbil: Bilinear weights from lonlat (4500x3251) to lonlat (360x170) grid, with source mask (14594744)
cdo    remapbil: Bilinear weights from lonlat (4500x3251) to lonlat (360x170) grid, with source mask (14594744)
cdo    remapbil: Bilinear weights from lonlat (4500x3251) to lonlat (360x170) grid, with source mask (14594744)
cdo    remapbil: Bilinear weights from lonlat (4500x3251) to lonlat (360x170) grid, with source mask (14612122)
cdo    remapbil: Bilinear weights from lonlat (4500x3251) to lonlat (360x170) grid, with source mask (14594744)
cdo    remapbil: Bilinear weights from lonlat (4500x3251) to lonlat (360x170) grid, with source mask (14594744)
cdo    remapbil: Bilinear weights from lonlat (4500x3251) to lonlat (360x170) grid, with source mask (14594744)
cdo    remapbil: Bilinear weights from lonlat (4500x3251) to lonlat (360x170) grid, with source mask (14612122)
cdo    remapbil: Bilinear weights from lonlat (4500x3251) to lonlat (360x170) grid, with source mask (14594744)
cdo    remapbil: Bilinear weights from lonlat (4500x3251) to lonlat (360x170) grid, with source mask (14594744)
cdo    remapbil: Bilinear weights from lonlat (4500x3251) to lonlat (360x170) grid, with source mask (14594744)
cdo    remapbil: Bilinear weights from lonlat (4500x3251) to lonlat (360x170) grid, with source mask (14612122)
cdo    remapbil: Bilinear weights from lonlat (4500x3251) to lonlat (360x170) grid, with source mask (14594744)
cdo    remapbil: Bilinear weights from lonlat (4500x3251) to lonlat (360x170) grid, with source mask (14594744)
cdo    remapbil: Bilinear weights from lonlat (4500x3251) to lonlat (360x170) grid, with source mask (14594744)
cdo    remapbil: Bilinear weights from lonlat (4500x3251) to lonlat (360x170) grid, with source mask (14612122)
cdo    remapbil: Bilinear weights from lonlat (4500x3251) to lonlat (360x170) grid, with source mask (14594744)
------------------------------------------------
Interplating /work/home/acrzcyisbk/HYCOM_monthly/ts3z/degree_0083/GLBv0.08_53X_archMN.2003_08_ts3z.nc
cdo    remapbil: Bilinear weights from lonlat (4500x3251) to lonlat (360x170) grid, with source mask (9974940)
cdo    remapbil: Bilinear weights from lonlat (4500x3251) to lonlat (360x170) grid, with source mask (9952885)
cdo    remapbil: Bilinear weights from lonlat (4500x3251) to lonlat (360x170) grid, with source mask (9939291)
cdo    remapbil: Bilinear weights from lonlat (4500x3251) to lonlat (360x170) grid, with source mask (9925415)
cdo    remapbil: Bilinear weights from lonlat (4500x3251) to lonlat (360x170) grid, with source mask (9909528)
cdo    remapbil: Bilinear weights from lonlat (4500x3251) to lonlat (360x170) grid, with source mask (9887620)
cdo    remapbil: Bilinear weights from lonlat (4500x3251) to lonlat (360x170) grid, with source mask (9846685)
cdo    remapbil: Bilinear weights from lonlat (4500x3251) to lonlat (360x170) grid, with source mask (9804573)
cdo    remapbil: Bilinear weights from lonlat (4500x3251) to lonlat (360x170) grid, with source mask (9767299)
cdo    remapbil: Bilinear weights from lonlat (4500x3251) to lonlat (360x170) grid, with source mask (9730643)
cdo    remapbil: Bilinear weights from lonlat (4500x3251) to lonlat (360x170) grid, with source mask (9691209)
cdo    remapbil: Bilinear weights from lonlat (4500x3251) to lonlat (360x170) grid, with source mask (9648582)
cdo    remapbil: Bilinear weights from lonlat (4500x3251) to lonlat (360x170) grid, with source mask (9606865)
cdo    remapbil: Bilinear weights from lonlat (4500x3251) to lonlat (360x170) grid, with source mask (9536477)
cdo    remapbil: Bilinear weights from lonlat (4500x3251) to lonlat (360x170) grid, with source mask (9480678)
cdo    remapbil: Bilinear weights from lonlat (4500x3251) to lonlat (360x170) grid, with source mask (9430184)
cdo    remapbil: Bilinear weights from lonlat (4500x3251) to lonlat (360x170) grid, with source mask (9384784)
cdo    remapbil: Bilinear weights from lonlat (4500x3251) to lonlat (360x170) grid, with source mask (9338856)
cdo    remapbil: Bilinear weights from lonlat (4500x3251) to lonlat (360x170) grid, with source mask (9244901)
cdo    remapbil: Bilinear weights from lonlat (4500x3251) to lonlat (360x170) grid, with source mask (9167129)
cdo    remapbil: Bilinear weights from lonlat (4500x3251) to lonlat (360x170) grid, with source mask (9032413)
cdo    remapbil: Bilinear weights from lonlat (4500x3251) to lonlat (360x170) grid, with source mask (8923756)
cdo    remapbil: Bilinear weights from lonlat (4500x3251) to lonlat (360x170) grid, with source mask (8825169)
cdo    remapbil: Bilinear weights from lonlat (4500x3251) to lonlat (360x170) grid, with source mask (8741043)
cdo    remapbil: Bilinear weights from lonlat (4500x3251) to lonlat (360x170) grid, with source mask (8669422)
cdo    remapbil: Bilinear weights from lonlat (4500x3251) to lonlat (360x170) grid, with source mask (8547872)
cdo    remapbil: Bilinear weights from lonlat (4500x3251) to lonlat (360x170) grid, with source mask (8453750)
cdo    remapbil: Bilinear weights from lonlat (4500x3251) to lonlat (360x170) grid, with source mask (8387576)
cdo    remapbil: Bilinear weights from lonlat (4500x3251) to lonlat (360x170) grid, with source mask (8336479)
cdo    remapbil: Bilinear weights from lonlat (4500x3251) to lonlat (360x170) grid, with source mask (8290417)
cdo    remapbil: Bilinear weights from lonlat (4500x3251) to lonlat (360x170) grid, with source mask (8247815)
cdo    remapbil: Bilinear weights from lonlat (4500x3251) to lonlat (360x170) grid, with source mask (8128477)
cdo    remapbil: Bilinear weights from lonlat (4500x3251) to lonlat (360x170) grid, with source mask (7994116)
cdo    remapbil: Bilinear weights from lonlat (4500x3251) to lonlat (360x170) grid, with source mask (7692126)
cdo    remapbil: Bilinear weights from lonlat (4500x3251) to lonlat (360x170) grid, with source mask (7286838)
cdo    remapbil: Bilinear weights from lonlat (4500x3251) to lonlat (360x170) grid, with source mask (6658426)
cdo    remapbil: Bilinear weights from lonlat (4500x3251) to lonlat (360x170) grid, with source mask (4336945)
cdo    remapbil: Bilinear weights from lonlat (4500x3251) to lonlat (360x170) grid, with source mask (1454435)
------------------------------------------------
Interplating /work/home/acrzcyisbk/HYCOM_monthly/ts3z/degree_0083/GLBv0.08_53X_archMN.2010_03_ts3z.nc
cdo    remapbil: Open failed on >/work/home/acrzcyisbk/HYCOM_monthly/ts3z/degree_0083/GLBv0.08_53X_archMN.2010_03_ts3z.nc<
                 Unsupported file type
------------------------------------------------
Interplating /work/home/acrzcyisbk/HYCOM_monthly/ts3z/degree_0083/GLBv0.08_53X_archMN.2004_11_ts3z.nc
cdo    remapbil: Bilinear weights from lonlat (4500x3251) to lonlat (360x170) grid, with source mask (9974940)
cdo    remapbil: Bilinear weights from lonlat (4500x3251) to lonlat (360x170) grid, with source mask (9952885)
cdo    remapbil: Bilinear weights from lonlat (4500x3251) to lonlat (360x170) grid, with source mask (9939291)
cdo    remapbil: Bilinear weights from lonlat (4500x3251) to lonlat (360x170) grid, with source mask (9925415)
cdo    remapbil: Bilinear weights from lonlat (4500x3251) to lonlat (360x170) grid, with source mask (9909528)
cdo    remapbil: Bilinear weights from lonlat (4500x3251) to lonlat (360x170) grid, with source mask (9887620)
cdo    remapbil: Bilinear weights from lonlat (4500x3251) to lonlat (360x170) grid, with source mask (9846685)
cdo    remapbil: Bilinear weights from lonlat (4500x3251) to lonlat (360x170) grid, with source mask (9804573)
cdo    remapbil: Bilinear weights from lonlat (4500x3251) to lonlat (360x170) grid, with source mask (9767299)
cdo    remapbil: Bilinear weights from lonlat (4500x3251) to lonlat (360x170) grid, with source mask (9730643)
cdo    remapbil: Bilinear weights from lonlat (4500x3251) to lonlat (360x170) grid, with source mask (9691209)
cdo    remapbil: Bilinear weights from lonlat (4500x3251) to lonlat (360x170) grid, with source mask (9648582)
cdo    remapbil: Bilinear weights from lonlat (4500x3251) to lonlat (360x170) grid, with source mask (9606865)
cdo    remapbil: Bilinear weights from lonlat (4500x3251) to lonlat (360x170) grid, with source mask (9536477)
cdo    remapbil: Bilinear weights from lonlat (4500x3251) to lonlat (360x170) grid, with source mask (9480678)
cdo    remapbil: Bilinear weights from lonlat (4500x3251) to lonlat (360x170) grid, with source mask (9430184)
cdo    remapbil: Bilinear weights from lonlat (4500x3251) to lonlat (360x170) grid, with source mask (9384784)
cdo    remapbil: Bilinear weights from lonlat (4500x3251) to lonlat (360x170) grid, with source mask (9338856)
cdo    remapbil: Bilinear weights from lonlat (4500x3251) to lonlat (360x170) grid, with source mask (9244901)
cdo    remapbil: Bilinear weights from lonlat (4500x3251) to lonlat (360x170) grid, with source mask (9167129)
cdo    remapbil: Bilinear weights from lonlat (4500x3251) to lonlat (360x170) grid, with source mask (9032413)
cdo    remapbil: Bilinear weights from lonlat (4500x3251) to lonlat (360x170) grid, with source mask (8923756)
cdo    remapbil: Bilinear weights from lonlat (4500x3251) to lonlat (360x170) grid, with source mask (8825169)
cdo    remapbil: Bilinear weights from lonlat (4500x3251) to lonlat (360x170) grid, with source mask (8741043)
cdo    remapbil: Bilinear weights from lonlat (4500x3251) to lonlat (360x170) grid, with source mask (8669422)
cdo    remapbil: Bilinear weights from lonlat (4500x3251) to lonlat (360x170) grid, with source mask (8547872)
cdo    remapbil: Bilinear weights from lonlat (4500x3251) to lonlat (360x170) grid, with source mask (8453750)
cdo    remapbil: Bilinear weights from lonlat (4500x3251) to lonlat (360x170) grid, with source mask (8387576)
cdo    remapbil: Bilinear weights from lonlat (4500x3251) to lonlat (360x170) grid, with source mask (8336479)
cdo    remapbil: Bilinear weights from lonlat (4500x3251) to lonlat (360x170) grid, with source mask (8290417)
cdo    remapbil: Bilinear weights from lonlat (4500x3251) to lonlat (360x170) grid, with source mask (8247815)
cdo    remapbil: Bilinear weights from lonlat (4500x3251) to lonlat (360x170) grid, with source mask (8128477)
cdo    remapbil: Bilinear weights from lonlat (4500x3251) to lonlat (360x170) grid, with source mask (7994116)
cdo    remapbil: Bilinear weights from lonlat (4500x3251) to lonlat (360x170) grid, with source mask (7692126)
cdo    remapbil: Bilinear weights from lonlat (4500x3251) to lonlat (360x170) grid, with source mask (7286838)
cdo    remapbil: Bilinear weights from lonlat (4500x3251) to lonlat (360x170) grid, with source mask (6658426)
cdo    remapbil: Bilinear weights from lonlat (4500x3251) to lonlat (360x170) grid, with source mask (4336945)
cdo    remapbil: Bilinear weights from lonlat (4500x3251) to lonlat (360x170) grid, with source mask (1454435)
------------------------------------------------
Interplating /work/home/acrzcyisbk/HYCOM_monthly/ts3z/degree_0083/GLBv0.08_53X_archMN.2005_07_ts3z.nc
cdo    remapbil: Bilinear weights from lonlat (4500x3251) to lonlat (360x170) grid, with source mask (9974940)
cdo    remapbil: Bilinear weights from lonlat (4500x3251) to lonlat (360x170) grid, with source mask (9952885)
cdo    remapbil: Bilinear weights from lonlat (4500x3251) to lonlat (360x170) grid, with source mask (9939291)
cdo    remapbil: Bilinear weights from lonlat (4500x3251) to lonlat (360x170) grid, with source mask (9925415)
cdo    remapbil: Bilinear weights from lonlat (4500x3251) to lonlat (360x170) grid, with source mask (9909528)
cdo    remapbil: Bilinear weights from lonlat (4500x3251) to lonlat (360x170) grid, with source mask (9887620)
cdo    remapbil: Bilinear weights from lonlat (4500x3251) to lonlat (360x170) grid, with source mask (9846685)
cdo    remapbil: Bilinear weights from lonlat (4500x3251) to lonlat (360x170) grid, with source mask (9804573)
cdo    remapbil: Bilinear weights from lonlat (4500x3251) to lonlat (360x170) grid, with source mask (9767299)
cdo    remapbil: Bilinear weights from lonlat (4500x3251) to lonlat (360x170) grid, with source mask (9730643)
cdo    remapbil: Bilinear weights from lonlat (4500x3251) to lonlat (360x170) grid, with source mask (9691209)
cdo    remapbil: Bilinear weights from lonlat (4500x3251) to lonlat (360x170) grid, with source mask (9648582)
cdo    remapbil: Bilinear weights from lonlat (4500x3251) to lonlat (360x170) grid, with source mask (9606865)
cdo    remapbil: Bilinear weights from lonlat (4500x3251) to lonlat (360x170) grid, with source mask (9536477)
cdo    remapbil: Bilinear weights from lonlat (4500x3251) to lonlat (360x170) grid, with source mask (9480678)
cdo    remapbil: Bilinear weights from lonlat (4500x3251) to lonlat (360x170) grid, with source mask (9430184)
cdo    remapbil: Bilinear weights from lonlat (4500x3251) to lonlat (360x170) grid, with source mask (9384784)
cdo    remapbil: Bilinear weights from lonlat (4500x3251) to lonlat (360x170) grid, with source mask (9338856)
cdo    remapbil: Bilinear weights from lonlat (4500x3251) to lonlat (360x170) grid, with source mask (9244901)
cdo    remapbil: Bilinear weights from lonlat (4500x3251) to lonlat (360x170) grid, with source mask (9167129)
cdo    remapbil: Bilinear weights from lonlat (4500x3251) to lonlat (360x170) grid, with source mask (9032413)
cdo    remapbil: Bilinear weights from lonlat (4500x3251) to lonlat (360x170) grid, with source mask (8923756)
cdo    remapbil: Bilinear weights from lonlat (4500x3251) to lonlat (360x170) grid, with source mask (8825169)
cdo    remapbil: Bilinear weights from lonlat (4500x3251) to lonlat (360x170) grid, with source mask (8741043)
cdo    remapbil: Bilinear weights from lonlat (4500x3251) to lonlat (360x170) grid, with source mask (8669422)
cdo    remapbil: Bilinear weights from lonlat (4500x3251) to lonlat (360x170) grid, with source mask (8547872)
cdo    remapbil: Bilinear weights from lonlat (4500x3251) to lonlat (360x170) grid, with source mask (8453750)
cdo    remapbil: Bilinear weights from lonlat (4500x3251) to lonlat (360x170) grid, with source mask (8387576)
cdo    remapbil: Bilinear weights from lonlat (4500x3251) to lonlat (360x170) grid, with source mask (8336479)
cdo    remapbil: Bilinear weights from lonlat (4500x3251) to lonlat (360x170) grid, with source mask (8290417)
cdo    remapbil: Bilinear weights from lonlat (4500x3251) to lonlat (360x170) grid, with source mask (8247815)
cdo    remapbil: Bilinear weights from lonlat (4500x3251) to lonlat (360x170) grid, with source mask (8128477)
cdo    remapbil: Bilinear weights from lonlat (4500x3251) to lonlat (360x170) grid, with source mask (7994116)
cdo    remapbil: Bilinear weights from lonlat (4500x3251) to lonlat (360x170) grid, with source mask (7692126)
cdo    remapbil: Bilinear weights from lonlat (4500x3251) to lonlat (360x170) grid, with source mask (7286838)
cdo    remapbil: Bilinear weights from lonlat (4500x3251) to lonlat (360x170) grid, with source mask (6658426)
cdo    remapbil: Bilinear weights from lonlat (4500x3251) to lonlat (360x170) grid, with source mask (4336945)
cdo    remapbil: Bilinear weights from lonlat (4500x3251) to lonlat (360x170) grid, with source mask (1454435)
------------------------------------------------
Interplating /work/home/acrzcyisbk/HYCOM_monthly/ts3z/degree_0083/GLBv0.08_53X_archMN.2011_08_ts3z.nc
cdo    remapbil: Bilinear weights from lonlat (4500x3251) to lonlat (360x170) grid, with source mask (9974940)
cdo    remapbil: Bilinear weights from lonlat (4500x3251) to lonlat (360x170) grid, with source mask (9952885)
cdo    remapbil: Bilinear weights from lonlat (4500x3251) to lonlat (360x170) grid, with source mask (9939291)
cdo    remapbil: Bilinear weights from lonlat (4500x3251) to lonlat (360x170) grid, with source mask (9925415)
cdo    remapbil: Bilinear weights from lonlat (4500x3251) to lonlat (360x170) grid, with source mask (9909528)
cdo    remapbil: Bilinear weights from lonlat (4500x3251) to lonlat (360x170) grid, with source mask (9887620)
cdo    remapbil: Bilinear weights from lonlat (4500x3251) to lonlat (360x170) grid, with source mask (9846685)
cdo    remapbil: Bilinear weights from lonlat (4500x3251) to lonlat (360x170) grid, with source mask (9804573)
cdo    remapbil: Bilinear weights from lonlat (4500x3251) to lonlat (360x170) grid, with source mask (9767299)
cdo    remapbil: Bilinear weights from lonlat (4500x3251) to lonlat (360x170) grid, with source mask (9730643)
cdo    remapbil: Bilinear weights from lonlat (4500x3251) to lonlat (360x170) grid, with source mask (9691209)
cdo    remapbil: Bilinear weights from lonlat (4500x3251) to lonlat (360x170) grid, with source mask (9648582)
cdo    remapbil: Bilinear weights from lonlat (4500x3251) to lonlat (360x170) grid, with source mask (9606865)
cdo    remapbil: Bilinear weights from lonlat (4500x3251) to lonlat (360x170) grid, with source mask (9536477)
cdo    remapbil: Bilinear weights from lonlat (4500x3251) to lonlat (360x170) grid, with source mask (9480678)
cdo    remapbil: Bilinear weights from lonlat (4500x3251) to lonlat (360x170) grid, with source mask (9430184)
cdo    remapbil: Bilinear weights from lonlat (4500x3251) to lonlat (360x170) grid, with source mask (9384784)
cdo    remapbil: Bilinear weights from lonlat (4500x3251) to lonlat (360x170) grid, with source mask (9338856)
cdo    remapbil: Bilinear weights from lonlat (4500x3251) to lonlat (360x170) grid, with source mask (9244901)
cdo    remapbil: Bilinear weights from lonlat (4500x3251) to lonlat (360x170) grid, with source mask (9167129)
cdo    remapbil: Bilinear weights from lonlat (4500x3251) to lonlat (360x170) grid, with source mask (9032413)
cdo    remapbil: Bilinear weights from lonlat (4500x3251) to lonlat (360x170) grid, with source mask (8923756)
cdo    remapbil: Bilinear weights from lonlat (4500x3251) to lonlat (360x170) grid, with source mask (8825169)
cdo    remapbil: Bilinear weights from lonlat (4500x3251) to lonlat (360x170) grid, with source mask (8741043)
cdo    remapbil: Bilinear weights from lonlat (4500x3251) to lonlat (360x170) grid, with source mask (8669422)
cdo    remapbil: Bilinear weights from lonlat (4500x3251) to lonlat (360x170) grid, with source mask (8547872)
cdo    remapbil: Bilinear weights from lonlat (4500x3251) to lonlat (360x170) grid, with source mask (8453750)
cdo    remapbil: Bilinear weights from lonlat (4500x3251) to lonlat (360x170) grid, with source mask (8387576)
cdo    remapbil: Bilinear weights from lonlat (4500x3251) to lonlat (360x170) grid, with source mask (8336479)
cdo    remapbil: Bilinear weights from lonlat (4500x3251) to lonlat (360x170) grid, with source mask (8290417)
cdo    remapbil: Bilinear weights from lonlat (4500x3251) to lonlat (360x170) grid, with source mask (8247815)
cdo    remapbil: Bilinear weights from lonlat (4500x3251) to lonlat (360x170) grid, with source mask (8128477)
cdo    remapbil: Bilinear weights from lonlat (4500x3251) to lonlat (360x170) grid, with source mask (7994116)
cdo    remapbil: Bilinear weights from lonlat (4500x3251) to lonlat (360x170) grid, with source mask (7692126)
cdo    remapbil: Bilinear weights from lonlat (4500x3251) to lonlat (360x170) grid, with source mask (7286838)
cdo    remapbil: Bilinear weights from lonlat (4500x3251) to lonlat (360x170) grid, with source mask (6658426)
cdo    remapbil: Bilinear weights from lonlat (4500x3251) to lonlat (360x170) grid, with source mask (4336945)
cdo    remapbil: Bilinear weights from lonlat (4500x3251) to lonlat (360x170) grid, with source mask (1454435)
