nohup: ignoring input

CommandNotFoundError: Your shell has not been properly configured to use 'conda activate'.
To initialize your shell, run

    $ conda init <SHELL_NAME>

Currently supported shells are:
  - bash
  - fish
  - tcsh
  - xonsh
  - zsh
  - powershell

See 'conda init --help' for more information and options.

IMPORTANT: You may need to close and restart your shell after running 'conda init'.


/work/home/acrzcyisbk/HYCOM_monthly/uv3z/degree_1/GLBv0.08_53X_archMN.1995_04_uv3z.nc exists, skip
/work/home/acrzcyisbk/HYCOM_monthly/uv3z/degree_1/GLBv0.08_53X_archMN.1995_06_uv3z.nc exists, skip
/work/home/acrzcyisbk/HYCOM_monthly/uv3z/degree_1/GLBv0.08_53X_archMN.1996_02_uv3z.nc exists, skip
/work/home/acrzcyisbk/HYCOM_monthly/uv3z/degree_1/GLBv0.08_53X_archMN.1996_06_uv3z.nc exists, skip
/work/home/acrzcyisbk/HYCOM_monthly/uv3z/degree_1/GLBv0.08_53X_archMN.1997_08_uv3z.nc exists, skip
/work/home/acrzcyisbk/HYCOM_monthly/uv3z/degree_1/GLBv0.08_53X_archMN.1997_09_uv3z.nc exists, skip
------------------------------------------------
Interplating /work/home/acrzcyisbk/HYCOM_monthly/uv3z/degree_0083/GLBv0.08_53X_archMN.1998_10_uv3z.nc
cdo    remapbil: Bilinear weights from lonlat (4500x3251) to lonlat (360x170) grid, with source mask (9974940)
cdo    remapbil: Bilinear weights from lonlat (4500x3251) to lonlat (360x170) grid, with source mask (9952885)
cdo    remapbil: Bilinear weights from lonlat (4500x3251) to lonlat (360x170) grid, with source mask (9939291)
cdo    remapbil: Bilinear weights from lonlat (4500x3251) to lonlat (360x170) grid, with source mask (9925415)
cdo    remapbil: Bilinear weights from lonlat (4500x3251) to lonlat (360x170) grid, with source mask (9909528)
cdo    remapbil: Bilinear weights from lonlat (4500x3251) to lonlat (360x170) grid, with source mask (9887620)
cdo    remapbil: Bilinear weights from lonlat (4500x3251) to lonlat (360x170) grid, with source mask (9846685)
cdo    remapbil: Bilinear weights from lonlat (4500x3251) to lonlat (360x170) grid, with source mask (9804573)
cdo    remapbil: Bilinear weights from lonlat (4500x3251) to lonlat (360x170) grid, with source mask (9767299)
cdo    remapbil: Bilinear weights from lonlat (4500x3251) to lonlat (360x170) grid, with source mask (9730643)
cdo    remapbil: Bilinear weights from lonlat (4500x3251) to lonlat (360x170) grid, with source mask (9691209)
cdo    remapbil: Bilinear weights from lonlat (4500x3251) to lonlat (360x170) grid, with source mask (9648582)
cdo    remapbil: Bilinear weights from lonlat (4500x3251) to lonlat (360x170) grid, with source mask (9606865)
cdo    remapbil: Bilinear weights from lonlat (4500x3251) to lonlat (360x170) grid, with source mask (9536477)
cdo    remapbil: Bilinear weights from lonlat (4500x3251) to lonlat (360x170) grid, with source mask (9480678)
cdo    remapbil: Bilinear weights from lonlat (4500x3251) to lonlat (360x170) grid, with source mask (9430184)
cdo    remapbil: Bilinear weights from lonlat (4500x3251) to lonlat (360x170) grid, with source mask (9384784)
cdo    remapbil: Bilinear weights from lonlat (4500x3251) to lonlat (360x170) grid, with source mask (9338856)
cdo    remapbil: Bilinear weights from lonlat (4500x3251) to lonlat (360x170) grid, with source mask (9244901)
cdo    remapbil: Bilinear weights from lonlat (4500x3251) to lonlat (360x170) grid, with source mask (9167129)
cdo    remapbil: Bilinear weights from lonlat (4500x3251) to lonlat (360x170) grid, with source mask (9032413)
cdo    remapbil: Bilinear weights from lonlat (4500x3251) to lonlat (360x170) grid, with source mask (8923756)
cdo    remapbil: Bilinear weights from lonlat (4500x3251) to lonlat (360x170) grid, with source mask (8825169)
cdo    remapbil: Bilinear weights from lonlat (4500x3251) to lonlat (360x170) grid, with source mask (8741043)
cdo    remapbil: Bilinear weights from lonlat (4500x3251) to lonlat (360x170) grid, with source mask (8669422)
cdo    remapbil: Bilinear weights from lonlat (4500x3251) to lonlat (360x170) grid, with source mask (8547872)
cdo    remapbil: Bilinear weights from lonlat (4500x3251) to lonlat (360x170) grid, with source mask (8453750)
cdo    remapbil: Bilinear weights from lonlat (4500x3251) to lonlat (360x170) grid, with source mask (8387576)
cdo    remapbil: Bilinear weights from lonlat (4500x3251) to lonlat (360x170) grid, with source mask (8336479)
cdo    remapbil: Bilinear weights from lonlat (4500x3251) to lonlat (360x170) grid, with source mask (8290417)
cdo    remapbil: Bilinear weights from lonlat (4500x3251) to lonlat (360x170) grid, with source mask (8247815)
cdo    remapbil: Bilinear weights from lonlat (4500x3251) to lonlat (360x170) grid, with source mask (8128477)
cdo    remapbil: Bilinear weights from lonlat (4500x3251) to lonlat (360x170) grid, with source mask (7994116)
cdo    remapbil: Bilinear weights from lonlat (4500x3251) to lonlat (360x170) grid, with source mask (7692126)
cdo    remapbil: Bilinear weights from lonlat (4500x3251) to lonlat (360x170) grid, with source mask (7286838)
cdo    remapbil: Bilinear weights from lonlat (4500x3251) to lonlat (360x170) grid, with source mask (6658426)
cdo    remapbil: Bilinear weights from lonlat (4500x3251) to lonlat (360x170) grid, with source mask (4336945)
cdo    remapbil: Bilinear weights from lonlat (4500x3251) to lonlat (360x170) grid, with source mask (1454435)
------------------------------------------------
Interplating /work/home/acrzcyisbk/HYCOM_monthly/uv3z/degree_0083/GLBv0.08_53X_archMN.1998_11_uv3z.nc
cdo    remapbil: Bilinear weights from lonlat (4500x3251) to lonlat (360x170) grid, with source mask (9974940)
cdo    remapbil: Bilinear weights from lonlat (4500x3251) to lonlat (360x170) grid, with source mask (9952885)
cdo    remapbil: Bilinear weights from lonlat (4500x3251) to lonlat (360x170) grid, with source mask (9939291)
cdo    remapbil: Bilinear weights from lonlat (4500x3251) to lonlat (360x170) grid, with source mask (9925415)
cdo    remapbil: Bilinear weights from lonlat (4500x3251) to lonlat (360x170) grid, with source mask (9909528)
cdo    remapbil: Bilinear weights from lonlat (4500x3251) to lonlat (360x170) grid, with source mask (9887620)
cdo    remapbil: Bilinear weights from lonlat (4500x3251) to lonlat (360x170) grid, with source mask (9846685)
cdo    remapbil: Bilinear weights from lonlat (4500x3251) to lonlat (360x170) grid, with source mask (9804573)
cdo    remapbil: Bilinear weights from lonlat (4500x3251) to lonlat (360x170) grid, with source mask (9767299)
cdo    remapbil: Bilinear weights from lonlat (4500x3251) to lonlat (360x170) grid, with source mask (9730643)
cdo    remapbil: Bilinear weights from lonlat (4500x3251) to lonlat (360x170) grid, with source mask (9691209)
cdo    remapbil: Bilinear weights from lonlat (4500x3251) to lonlat (360x170) grid, with source mask (9648582)
cdo    remapbil: Bilinear weights from lonlat (4500x3251) to lonlat (360x170) grid, with source mask (9606865)
cdo    remapbil: Bilinear weights from lonlat (4500x3251) to lonlat (360x170) grid, with source mask (9536477)
cdo    remapbil: Bilinear weights from lonlat (4500x3251) to lonlat (360x170) grid, with source mask (9480678)
cdo    remapbil: Bilinear weights from lonlat (4500x3251) to lonlat (360x170) grid, with source mask (9430184)
cdo    remapbil: Bilinear weights from lonlat (4500x3251) to lonlat (360x170) grid, with source mask (9384784)
cdo    remapbil: Bilinear weights from lonlat (4500x3251) to lonlat (360x170) grid, with source mask (9338856)
cdo    remapbil: Bilinear weights from lonlat (4500x3251) to lonlat (360x170) grid, with source mask (9244901)
cdo    remapbil: Bilinear weights from lonlat (4500x3251) to lonlat (360x170) grid, with source mask (9167129)
cdo    remapbil: Bilinear weights from lonlat (4500x3251) to lonlat (360x170) grid, with source mask (9032413)
cdo    remapbil: Bilinear weights from lonlat (4500x3251) to lonlat (360x170) grid, with source mask (8923756)
cdo    remapbil: Bilinear weights from lonlat (4500x3251) to lonlat (360x170) grid, with source mask (8825169)
cdo    remapbil: Bilinear weights from lonlat (4500x3251) to lonlat (360x170) grid, with source mask (8741043)
cdo    remapbil: Bilinear weights from lonlat (4500x3251) to lonlat (360x170) grid, with source mask (8669422)
cdo    remapbil: Bilinear weights from lonlat (4500x3251) to lonlat (360x170) grid, with source mask (8547872)
cdo    remapbil: Bilinear weights from lonlat (4500x3251) to lonlat (360x170) grid, with source mask (8453750)
cdo    remapbil: Bilinear weights from lonlat (4500x3251) to lonlat (360x170) grid, with source mask (8387576)
cdo    remapbil: Bilinear weights from lonlat (4500x3251) to lonlat (360x170) grid, with source mask (8336479)
cdo    remapbil: Bilinear weights from lonlat (4500x3251) to lonlat (360x170) grid, with source mask (8290417)
cdo    remapbil: Bilinear weights from lonlat (4500x3251) to lonlat (360x170) grid, with source mask (8247815)
cdo    remapbil: Bilinear weights from lonlat (4500x3251) to lonlat (360x170) grid, with source mask (8128477)
cdo    remapbil: Bilinear weights from lonlat (4500x3251) to lonlat (360x170) grid, with source mask (7994116)
cdo    remapbil: Bilinear weights from lonlat (4500x3251) to lonlat (360x170) grid, with source mask (7692126)
cdo    remapbil: Bilinear weights from lonlat (4500x3251) to lonlat (360x170) grid, with source mask (7286838)
cdo    remapbil: Bilinear weights from lonlat (4500x3251) to lonlat (360x170) grid, with source mask (6658426)
cdo    remapbil: Bilinear weights from lonlat (4500x3251) to lonlat (360x170) grid, with source mask (4336945)
cdo    remapbil: Bilinear weights from lonlat (4500x3251) to lonlat (360x170) grid, with source mask (1454435)
------------------------------------------------
Interplating /work/home/acrzcyisbk/HYCOM_monthly/uv3z/degree_0083/GLBv0.08_53X_archMN.1999_04_uv3z.nc
cdo    remapbil: Bilinear weights from lonlat (4500x3251) to lonlat (360x170) grid, with source mask (9974940)
cdo    remapbil: Bilinear weights from lonlat (4500x3251) to lonlat (360x170) grid, with source mask (9952885)
cdo    remapbil: Bilinear weights from lonlat (4500x3251) to lonlat (360x170) grid, with source mask (9939291)
cdo    remapbil: Bilinear weights from lonlat (4500x3251) to lonlat (360x170) grid, with source mask (9925415)
cdo    remapbil: Bilinear weights from lonlat (4500x3251) to lonlat (360x170) grid, with source mask (9909528)
cdo    remapbil: Bilinear weights from lonlat (4500x3251) to lonlat (360x170) grid, with source mask (9887620)
cdo    remapbil: Bilinear weights from lonlat (4500x3251) to lonlat (360x170) grid, with source mask (9846685)
cdo    remapbil: Bilinear weights from lonlat (4500x3251) to lonlat (360x170) grid, with source mask (9804573)
cdo    remapbil: Bilinear weights from lonlat (4500x3251) to lonlat (360x170) grid, with source mask (9767299)
cdo    remapbil: Bilinear weights from lonlat (4500x3251) to lonlat (360x170) grid, with source mask (9730643)
cdo    remapbil: Bilinear weights from lonlat (4500x3251) to lonlat (360x170) grid, with source mask (9691209)
cdo    remapbil: Bilinear weights from lonlat (4500x3251) to lonlat (360x170) grid, with source mask (9648582)
cdo    remapbil: Bilinear weights from lonlat (4500x3251) to lonlat (360x170) grid, with source mask (9606865)
cdo    remapbil: Bilinear weights from lonlat (4500x3251) to lonlat (360x170) grid, with source mask (9536477)
cdo    remapbil: Bilinear weights from lonlat (4500x3251) to lonlat (360x170) grid, with source mask (9480678)
cdo    remapbil: Bilinear weights from lonlat (4500x3251) to lonlat (360x170) grid, with source mask (9430184)
cdo    remapbil: Bilinear weights from lonlat (4500x3251) to lonlat (360x170) grid, with source mask (9384784)
cdo    remapbil: Bilinear weights from lonlat (4500x3251) to lonlat (360x170) grid, with source mask (9338856)
cdo    remapbil: Bilinear weights from lonlat (4500x3251) to lonlat (360x170) grid, with source mask (9244901)
cdo    remapbil: Bilinear weights from lonlat (4500x3251) to lonlat (360x170) grid, with source mask (9167129)
cdo    remapbil: Bilinear weights from lonlat (4500x3251) to lonlat (360x170) grid, with source mask (9032413)
cdo    remapbil: Bilinear weights from lonlat (4500x3251) to lonlat (360x170) grid, with source mask (8923756)
cdo    remapbil: Bilinear weights from lonlat (4500x3251) to lonlat (360x170) grid, with source mask (8825169)
cdo    remapbil: Bilinear weights from lonlat (4500x3251) to lonlat (360x170) grid, with source mask (8741043)
cdo    remapbil: Bilinear weights from lonlat (4500x3251) to lonlat (360x170) grid, with source mask (8669422)
cdo    remapbil: Bilinear weights from lonlat (4500x3251) to lonlat (360x170) grid, with source mask (8547872)
cdo    remapbil: Bilinear weights from lonlat (4500x3251) to lonlat (360x170) grid, with source mask (8453750)
cdo    remapbil: Bilinear weights from lonlat (4500x3251) to lonlat (360x170) grid, with source mask (8387576)
cdo    remapbil: Bilinear weights from lonlat (4500x3251) to lonlat (360x170) grid, with source mask (8336479)
cdo    remapbil: Bilinear weights from lonlat (4500x3251) to lonlat (360x170) grid, with source mask (8290417)
cdo    remapbil: Bilinear weights from lonlat (4500x3251) to lonlat (360x170) grid, with source mask (8247815)
cdo    remapbil: Bilinear weights from lonlat (4500x3251) to lonlat (360x170) grid, with source mask (8128477)
cdo    remapbil: Bilinear weights from lonlat (4500x3251) to lonlat (360x170) grid, with source mask (7994116)
cdo    remapbil: Bilinear weights from lonlat (4500x3251) to lonlat (360x170) grid, with source mask (7692126)
cdo    remapbil: Bilinear weights from lonlat (4500x3251) to lonlat (360x170) grid, with source mask (7286838)
cdo    remapbil: Bilinear weights from lonlat (4500x3251) to lonlat (360x170) grid, with source mask (6658426)
cdo    remapbil: Bilinear weights from lonlat (4500x3251) to lonlat (360x170) grid, with source mask (4336945)
cdo    remapbil: Bilinear weights from lonlat (4500x3251) to lonlat (360x170) grid, with source mask (1454435)
------------------------------------------------
Interplating /work/home/acrzcyisbk/HYCOM_monthly/uv3z/degree_0083/GLBv0.08_53X_archMN.1999_06_uv3z.nc
cdo    remapbil: Bilinear weights from lonlat (4500x3251) to lonlat (360x170) grid, with source mask (9974940)
cdo    remapbil: Bilinear weights from lonlat (4500x3251) to lonlat (360x170) grid, with source mask (9952885)
cdo    remapbil: Bilinear weights from lonlat (4500x3251) to lonlat (360x170) grid, with source mask (9939291)
cdo    remapbil: Bilinear weights from lonlat (4500x3251) to lonlat (360x170) grid, with source mask (9925415)
cdo    remapbil: Bilinear weights from lonlat (4500x3251) to lonlat (360x170) grid, with source mask (9909528)
cdo    remapbil: Bilinear weights from lonlat (4500x3251) to lonlat (360x170) grid, with source mask (9887620)
cdo    remapbil: Bilinear weights from lonlat (4500x3251) to lonlat (360x170) grid, with source mask (9846685)
cdo    remapbil: Bilinear weights from lonlat (4500x3251) to lonlat (360x170) grid, with source mask (9804573)
cdo    remapbil: Bilinear weights from lonlat (4500x3251) to lonlat (360x170) grid, with source mask (9767299)
cdo    remapbil: Bilinear weights from lonlat (4500x3251) to lonlat (360x170) grid, with source mask (9730643)
cdo    remapbil: Bilinear weights from lonlat (4500x3251) to lonlat (360x170) grid, with source mask (9691209)
cdo    remapbil: Bilinear weights from lonlat (4500x3251) to lonlat (360x170) grid, with source mask (9648582)
cdo    remapbil: Bilinear weights from lonlat (4500x3251) to lonlat (360x170) grid, with source mask (9606865)
cdo    remapbil: Bilinear weights from lonlat (4500x3251) to lonlat (360x170) grid, with source mask (9536477)
cdo    remapbil: Bilinear weights from lonlat (4500x3251) to lonlat (360x170) grid, with source mask (9480678)
cdo    remapbil: Bilinear weights from lonlat (4500x3251) to lonlat (360x170) grid, with source mask (9430184)
cdo    remapbil: Bilinear weights from lonlat (4500x3251) to lonlat (360x170) grid, with source mask (9384784)
cdo    remapbil: Bilinear weights from lonlat (4500x3251) to lonlat (360x170) grid, with source mask (9338856)
cdo    remapbil: Bilinear weights from lonlat (4500x3251) to lonlat (360x170) grid, with source mask (9244901)
cdo    remapbil: Bilinear weights from lonlat (4500x3251) to lonlat (360x170) grid, with source mask (9167129)
cdo    remapbil: Bilinear weights from lonlat (4500x3251) to lonlat (360x170) grid, with source mask (9032413)
cdo    remapbil: Bilinear weights from lonlat (4500x3251) to lonlat (360x170) grid, with source mask (8923756)
cdo    remapbil: Bilinear weights from lonlat (4500x3251) to lonlat (360x170) grid, with source mask (8825169)
cdo    remapbil: Bilinear weights from lonlat (4500x3251) to lonlat (360x170) grid, with source mask (8741043)
cdo    remapbil: Bilinear weights from lonlat (4500x3251) to lonlat (360x170) grid, with source mask (8669422)
cdo    remapbil: Bilinear weights from lonlat (4500x3251) to lonlat (360x170) grid, with source mask (8547872)
cdo    remapbil: Bilinear weights from lonlat (4500x3251) to lonlat (360x170) grid, with source mask (8453750)
cdo    remapbil: Bilinear weights from lonlat (4500x3251) to lonlat (360x170) grid, with source mask (8387576)
cdo    remapbil: Bilinear weights from lonlat (4500x3251) to lonlat (360x170) grid, with source mask (8336479)
cdo    remapbil: Bilinear weights from lonlat (4500x3251) to lonlat (360x170) grid, with source mask (8290417)
cdo    remapbil: Bilinear weights from lonlat (4500x3251) to lonlat (360x170) grid, with source mask (8247815)
cdo    remapbil: Bilinear weights from lonlat (4500x3251) to lonlat (360x170) grid, with source mask (8128477)
cdo    remapbil: Bilinear weights from lonlat (4500x3251) to lonlat (360x170) grid, with source mask (7994116)
cdo    remapbil: Bilinear weights from lonlat (4500x3251) to lonlat (360x170) grid, with source mask (7692126)
cdo    remapbil: Bilinear weights from lonlat (4500x3251) to lonlat (360x170) grid, with source mask (7286838)
cdo    remapbil: Bilinear weights from lonlat (4500x3251) to lonlat (360x170) grid, with source mask (6658426)
cdo    remapbil: Bilinear weights from lonlat (4500x3251) to lonlat (360x170) grid, with source mask (4336945)
cdo    remapbil: Bilinear weights from lonlat (4500x3251) to lonlat (360x170) grid, with source mask (1454435)
------------------------------------------------
Interplating /work/home/acrzcyisbk/HYCOM_monthly/uv3z/degree_0083/GLBv0.08_53X_archMN.2000_10_uv3z.nc
cdo    remapbil: Bilinear weights from lonlat (4500x3251) to lonlat (360x170) grid, with source mask (9974940)
cdo    remapbil: Bilinear weights from lonlat (4500x3251) to lonlat (360x170) grid, with source mask (9952885)
cdo    remapbil: Bilinear weights from lonlat (4500x3251) to lonlat (360x170) grid, with source mask (9939291)
cdo    remapbil: Bilinear weights from lonlat (4500x3251) to lonlat (360x170) grid, with source mask (9925415)
cdo    remapbil: Bilinear weights from lonlat (4500x3251) to lonlat (360x170) grid, with source mask (9909528)
cdo    remapbil: Bilinear weights from lonlat (4500x3251) to lonlat (360x170) grid, with source mask (9887620)
cdo    remapbil: Bilinear weights from lonlat (4500x3251) to lonlat (360x170) grid, with source mask (9846685)
cdo    remapbil: Bilinear weights from lonlat (4500x3251) to lonlat (360x170) grid, with source mask (9804573)
cdo    remapbil: Bilinear weights from lonlat (4500x3251) to lonlat (360x170) grid, with source mask (9767299)
cdo    remapbil: Bilinear weights from lonlat (4500x3251) to lonlat (360x170) grid, with source mask (9730643)
cdo    remapbil: Bilinear weights from lonlat (4500x3251) to lonlat (360x170) grid, with source mask (9691209)
cdo    remapbil: Bilinear weights from lonlat (4500x3251) to lonlat (360x170) grid, with source mask (9648582)
cdo    remapbil: Bilinear weights from lonlat (4500x3251) to lonlat (360x170) grid, with source mask (9606865)
cdo    remapbil: Bilinear weights from lonlat (4500x3251) to lonlat (360x170) grid, with source mask (9536477)
cdo    remapbil: Bilinear weights from lonlat (4500x3251) to lonlat (360x170) grid, with source mask (9480678)
cdo    remapbil: Bilinear weights from lonlat (4500x3251) to lonlat (360x170) grid, with source mask (9430184)
cdo    remapbil: Bilinear weights from lonlat (4500x3251) to lonlat (360x170) grid, with source mask (9384784)
cdo    remapbil: Bilinear weights from lonlat (4500x3251) to lonlat (360x170) grid, with source mask (9338856)
cdo    remapbil: Bilinear weights from lonlat (4500x3251) to lonlat (360x170) grid, with source mask (9244901)
cdo    remapbil: Bilinear weights from lonlat (4500x3251) to lonlat (360x170) grid, with source mask (9167129)
cdo    remapbil: Bilinear weights from lonlat (4500x3251) to lonlat (360x170) grid, with source mask (9032413)
cdo    remapbil: Bilinear weights from lonlat (4500x3251) to lonlat (360x170) grid, with source mask (8923756)
cdo    remapbil: Bilinear weights from lonlat (4500x3251) to lonlat (360x170) grid, with source mask (8825169)
cdo    remapbil: Bilinear weights from lonlat (4500x3251) to lonlat (360x170) grid, with source mask (8741043)
cdo    remapbil: Bilinear weights from lonlat (4500x3251) to lonlat (360x170) grid, with source mask (8669422)
cdo    remapbil: Bilinear weights from lonlat (4500x3251) to lonlat (360x170) grid, with source mask (8547872)
cdo    remapbil: Bilinear weights from lonlat (4500x3251) to lonlat (360x170) grid, with source mask (8453750)
cdo    remapbil: Bilinear weights from lonlat (4500x3251) to lonlat (360x170) grid, with source mask (8387576)
cdo    remapbil: Bilinear weights from lonlat (4500x3251) to lonlat (360x170) grid, with source mask (8336479)
cdo    remapbil: Bilinear weights from lonlat (4500x3251) to lonlat (360x170) grid, with source mask (8290417)
cdo    remapbil: Bilinear weights from lonlat (4500x3251) to lonlat (360x170) grid, with source mask (8247815)
cdo    remapbil: Bilinear weights from lonlat (4500x3251) to lonlat (360x170) grid, with source mask (8128477)
cdo    remapbil: Bilinear weights from lonlat (4500x3251) to lonlat (360x170) grid, with source mask (7994116)
cdo    remapbil: Bilinear weights from lonlat (4500x3251) to lonlat (360x170) grid, with source mask (7692126)
cdo    remapbil: Bilinear weights from lonlat (4500x3251) to lonlat (360x170) grid, with source mask (7286838)
cdo    remapbil: Bilinear weights from lonlat (4500x3251) to lonlat (360x170) grid, with source mask (6658426)
cdo    remapbil: Bilinear weights from lonlat (4500x3251) to lonlat (360x170) grid, with source mask (4336945)
cdo    remapbil: Bilinear weights from lonlat (4500x3251) to lonlat (360x170) grid, with source mask (1454435)
------------------------------------------------
Interplating /work/home/acrzcyisbk/HYCOM_monthly/uv3z/degree_0083/GLBv0.08_53X_archMN.2000_11_uv3z.nc
cdo    remapbil: Bilinear weights from lonlat (4500x3251) to lonlat (360x170) grid, with source mask (9974940)
cdo    remapbil: Bilinear weights from lonlat (4500x3251) to lonlat (360x170) grid, with source mask (9952885)
cdo    remapbil: Bilinear weights from lonlat (4500x3251) to lonlat (360x170) grid, with source mask (9939291)
cdo    remapbil: Bilinear weights from lonlat (4500x3251) to lonlat (360x170) grid, with source mask (9925415)
cdo    remapbil: Bilinear weights from lonlat (4500x3251) to lonlat (360x170) grid, with source mask (9909528)
cdo    remapbil: Bilinear weights from lonlat (4500x3251) to lonlat (360x170) grid, with source mask (9887620)
cdo    remapbil: Bilinear weights from lonlat (4500x3251) to lonlat (360x170) grid, with source mask (9846685)
cdo    remapbil: Bilinear weights from lonlat (4500x3251) to lonlat (360x170) grid, with source mask (9804573)
cdo    remapbil: Bilinear weights from lonlat (4500x3251) to lonlat (360x170) grid, with source mask (9767299)
cdo    remapbil: Bilinear weights from lonlat (4500x3251) to lonlat (360x170) grid, with source mask (9730643)
cdo    remapbil: Bilinear weights from lonlat (4500x3251) to lonlat (360x170) grid, with source mask (9691209)
cdo    remapbil: Bilinear weights from lonlat (4500x3251) to lonlat (360x170) grid, with source mask (9648582)
cdo    remapbil: Bilinear weights from lonlat (4500x3251) to lonlat (360x170) grid, with source mask (9606865)
cdo    remapbil: Bilinear weights from lonlat (4500x3251) to lonlat (360x170) grid, with source mask (9536477)
cdo    remapbil: Bilinear weights from lonlat (4500x3251) to lonlat (360x170) grid, with source mask (9480678)
cdo    remapbil: Bilinear weights from lonlat (4500x3251) to lonlat (360x170) grid, with source mask (9430184)
cdo    remapbil: Bilinear weights from lonlat (4500x3251) to lonlat (360x170) grid, with source mask (9384784)
cdo    remapbil: Bilinear weights from lonlat (4500x3251) to lonlat (360x170) grid, with source mask (9338856)
cdo    remapbil: Bilinear weights from lonlat (4500x3251) to lonlat (360x170) grid, with source mask (9244901)
cdo    remapbil: Bilinear weights from lonlat (4500x3251) to lonlat (360x170) grid, with source mask (9167129)
cdo    remapbil: Bilinear weights from lonlat (4500x3251) to lonlat (360x170) grid, with source mask (9032413)
cdo    remapbil: Bilinear weights from lonlat (4500x3251) to lonlat (360x170) grid, with source mask (8923756)
cdo    remapbil: Bilinear weights from lonlat (4500x3251) to lonlat (360x170) grid, with source mask (8825169)
cdo    remapbil: Bilinear weights from lonlat (4500x3251) to lonlat (360x170) grid, with source mask (8741043)
cdo    remapbil: Bilinear weights from lonlat (4500x3251) to lonlat (360x170) grid, with source mask (8669422)
cdo    remapbil: Bilinear weights from lonlat (4500x3251) to lonlat (360x170) grid, with source mask (8547872)
cdo    remapbil: Bilinear weights from lonlat (4500x3251) to lonlat (360x170) grid, with source mask (8453750)
cdo    remapbil: Bilinear weights from lonlat (4500x3251) to lonlat (360x170) grid, with source mask (8387576)
cdo    remapbil: Bilinear weights from lonlat (4500x3251) to lonlat (360x170) grid, with source mask (8336479)
cdo    remapbil: Bilinear weights from lonlat (4500x3251) to lonlat (360x170) grid, with source mask (8290417)
cdo    remapbil: Bilinear weights from lonlat (4500x3251) to lonlat (360x170) grid, with source mask (8247815)
cdo    remapbil: Bilinear weights from lonlat (4500x3251) to lonlat (360x170) grid, with source mask (8128477)
cdo    remapbil: Bilinear weights from lonlat (4500x3251) to lonlat (360x170) grid, with source mask (7994116)
cdo    remapbil: Bilinear weights from lonlat (4500x3251) to lonlat (360x170) grid, with source mask (7692126)
cdo    remapbil: Bilinear weights from lonlat (4500x3251) to lonlat (360x170) grid, with source mask (7286838)
cdo    remapbil: Bilinear weights from lonlat (4500x3251) to lonlat (360x170) grid, with source mask (6658426)
cdo    remapbil: Bilinear weights from lonlat (4500x3251) to lonlat (360x170) grid, with source mask (4336945)
cdo    remapbil: Bilinear weights from lonlat (4500x3251) to lonlat (360x170) grid, with source mask (1454435)
------------------------------------------------
Interplating /work/home/acrzcyisbk/HYCOM_monthly/uv3z/degree_0083/GLBv0.08_53X_archMN.2001_04_uv3z.nc
cdo    remapbil: Bilinear weights from lonlat (4500x3251) to lonlat (360x170) grid, with source mask (9974940)
cdo    remapbil: Bilinear weights from lonlat (4500x3251) to lonlat (360x170) grid, with source mask (9952885)
cdo    remapbil: Bilinear weights from lonlat (4500x3251) to lonlat (360x170) grid, with source mask (9939291)
cdo    remapbil: Bilinear weights from lonlat (4500x3251) to lonlat (360x170) grid, with source mask (9925415)
cdo    remapbil: Bilinear weights from lonlat (4500x3251) to lonlat (360x170) grid, with source mask (9909528)
cdo    remapbil: Bilinear weights from lonlat (4500x3251) to lonlat (360x170) grid, with source mask (9887620)
cdo    remapbil: Bilinear weights from lonlat (4500x3251) to lonlat (360x170) grid, with source mask (9846685)
cdo    remapbil: Bilinear weights from lonlat (4500x3251) to lonlat (360x170) grid, with source mask (9804573)
cdo    remapbil: Bilinear weights from lonlat (4500x3251) to lonlat (360x170) grid, with source mask (9767299)
cdo    remapbil: Bilinear weights from lonlat (4500x3251) to lonlat (360x170) grid, with source mask (9730643)
cdo    remapbil: Bilinear weights from lonlat (4500x3251) to lonlat (360x170) grid, with source mask (9691209)
cdo    remapbil: Bilinear weights from lonlat (4500x3251) to lonlat (360x170) grid, with source mask (9648582)
cdo    remapbil: Bilinear weights from lonlat (4500x3251) to lonlat (360x170) grid, with source mask (9606865)
cdo    remapbil: Bilinear weights from lonlat (4500x3251) to lonlat (360x170) grid, with source mask (9536477)
cdo    remapbil: Bilinear weights from lonlat (4500x3251) to lonlat (360x170) grid, with source mask (9480678)
cdo    remapbil: Bilinear weights from lonlat (4500x3251) to lonlat (360x170) grid, with source mask (9430184)
cdo    remapbil: Bilinear weights from lonlat (4500x3251) to lonlat (360x170) grid, with source mask (9384784)
cdo    remapbil: Bilinear weights from lonlat (4500x3251) to lonlat (360x170) grid, with source mask (9338856)
cdo    remapbil: Bilinear weights from lonlat (4500x3251) to lonlat (360x170) grid, with source mask (9244901)
cdo    remapbil: Bilinear weights from lonlat (4500x3251) to lonlat (360x170) grid, with source mask (9167129)
cdo    remapbil: Bilinear weights from lonlat (4500x3251) to lonlat (360x170) grid, with source mask (9032413)
cdo    remapbil: Bilinear weights from lonlat (4500x3251) to lonlat (360x170) grid, with source mask (8923756)
cdo    remapbil: Bilinear weights from lonlat (4500x3251) to lonlat (360x170) grid, with source mask (8825169)
cdo    remapbil: Bilinear weights from lonlat (4500x3251) to lonlat (360x170) grid, with source mask (8741043)
cdo    remapbil: Bilinear weights from lonlat (4500x3251) to lonlat (360x170) grid, with source mask (8669422)
cdo    remapbil: Bilinear weights from lonlat (4500x3251) to lonlat (360x170) grid, with source mask (8547872)
cdo    remapbil: Bilinear weights from lonlat (4500x3251) to lonlat (360x170) grid, with source mask (8453750)
cdo    remapbil: Bilinear weights from lonlat (4500x3251) to lonlat (360x170) grid, with source mask (8387576)
cdo    remapbil: Bilinear weights from lonlat (4500x3251) to lonlat (360x170) grid, with source mask (8336479)
cdo    remapbil: Bilinear weights from lonlat (4500x3251) to lonlat (360x170) grid, with source mask (8290417)
cdo    remapbil: Bilinear weights from lonlat (4500x3251) to lonlat (360x170) grid, with source mask (8247815)
cdo    remapbil: Bilinear weights from lonlat (4500x3251) to lonlat (360x170) grid, with source mask (8128477)
cdo    remapbil: Bilinear weights from lonlat (4500x3251) to lonlat (360x170) grid, with source mask (7994116)
cdo    remapbil: Bilinear weights from lonlat (4500x3251) to lonlat (360x170) grid, with source mask (7692126)
cdo    remapbil: Bilinear weights from lonlat (4500x3251) to lonlat (360x170) grid, with source mask (7286838)
cdo    remapbil: Bilinear weights from lonlat (4500x3251) to lonlat (360x170) grid, with source mask (6658426)
cdo    remapbil: Bilinear weights from lonlat (4500x3251) to lonlat (360x170) grid, with source mask (4336945)
cdo    remapbil: Bilinear weights from lonlat (4500x3251) to lonlat (360x170) grid, with source mask (1454435)
------------------------------------------------
Interplating /work/home/acrzcyisbk/HYCOM_monthly/uv3z/degree_0083/GLBv0.08_53X_archMN.2002_02_uv3z.nc
cdo    remapbil: Bilinear weights from lonlat (4500x3251) to lonlat (360x170) grid, with source mask (9974940)
cdo    remapbil: Bilinear weights from lonlat (4500x3251) to lonlat (360x170) grid, with source mask (9952885)
cdo    remapbil: Bilinear weights from lonlat (4500x3251) to lonlat (360x170) grid, with source mask (9939291)
cdo    remapbil: Bilinear weights from lonlat (4500x3251) to lonlat (360x170) grid, with source mask (9925415)
cdo    remapbil: Bilinear weights from lonlat (4500x3251) to lonlat (360x170) grid, with source mask (9909528)
cdo    remapbil: Bilinear weights from lonlat (4500x3251) to lonlat (360x170) grid, with source mask (9887620)
cdo    remapbil: Bilinear weights from lonlat (4500x3251) to lonlat (360x170) grid, with source mask (9846685)
cdo    remapbil: Bilinear weights from lonlat (4500x3251) to lonlat (360x170) grid, with source mask (9804573)
cdo    remapbil: Bilinear weights from lonlat (4500x3251) to lonlat (360x170) grid, with source mask (9767299)
cdo    remapbil: Bilinear weights from lonlat (4500x3251) to lonlat (360x170) grid, with source mask (9730643)
cdo    remapbil: Bilinear weights from lonlat (4500x3251) to lonlat (360x170) grid, with source mask (9691209)
cdo    remapbil: Bilinear weights from lonlat (4500x3251) to lonlat (360x170) grid, with source mask (9648582)
cdo    remapbil: Bilinear weights from lonlat (4500x3251) to lonlat (360x170) grid, with source mask (9606865)
cdo    remapbil: Bilinear weights from lonlat (4500x3251) to lonlat (360x170) grid, with source mask (9536477)
cdo    remapbil: Bilinear weights from lonlat (4500x3251) to lonlat (360x170) grid, with source mask (9480678)
cdo    remapbil: Bilinear weights from lonlat (4500x3251) to lonlat (360x170) grid, with source mask (9430184)
cdo    remapbil: Bilinear weights from lonlat (4500x3251) to lonlat (360x170) grid, with source mask (9384784)
cdo    remapbil: Bilinear weights from lonlat (4500x3251) to lonlat (360x170) grid, with source mask (9338856)
cdo    remapbil: Bilinear weights from lonlat (4500x3251) to lonlat (360x170) grid, with source mask (9244901)
cdo    remapbil: Bilinear weights from lonlat (4500x3251) to lonlat (360x170) grid, with source mask (9167129)
cdo    remapbil: Bilinear weights from lonlat (4500x3251) to lonlat (360x170) grid, with source mask (9032413)
cdo    remapbil: Bilinear weights from lonlat (4500x3251) to lonlat (360x170) grid, with source mask (8923756)
cdo    remapbil: Bilinear weights from lonlat (4500x3251) to lonlat (360x170) grid, with source mask (8825169)
cdo    remapbil: Bilinear weights from lonlat (4500x3251) to lonlat (360x170) grid, with source mask (8741043)
cdo    remapbil: Bilinear weights from lonlat (4500x3251) to lonlat (360x170) grid, with source mask (8669422)
cdo    remapbil: Bilinear weights from lonlat (4500x3251) to lonlat (360x170) grid, with source mask (8547872)
cdo    remapbil: Bilinear weights from lonlat (4500x3251) to lonlat (360x170) grid, with source mask (8453750)
cdo    remapbil: Bilinear weights from lonlat (4500x3251) to lonlat (360x170) grid, with source mask (8387576)
cdo    remapbil: Bilinear weights from lonlat (4500x3251) to lonlat (360x170) grid, with source mask (8336479)
cdo    remapbil: Bilinear weights from lonlat (4500x3251) to lonlat (360x170) grid, with source mask (8290417)
cdo    remapbil: Bilinear weights from lonlat (4500x3251) to lonlat (360x170) grid, with source mask (8247815)
cdo    remapbil: Bilinear weights from lonlat (4500x3251) to lonlat (360x170) grid, with source mask (8128477)
cdo    remapbil: Bilinear weights from lonlat (4500x3251) to lonlat (360x170) grid, with source mask (7994116)
cdo    remapbil: Bilinear weights from lonlat (4500x3251) to lonlat (360x170) grid, with source mask (7692126)
cdo    remapbil: Bilinear weights from lonlat (4500x3251) to lonlat (360x170) grid, with source mask (7286838)
cdo    remapbil: Bilinear weights from lonlat (4500x3251) to lonlat (360x170) grid, with source mask (6658426)
cdo    remapbil: Bilinear weights from lonlat (4500x3251) to lonlat (360x170) grid, with source mask (4336945)
cdo    remapbil: Bilinear weights from lonlat (4500x3251) to lonlat (360x170) grid, with source mask (1454435)
------------------------------------------------
Interplating /work/home/acrzcyisbk/HYCOM_monthly/uv3z/degree_0083/GLBv0.08_53X_archMN.2005_04_uv3z.nc
cdo    remapbil: Bilinear weights from lonlat (4500x3251) to lonlat (360x170) grid, with source mask (9974940)
cdo    remapbil: Bilinear weights from lonlat (4500x3251) to lonlat (360x170) grid, with source mask (9952885)
cdo    remapbil: Bilinear weights from lonlat (4500x3251) to lonlat (360x170) grid, with source mask (9939291)
cdo    remapbil: Bilinear weights from lonlat (4500x3251) to lonlat (360x170) grid, with source mask (9925415)
cdo    remapbil: Bilinear weights from lonlat (4500x3251) to lonlat (360x170) grid, with source mask (9909528)
cdo    remapbil: Bilinear weights from lonlat (4500x3251) to lonlat (360x170) grid, with source mask (9887620)
cdo    remapbil: Bilinear weights from lonlat (4500x3251) to lonlat (360x170) grid, with source mask (9846685)
cdo    remapbil: Bilinear weights from lonlat (4500x3251) to lonlat (360x170) grid, with source mask (9804573)
cdo    remapbil: Bilinear weights from lonlat (4500x3251) to lonlat (360x170) grid, with source mask (9767299)
cdo    remapbil: Bilinear weights from lonlat (4500x3251) to lonlat (360x170) grid, with source mask (9730643)
cdo    remapbil: Bilinear weights from lonlat (4500x3251) to lonlat (360x170) grid, with source mask (9691209)
cdo    remapbil: Bilinear weights from lonlat (4500x3251) to lonlat (360x170) grid, with source mask (9648582)
cdo    remapbil: Bilinear weights from lonlat (4500x3251) to lonlat (360x170) grid, with source mask (9606865)
cdo    remapbil: Bilinear weights from lonlat (4500x3251) to lonlat (360x170) grid, with source mask (9536477)
cdo    remapbil: Bilinear weights from lonlat (4500x3251) to lonlat (360x170) grid, with source mask (9480678)
cdo    remapbil: Bilinear weights from lonlat (4500x3251) to lonlat (360x170) grid, with source mask (9430184)
cdo    remapbil: Bilinear weights from lonlat (4500x3251) to lonlat (360x170) grid, with source mask (9384784)
cdo    remapbil: Bilinear weights from lonlat (4500x3251) to lonlat (360x170) grid, with source mask (9338856)
cdo    remapbil: Bilinear weights from lonlat (4500x3251) to lonlat (360x170) grid, with source mask (9244901)
cdo    remapbil: Bilinear weights from lonlat (4500x3251) to lonlat (360x170) grid, with source mask (9167129)
cdo    remapbil: Bilinear weights from lonlat (4500x3251) to lonlat (360x170) grid, with source mask (9032413)
cdo    remapbil: Bilinear weights from lonlat (4500x3251) to lonlat (360x170) grid, with source mask (8923756)
cdo    remapbil: Bilinear weights from lonlat (4500x3251) to lonlat (360x170) grid, with source mask (8825169)
cdo    remapbil: Bilinear weights from lonlat (4500x3251) to lonlat (360x170) grid, with source mask (8741043)
cdo    remapbil: Bilinear weights from lonlat (4500x3251) to lonlat (360x170) grid, with source mask (8669422)
cdo    remapbil: Bilinear weights from lonlat (4500x3251) to lonlat (360x170) grid, with source mask (8547872)
cdo    remapbil: Bilinear weights from lonlat (4500x3251) to lonlat (360x170) grid, with source mask (8453750)
cdo    remapbil: Bilinear weights from lonlat (4500x3251) to lonlat (360x170) grid, with source mask (8387576)
cdo    remapbil: Bilinear weights from lonlat (4500x3251) to lonlat (360x170) grid, with source mask (8336479)
cdo    remapbil: Bilinear weights from lonlat (4500x3251) to lonlat (360x170) grid, with source mask (8290417)
cdo    remapbil: Bilinear weights from lonlat (4500x3251) to lonlat (360x170) grid, with source mask (8247815)
cdo    remapbil: Bilinear weights from lonlat (4500x3251) to lonlat (360x170) grid, with source mask (8128477)
cdo    remapbil: Bilinear weights from lonlat (4500x3251) to lonlat (360x170) grid, with source mask (7994116)
cdo    remapbil: Bilinear weights from lonlat (4500x3251) to lonlat (360x170) grid, with source mask (7692126)
cdo    remapbil: Bilinear weights from lonlat (4500x3251) to lonlat (360x170) grid, with source mask (7286838)
cdo    remapbil: Bilinear weights from lonlat (4500x3251) to lonlat (360x170) grid, with source mask (6658426)
cdo    remapbil: Bilinear weights from lonlat (4500x3251) to lonlat (360x170) grid, with source mask (4336945)
cdo    remapbil: Bilinear weights from lonlat (4500x3251) to lonlat (360x170) grid, with source mask (1454435)
------------------------------------------------
Interplating /work/home/acrzcyisbk/HYCOM_monthly/uv3z/degree_0083/GLBv0.08_53X_archMN.2006_02_uv3z.nc
cdo    remapbil: Bilinear weights from lonlat (4500x3251) to lonlat (360x170) grid, with source mask (9974940)
cdo    remapbil: Bilinear weights from lonlat (4500x3251) to lonlat (360x170) grid, with source mask (9952885)
cdo    remapbil: Bilinear weights from lonlat (4500x3251) to lonlat (360x170) grid, with source mask (9939291)
cdo    remapbil: Bilinear weights from lonlat (4500x3251) to lonlat (360x170) grid, with source mask (9925415)
cdo    remapbil: Bilinear weights from lonlat (4500x3251) to lonlat (360x170) grid, with source mask (9909528)
cdo    remapbil: Bilinear weights from lonlat (4500x3251) to lonlat (360x170) grid, with source mask (9887620)
cdo    remapbil: Bilinear weights from lonlat (4500x3251) to lonlat (360x170) grid, with source mask (9846685)
cdo    remapbil: Bilinear weights from lonlat (4500x3251) to lonlat (360x170) grid, with source mask (9804573)
cdo    remapbil: Bilinear weights from lonlat (4500x3251) to lonlat (360x170) grid, with source mask (9767299)
cdo    remapbil: Bilinear weights from lonlat (4500x3251) to lonlat (360x170) grid, with source mask (9730643)
cdo    remapbil: Bilinear weights from lonlat (4500x3251) to lonlat (360x170) grid, with source mask (9691209)
cdo    remapbil: Bilinear weights from lonlat (4500x3251) to lonlat (360x170) grid, with source mask (9648582)
cdo    remapbil: Bilinear weights from lonlat (4500x3251) to lonlat (360x170) grid, with source mask (9606865)
cdo    remapbil: Bilinear weights from lonlat (4500x3251) to lonlat (360x170) grid, with source mask (9536477)
cdo    remapbil: Bilinear weights from lonlat (4500x3251) to lonlat (360x170) grid, with source mask (9480678)
cdo    remapbil: Bilinear weights from lonlat (4500x3251) to lonlat (360x170) grid, with source mask (9430184)
cdo    remapbil: Bilinear weights from lonlat (4500x3251) to lonlat (360x170) grid, with source mask (9384784)
cdo    remapbil: Bilinear weights from lonlat (4500x3251) to lonlat (360x170) grid, with source mask (9338856)
cdo    remapbil: Bilinear weights from lonlat (4500x3251) to lonlat (360x170) grid, with source mask (9244901)
cdo    remapbil: Bilinear weights from lonlat (4500x3251) to lonlat (360x170) grid, with source mask (9167129)
cdo    remapbil: Bilinear weights from lonlat (4500x3251) to lonlat (360x170) grid, with source mask (9032413)
cdo    remapbil: Bilinear weights from lonlat (4500x3251) to lonlat (360x170) grid, with source mask (8923756)
cdo    remapbil: Bilinear weights from lonlat (4500x3251) to lonlat (360x170) grid, with source mask (8825169)
cdo    remapbil: Bilinear weights from lonlat (4500x3251) to lonlat (360x170) grid, with source mask (8741043)
cdo    remapbil: Bilinear weights from lonlat (4500x3251) to lonlat (360x170) grid, with source mask (8669422)
cdo    remapbil: Bilinear weights from lonlat (4500x3251) to lonlat (360x170) grid, with source mask (8547872)
cdo    remapbil: Bilinear weights from lonlat (4500x3251) to lonlat (360x170) grid, with source mask (8453750)
cdo    remapbil: Bilinear weights from lonlat (4500x3251) to lonlat (360x170) grid, with source mask (8387576)
cdo    remapbil: Bilinear weights from lonlat (4500x3251) to lonlat (360x170) grid, with source mask (8336479)
cdo    remapbil: Bilinear weights from lonlat (4500x3251) to lonlat (360x170) grid, with source mask (8290417)
cdo    remapbil: Bilinear weights from lonlat (4500x3251) to lonlat (360x170) grid, with source mask (8247815)
cdo    remapbil: Bilinear weights from lonlat (4500x3251) to lonlat (360x170) grid, with source mask (8128477)
cdo    remapbil: Bilinear weights from lonlat (4500x3251) to lonlat (360x170) grid, with source mask (7994116)
cdo    remapbil: Bilinear weights from lonlat (4500x3251) to lonlat (360x170) grid, with source mask (7692126)
cdo    remapbil: Bilinear weights from lonlat (4500x3251) to lonlat (360x170) grid, with source mask (7286838)
cdo    remapbil: Bilinear weights from lonlat (4500x3251) to lonlat (360x170) grid, with source mask (6658426)
cdo    remapbil: Bilinear weights from lonlat (4500x3251) to lonlat (360x170) grid, with source mask (4336945)
cdo    remapbil: Bilinear weights from lonlat (4500x3251) to lonlat (360x170) grid, with source mask (1454435)
------------------------------------------------
Interplating /work/home/acrzcyisbk/HYCOM_monthly/uv3z/degree_0083/GLBv0.08_53X_archMN.2007_08_uv3z.nc
cdo    remapbil: Bilinear weights from lonlat (4500x3251) to lonlat (360x170) grid, with source mask (9974940)
cdo    remapbil: Bilinear weights from lonlat (4500x3251) to lonlat (360x170) grid, with source mask (9952885)
cdo    remapbil: Bilinear weights from lonlat (4500x3251) to lonlat (360x170) grid, with source mask (9939291)
cdo    remapbil: Bilinear weights from lonlat (4500x3251) to lonlat (360x170) grid, with source mask (9925415)
cdo    remapbil: Bilinear weights from lonlat (4500x3251) to lonlat (360x170) grid, with source mask (9909528)
cdo    remapbil: Bilinear weights from lonlat (4500x3251) to lonlat (360x170) grid, with source mask (9887620)
cdo    remapbil: Bilinear weights from lonlat (4500x3251) to lonlat (360x170) grid, with source mask (9846685)
cdo    remapbil: Bilinear weights from lonlat (4500x3251) to lonlat (360x170) grid, with source mask (9804573)
cdo    remapbil: Bilinear weights from lonlat (4500x3251) to lonlat (360x170) grid, with source mask (9767299)
cdo    remapbil: Bilinear weights from lonlat (4500x3251) to lonlat (360x170) grid, with source mask (9730643)
cdo    remapbil: Bilinear weights from lonlat (4500x3251) to lonlat (360x170) grid, with source mask (9691209)
cdo    remapbil: Bilinear weights from lonlat (4500x3251) to lonlat (360x170) grid, with source mask (9648582)
cdo    remapbil: Bilinear weights from lonlat (4500x3251) to lonlat (360x170) grid, with source mask (9606865)
cdo    remapbil: Bilinear weights from lonlat (4500x3251) to lonlat (360x170) grid, with source mask (9536477)
cdo    remapbil: Bilinear weights from lonlat (4500x3251) to lonlat (360x170) grid, with source mask (9480678)
cdo    remapbil: Bilinear weights from lonlat (4500x3251) to lonlat (360x170) grid, with source mask (9430184)
cdo    remapbil: Bilinear weights from lonlat (4500x3251) to lonlat (360x170) grid, with source mask (9384784)
cdo    remapbil: Bilinear weights from lonlat (4500x3251) to lonlat (360x170) grid, with source mask (9338856)
cdo    remapbil: Bilinear weights from lonlat (4500x3251) to lonlat (360x170) grid, with source mask (9244901)
cdo    remapbil: Bilinear weights from lonlat (4500x3251) to lonlat (360x170) grid, with source mask (9167129)
cdo    remapbil: Bilinear weights from lonlat (4500x3251) to lonlat (360x170) grid, with source mask (9032413)
cdo    remapbil: Bilinear weights from lonlat (4500x3251) to lonlat (360x170) grid, with source mask (8923756)
cdo    remapbil: Bilinear weights from lonlat (4500x3251) to lonlat (360x170) grid, with source mask (8825169)
cdo    remapbil: Bilinear weights from lonlat (4500x3251) to lonlat (360x170) grid, with source mask (8741043)
cdo    remapbil: Bilinear weights from lonlat (4500x3251) to lonlat (360x170) grid, with source mask (8669422)
cdo    remapbil: Bilinear weights from lonlat (4500x3251) to lonlat (360x170) grid, with source mask (8547872)
cdo    remapbil: Bilinear weights from lonlat (4500x3251) to lonlat (360x170) grid, with source mask (8453750)
cdo    remapbil: Bilinear weights from lonlat (4500x3251) to lonlat (360x170) grid, with source mask (8387576)
cdo    remapbil: Bilinear weights from lonlat (4500x3251) to lonlat (360x170) grid, with source mask (8336479)
cdo    remapbil: Bilinear weights from lonlat (4500x3251) to lonlat (360x170) grid, with source mask (8290417)
cdo    remapbil: Bilinear weights from lonlat (4500x3251) to lonlat (360x170) grid, with source mask (8247815)
cdo    remapbil: Bilinear weights from lonlat (4500x3251) to lonlat (360x170) grid, with source mask (8128477)
cdo    remapbil: Bilinear weights from lonlat (4500x3251) to lonlat (360x170) grid, with source mask (7994116)
cdo    remapbil: Bilinear weights from lonlat (4500x3251) to lonlat (360x170) grid, with source mask (7692126)
cdo    remapbil: Bilinear weights from lonlat (4500x3251) to lonlat (360x170) grid, with source mask (7286838)
cdo    remapbil: Bilinear weights from lonlat (4500x3251) to lonlat (360x170) grid, with source mask (6658426)
cdo    remapbil: Bilinear weights from lonlat (4500x3251) to lonlat (360x170) grid, with source mask (4336945)
cdo    remapbil: Bilinear weights from lonlat (4500x3251) to lonlat (360x170) grid, with source mask (1454435)
------------------------------------------------
Interplating /work/home/acrzcyisbk/HYCOM_monthly/uv3z/degree_0083/GLBv0.08_53X_archMN.2007_09_uv3z.nc
cdo    remapbil: Bilinear weights from lonlat (4500x3251) to lonlat (360x170) grid, with source mask (9974940)
cdo    remapbil: Bilinear weights from lonlat (4500x3251) to lonlat (360x170) grid, with source mask (9952885)
cdo    remapbil: Bilinear weights from lonlat (4500x3251) to lonlat (360x170) grid, with source mask (9939291)
cdo    remapbil: Bilinear weights from lonlat (4500x3251) to lonlat (360x170) grid, with source mask (9925415)
cdo    remapbil: Bilinear weights from lonlat (4500x3251) to lonlat (360x170) grid, with source mask (9909528)
cdo    remapbil: Bilinear weights from lonlat (4500x3251) to lonlat (360x170) grid, with source mask (9887620)
cdo    remapbil: Bilinear weights from lonlat (4500x3251) to lonlat (360x170) grid, with source mask (9846685)
cdo    remapbil: Bilinear weights from lonlat (4500x3251) to lonlat (360x170) grid, with source mask (9804573)
cdo    remapbil: Bilinear weights from lonlat (4500x3251) to lonlat (360x170) grid, with source mask (9767299)
cdo    remapbil: Bilinear weights from lonlat (4500x3251) to lonlat (360x170) grid, with source mask (9730643)
cdo    remapbil: Bilinear weights from lonlat (4500x3251) to lonlat (360x170) grid, with source mask (9691209)
cdo    remapbil: Bilinear weights from lonlat (4500x3251) to lonlat (360x170) grid, with source mask (9648582)
cdo    remapbil: Bilinear weights from lonlat (4500x3251) to lonlat (360x170) grid, with source mask (9606865)
cdo    remapbil: Bilinear weights from lonlat (4500x3251) to lonlat (360x170) grid, with source mask (9536477)
cdo    remapbil: Bilinear weights from lonlat (4500x3251) to lonlat (360x170) grid, with source mask (9480678)
cdo    remapbil: Bilinear weights from lonlat (4500x3251) to lonlat (360x170) grid, with source mask (9430184)
cdo    remapbil: Bilinear weights from lonlat (4500x3251) to lonlat (360x170) grid, with source mask (9384784)
cdo    remapbil: Bilinear weights from lonlat (4500x3251) to lonlat (360x170) grid, with source mask (9338856)
cdo    remapbil: Bilinear weights from lonlat (4500x3251) to lonlat (360x170) grid, with source mask (9244901)
cdo    remapbil: Bilinear weights from lonlat (4500x3251) to lonlat (360x170) grid, with source mask (9167129)
cdo    remapbil: Bilinear weights from lonlat (4500x3251) to lonlat (360x170) grid, with source mask (9032413)
cdo    remapbil: Bilinear weights from lonlat (4500x3251) to lonlat (360x170) grid, with source mask (8923756)
cdo    remapbil: Bilinear weights from lonlat (4500x3251) to lonlat (360x170) grid, with source mask (8825169)
cdo    remapbil: Bilinear weights from lonlat (4500x3251) to lonlat (360x170) grid, with source mask (8741043)
cdo    remapbil: Bilinear weights from lonlat (4500x3251) to lonlat (360x170) grid, with source mask (8669422)
cdo    remapbil: Bilinear weights from lonlat (4500x3251) to lonlat (360x170) grid, with source mask (8547872)
cdo    remapbil: Bilinear weights from lonlat (4500x3251) to lonlat (360x170) grid, with source mask (8453750)
cdo    remapbil: Bilinear weights from lonlat (4500x3251) to lonlat (360x170) grid, with source mask (8387576)
cdo    remapbil: Bilinear weights from lonlat (4500x3251) to lonlat (360x170) grid, with source mask (8336479)
cdo    remapbil: Bilinear weights from lonlat (4500x3251) to lonlat (360x170) grid, with source mask (8290417)
cdo    remapbil: Bilinear weights from lonlat (4500x3251) to lonlat (360x170) grid, with source mask (8247815)
cdo    remapbil: Bilinear weights from lonlat (4500x3251) to lonlat (360x170) grid, with source mask (8128477)
cdo    remapbil: Bilinear weights from lonlat (4500x3251) to lonlat (360x170) grid, with source mask (7994116)
cdo    remapbil: Bilinear weights from lonlat (4500x3251) to lonlat (360x170) grid, with source mask (7692126)
cdo    remapbil: Bilinear weights from lonlat (4500x3251) to lonlat (360x170) grid, with source mask (7286838)
cdo    remapbil: Bilinear weights from lonlat (4500x3251) to lonlat (360x170) grid, with source mask (6658426)
cdo    remapbil: Bilinear weights from lonlat (4500x3251) to lonlat (360x170) grid, with source mask (4336945)
cdo    remapbil: Bilinear weights from lonlat (4500x3251) to lonlat (360x170) grid, with source mask (1454435)
------------------------------------------------
Interplating /work/home/acrzcyisbk/HYCOM_monthly/uv3z/degree_0083/GLBv0.08_53X_archMN.2008_10_uv3z.nc
cdo    remapbil: Bilinear weights from lonlat (4500x3251) to lonlat (360x170) grid, with source mask (9974940)
cdo    remapbil: Bilinear weights from lonlat (4500x3251) to lonlat (360x170) grid, with source mask (9952885)
cdo    remapbil: Bilinear weights from lonlat (4500x3251) to lonlat (360x170) grid, with source mask (9939291)
cdo    remapbil: Bilinear weights from lonlat (4500x3251) to lonlat (360x170) grid, with source mask (9925415)
cdo    remapbil: Bilinear weights from lonlat (4500x3251) to lonlat (360x170) grid, with source mask (9909528)
cdo    remapbil: Bilinear weights from lonlat (4500x3251) to lonlat (360x170) grid, with source mask (9887620)
cdo    remapbil: Bilinear weights from lonlat (4500x3251) to lonlat (360x170) grid, with source mask (9846685)
cdo    remapbil: Bilinear weights from lonlat (4500x3251) to lonlat (360x170) grid, with source mask (9804573)
cdo    remapbil: Bilinear weights from lonlat (4500x3251) to lonlat (360x170) grid, with source mask (9767299)
cdo    remapbil: Bilinear weights from lonlat (4500x3251) to lonlat (360x170) grid, with source mask (9730643)
cdo    remapbil: Bilinear weights from lonlat (4500x3251) to lonlat (360x170) grid, with source mask (9691209)
cdo    remapbil: Bilinear weights from lonlat (4500x3251) to lonlat (360x170) grid, with source mask (9648582)
cdo    remapbil: Bilinear weights from lonlat (4500x3251) to lonlat (360x170) grid, with source mask (9606865)
cdo    remapbil: Bilinear weights from lonlat (4500x3251) to lonlat (360x170) grid, with source mask (9536477)
cdo    remapbil: Bilinear weights from lonlat (4500x3251) to lonlat (360x170) grid, with source mask (9480678)
cdo    remapbil: Bilinear weights from lonlat (4500x3251) to lonlat (360x170) grid, with source mask (9430184)
cdo    remapbil: Bilinear weights from lonlat (4500x3251) to lonlat (360x170) grid, with source mask (9384784)
cdo    remapbil: Bilinear weights from lonlat (4500x3251) to lonlat (360x170) grid, with source mask (9338856)
cdo    remapbil: Bilinear weights from lonlat (4500x3251) to lonlat (360x170) grid, with source mask (9244901)
cdo    remapbil: Bilinear weights from lonlat (4500x3251) to lonlat (360x170) grid, with source mask (9167129)
cdo    remapbil: Bilinear weights from lonlat (4500x3251) to lonlat (360x170) grid, with source mask (9032413)
cdo    remapbil: Bilinear weights from lonlat (4500x3251) to lonlat (360x170) grid, with source mask (8923756)
cdo    remapbil: Bilinear weights from lonlat (4500x3251) to lonlat (360x170) grid, with source mask (8825169)
cdo    remapbil: Bilinear weights from lonlat (4500x3251) to lonlat (360x170) grid, with source mask (8741043)
cdo    remapbil: Bilinear weights from lonlat (4500x3251) to lonlat (360x170) grid, with source mask (8669422)
cdo    remapbil: Bilinear weights from lonlat (4500x3251) to lonlat (360x170) grid, with source mask (8547872)
cdo    remapbil: Bilinear weights from lonlat (4500x3251) to lonlat (360x170) grid, with source mask (8453750)
cdo    remapbil: Bilinear weights from lonlat (4500x3251) to lonlat (360x170) grid, with source mask (8387576)
cdo    remapbil: Bilinear weights from lonlat (4500x3251) to lonlat (360x170) grid, with source mask (8336479)
cdo    remapbil: Bilinear weights from lonlat (4500x3251) to lonlat (360x170) grid, with source mask (8290417)
cdo    remapbil: Bilinear weights from lonlat (4500x3251) to lonlat (360x170) grid, with source mask (8247815)
cdo    remapbil: Bilinear weights from lonlat (4500x3251) to lonlat (360x170) grid, with source mask (8128477)
cdo    remapbil: Bilinear weights from lonlat (4500x3251) to lonlat (360x170) grid, with source mask (7994116)
cdo    remapbil: Bilinear weights from lonlat (4500x3251) to lonlat (360x170) grid, with source mask (7692126)
cdo    remapbil: Bilinear weights from lonlat (4500x3251) to lonlat (360x170) grid, with source mask (7286838)
cdo    remapbil: Bilinear weights from lonlat (4500x3251) to lonlat (360x170) grid, with source mask (6658426)
cdo    remapbil: Bilinear weights from lonlat (4500x3251) to lonlat (360x170) grid, with source mask (4336945)
cdo    remapbil: Bilinear weights from lonlat (4500x3251) to lonlat (360x170) grid, with source mask (1454435)
------------------------------------------------
Interplating /work/home/acrzcyisbk/HYCOM_monthly/uv3z/degree_0083/GLBv0.08_53X_archMN.2008_11_uv3z.nc
cdo    remapbil: Bilinear weights from lonlat (4500x3251) to lonlat (360x170) grid, with source mask (9974940)
cdo    remapbil: Bilinear weights from lonlat (4500x3251) to lonlat (360x170) grid, with source mask (9952885)
cdo    remapbil: Bilinear weights from lonlat (4500x3251) to lonlat (360x170) grid, with source mask (9939291)
cdo    remapbil: Bilinear weights from lonlat (4500x3251) to lonlat (360x170) grid, with source mask (9925415)
cdo    remapbil: Bilinear weights from lonlat (4500x3251) to lonlat (360x170) grid, with source mask (9909528)
cdo    remapbil: Bilinear weights from lonlat (4500x3251) to lonlat (360x170) grid, with source mask (9887620)
cdo    remapbil: Bilinear weights from lonlat (4500x3251) to lonlat (360x170) grid, with source mask (9846685)
cdo    remapbil: Bilinear weights from lonlat (4500x3251) to lonlat (360x170) grid, with source mask (9804573)
cdo    remapbil: Bilinear weights from lonlat (4500x3251) to lonlat (360x170) grid, with source mask (9767299)
cdo    remapbil: Bilinear weights from lonlat (4500x3251) to lonlat (360x170) grid, with source mask (9730643)
cdo    remapbil: Bilinear weights from lonlat (4500x3251) to lonlat (360x170) grid, with source mask (9691209)
cdo    remapbil: Bilinear weights from lonlat (4500x3251) to lonlat (360x170) grid, with source mask (9648582)
cdo    remapbil: Bilinear weights from lonlat (4500x3251) to lonlat (360x170) grid, with source mask (9606865)
cdo    remapbil: Bilinear weights from lonlat (4500x3251) to lonlat (360x170) grid, with source mask (9536477)
cdo    remapbil: Bilinear weights from lonlat (4500x3251) to lonlat (360x170) grid, with source mask (9480678)
cdo    remapbil: Bilinear weights from lonlat (4500x3251) to lonlat (360x170) grid, with source mask (9430184)
cdo    remapbil: Bilinear weights from lonlat (4500x3251) to lonlat (360x170) grid, with source mask (9384784)
cdo    remapbil: Bilinear weights from lonlat (4500x3251) to lonlat (360x170) grid, with source mask (9338856)
cdo    remapbil: Bilinear weights from lonlat (4500x3251) to lonlat (360x170) grid, with source mask (9244901)
cdo    remapbil: Bilinear weights from lonlat (4500x3251) to lonlat (360x170) grid, with source mask (9167129)
cdo    remapbil: Bilinear weights from lonlat (4500x3251) to lonlat (360x170) grid, with source mask (9032413)
cdo    remapbil: Bilinear weights from lonlat (4500x3251) to lonlat (360x170) grid, with source mask (8923756)
cdo    remapbil: Bilinear weights from lonlat (4500x3251) to lonlat (360x170) grid, with source mask (8825169)
cdo    remapbil: Bilinear weights from lonlat (4500x3251) to lonlat (360x170) grid, with source mask (8741043)
cdo    remapbil: Bilinear weights from lonlat (4500x3251) to lonlat (360x170) grid, with source mask (8669422)
cdo    remapbil: Bilinear weights from lonlat (4500x3251) to lonlat (360x170) grid, with source mask (8547872)
cdo    remapbil: Bilinear weights from lonlat (4500x3251) to lonlat (360x170) grid, with source mask (8453750)
cdo    remapbil: Bilinear weights from lonlat (4500x3251) to lonlat (360x170) grid, with source mask (8387576)
cdo    remapbil: Bilinear weights from lonlat (4500x3251) to lonlat (360x170) grid, with source mask (8336479)
cdo    remapbil: Bilinear weights from lonlat (4500x3251) to lonlat (360x170) grid, with source mask (8290417)
cdo    remapbil: Bilinear weights from lonlat (4500x3251) to lonlat (360x170) grid, with source mask (8247815)
cdo    remapbil: Bilinear weights from lonlat (4500x3251) to lonlat (360x170) grid, with source mask (8128477)
cdo    remapbil: Bilinear weights from lonlat (4500x3251) to lonlat (360x170) grid, with source mask (7994116)
cdo    remapbil: Bilinear weights from lonlat (4500x3251) to lonlat (360x170) grid, with source mask (7692126)
cdo    remapbil: Bilinear weights from lonlat (4500x3251) to lonlat (360x170) grid, with source mask (7286838)
cdo    remapbil: Bilinear weights from lonlat (4500x3251) to lonlat (360x170) grid, with source mask (6658426)
cdo    remapbil: Bilinear weights from lonlat (4500x3251) to lonlat (360x170) grid, with source mask (4336945)
cdo    remapbil: Bilinear weights from lonlat (4500x3251) to lonlat (360x170) grid, with source mask (1454435)
------------------------------------------------
Interplating /work/home/acrzcyisbk/HYCOM_monthly/uv3z/degree_0083/GLBv0.08_53X_archMN.2009_04_uv3z.nc
cdo    remapbil: Bilinear weights from lonlat (4500x3251) to lonlat (360x170) grid, with source mask (9974940)
cdo    remapbil: Bilinear weights from lonlat (4500x3251) to lonlat (360x170) grid, with source mask (9952885)
cdo    remapbil: Bilinear weights from lonlat (4500x3251) to lonlat (360x170) grid, with source mask (9939291)
cdo    remapbil: Bilinear weights from lonlat (4500x3251) to lonlat (360x170) grid, with source mask (9925415)
cdo    remapbil: Bilinear weights from lonlat (4500x3251) to lonlat (360x170) grid, with source mask (9909528)
cdo    remapbil: Bilinear weights from lonlat (4500x3251) to lonlat (360x170) grid, with source mask (9887620)
cdo    remapbil: Bilinear weights from lonlat (4500x3251) to lonlat (360x170) grid, with source mask (9846685)
cdo    remapbil: Bilinear weights from lonlat (4500x3251) to lonlat (360x170) grid, with source mask (9804573)
cdo    remapbil: Bilinear weights from lonlat (4500x3251) to lonlat (360x170) grid, with source mask (9767299)
cdo    remapbil: Bilinear weights from lonlat (4500x3251) to lonlat (360x170) grid, with source mask (9730643)
cdo    remapbil: Bilinear weights from lonlat (4500x3251) to lonlat (360x170) grid, with source mask (9691209)
cdo    remapbil: Bilinear weights from lonlat (4500x3251) to lonlat (360x170) grid, with source mask (9648582)
cdo    remapbil: Bilinear weights from lonlat (4500x3251) to lonlat (360x170) grid, with source mask (9606865)
cdo    remapbil: Bilinear weights from lonlat (4500x3251) to lonlat (360x170) grid, with source mask (9536477)
cdo    remapbil: Bilinear weights from lonlat (4500x3251) to lonlat (360x170) grid, with source mask (9480678)
cdo    remapbil: Bilinear weights from lonlat (4500x3251) to lonlat (360x170) grid, with source mask (9430184)
cdo    remapbil: Bilinear weights from lonlat (4500x3251) to lonlat (360x170) grid, with source mask (9384784)
cdo    remapbil: Bilinear weights from lonlat (4500x3251) to lonlat (360x170) grid, with source mask (9338856)
cdo    remapbil: Bilinear weights from lonlat (4500x3251) to lonlat (360x170) grid, with source mask (9244901)
cdo    remapbil: Bilinear weights from lonlat (4500x3251) to lonlat (360x170) grid, with source mask (9167129)
cdo    remapbil: Bilinear weights from lonlat (4500x3251) to lonlat (360x170) grid, with source mask (9032413)
cdo    remapbil: Bilinear weights from lonlat (4500x3251) to lonlat (360x170) grid, with source mask (8923756)
cdo    remapbil: Bilinear weights from lonlat (4500x3251) to lonlat (360x170) grid, with source mask (8825169)
cdo    remapbil: Bilinear weights from lonlat (4500x3251) to lonlat (360x170) grid, with source mask (8741043)
cdo    remapbil: Bilinear weights from lonlat (4500x3251) to lonlat (360x170) grid, with source mask (8669422)
cdo    remapbil: Bilinear weights from lonlat (4500x3251) to lonlat (360x170) grid, with source mask (8547872)
cdo    remapbil: Bilinear weights from lonlat (4500x3251) to lonlat (360x170) grid, with source mask (8453750)
cdo    remapbil: Bilinear weights from lonlat (4500x3251) to lonlat (360x170) grid, with source mask (8387576)
cdo    remapbil: Bilinear weights from lonlat (4500x3251) to lonlat (360x170) grid, with source mask (8336479)
cdo    remapbil: Bilinear weights from lonlat (4500x3251) to lonlat (360x170) grid, with source mask (8290417)
cdo    remapbil: Bilinear weights from lonlat (4500x3251) to lonlat (360x170) grid, with source mask (8247815)
cdo    remapbil: Bilinear weights from lonlat (4500x3251) to lonlat (360x170) grid, with source mask (8128477)
cdo    remapbil: Bilinear weights from lonlat (4500x3251) to lonlat (360x170) grid, with source mask (7994116)
cdo    remapbil: Bilinear weights from lonlat (4500x3251) to lonlat (360x170) grid, with source mask (7692126)
cdo    remapbil: Bilinear weights from lonlat (4500x3251) to lonlat (360x170) grid, with source mask (7286838)
cdo    remapbil: Bilinear weights from lonlat (4500x3251) to lonlat (360x170) grid, with source mask (6658426)
cdo    remapbil: Bilinear weights from lonlat (4500x3251) to lonlat (360x170) grid, with source mask (4336945)
cdo    remapbil: Bilinear weights from lonlat (4500x3251) to lonlat (360x170) grid, with source mask (1454435)
------------------------------------------------
Interplating /work/home/acrzcyisbk/HYCOM_monthly/uv3z/degree_0083/GLBv0.08_53X_archMN.2009_06_uv3z.nc
cdo    remapbil: Bilinear weights from lonlat (4500x3251) to lonlat (360x170) grid, with source mask (9974940)
cdo    remapbil: Bilinear weights from lonlat (4500x3251) to lonlat (360x170) grid, with source mask (9952885)
cdo    remapbil: Bilinear weights from lonlat (4500x3251) to lonlat (360x170) grid, with source mask (9939291)
cdo    remapbil: Bilinear weights from lonlat (4500x3251) to lonlat (360x170) grid, with source mask (9925415)
cdo    remapbil: Bilinear weights from lonlat (4500x3251) to lonlat (360x170) grid, with source mask (9909528)
cdo    remapbil: Bilinear weights from lonlat (4500x3251) to lonlat (360x170) grid, with source mask (9887620)
cdo    remapbil: Bilinear weights from lonlat (4500x3251) to lonlat (360x170) grid, with source mask (9846685)
cdo    remapbil: Bilinear weights from lonlat (4500x3251) to lonlat (360x170) grid, with source mask (9804573)
cdo    remapbil: Bilinear weights from lonlat (4500x3251) to lonlat (360x170) grid, with source mask (9767299)
cdo    remapbil: Bilinear weights from lonlat (4500x3251) to lonlat (360x170) grid, with source mask (9730643)
cdo    remapbil: Bilinear weights from lonlat (4500x3251) to lonlat (360x170) grid, with source mask (9691209)
cdo    remapbil: Bilinear weights from lonlat (4500x3251) to lonlat (360x170) grid, with source mask (9648582)
cdo    remapbil: Bilinear weights from lonlat (4500x3251) to lonlat (360x170) grid, with source mask (9606865)
cdo    remapbil: Bilinear weights from lonlat (4500x3251) to lonlat (360x170) grid, with source mask (9536477)
cdo    remapbil: Bilinear weights from lonlat (4500x3251) to lonlat (360x170) grid, with source mask (9480678)
cdo    remapbil: Bilinear weights from lonlat (4500x3251) to lonlat (360x170) grid, with source mask (9430184)
cdo    remapbil: Bilinear weights from lonlat (4500x3251) to lonlat (360x170) grid, with source mask (9384784)
cdo    remapbil: Bilinear weights from lonlat (4500x3251) to lonlat (360x170) grid, with source mask (9338856)
cdo    remapbil: Bilinear weights from lonlat (4500x3251) to lonlat (360x170) grid, with source mask (9244901)
cdo    remapbil: Bilinear weights from lonlat (4500x3251) to lonlat (360x170) grid, with source mask (9167129)
cdo    remapbil: Bilinear weights from lonlat (4500x3251) to lonlat (360x170) grid, with source mask (9032413)
cdo    remapbil: Bilinear weights from lonlat (4500x3251) to lonlat (360x170) grid, with source mask (8923756)
cdo    remapbil: Bilinear weights from lonlat (4500x3251) to lonlat (360x170) grid, with source mask (8825169)
cdo    remapbil: Bilinear weights from lonlat (4500x3251) to lonlat (360x170) grid, with source mask (8741043)
cdo    remapbil: Bilinear weights from lonlat (4500x3251) to lonlat (360x170) grid, with source mask (8669422)
cdo    remapbil: Bilinear weights from lonlat (4500x3251) to lonlat (360x170) grid, with source mask (8547872)
cdo    remapbil: Bilinear weights from lonlat (4500x3251) to lonlat (360x170) grid, with source mask (8453750)
cdo    remapbil: Bilinear weights from lonlat (4500x3251) to lonlat (360x170) grid, with source mask (8387576)
cdo    remapbil: Bilinear weights from lonlat (4500x3251) to lonlat (360x170) grid, with source mask (8336479)
cdo    remapbil: Bilinear weights from lonlat (4500x3251) to lonlat (360x170) grid, with source mask (8290417)
cdo    remapbil: Bilinear weights from lonlat (4500x3251) to lonlat (360x170) grid, with source mask (8247815)
cdo    remapbil: Bilinear weights from lonlat (4500x3251) to lonlat (360x170) grid, with source mask (8128477)
cdo    remapbil: Bilinear weights from lonlat (4500x3251) to lonlat (360x170) grid, with source mask (7994116)
cdo    remapbil: Bilinear weights from lonlat (4500x3251) to lonlat (360x170) grid, with source mask (7692126)
cdo    remapbil: Bilinear weights from lonlat (4500x3251) to lonlat (360x170) grid, with source mask (7286838)
cdo    remapbil: Bilinear weights from lonlat (4500x3251) to lonlat (360x170) grid, with source mask (6658426)
cdo    remapbil: Bilinear weights from lonlat (4500x3251) to lonlat (360x170) grid, with source mask (4336945)
cdo    remapbil: Bilinear weights from lonlat (4500x3251) to lonlat (360x170) grid, with source mask (1454435)
------------------------------------------------
Interplating /work/home/acrzcyisbk/HYCOM_monthly/uv3z/degree_0083/GLBv0.08_53X_archMN.2012_10_uv3z.nc
cdo    remapbil: Bilinear weights from lonlat (4500x3251) to lonlat (360x170) grid, with source mask (9974940)
cdo    remapbil: Bilinear weights from lonlat (4500x3251) to lonlat (360x170) grid, with source mask (9952885)
cdo    remapbil: Bilinear weights from lonlat (4500x3251) to lonlat (360x170) grid, with source mask (9939291)
cdo    remapbil: Bilinear weights from lonlat (4500x3251) to lonlat (360x170) grid, with source mask (9925415)
cdo    remapbil: Bilinear weights from lonlat (4500x3251) to lonlat (360x170) grid, with source mask (9909528)
cdo    remapbil: Bilinear weights from lonlat (4500x3251) to lonlat (360x170) grid, with source mask (9887620)
cdo    remapbil: Bilinear weights from lonlat (4500x3251) to lonlat (360x170) grid, with source mask (9846685)
cdo    remapbil: Bilinear weights from lonlat (4500x3251) to lonlat (360x170) grid, with source mask (9804573)
cdo    remapbil: Bilinear weights from lonlat (4500x3251) to lonlat (360x170) grid, with source mask (9767299)
cdo    remapbil: Bilinear weights from lonlat (4500x3251) to lonlat (360x170) grid, with source mask (9730643)
cdo    remapbil: Bilinear weights from lonlat (4500x3251) to lonlat (360x170) grid, with source mask (9691209)
cdo    remapbil: Bilinear weights from lonlat (4500x3251) to lonlat (360x170) grid, with source mask (9648582)
cdo    remapbil: Bilinear weights from lonlat (4500x3251) to lonlat (360x170) grid, with source mask (9606865)
cdo    remapbil: Bilinear weights from lonlat (4500x3251) to lonlat (360x170) grid, with source mask (9536477)
cdo    remapbil: Bilinear weights from lonlat (4500x3251) to lonlat (360x170) grid, with source mask (9480678)
cdo    remapbil: Bilinear weights from lonlat (4500x3251) to lonlat (360x170) grid, with source mask (9430184)
cdo    remapbil: Bilinear weights from lonlat (4500x3251) to lonlat (360x170) grid, with source mask (9384784)
cdo    remapbil: Bilinear weights from lonlat (4500x3251) to lonlat (360x170) grid, with source mask (9338856)
cdo    remapbil: Bilinear weights from lonlat (4500x3251) to lonlat (360x170) grid, with source mask (9244901)
cdo    remapbil: Bilinear weights from lonlat (4500x3251) to lonlat (360x170) grid, with source mask (9167129)
cdo    remapbil: Bilinear weights from lonlat (4500x3251) to lonlat (360x170) grid, with source mask (9032413)
cdo    remapbil: Bilinear weights from lonlat (4500x3251) to lonlat (360x170) grid, with source mask (8923756)
cdo    remapbil: Bilinear weights from lonlat (4500x3251) to lonlat (360x170) grid, with source mask (8825169)
cdo    remapbil: Bilinear weights from lonlat (4500x3251) to lonlat (360x170) grid, with source mask (8741043)
cdo    remapbil: Bilinear weights from lonlat (4500x3251) to lonlat (360x170) grid, with source mask (8669422)
cdo    remapbil: Bilinear weights from lonlat (4500x3251) to lonlat (360x170) grid, with source mask (8547872)
cdo    remapbil: Bilinear weights from lonlat (4500x3251) to lonlat (360x170) grid, with source mask (8453750)
cdo    remapbil: Bilinear weights from lonlat (4500x3251) to lonlat (360x170) grid, with source mask (8387576)
cdo    remapbil: Bilinear weights from lonlat (4500x3251) to lonlat (360x170) grid, with source mask (8336479)
cdo    remapbil: Bilinear weights from lonlat (4500x3251) to lonlat (360x170) grid, with source mask (8290417)
cdo    remapbil: Bilinear weights from lonlat (4500x3251) to lonlat (360x170) grid, with source mask (8247815)
cdo    remapbil: Bilinear weights from lonlat (4500x3251) to lonlat (360x170) grid, with source mask (8128477)
cdo    remapbil: Bilinear weights from lonlat (4500x3251) to lonlat (360x170) grid, with source mask (7994116)
cdo    remapbil: Bilinear weights from lonlat (4500x3251) to lonlat (360x170) grid, with source mask (7692126)
cdo    remapbil: Bilinear weights from lonlat (4500x3251) to lonlat (360x170) grid, with source mask (7286838)
cdo    remapbil: Bilinear weights from lonlat (4500x3251) to lonlat (360x170) grid, with source mask (6658426)
cdo    remapbil: Bilinear weights from lonlat (4500x3251) to lonlat (360x170) grid, with source mask (4336945)
cdo    remapbil: Bilinear weights from lonlat (4500x3251) to lonlat (360x170) grid, with source mask (1454435)
------------------------------------------------
Interplating /work/home/acrzcyisbk/HYCOM_monthly/uv3z/degree_0083/GLBv0.08_53X_archMN.2012_11_uv3z.nc
cdo    remapbil: Bilinear weights from lonlat (4500x3251) to lonlat (360x170) grid, with source mask (9974940)
cdo    remapbil: Bilinear weights from lonlat (4500x3251) to lonlat (360x170) grid, with source mask (9952885)
cdo    remapbil: Bilinear weights from lonlat (4500x3251) to lonlat (360x170) grid, with source mask (9939291)
cdo    remapbil: Bilinear weights from lonlat (4500x3251) to lonlat (360x170) grid, with source mask (9925415)
cdo    remapbil: Bilinear weights from lonlat (4500x3251) to lonlat (360x170) grid, with source mask (9909528)
cdo    remapbil: Bilinear weights from lonlat (4500x3251) to lonlat (360x170) grid, with source mask (9887620)
cdo    remapbil: Bilinear weights from lonlat (4500x3251) to lonlat (360x170) grid, with source mask (9846685)
cdo    remapbil: Bilinear weights from lonlat (4500x3251) to lonlat (360x170) grid, with source mask (9804573)
cdo    remapbil: Bilinear weights from lonlat (4500x3251) to lonlat (360x170) grid, with source mask (9767299)
cdo    remapbil: Bilinear weights from lonlat (4500x3251) to lonlat (360x170) grid, with source mask (9730643)
cdo    remapbil: Bilinear weights from lonlat (4500x3251) to lonlat (360x170) grid, with source mask (9691209)
cdo    remapbil: Bilinear weights from lonlat (4500x3251) to lonlat (360x170) grid, with source mask (9648582)
cdo    remapbil: Bilinear weights from lonlat (4500x3251) to lonlat (360x170) grid, with source mask (9606865)
cdo    remapbil: Bilinear weights from lonlat (4500x3251) to lonlat (360x170) grid, with source mask (9536477)
cdo    remapbil: Bilinear weights from lonlat (4500x3251) to lonlat (360x170) grid, with source mask (9480678)
cdo    remapbil: Bilinear weights from lonlat (4500x3251) to lonlat (360x170) grid, with source mask (9430184)
cdo    remapbil: Bilinear weights from lonlat (4500x3251) to lonlat (360x170) grid, with source mask (9384784)
cdo    remapbil: Bilinear weights from lonlat (4500x3251) to lonlat (360x170) grid, with source mask (9338856)
cdo    remapbil: Bilinear weights from lonlat (4500x3251) to lonlat (360x170) grid, with source mask (9244901)
cdo    remapbil: Bilinear weights from lonlat (4500x3251) to lonlat (360x170) grid, with source mask (9167129)
cdo    remapbil: Bilinear weights from lonlat (4500x3251) to lonlat (360x170) grid, with source mask (9032413)
cdo    remapbil: Bilinear weights from lonlat (4500x3251) to lonlat (360x170) grid, with source mask (8923756)
cdo    remapbil: Bilinear weights from lonlat (4500x3251) to lonlat (360x170) grid, with source mask (8825169)
cdo    remapbil: Bilinear weights from lonlat (4500x3251) to lonlat (360x170) grid, with source mask (8741043)
cdo    remapbil: Bilinear weights from lonlat (4500x3251) to lonlat (360x170) grid, with source mask (8669422)
cdo    remapbil: Bilinear weights from lonlat (4500x3251) to lonlat (360x170) grid, with source mask (8547872)
cdo    remapbil: Bilinear weights from lonlat (4500x3251) to lonlat (360x170) grid, with source mask (8453750)
cdo    remapbil: Bilinear weights from lonlat (4500x3251) to lonlat (360x170) grid, with source mask (8387576)
cdo    remapbil: Bilinear weights from lonlat (4500x3251) to lonlat (360x170) grid, with source mask (8336479)
cdo    remapbil: Bilinear weights from lonlat (4500x3251) to lonlat (360x170) grid, with source mask (8290417)
cdo    remapbil: Bilinear weights from lonlat (4500x3251) to lonlat (360x170) grid, with source mask (8247815)
cdo    remapbil: Bilinear weights from lonlat (4500x3251) to lonlat (360x170) grid, with source mask (8128477)
cdo    remapbil: Bilinear weights from lonlat (4500x3251) to lonlat (360x170) grid, with source mask (7994116)
cdo    remapbil: Bilinear weights from lonlat (4500x3251) to lonlat (360x170) grid, with source mask (7692126)
cdo    remapbil: Bilinear weights from lonlat (4500x3251) to lonlat (360x170) grid, with source mask (7286838)
cdo    remapbil: Bilinear weights from lonlat (4500x3251) to lonlat (360x170) grid, with source mask (6658426)
cdo    remapbil: Bilinear weights from lonlat (4500x3251) to lonlat (360x170) grid, with source mask (4336945)
cdo    remapbil: Bilinear weights from lonlat (4500x3251) to lonlat (360x170) grid, with source mask (1454435)
------------------------------------------------
Interplating /work/home/acrzcyisbk/HYCOM_monthly/uv3z/degree_0083/GLBv0.08_53X_archMN.2013_04_uv3z.nc
cdo    remapbil: Bilinear weights from lonlat (4500x3251) to lonlat (360x170) grid, with source mask (9974940)
cdo    remapbil: Bilinear weights from lonlat (4500x3251) to lonlat (360x170) grid, with source mask (9952885)
cdo    remapbil: Bilinear weights from lonlat (4500x3251) to lonlat (360x170) grid, with source mask (9939291)
cdo    remapbil: Bilinear weights from lonlat (4500x3251) to lonlat (360x170) grid, with source mask (9925415)
cdo    remapbil: Bilinear weights from lonlat (4500x3251) to lonlat (360x170) grid, with source mask (9909528)
cdo    remapbil: Bilinear weights from lonlat (4500x3251) to lonlat (360x170) grid, with source mask (9887620)
cdo    remapbil: Bilinear weights from lonlat (4500x3251) to lonlat (360x170) grid, with source mask (9846685)
cdo    remapbil: Bilinear weights from lonlat (4500x3251) to lonlat (360x170) grid, with source mask (9804573)
cdo    remapbil: Bilinear weights from lonlat (4500x3251) to lonlat (360x170) grid, with source mask (9767299)
cdo    remapbil: Bilinear weights from lonlat (4500x3251) to lonlat (360x170) grid, with source mask (9730643)
cdo    remapbil: Bilinear weights from lonlat (4500x3251) to lonlat (360x170) grid, with source mask (9691209)
cdo    remapbil: Bilinear weights from lonlat (4500x3251) to lonlat (360x170) grid, with source mask (9648582)
cdo    remapbil: Bilinear weights from lonlat (4500x3251) to lonlat (360x170) grid, with source mask (9606865)
cdo    remapbil: Bilinear weights from lonlat (4500x3251) to lonlat (360x170) grid, with source mask (9536477)
cdo    remapbil: Bilinear weights from lonlat (4500x3251) to lonlat (360x170) grid, with source mask (9480678)
cdo    remapbil: Bilinear weights from lonlat (4500x3251) to lonlat (360x170) grid, with source mask (9430184)
cdo    remapbil: Bilinear weights from lonlat (4500x3251) to lonlat (360x170) grid, with source mask (9384784)
cdo    remapbil: Bilinear weights from lonlat (4500x3251) to lonlat (360x170) grid, with source mask (9338856)
cdo    remapbil: Bilinear weights from lonlat (4500x3251) to lonlat (360x170) grid, with source mask (9244901)
cdo    remapbil: Bilinear weights from lonlat (4500x3251) to lonlat (360x170) grid, with source mask (9167129)
cdo    remapbil: Bilinear weights from lonlat (4500x3251) to lonlat (360x170) grid, with source mask (9032413)
cdo    remapbil: Bilinear weights from lonlat (4500x3251) to lonlat (360x170) grid, with source mask (8923756)
cdo    remapbil: Bilinear weights from lonlat (4500x3251) to lonlat (360x170) grid, with source mask (8825169)
cdo    remapbil: Bilinear weights from lonlat (4500x3251) to lonlat (360x170) grid, with source mask (8741043)
cdo    remapbil: Bilinear weights from lonlat (4500x3251) to lonlat (360x170) grid, with source mask (8669422)
cdo    remapbil: Bilinear weights from lonlat (4500x3251) to lonlat (360x170) grid, with source mask (8547872)
cdo    remapbil: Bilinear weights from lonlat (4500x3251) to lonlat (360x170) grid, with source mask (8453750)
cdo    remapbil: Bilinear weights from lonlat (4500x3251) to lonlat (360x170) grid, with source mask (8387576)
cdo    remapbil: Bilinear weights from lonlat (4500x3251) to lonlat (360x170) grid, with source mask (8336479)
cdo    remapbil: Bilinear weights from lonlat (4500x3251) to lonlat (360x170) grid, with source mask (8290417)
cdo    remapbil: Bilinear weights from lonlat (4500x3251) to lonlat (360x170) grid, with source mask (8247815)
cdo    remapbil: Bilinear weights from lonlat (4500x3251) to lonlat (360x170) grid, with source mask (8128477)
cdo    remapbil: Bilinear weights from lonlat (4500x3251) to lonlat (360x170) grid, with source mask (7994116)
cdo    remapbil: Bilinear weights from lonlat (4500x3251) to lonlat (360x170) grid, with source mask (7692126)
cdo    remapbil: Bilinear weights from lonlat (4500x3251) to lonlat (360x170) grid, with source mask (7286838)
cdo    remapbil: Bilinear weights from lonlat (4500x3251) to lonlat (360x170) grid, with source mask (6658426)
cdo    remapbil: Bilinear weights from lonlat (4500x3251) to lonlat (360x170) grid, with source mask (4336945)
cdo    remapbil: Bilinear weights from lonlat (4500x3251) to lonlat (360x170) grid, with source mask (1454435)
------------------------------------------------
Interplating /work/home/acrzcyisbk/HYCOM_monthly/uv3z/degree_0083/GLBv0.08_53X_archMN.2013_06_uv3z.nc
cdo    remapbil: Bilinear weights from lonlat (4500x3251) to lonlat (360x170) grid, with source mask (9974940)
cdo    remapbil: Bilinear weights from lonlat (4500x3251) to lonlat (360x170) grid, with source mask (9952885)
cdo    remapbil: Bilinear weights from lonlat (4500x3251) to lonlat (360x170) grid, with source mask (9939291)
cdo    remapbil: Bilinear weights from lonlat (4500x3251) to lonlat (360x170) grid, with source mask (9925415)
cdo    remapbil: Bilinear weights from lonlat (4500x3251) to lonlat (360x170) grid, with source mask (9909528)
cdo    remapbil: Bilinear weights from lonlat (4500x3251) to lonlat (360x170) grid, with source mask (9887620)
cdo    remapbil: Bilinear weights from lonlat (4500x3251) to lonlat (360x170) grid, with source mask (9846685)
cdo    remapbil: Bilinear weights from lonlat (4500x3251) to lonlat (360x170) grid, with source mask (9804573)
cdo    remapbil: Bilinear weights from lonlat (4500x3251) to lonlat (360x170) grid, with source mask (9767299)
cdo    remapbil: Bilinear weights from lonlat (4500x3251) to lonlat (360x170) grid, with source mask (9730643)
cdo    remapbil: Bilinear weights from lonlat (4500x3251) to lonlat (360x170) grid, with source mask (9691209)
cdo    remapbil: Bilinear weights from lonlat (4500x3251) to lonlat (360x170) grid, with source mask (9648582)
cdo    remapbil: Bilinear weights from lonlat (4500x3251) to lonlat (360x170) grid, with source mask (9606865)
cdo    remapbil: Bilinear weights from lonlat (4500x3251) to lonlat (360x170) grid, with source mask (9536477)
cdo    remapbil: Bilinear weights from lonlat (4500x3251) to lonlat (360x170) grid, with source mask (9480678)
cdo    remapbil: Bilinear weights from lonlat (4500x3251) to lonlat (360x170) grid, with source mask (9430184)
cdo    remapbil: Bilinear weights from lonlat (4500x3251) to lonlat (360x170) grid, with source mask (9384784)
cdo    remapbil: Bilinear weights from lonlat (4500x3251) to lonlat (360x170) grid, with source mask (9338856)
cdo    remapbil: Bilinear weights from lonlat (4500x3251) to lonlat (360x170) grid, with source mask (9244901)
cdo    remapbil: Bilinear weights from lonlat (4500x3251) to lonlat (360x170) grid, with source mask (9167129)
cdo    remapbil: Bilinear weights from lonlat (4500x3251) to lonlat (360x170) grid, with source mask (9032413)
cdo    remapbil: Bilinear weights from lonlat (4500x3251) to lonlat (360x170) grid, with source mask (8923756)
cdo    remapbil: Bilinear weights from lonlat (4500x3251) to lonlat (360x170) grid, with source mask (8825169)
cdo    remapbil: Bilinear weights from lonlat (4500x3251) to lonlat (360x170) grid, with source mask (8741043)
cdo    remapbil: Bilinear weights from lonlat (4500x3251) to lonlat (360x170) grid, with source mask (8669422)
cdo    remapbil: Bilinear weights from lonlat (4500x3251) to lonlat (360x170) grid, with source mask (8547872)
cdo    remapbil: Bilinear weights from lonlat (4500x3251) to lonlat (360x170) grid, with source mask (8453750)
cdo    remapbil: Bilinear weights from lonlat (4500x3251) to lonlat (360x170) grid, with source mask (8387576)
cdo    remapbil: Bilinear weights from lonlat (4500x3251) to lonlat (360x170) grid, with source mask (8336479)
cdo    remapbil: Bilinear weights from lonlat (4500x3251) to lonlat (360x170) grid, with source mask (8290417)
cdo    remapbil: Bilinear weights from lonlat (4500x3251) to lonlat (360x170) grid, with source mask (8247815)
cdo    remapbil: Bilinear weights from lonlat (4500x3251) to lonlat (360x170) grid, with source mask (8128477)
cdo    remapbil: Bilinear weights from lonlat (4500x3251) to lonlat (360x170) grid, with source mask (7994116)
cdo    remapbil: Bilinear weights from lonlat (4500x3251) to lonlat (360x170) grid, with source mask (7692126)
cdo    remapbil: Bilinear weights from lonlat (4500x3251) to lonlat (360x170) grid, with source mask (7286838)
cdo    remapbil: Bilinear weights from lonlat (4500x3251) to lonlat (360x170) grid, with source mask (6658426)
cdo    remapbil: Bilinear weights from lonlat (4500x3251) to lonlat (360x170) grid, with source mask (4336945)
cdo    remapbil: Bilinear weights from lonlat (4500x3251) to lonlat (360x170) grid, with source mask (1454435)
------------------------------------------------
Interplating /work/home/acrzcyisbk/HYCOM_monthly/uv3z/degree_0083/GLBv0.08_53X_archMN.2014_02_uv3z.nc
cdo    remapbil: Bilinear weights from lonlat (4500x3251) to lonlat (360x170) grid, with source mask (9974940)
cdo    remapbil: Bilinear weights from lonlat (4500x3251) to lonlat (360x170) grid, with source mask (9952885)
cdo    remapbil: Bilinear weights from lonlat (4500x3251) to lonlat (360x170) grid, with source mask (9939291)
cdo    remapbil: Bilinear weights from lonlat (4500x3251) to lonlat (360x170) grid, with source mask (9925415)
cdo    remapbil: Bilinear weights from lonlat (4500x3251) to lonlat (360x170) grid, with source mask (9909528)
cdo    remapbil: Bilinear weights from lonlat (4500x3251) to lonlat (360x170) grid, with source mask (9887620)
cdo    remapbil: Bilinear weights from lonlat (4500x3251) to lonlat (360x170) grid, with source mask (9846685)
cdo    remapbil: Bilinear weights from lonlat (4500x3251) to lonlat (360x170) grid, with source mask (9804573)
cdo    remapbil: Bilinear weights from lonlat (4500x3251) to lonlat (360x170) grid, with source mask (9767299)
cdo    remapbil: Bilinear weights from lonlat (4500x3251) to lonlat (360x170) grid, with source mask (9730643)
cdo    remapbil: Bilinear weights from lonlat (4500x3251) to lonlat (360x170) grid, with source mask (9691209)
cdo    remapbil: Bilinear weights from lonlat (4500x3251) to lonlat (360x170) grid, with source mask (9648582)
cdo    remapbil: Bilinear weights from lonlat (4500x3251) to lonlat (360x170) grid, with source mask (9606865)
cdo    remapbil: Bilinear weights from lonlat (4500x3251) to lonlat (360x170) grid, with source mask (9536477)
cdo    remapbil: Bilinear weights from lonlat (4500x3251) to lonlat (360x170) grid, with source mask (9480678)
cdo    remapbil: Bilinear weights from lonlat (4500x3251) to lonlat (360x170) grid, with source mask (9430184)
cdo    remapbil: Bilinear weights from lonlat (4500x3251) to lonlat (360x170) grid, with source mask (9384784)
cdo    remapbil: Bilinear weights from lonlat (4500x3251) to lonlat (360x170) grid, with source mask (9338856)
cdo    remapbil: Bilinear weights from lonlat (4500x3251) to lonlat (360x170) grid, with source mask (9244901)
cdo    remapbil: Bilinear weights from lonlat (4500x3251) to lonlat (360x170) grid, with source mask (9167129)
cdo    remapbil: Bilinear weights from lonlat (4500x3251) to lonlat (360x170) grid, with source mask (9032413)
cdo    remapbil: Bilinear weights from lonlat (4500x3251) to lonlat (360x170) grid, with source mask (8923756)
cdo    remapbil: Bilinear weights from lonlat (4500x3251) to lonlat (360x170) grid, with source mask (8825169)
cdo    remapbil: Bilinear weights from lonlat (4500x3251) to lonlat (360x170) grid, with source mask (8741043)
cdo    remapbil: Bilinear weights from lonlat (4500x3251) to lonlat (360x170) grid, with source mask (8669422)
cdo    remapbil: Bilinear weights from lonlat (4500x3251) to lonlat (360x170) grid, with source mask (8547872)
cdo    remapbil: Bilinear weights from lonlat (4500x3251) to lonlat (360x170) grid, with source mask (8453750)
cdo    remapbil: Bilinear weights from lonlat (4500x3251) to lonlat (360x170) grid, with source mask (8387576)
cdo    remapbil: Bilinear weights from lonlat (4500x3251) to lonlat (360x170) grid, with source mask (8336479)
cdo    remapbil: Bilinear weights from lonlat (4500x3251) to lonlat (360x170) grid, with source mask (8290417)
cdo    remapbil: Bilinear weights from lonlat (4500x3251) to lonlat (360x170) grid, with source mask (8247815)
cdo    remapbil: Bilinear weights from lonlat (4500x3251) to lonlat (360x170) grid, with source mask (8128477)
cdo    remapbil: Bilinear weights from lonlat (4500x3251) to lonlat (360x170) grid, with source mask (7994116)
cdo    remapbil: Bilinear weights from lonlat (4500x3251) to lonlat (360x170) grid, with source mask (7692126)
cdo    remapbil: Bilinear weights from lonlat (4500x3251) to lonlat (360x170) grid, with source mask (7286838)
cdo    remapbil: Bilinear weights from lonlat (4500x3251) to lonlat (360x170) grid, with source mask (6658426)
cdo    remapbil: Bilinear weights from lonlat (4500x3251) to lonlat (360x170) grid, with source mask (4336945)
cdo    remapbil: Bilinear weights from lonlat (4500x3251) to lonlat (360x170) grid, with source mask (1454435)
/work/home/acrzcyisbk/HYCOM_monthly/uv3z/degree_1/GLBv0.08_53X_archMN.1994_04_uv3z.nc exists, skip
/work/home/acrzcyisbk/HYCOM_monthly/uv3z/degree_1/GLBv0.08_53X_archMN.1995_02_uv3z.nc exists, skip
/work/home/acrzcyisbk/HYCOM_monthly/uv3z/degree_1/GLBv0.08_53X_archMN.1996_04_uv3z.nc exists, skip
/work/home/acrzcyisbk/HYCOM_monthly/uv3z/degree_1/GLBv0.08_53X_archMN.1997_10_uv3z.nc exists, skip
------------------------------------------------
Interplating /work/home/acrzcyisbk/HYCOM_monthly/uv3z/degree_0083/GLBv0.08_53X_archMN.1997_11_uv3z.nc
cdo    remapbil: Bilinear weights from lonlat (4500x3251) to lonlat (360x170) grid, with source mask (9974940)
cdo    remapbil: Bilinear weights from lonlat (4500x3251) to lonlat (360x170) grid, with source mask (9952885)
cdo    remapbil: Bilinear weights from lonlat (4500x3251) to lonlat (360x170) grid, with source mask (9939291)
cdo    remapbil: Bilinear weights from lonlat (4500x3251) to lonlat (360x170) grid, with source mask (9925415)
cdo    remapbil: Bilinear weights from lonlat (4500x3251) to lonlat (360x170) grid, with source mask (9909528)
cdo    remapbil: Bilinear weights from lonlat (4500x3251) to lonlat (360x170) grid, with source mask (9887620)
cdo    remapbil: Bilinear weights from lonlat (4500x3251) to lonlat (360x170) grid, with source mask (9846685)
cdo    remapbil: Bilinear weights from lonlat (4500x3251) to lonlat (360x170) grid, with source mask (9804573)
cdo    remapbil: Bilinear weights from lonlat (4500x3251) to lonlat (360x170) grid, with source mask (9767299)
cdo    remapbil: Bilinear weights from lonlat (4500x3251) to lonlat (360x170) grid, with source mask (9730643)
cdo    remapbil: Bilinear weights from lonlat (4500x3251) to lonlat (360x170) grid, with source mask (9691209)
cdo    remapbil: Bilinear weights from lonlat (4500x3251) to lonlat (360x170) grid, with source mask (9648582)
cdo    remapbil: Bilinear weights from lonlat (4500x3251) to lonlat (360x170) grid, with source mask (9606865)
cdo    remapbil: Bilinear weights from lonlat (4500x3251) to lonlat (360x170) grid, with source mask (9536477)
cdo    remapbil: Bilinear weights from lonlat (4500x3251) to lonlat (360x170) grid, with source mask (9480678)
cdo    remapbil: Bilinear weights from lonlat (4500x3251) to lonlat (360x170) grid, with source mask (9430184)
cdo    remapbil: Bilinear weights from lonlat (4500x3251) to lonlat (360x170) grid, with source mask (9384784)
cdo    remapbil: Bilinear weights from lonlat (4500x3251) to lonlat (360x170) grid, with source mask (9338856)
cdo    remapbil: Bilinear weights from lonlat (4500x3251) to lonlat (360x170) grid, with source mask (9244901)
cdo    remapbil: Bilinear weights from lonlat (4500x3251) to lonlat (360x170) grid, with source mask (9167129)
cdo    remapbil: Bilinear weights from lonlat (4500x3251) to lonlat (360x170) grid, with source mask (9032413)
cdo    remapbil: Bilinear weights from lonlat (4500x3251) to lonlat (360x170) grid, with source mask (8923756)
cdo    remapbil: Bilinear weights from lonlat (4500x3251) to lonlat (360x170) grid, with source mask (8825169)
cdo    remapbil: Bilinear weights from lonlat (4500x3251) to lonlat (360x170) grid, with source mask (8741043)
cdo    remapbil: Bilinear weights from lonlat (4500x3251) to lonlat (360x170) grid, with source mask (8669422)
cdo    remapbil: Bilinear weights from lonlat (4500x3251) to lonlat (360x170) grid, with source mask (8547872)
cdo    remapbil: Bilinear weights from lonlat (4500x3251) to lonlat (360x170) grid, with source mask (8453750)
cdo    remapbil: Bilinear weights from lonlat (4500x3251) to lonlat (360x170) grid, with source mask (8387576)
cdo    remapbil: Bilinear weights from lonlat (4500x3251) to lonlat (360x170) grid, with source mask (8336479)
cdo    remapbil: Bilinear weights from lonlat (4500x3251) to lonlat (360x170) grid, with source mask (8290417)
cdo    remapbil: Bilinear weights from lonlat (4500x3251) to lonlat (360x170) grid, with source mask (8247815)
cdo    remapbil: Bilinear weights from lonlat (4500x3251) to lonlat (360x170) grid, with source mask (8128477)
cdo    remapbil: Bilinear weights from lonlat (4500x3251) to lonlat (360x170) grid, with source mask (7994116)
cdo    remapbil: Bilinear weights from lonlat (4500x3251) to lonlat (360x170) grid, with source mask (7692126)
cdo    remapbil: Bilinear weights from lonlat (4500x3251) to lonlat (360x170) grid, with source mask (7286838)
cdo    remapbil: Bilinear weights from lonlat (4500x3251) to lonlat (360x170) grid, with source mask (6658426)
cdo    remapbil: Bilinear weights from lonlat (4500x3251) to lonlat (360x170) grid, with source mask (4336945)
cdo    remapbil: Bilinear weights from lonlat (4500x3251) to lonlat (360x170) grid, with source mask (1454435)
------------------------------------------------
Interplating /work/home/acrzcyisbk/HYCOM_monthly/uv3z/degree_0083/GLBv0.08_53X_archMN.1998_08_uv3z.nc
cdo    remapbil: Bilinear weights from lonlat (4500x3251) to lonlat (360x170) grid, with source mask (9974940)
cdo    remapbil: Bilinear weights from lonlat (4500x3251) to lonlat (360x170) grid, with source mask (9952885)
cdo    remapbil: Bilinear weights from lonlat (4500x3251) to lonlat (360x170) grid, with source mask (9939291)
cdo    remapbil: Bilinear weights from lonlat (4500x3251) to lonlat (360x170) grid, with source mask (9925415)
cdo    remapbil: Bilinear weights from lonlat (4500x3251) to lonlat (360x170) grid, with source mask (9909528)
cdo    remapbil: Bilinear weights from lonlat (4500x3251) to lonlat (360x170) grid, with source mask (9887620)
cdo    remapbil: Bilinear weights from lonlat (4500x3251) to lonlat (360x170) grid, with source mask (9846685)
cdo    remapbil: Bilinear weights from lonlat (4500x3251) to lonlat (360x170) grid, with source mask (9804573)
cdo    remapbil: Bilinear weights from lonlat (4500x3251) to lonlat (360x170) grid, with source mask (9767299)
cdo    remapbil: Bilinear weights from lonlat (4500x3251) to lonlat (360x170) grid, with source mask (9730643)
cdo    remapbil: Bilinear weights from lonlat (4500x3251) to lonlat (360x170) grid, with source mask (9691209)
cdo    remapbil: Bilinear weights from lonlat (4500x3251) to lonlat (360x170) grid, with source mask (9648582)
cdo    remapbil: Bilinear weights from lonlat (4500x3251) to lonlat (360x170) grid, with source mask (9606865)
cdo    remapbil: Bilinear weights from lonlat (4500x3251) to lonlat (360x170) grid, with source mask (9536477)
cdo    remapbil: Bilinear weights from lonlat (4500x3251) to lonlat (360x170) grid, with source mask (9480678)
cdo    remapbil: Bilinear weights from lonlat (4500x3251) to lonlat (360x170) grid, with source mask (9430184)
cdo    remapbil: Bilinear weights from lonlat (4500x3251) to lonlat (360x170) grid, with source mask (9384784)
cdo    remapbil: Bilinear weights from lonlat (4500x3251) to lonlat (360x170) grid, with source mask (9338856)
cdo    remapbil: Bilinear weights from lonlat (4500x3251) to lonlat (360x170) grid, with source mask (9244901)
cdo    remapbil: Bilinear weights from lonlat (4500x3251) to lonlat (360x170) grid, with source mask (9167129)
cdo    remapbil: Bilinear weights from lonlat (4500x3251) to lonlat (360x170) grid, with source mask (9032413)
cdo    remapbil: Bilinear weights from lonlat (4500x3251) to lonlat (360x170) grid, with source mask (8923756)
cdo    remapbil: Bilinear weights from lonlat (4500x3251) to lonlat (360x170) grid, with source mask (8825169)
cdo    remapbil: Bilinear weights from lonlat (4500x3251) to lonlat (360x170) grid, with source mask (8741043)
cdo    remapbil: Bilinear weights from lonlat (4500x3251) to lonlat (360x170) grid, with source mask (8669422)
cdo    remapbil: Bilinear weights from lonlat (4500x3251) to lonlat (360x170) grid, with source mask (8547872)
cdo    remapbil: Bilinear weights from lonlat (4500x3251) to lonlat (360x170) grid, with source mask (8453750)
cdo    remapbil: Bilinear weights from lonlat (4500x3251) to lonlat (360x170) grid, with source mask (8387576)
cdo    remapbil: Bilinear weights from lonlat (4500x3251) to lonlat (360x170) grid, with source mask (8336479)
cdo    remapbil: Bilinear weights from lonlat (4500x3251) to lonlat (360x170) grid, with source mask (8290417)
cdo    remapbil: Bilinear weights from lonlat (4500x3251) to lonlat (360x170) grid, with source mask (8247815)
cdo    remapbil: Bilinear weights from lonlat (4500x3251) to lonlat (360x170) grid, with source mask (8128477)
cdo    remapbil: Bilinear weights from lonlat (4500x3251) to lonlat (360x170) grid, with source mask (7994116)
cdo    remapbil: Bilinear weights from lonlat (4500x3251) to lonlat (360x170) grid, with source mask (7692126)
cdo    remapbil: Bilinear weights from lonlat (4500x3251) to lonlat (360x170) grid, with source mask (7286838)
cdo    remapbil: Bilinear weights from lonlat (4500x3251) to lonlat (360x170) grid, with source mask (6658426)
cdo    remapbil: Bilinear weights from lonlat (4500x3251) to lonlat (360x170) grid, with source mask (4336945)
cdo    remapbil: Bilinear weights from lonlat (4500x3251) to lonlat (360x170) grid, with source mask (1454435)
------------------------------------------------
Interplating /work/home/acrzcyisbk/HYCOM_monthly/uv3z/degree_0083/GLBv0.08_53X_archMN.1998_09_uv3z.nc
cdo    remapbil: Bilinear weights from lonlat (4500x3251) to lonlat (360x170) grid, with source mask (9974940)
cdo    remapbil: Bilinear weights from lonlat (4500x3251) to lonlat (360x170) grid, with source mask (9952885)
cdo    remapbil: Bilinear weights from lonlat (4500x3251) to lonlat (360x170) grid, with source mask (9939291)
cdo    remapbil: Bilinear weights from lonlat (4500x3251) to lonlat (360x170) grid, with source mask (9925415)
cdo    remapbil: Bilinear weights from lonlat (4500x3251) to lonlat (360x170) grid, with source mask (9909528)
cdo    remapbil: Bilinear weights from lonlat (4500x3251) to lonlat (360x170) grid, with source mask (9887620)
cdo    remapbil: Bilinear weights from lonlat (4500x3251) to lonlat (360x170) grid, with source mask (9846685)
cdo    remapbil: Bilinear weights from lonlat (4500x3251) to lonlat (360x170) grid, with source mask (9804573)
cdo    remapbil: Bilinear weights from lonlat (4500x3251) to lonlat (360x170) grid, with source mask (9767299)
cdo    remapbil: Bilinear weights from lonlat (4500x3251) to lonlat (360x170) grid, with source mask (9730643)
cdo    remapbil: Bilinear weights from lonlat (4500x3251) to lonlat (360x170) grid, with source mask (9691209)
cdo    remapbil: Bilinear weights from lonlat (4500x3251) to lonlat (360x170) grid, with source mask (9648582)
cdo    remapbil: Bilinear weights from lonlat (4500x3251) to lonlat (360x170) grid, with source mask (9606865)
cdo    remapbil: Bilinear weights from lonlat (4500x3251) to lonlat (360x170) grid, with source mask (9536477)
cdo    remapbil: Bilinear weights from lonlat (4500x3251) to lonlat (360x170) grid, with source mask (9480678)
cdo    remapbil: Bilinear weights from lonlat (4500x3251) to lonlat (360x170) grid, with source mask (9430184)
cdo    remapbil: Bilinear weights from lonlat (4500x3251) to lonlat (360x170) grid, with source mask (9384784)
cdo    remapbil: Bilinear weights from lonlat (4500x3251) to lonlat (360x170) grid, with source mask (9338856)
cdo    remapbil: Bilinear weights from lonlat (4500x3251) to lonlat (360x170) grid, with source mask (9244901)
cdo    remapbil: Bilinear weights from lonlat (4500x3251) to lonlat (360x170) grid, with source mask (9167129)
cdo    remapbil: Bilinear weights from lonlat (4500x3251) to lonlat (360x170) grid, with source mask (9032413)
cdo    remapbil: Bilinear weights from lonlat (4500x3251) to lonlat (360x170) grid, with source mask (8923756)
cdo    remapbil: Bilinear weights from lonlat (4500x3251) to lonlat (360x170) grid, with source mask (8825169)
cdo    remapbil: Bilinear weights from lonlat (4500x3251) to lonlat (360x170) grid, with source mask (8741043)
cdo    remapbil: Bilinear weights from lonlat (4500x3251) to lonlat (360x170) grid, with source mask (8669422)
cdo    remapbil: Bilinear weights from lonlat (4500x3251) to lonlat (360x170) grid, with source mask (8547872)
cdo    remapbil: Bilinear weights from lonlat (4500x3251) to lonlat (360x170) grid, with source mask (8453750)
cdo    remapbil: Bilinear weights from lonlat (4500x3251) to lonlat (360x170) grid, with source mask (8387576)
cdo    remapbil: Bilinear weights from lonlat (4500x3251) to lonlat (360x170) grid, with source mask (8336479)
cdo    remapbil: Bilinear weights from lonlat (4500x3251) to lonlat (360x170) grid, with source mask (8290417)
cdo    remapbil: Bilinear weights from lonlat (4500x3251) to lonlat (360x170) grid, with source mask (8247815)
cdo    remapbil: Bilinear weights from lonlat (4500x3251) to lonlat (360x170) grid, with source mask (8128477)
cdo    remapbil: Bilinear weights from lonlat (4500x3251) to lonlat (360x170) grid, with source mask (7994116)
cdo    remapbil: Bilinear weights from lonlat (4500x3251) to lonlat (360x170) grid, with source mask (7692126)
cdo    remapbil: Bilinear weights from lonlat (4500x3251) to lonlat (360x170) grid, with source mask (7286838)
cdo    remapbil: Bilinear weights from lonlat (4500x3251) to lonlat (360x170) grid, with source mask (6658426)
cdo    remapbil: Bilinear weights from lonlat (4500x3251) to lonlat (360x170) grid, with source mask (4336945)
cdo    remapbil: Bilinear weights from lonlat (4500x3251) to lonlat (360x170) grid, with source mask (1454435)
------------------------------------------------
Interplating /work/home/acrzcyisbk/HYCOM_monthly/uv3z/degree_0083/GLBv0.08_53X_archMN.1999_02_uv3z.nc
cdo    remapbil: Bilinear weights from lonlat (4500x3251) to lonlat (360x170) grid, with source mask (9974940)
cdo    remapbil: Bilinear weights from lonlat (4500x3251) to lonlat (360x170) grid, with source mask (9952885)
cdo    remapbil: Bilinear weights from lonlat (4500x3251) to lonlat (360x170) grid, with source mask (9939291)
cdo    remapbil: Bilinear weights from lonlat (4500x3251) to lonlat (360x170) grid, with source mask (9925415)
cdo    remapbil: Bilinear weights from lonlat (4500x3251) to lonlat (360x170) grid, with source mask (9909528)
cdo    remapbil: Bilinear weights from lonlat (4500x3251) to lonlat (360x170) grid, with source mask (9887620)
cdo    remapbil: Bilinear weights from lonlat (4500x3251) to lonlat (360x170) grid, with source mask (9846685)
cdo    remapbil: Bilinear weights from lonlat (4500x3251) to lonlat (360x170) grid, with source mask (9804573)
cdo    remapbil: Bilinear weights from lonlat (4500x3251) to lonlat (360x170) grid, with source mask (9767299)
cdo    remapbil: Bilinear weights from lonlat (4500x3251) to lonlat (360x170) grid, with source mask (9730643)
cdo    remapbil: Bilinear weights from lonlat (4500x3251) to lonlat (360x170) grid, with source mask (9691209)
cdo    remapbil: Bilinear weights from lonlat (4500x3251) to lonlat (360x170) grid, with source mask (9648582)
cdo    remapbil: Bilinear weights from lonlat (4500x3251) to lonlat (360x170) grid, with source mask (9606865)
cdo    remapbil: Bilinear weights from lonlat (4500x3251) to lonlat (360x170) grid, with source mask (9536477)
cdo    remapbil: Bilinear weights from lonlat (4500x3251) to lonlat (360x170) grid, with source mask (9480678)
cdo    remapbil: Bilinear weights from lonlat (4500x3251) to lonlat (360x170) grid, with source mask (9430184)
cdo    remapbil: Bilinear weights from lonlat (4500x3251) to lonlat (360x170) grid, with source mask (9384784)
cdo    remapbil: Bilinear weights from lonlat (4500x3251) to lonlat (360x170) grid, with source mask (9338856)
cdo    remapbil: Bilinear weights from lonlat (4500x3251) to lonlat (360x170) grid, with source mask (9244901)
cdo    remapbil: Bilinear weights from lonlat (4500x3251) to lonlat (360x170) grid, with source mask (9167129)
cdo    remapbil: Bilinear weights from lonlat (4500x3251) to lonlat (360x170) grid, with source mask (9032413)
cdo    remapbil: Bilinear weights from lonlat (4500x3251) to lonlat (360x170) grid, with source mask (8923756)
cdo    remapbil: Bilinear weights from lonlat (4500x3251) to lonlat (360x170) grid, with source mask (8825169)
cdo    remapbil: Bilinear weights from lonlat (4500x3251) to lonlat (360x170) grid, with source mask (8741043)
cdo    remapbil: Bilinear weights from lonlat (4500x3251) to lonlat (360x170) grid, with source mask (8669422)
cdo    remapbil: Bilinear weights from lonlat (4500x3251) to lonlat (360x170) grid, with source mask (8547872)
cdo    remapbil: Bilinear weights from lonlat (4500x3251) to lonlat (360x170) grid, with source mask (8453750)
cdo    remapbil: Bilinear weights from lonlat (4500x3251) to lonlat (360x170) grid, with source mask (8387576)
cdo    remapbil: Bilinear weights from lonlat (4500x3251) to lonlat (360x170) grid, with source mask (8336479)
cdo    remapbil: Bilinear weights from lonlat (4500x3251) to lonlat (360x170) grid, with source mask (8290417)
cdo    remapbil: Bilinear weights from lonlat (4500x3251) to lonlat (360x170) grid, with source mask (8247815)
cdo    remapbil: Bilinear weights from lonlat (4500x3251) to lonlat (360x170) grid, with source mask (8128477)
cdo    remapbil: Bilinear weights from lonlat (4500x3251) to lonlat (360x170) grid, with source mask (7994116)
cdo    remapbil: Bilinear weights from lonlat (4500x3251) to lonlat (360x170) grid, with source mask (7692126)
cdo    remapbil: Bilinear weights from lonlat (4500x3251) to lonlat (360x170) grid, with source mask (7286838)
cdo    remapbil: Bilinear weights from lonlat (4500x3251) to lonlat (360x170) grid, with source mask (6658426)
cdo    remapbil: Bilinear weights from lonlat (4500x3251) to lonlat (360x170) grid, with source mask (4336945)
cdo    remapbil: Bilinear weights from lonlat (4500x3251) to lonlat (360x170) grid, with source mask (1454435)
------------------------------------------------
Interplating /work/home/acrzcyisbk/HYCOM_monthly/uv3z/degree_0083/GLBv0.08_53X_archMN.2000_08_uv3z.nc
cdo    remapbil: Bilinear weights from lonlat (4500x3251) to lonlat (360x170) grid, with source mask (9974940)
cdo    remapbil: Bilinear weights from lonlat (4500x3251) to lonlat (360x170) grid, with source mask (9952885)
cdo    remapbil: Bilinear weights from lonlat (4500x3251) to lonlat (360x170) grid, with source mask (9939291)
cdo    remapbil: Bilinear weights from lonlat (4500x3251) to lonlat (360x170) grid, with source mask (9925415)
cdo    remapbil: Bilinear weights from lonlat (4500x3251) to lonlat (360x170) grid, with source mask (9909528)
cdo    remapbil: Bilinear weights from lonlat (4500x3251) to lonlat (360x170) grid, with source mask (9887620)
cdo    remapbil: Bilinear weights from lonlat (4500x3251) to lonlat (360x170) grid, with source mask (9846685)
cdo    remapbil: Bilinear weights from lonlat (4500x3251) to lonlat (360x170) grid, with source mask (9804573)
cdo    remapbil: Bilinear weights from lonlat (4500x3251) to lonlat (360x170) grid, with source mask (9767299)
cdo    remapbil: Bilinear weights from lonlat (4500x3251) to lonlat (360x170) grid, with source mask (9730643)
cdo    remapbil: Bilinear weights from lonlat (4500x3251) to lonlat (360x170) grid, with source mask (9691209)
cdo    remapbil: Bilinear weights from lonlat (4500x3251) to lonlat (360x170) grid, with source mask (9648582)
cdo    remapbil: Bilinear weights from lonlat (4500x3251) to lonlat (360x170) grid, with source mask (9606865)
cdo    remapbil: Bilinear weights from lonlat (4500x3251) to lonlat (360x170) grid, with source mask (9536477)
cdo    remapbil: Bilinear weights from lonlat (4500x3251) to lonlat (360x170) grid, with source mask (9480678)
cdo    remapbil: Bilinear weights from lonlat (4500x3251) to lonlat (360x170) grid, with source mask (9430184)
cdo    remapbil: Bilinear weights from lonlat (4500x3251) to lonlat (360x170) grid, with source mask (9384784)
cdo    remapbil: Bilinear weights from lonlat (4500x3251) to lonlat (360x170) grid, with source mask (9338856)
cdo    remapbil: Bilinear weights from lonlat (4500x3251) to lonlat (360x170) grid, with source mask (9244901)
cdo    remapbil: Bilinear weights from lonlat (4500x3251) to lonlat (360x170) grid, with source mask (9167129)
cdo    remapbil: Bilinear weights from lonlat (4500x3251) to lonlat (360x170) grid, with source mask (9032413)
cdo    remapbil: Bilinear weights from lonlat (4500x3251) to lonlat (360x170) grid, with source mask (8923756)
cdo    remapbil: Bilinear weights from lonlat (4500x3251) to lonlat (360x170) grid, with source mask (8825169)
cdo    remapbil: Bilinear weights from lonlat (4500x3251) to lonlat (360x170) grid, with source mask (8741043)
cdo    remapbil: Bilinear weights from lonlat (4500x3251) to lonlat (360x170) grid, with source mask (8669422)
cdo    remapbil: Bilinear weights from lonlat (4500x3251) to lonlat (360x170) grid, with source mask (8547872)
cdo    remapbil: Bilinear weights from lonlat (4500x3251) to lonlat (360x170) grid, with source mask (8453750)
cdo    remapbil: Bilinear weights from lonlat (4500x3251) to lonlat (360x170) grid, with source mask (8387576)
cdo    remapbil: Bilinear weights from lonlat (4500x3251) to lonlat (360x170) grid, with source mask (8336479)
cdo    remapbil: Bilinear weights from lonlat (4500x3251) to lonlat (360x170) grid, with source mask (8290417)
cdo    remapbil: Bilinear weights from lonlat (4500x3251) to lonlat (360x170) grid, with source mask (8247815)
cdo    remapbil: Bilinear weights from lonlat (4500x3251) to lonlat (360x170) grid, with source mask (8128477)
cdo    remapbil: Bilinear weights from lonlat (4500x3251) to lonlat (360x170) grid, with source mask (7994116)
cdo    remapbil: Bilinear weights from lonlat (4500x3251) to lonlat (360x170) grid, with source mask (7692126)
cdo    remapbil: Bilinear weights from lonlat (4500x3251) to lonlat (360x170) grid, with source mask (7286838)
cdo    remapbil: Bilinear weights from lonlat (4500x3251) to lonlat (360x170) grid, with source mask (6658426)
cdo    remapbil: Bilinear weights from lonlat (4500x3251) to lonlat (360x170) grid, with source mask (4336945)
cdo    remapbil: Bilinear weights from lonlat (4500x3251) to lonlat (360x170) grid, with source mask (1454435)
------------------------------------------------
Interplating /work/home/acrzcyisbk/HYCOM_monthly/uv3z/degree_0083/GLBv0.08_53X_archMN.2000_09_uv3z.nc
cdo    remapbil: Bilinear weights from lonlat (4500x3251) to lonlat (360x170) grid, with source mask (9974940)
cdo    remapbil: Bilinear weights from lonlat (4500x3251) to lonlat (360x170) grid, with source mask (9952885)
cdo    remapbil: Bilinear weights from lonlat (4500x3251) to lonlat (360x170) grid, with source mask (9939291)
cdo    remapbil: Bilinear weights from lonlat (4500x3251) to lonlat (360x170) grid, with source mask (9925415)
cdo    remapbil: Bilinear weights from lonlat (4500x3251) to lonlat (360x170) grid, with source mask (9909528)
cdo    remapbil: Bilinear weights from lonlat (4500x3251) to lonlat (360x170) grid, with source mask (9887620)
cdo    remapbil: Bilinear weights from lonlat (4500x3251) to lonlat (360x170) grid, with source mask (9846685)
cdo    remapbil: Bilinear weights from lonlat (4500x3251) to lonlat (360x170) grid, with source mask (9804573)
cdo    remapbil: Bilinear weights from lonlat (4500x3251) to lonlat (360x170) grid, with source mask (9767299)
cdo    remapbil: Bilinear weights from lonlat (4500x3251) to lonlat (360x170) grid, with source mask (9730643)
cdo    remapbil: Bilinear weights from lonlat (4500x3251) to lonlat (360x170) grid, with source mask (9691209)
cdo    remapbil: Bilinear weights from lonlat (4500x3251) to lonlat (360x170) grid, with source mask (9648582)
cdo    remapbil: Bilinear weights from lonlat (4500x3251) to lonlat (360x170) grid, with source mask (9606865)
cdo    remapbil: Bilinear weights from lonlat (4500x3251) to lonlat (360x170) grid, with source mask (9536477)
cdo    remapbil: Bilinear weights from lonlat (4500x3251) to lonlat (360x170) grid, with source mask (9480678)
cdo    remapbil: Bilinear weights from lonlat (4500x3251) to lonlat (360x170) grid, with source mask (9430184)
cdo    remapbil: Bilinear weights from lonlat (4500x3251) to lonlat (360x170) grid, with source mask (9384784)
cdo    remapbil: Bilinear weights from lonlat (4500x3251) to lonlat (360x170) grid, with source mask (9338856)
cdo    remapbil: Bilinear weights from lonlat (4500x3251) to lonlat (360x170) grid, with source mask (9244901)
cdo    remapbil: Bilinear weights from lonlat (4500x3251) to lonlat (360x170) grid, with source mask (9167129)
cdo    remapbil: Bilinear weights from lonlat (4500x3251) to lonlat (360x170) grid, with source mask (9032413)
cdo    remapbil: Bilinear weights from lonlat (4500x3251) to lonlat (360x170) grid, with source mask (8923756)
cdo    remapbil: Bilinear weights from lonlat (4500x3251) to lonlat (360x170) grid, with source mask (8825169)
cdo    remapbil: Bilinear weights from lonlat (4500x3251) to lonlat (360x170) grid, with source mask (8741043)
cdo    remapbil: Bilinear weights from lonlat (4500x3251) to lonlat (360x170) grid, with source mask (8669422)
cdo    remapbil: Bilinear weights from lonlat (4500x3251) to lonlat (360x170) grid, with source mask (8547872)
cdo    remapbil: Bilinear weights from lonlat (4500x3251) to lonlat (360x170) grid, with source mask (8453750)
cdo    remapbil: Bilinear weights from lonlat (4500x3251) to lonlat (360x170) grid, with source mask (8387576)
cdo    remapbil: Bilinear weights from lonlat (4500x3251) to lonlat (360x170) grid, with source mask (8336479)
cdo    remapbil: Bilinear weights from lonlat (4500x3251) to lonlat (360x170) grid, with source mask (8290417)
cdo    remapbil: Bilinear weights from lonlat (4500x3251) to lonlat (360x170) grid, with source mask (8247815)
cdo    remapbil: Bilinear weights from lonlat (4500x3251) to lonlat (360x170) grid, with source mask (8128477)
cdo    remapbil: Bilinear weights from lonlat (4500x3251) to lonlat (360x170) grid, with source mask (7994116)
cdo    remapbil: Bilinear weights from lonlat (4500x3251) to lonlat (360x170) grid, with source mask (7692126)
cdo    remapbil: Bilinear weights from lonlat (4500x3251) to lonlat (360x170) grid, with source mask (7286838)
cdo    remapbil: Bilinear weights from lonlat (4500x3251) to lonlat (360x170) grid, with source mask (6658426)
cdo    remapbil: Bilinear weights from lonlat (4500x3251) to lonlat (360x170) grid, with source mask (4336945)
cdo    remapbil: Bilinear weights from lonlat (4500x3251) to lonlat (360x170) grid, with source mask (1454435)
------------------------------------------------
Interplating /work/home/acrzcyisbk/HYCOM_monthly/uv3z/degree_0083/GLBv0.08_53X_archMN.2001_02_uv3z.nc
cdo    remapbil: Bilinear weights from lonlat (4500x3251) to lonlat (360x170) grid, with source mask (9974940)
cdo    remapbil: Bilinear weights from lonlat (4500x3251) to lonlat (360x170) grid, with source mask (9952885)
cdo    remapbil: Bilinear weights from lonlat (4500x3251) to lonlat (360x170) grid, with source mask (9939291)
cdo    remapbil: Bilinear weights from lonlat (4500x3251) to lonlat (360x170) grid, with source mask (9925415)
cdo    remapbil: Bilinear weights from lonlat (4500x3251) to lonlat (360x170) grid, with source mask (9909528)
cdo    remapbil: Bilinear weights from lonlat (4500x3251) to lonlat (360x170) grid, with source mask (9887620)
cdo    remapbil: Bilinear weights from lonlat (4500x3251) to lonlat (360x170) grid, with source mask (9846685)
cdo    remapbil: Bilinear weights from lonlat (4500x3251) to lonlat (360x170) grid, with source mask (9804573)
cdo    remapbil: Bilinear weights from lonlat (4500x3251) to lonlat (360x170) grid, with source mask (9767299)
cdo    remapbil: Bilinear weights from lonlat (4500x3251) to lonlat (360x170) grid, with source mask (9730643)
cdo    remapbil: Bilinear weights from lonlat (4500x3251) to lonlat (360x170) grid, with source mask (9691209)
cdo    remapbil: Bilinear weights from lonlat (4500x3251) to lonlat (360x170) grid, with source mask (9648582)
cdo    remapbil: Bilinear weights from lonlat (4500x3251) to lonlat (360x170) grid, with source mask (9606865)
cdo    remapbil: Bilinear weights from lonlat (4500x3251) to lonlat (360x170) grid, with source mask (9536477)
cdo    remapbil: Bilinear weights from lonlat (4500x3251) to lonlat (360x170) grid, with source mask (9480678)
cdo    remapbil: Bilinear weights from lonlat (4500x3251) to lonlat (360x170) grid, with source mask (9430184)
cdo    remapbil: Bilinear weights from lonlat (4500x3251) to lonlat (360x170) grid, with source mask (9384784)
cdo    remapbil: Bilinear weights from lonlat (4500x3251) to lonlat (360x170) grid, with source mask (9338856)
cdo    remapbil: Bilinear weights from lonlat (4500x3251) to lonlat (360x170) grid, with source mask (9244901)
cdo    remapbil: Bilinear weights from lonlat (4500x3251) to lonlat (360x170) grid, with source mask (9167129)
cdo    remapbil: Bilinear weights from lonlat (4500x3251) to lonlat (360x170) grid, with source mask (9032413)
cdo    remapbil: Bilinear weights from lonlat (4500x3251) to lonlat (360x170) grid, with source mask (8923756)
cdo    remapbil: Bilinear weights from lonlat (4500x3251) to lonlat (360x170) grid, with source mask (8825169)
cdo    remapbil: Bilinear weights from lonlat (4500x3251) to lonlat (360x170) grid, with source mask (8741043)
cdo    remapbil: Bilinear weights from lonlat (4500x3251) to lonlat (360x170) grid, with source mask (8669422)
cdo    remapbil: Bilinear weights from lonlat (4500x3251) to lonlat (360x170) grid, with source mask (8547872)
cdo    remapbil: Bilinear weights from lonlat (4500x3251) to lonlat (360x170) grid, with source mask (8453750)
cdo    remapbil: Bilinear weights from lonlat (4500x3251) to lonlat (360x170) grid, with source mask (8387576)
cdo    remapbil: Bilinear weights from lonlat (4500x3251) to lonlat (360x170) grid, with source mask (8336479)
cdo    remapbil: Bilinear weights from lonlat (4500x3251) to lonlat (360x170) grid, with source mask (8290417)
cdo    remapbil: Bilinear weights from lonlat (4500x3251) to lonlat (360x170) grid, with source mask (8247815)
cdo    remapbil: Bilinear weights from lonlat (4500x3251) to lonlat (360x170) grid, with source mask (8128477)
cdo    remapbil: Bilinear weights from lonlat (4500x3251) to lonlat (360x170) grid, with source mask (7994116)
cdo    remapbil: Bilinear weights from lonlat (4500x3251) to lonlat (360x170) grid, with source mask (7692126)
cdo    remapbil: Bilinear weights from lonlat (4500x3251) to lonlat (360x170) grid, with source mask (7286838)
cdo    remapbil: Bilinear weights from lonlat (4500x3251) to lonlat (360x170) grid, with source mask (6658426)
cdo    remapbil: Bilinear weights from lonlat (4500x3251) to lonlat (360x170) grid, with source mask (4336945)
cdo    remapbil: Bilinear weights from lonlat (4500x3251) to lonlat (360x170) grid, with source mask (1454435)
------------------------------------------------
Interplating /work/home/acrzcyisbk/HYCOM_monthly/uv3z/degree_0083/GLBv0.08_53X_archMN.2002_04_uv3z.nc
cdo    remapbil: Bilinear weights from lonlat (4500x3251) to lonlat (360x170) grid, with source mask (9974940)
cdo    remapbil: Bilinear weights from lonlat (4500x3251) to lonlat (360x170) grid, with source mask (9952885)
cdo    remapbil: Bilinear weights from lonlat (4500x3251) to lonlat (360x170) grid, with source mask (9939291)
cdo    remapbil: Bilinear weights from lonlat (4500x3251) to lonlat (360x170) grid, with source mask (9925415)
cdo    remapbil: Bilinear weights from lonlat (4500x3251) to lonlat (360x170) grid, with source mask (9909528)
cdo    remapbil: Bilinear weights from lonlat (4500x3251) to lonlat (360x170) grid, with source mask (9887620)
cdo    remapbil: Bilinear weights from lonlat (4500x3251) to lonlat (360x170) grid, with source mask (9846685)
cdo    remapbil: Bilinear weights from lonlat (4500x3251) to lonlat (360x170) grid, with source mask (9804573)
cdo    remapbil: Bilinear weights from lonlat (4500x3251) to lonlat (360x170) grid, with source mask (9767299)
cdo    remapbil: Bilinear weights from lonlat (4500x3251) to lonlat (360x170) grid, with source mask (9730643)
cdo    remapbil: Bilinear weights from lonlat (4500x3251) to lonlat (360x170) grid, with source mask (9691209)
cdo    remapbil: Bilinear weights from lonlat (4500x3251) to lonlat (360x170) grid, with source mask (9648582)
cdo    remapbil: Bilinear weights from lonlat (4500x3251) to lonlat (360x170) grid, with source mask (9606865)
cdo    remapbil: Bilinear weights from lonlat (4500x3251) to lonlat (360x170) grid, with source mask (9536477)
cdo    remapbil: Bilinear weights from lonlat (4500x3251) to lonlat (360x170) grid, with source mask (9480678)
cdo    remapbil: Bilinear weights from lonlat (4500x3251) to lonlat (360x170) grid, with source mask (9430184)
cdo    remapbil: Bilinear weights from lonlat (4500x3251) to lonlat (360x170) grid, with source mask (9384784)
cdo    remapbil: Bilinear weights from lonlat (4500x3251) to lonlat (360x170) grid, with source mask (9338856)
cdo    remapbil: Bilinear weights from lonlat (4500x3251) to lonlat (360x170) grid, with source mask (9244901)
cdo    remapbil: Bilinear weights from lonlat (4500x3251) to lonlat (360x170) grid, with source mask (9167129)
cdo    remapbil: Bilinear weights from lonlat (4500x3251) to lonlat (360x170) grid, with source mask (9032413)
cdo    remapbil: Bilinear weights from lonlat (4500x3251) to lonlat (360x170) grid, with source mask (8923756)
cdo    remapbil: Bilinear weights from lonlat (4500x3251) to lonlat (360x170) grid, with source mask (8825169)
cdo    remapbil: Bilinear weights from lonlat (4500x3251) to lonlat (360x170) grid, with source mask (8741043)
cdo    remapbil: Bilinear weights from lonlat (4500x3251) to lonlat (360x170) grid, with source mask (8669422)
cdo    remapbil: Bilinear weights from lonlat (4500x3251) to lonlat (360x170) grid, with source mask (8547872)
cdo    remapbil: Bilinear weights from lonlat (4500x3251) to lonlat (360x170) grid, with source mask (8453750)
cdo    remapbil: Bilinear weights from lonlat (4500x3251) to lonlat (360x170) grid, with source mask (8387576)
cdo    remapbil: Bilinear weights from lonlat (4500x3251) to lonlat (360x170) grid, with source mask (8336479)
cdo    remapbil: Bilinear weights from lonlat (4500x3251) to lonlat (360x170) grid, with source mask (8290417)
cdo    remapbil: Bilinear weights from lonlat (4500x3251) to lonlat (360x170) grid, with source mask (8247815)
cdo    remapbil: Bilinear weights from lonlat (4500x3251) to lonlat (360x170) grid, with source mask (8128477)
cdo    remapbil: Bilinear weights from lonlat (4500x3251) to lonlat (360x170) grid, with source mask (7994116)
cdo    remapbil: Bilinear weights from lonlat (4500x3251) to lonlat (360x170) grid, with source mask (7692126)
cdo    remapbil: Bilinear weights from lonlat (4500x3251) to lonlat (360x170) grid, with source mask (7286838)
cdo    remapbil: Bilinear weights from lonlat (4500x3251) to lonlat (360x170) grid, with source mask (6658426)
cdo    remapbil: Bilinear weights from lonlat (4500x3251) to lonlat (360x170) grid, with source mask (4336945)
cdo    remapbil: Bilinear weights from lonlat (4500x3251) to lonlat (360x170) grid, with source mask (1454435)
------------------------------------------------
Interplating /work/home/acrzcyisbk/HYCOM_monthly/uv3z/degree_0083/GLBv0.08_53X_archMN.2005_02_uv3z.nc
cdo    remapbil: Bilinear weights from lonlat (4500x3251) to lonlat (360x170) grid, with source mask (9974940)
cdo    remapbil: Bilinear weights from lonlat (4500x3251) to lonlat (360x170) grid, with source mask (9952885)
cdo    remapbil: Bilinear weights from lonlat (4500x3251) to lonlat (360x170) grid, with source mask (9939291)
cdo    remapbil: Bilinear weights from lonlat (4500x3251) to lonlat (360x170) grid, with source mask (9925415)
cdo    remapbil: Bilinear weights from lonlat (4500x3251) to lonlat (360x170) grid, with source mask (9909528)
cdo    remapbil: Bilinear weights from lonlat (4500x3251) to lonlat (360x170) grid, with source mask (9887620)
cdo    remapbil: Bilinear weights from lonlat (4500x3251) to lonlat (360x170) grid, with source mask (9846685)
cdo    remapbil: Bilinear weights from lonlat (4500x3251) to lonlat (360x170) grid, with source mask (9804573)
cdo    remapbil: Bilinear weights from lonlat (4500x3251) to lonlat (360x170) grid, with source mask (9767299)
cdo    remapbil: Bilinear weights from lonlat (4500x3251) to lonlat (360x170) grid, with source mask (9730643)
cdo    remapbil: Bilinear weights from lonlat (4500x3251) to lonlat (360x170) grid, with source mask (9691209)
cdo    remapbil: Bilinear weights from lonlat (4500x3251) to lonlat (360x170) grid, with source mask (9648582)
cdo    remapbil: Bilinear weights from lonlat (4500x3251) to lonlat (360x170) grid, with source mask (9606865)
cdo    remapbil: Bilinear weights from lonlat (4500x3251) to lonlat (360x170) grid, with source mask (9536477)
cdo    remapbil: Bilinear weights from lonlat (4500x3251) to lonlat (360x170) grid, with source mask (9480678)
cdo    remapbil: Bilinear weights from lonlat (4500x3251) to lonlat (360x170) grid, with source mask (9430184)
cdo    remapbil: Bilinear weights from lonlat (4500x3251) to lonlat (360x170) grid, with source mask (9384784)
cdo    remapbil: Bilinear weights from lonlat (4500x3251) to lonlat (360x170) grid, with source mask (9338856)
cdo    remapbil: Bilinear weights from lonlat (4500x3251) to lonlat (360x170) grid, with source mask (9244901)
cdo    remapbil: Bilinear weights from lonlat (4500x3251) to lonlat (360x170) grid, with source mask (9167129)
cdo    remapbil: Bilinear weights from lonlat (4500x3251) to lonlat (360x170) grid, with source mask (9032413)
cdo    remapbil: Bilinear weights from lonlat (4500x3251) to lonlat (360x170) grid, with source mask (8923756)
cdo    remapbil: Bilinear weights from lonlat (4500x3251) to lonlat (360x170) grid, with source mask (8825169)
cdo    remapbil: Bilinear weights from lonlat (4500x3251) to lonlat (360x170) grid, with source mask (8741043)
cdo    remapbil: Bilinear weights from lonlat (4500x3251) to lonlat (360x170) grid, with source mask (8669422)
cdo    remapbil: Bilinear weights from lonlat (4500x3251) to lonlat (360x170) grid, with source mask (8547872)
cdo    remapbil: Bilinear weights from lonlat (4500x3251) to lonlat (360x170) grid, with source mask (8453750)
cdo    remapbil: Bilinear weights from lonlat (4500x3251) to lonlat (360x170) grid, with source mask (8387576)
cdo    remapbil: Bilinear weights from lonlat (4500x3251) to lonlat (360x170) grid, with source mask (8336479)
cdo    remapbil: Bilinear weights from lonlat (4500x3251) to lonlat (360x170) grid, with source mask (8290417)
cdo    remapbil: Bilinear weights from lonlat (4500x3251) to lonlat (360x170) grid, with source mask (8247815)
cdo    remapbil: Bilinear weights from lonlat (4500x3251) to lonlat (360x170) grid, with source mask (8128477)
cdo    remapbil: Bilinear weights from lonlat (4500x3251) to lonlat (360x170) grid, with source mask (7994116)
cdo    remapbil: Bilinear weights from lonlat (4500x3251) to lonlat (360x170) grid, with source mask (7692126)
cdo    remapbil: Bilinear weights from lonlat (4500x3251) to lonlat (360x170) grid, with source mask (7286838)
cdo    remapbil: Bilinear weights from lonlat (4500x3251) to lonlat (360x170) grid, with source mask (6658426)
cdo    remapbil: Bilinear weights from lonlat (4500x3251) to lonlat (360x170) grid, with source mask (4336945)
cdo    remapbil: Bilinear weights from lonlat (4500x3251) to lonlat (360x170) grid, with source mask (1454435)
------------------------------------------------
Interplating /work/home/acrzcyisbk/HYCOM_monthly/uv3z/degree_0083/GLBv0.08_53X_archMN.2006_04_uv3z.nc
cdo    remapbil: Bilinear weights from lonlat (4500x3251) to lonlat (360x170) grid, with source mask (9974940)
cdo    remapbil: Bilinear weights from lonlat (4500x3251) to lonlat (360x170) grid, with source mask (9952885)
cdo    remapbil: Bilinear weights from lonlat (4500x3251) to lonlat (360x170) grid, with source mask (9939291)
cdo    remapbil: Bilinear weights from lonlat (4500x3251) to lonlat (360x170) grid, with source mask (9925415)
cdo    remapbil: Bilinear weights from lonlat (4500x3251) to lonlat (360x170) grid, with source mask (9909528)
cdo    remapbil: Bilinear weights from lonlat (4500x3251) to lonlat (360x170) grid, with source mask (9887620)
cdo    remapbil: Bilinear weights from lonlat (4500x3251) to lonlat (360x170) grid, with source mask (9846685)
cdo    remapbil: Bilinear weights from lonlat (4500x3251) to lonlat (360x170) grid, with source mask (9804573)
cdo    remapbil: Bilinear weights from lonlat (4500x3251) to lonlat (360x170) grid, with source mask (9767299)
cdo    remapbil: Bilinear weights from lonlat (4500x3251) to lonlat (360x170) grid, with source mask (9730643)
cdo    remapbil: Bilinear weights from lonlat (4500x3251) to lonlat (360x170) grid, with source mask (9691209)
cdo    remapbil: Bilinear weights from lonlat (4500x3251) to lonlat (360x170) grid, with source mask (9648582)
cdo    remapbil: Bilinear weights from lonlat (4500x3251) to lonlat (360x170) grid, with source mask (9606865)
cdo    remapbil: Bilinear weights from lonlat (4500x3251) to lonlat (360x170) grid, with source mask (9536477)
cdo    remapbil: Bilinear weights from lonlat (4500x3251) to lonlat (360x170) grid, with source mask (9480678)
cdo    remapbil: Bilinear weights from lonlat (4500x3251) to lonlat (360x170) grid, with source mask (9430184)
cdo    remapbil: Bilinear weights from lonlat (4500x3251) to lonlat (360x170) grid, with source mask (9384784)
cdo    remapbil: Bilinear weights from lonlat (4500x3251) to lonlat (360x170) grid, with source mask (9338856)
cdo    remapbil: Bilinear weights from lonlat (4500x3251) to lonlat (360x170) grid, with source mask (9244901)
cdo    remapbil: Bilinear weights from lonlat (4500x3251) to lonlat (360x170) grid, with source mask (9167129)
cdo    remapbil: Bilinear weights from lonlat (4500x3251) to lonlat (360x170) grid, with source mask (9032413)
cdo    remapbil: Bilinear weights from lonlat (4500x3251) to lonlat (360x170) grid, with source mask (8923756)
cdo    remapbil: Bilinear weights from lonlat (4500x3251) to lonlat (360x170) grid, with source mask (8825169)
cdo    remapbil: Bilinear weights from lonlat (4500x3251) to lonlat (360x170) grid, with source mask (8741043)
cdo    remapbil: Bilinear weights from lonlat (4500x3251) to lonlat (360x170) grid, with source mask (8669422)
cdo    remapbil: Bilinear weights from lonlat (4500x3251) to lonlat (360x170) grid, with source mask (8547872)
cdo    remapbil: Bilinear weights from lonlat (4500x3251) to lonlat (360x170) grid, with source mask (8453750)
cdo    remapbil: Bilinear weights from lonlat (4500x3251) to lonlat (360x170) grid, with source mask (8387576)
cdo    remapbil: Bilinear weights from lonlat (4500x3251) to lonlat (360x170) grid, with source mask (8336479)
cdo    remapbil: Bilinear weights from lonlat (4500x3251) to lonlat (360x170) grid, with source mask (8290417)
cdo    remapbil: Bilinear weights from lonlat (4500x3251) to lonlat (360x170) grid, with source mask (8247815)
cdo    remapbil: Bilinear weights from lonlat (4500x3251) to lonlat (360x170) grid, with source mask (8128477)
cdo    remapbil: Bilinear weights from lonlat (4500x3251) to lonlat (360x170) grid, with source mask (7994116)
cdo    remapbil: Bilinear weights from lonlat (4500x3251) to lonlat (360x170) grid, with source mask (7692126)
cdo    remapbil: Bilinear weights from lonlat (4500x3251) to lonlat (360x170) grid, with source mask (7286838)
cdo    remapbil: Bilinear weights from lonlat (4500x3251) to lonlat (360x170) grid, with source mask (6658426)
cdo    remapbil: Bilinear weights from lonlat (4500x3251) to lonlat (360x170) grid, with source mask (4336945)
cdo    remapbil: Bilinear weights from lonlat (4500x3251) to lonlat (360x170) grid, with source mask (1454435)
------------------------------------------------
Interplating /work/home/acrzcyisbk/HYCOM_monthly/uv3z/degree_0083/GLBv0.08_53X_archMN.2006_06_uv3z.nc
cdo    remapbil: Bilinear weights from lonlat (4500x3251) to lonlat (360x170) grid, with source mask (9974940)
cdo    remapbil: Bilinear weights from lonlat (4500x3251) to lonlat (360x170) grid, with source mask (9952885)
cdo    remapbil: Bilinear weights from lonlat (4500x3251) to lonlat (360x170) grid, with source mask (9939291)
cdo    remapbil: Bilinear weights from lonlat (4500x3251) to lonlat (360x170) grid, with source mask (9925415)
cdo    remapbil: Bilinear weights from lonlat (4500x3251) to lonlat (360x170) grid, with source mask (9909528)
cdo    remapbil: Bilinear weights from lonlat (4500x3251) to lonlat (360x170) grid, with source mask (9887620)
cdo    remapbil: Bilinear weights from lonlat (4500x3251) to lonlat (360x170) grid, with source mask (9846685)
cdo    remapbil: Bilinear weights from lonlat (4500x3251) to lonlat (360x170) grid, with source mask (9804573)
cdo    remapbil: Bilinear weights from lonlat (4500x3251) to lonlat (360x170) grid, with source mask (9767299)
cdo    remapbil: Bilinear weights from lonlat (4500x3251) to lonlat (360x170) grid, with source mask (9730643)
cdo    remapbil: Bilinear weights from lonlat (4500x3251) to lonlat (360x170) grid, with source mask (9691209)
cdo    remapbil: Bilinear weights from lonlat (4500x3251) to lonlat (360x170) grid, with source mask (9648582)
cdo    remapbil: Bilinear weights from lonlat (4500x3251) to lonlat (360x170) grid, with source mask (9606865)
cdo    remapbil: Bilinear weights from lonlat (4500x3251) to lonlat (360x170) grid, with source mask (9536477)
cdo    remapbil: Bilinear weights from lonlat (4500x3251) to lonlat (360x170) grid, with source mask (9480678)
cdo    remapbil: Bilinear weights from lonlat (4500x3251) to lonlat (360x170) grid, with source mask (9430184)
cdo    remapbil: Bilinear weights from lonlat (4500x3251) to lonlat (360x170) grid, with source mask (9384784)
cdo    remapbil: Bilinear weights from lonlat (4500x3251) to lonlat (360x170) grid, with source mask (9338856)
cdo    remapbil: Bilinear weights from lonlat (4500x3251) to lonlat (360x170) grid, with source mask (9244901)
cdo    remapbil: Bilinear weights from lonlat (4500x3251) to lonlat (360x170) grid, with source mask (9167129)
cdo    remapbil: Bilinear weights from lonlat (4500x3251) to lonlat (360x170) grid, with source mask (9032413)
cdo    remapbil: Bilinear weights from lonlat (4500x3251) to lonlat (360x170) grid, with source mask (8923756)
cdo    remapbil: Bilinear weights from lonlat (4500x3251) to lonlat (360x170) grid, with source mask (8825169)
cdo    remapbil: Bilinear weights from lonlat (4500x3251) to lonlat (360x170) grid, with source mask (8741043)
cdo    remapbil: Bilinear weights from lonlat (4500x3251) to lonlat (360x170) grid, with source mask (8669422)
cdo    remapbil: Bilinear weights from lonlat (4500x3251) to lonlat (360x170) grid, with source mask (8547872)
cdo    remapbil: Bilinear weights from lonlat (4500x3251) to lonlat (360x170) grid, with source mask (8453750)
cdo    remapbil: Bilinear weights from lonlat (4500x3251) to lonlat (360x170) grid, with source mask (8387576)
cdo    remapbil: Bilinear weights from lonlat (4500x3251) to lonlat (360x170) grid, with source mask (8336479)
cdo    remapbil: Bilinear weights from lonlat (4500x3251) to lonlat (360x170) grid, with source mask (8290417)
cdo    remapbil: Bilinear weights from lonlat (4500x3251) to lonlat (360x170) grid, with source mask (8247815)
cdo    remapbil: Bilinear weights from lonlat (4500x3251) to lonlat (360x170) grid, with source mask (8128477)
cdo    remapbil: Bilinear weights from lonlat (4500x3251) to lonlat (360x170) grid, with source mask (7994116)
cdo    remapbil: Bilinear weights from lonlat (4500x3251) to lonlat (360x170) grid, with source mask (7692126)
cdo    remapbil: Bilinear weights from lonlat (4500x3251) to lonlat (360x170) grid, with source mask (7286838)
cdo    remapbil: Bilinear weights from lonlat (4500x3251) to lonlat (360x170) grid, with source mask (6658426)
cdo    remapbil: Bilinear weights from lonlat (4500x3251) to lonlat (360x170) grid, with source mask (4336945)
cdo    remapbil: Bilinear weights from lonlat (4500x3251) to lonlat (360x170) grid, with source mask (1454435)
------------------------------------------------
Interplating /work/home/acrzcyisbk/HYCOM_monthly/uv3z/degree_0083/GLBv0.08_53X_archMN.2007_10_uv3z.nc
cdo    remapbil: Bilinear weights from lonlat (4500x3251) to lonlat (360x170) grid, with source mask (9974940)
cdo    remapbil: Bilinear weights from lonlat (4500x3251) to lonlat (360x170) grid, with source mask (9952885)
cdo    remapbil: Bilinear weights from lonlat (4500x3251) to lonlat (360x170) grid, with source mask (9939291)
cdo    remapbil: Bilinear weights from lonlat (4500x3251) to lonlat (360x170) grid, with source mask (9925415)
cdo    remapbil: Bilinear weights from lonlat (4500x3251) to lonlat (360x170) grid, with source mask (9909528)
cdo    remapbil: Bilinear weights from lonlat (4500x3251) to lonlat (360x170) grid, with source mask (9887620)
cdo    remapbil: Bilinear weights from lonlat (4500x3251) to lonlat (360x170) grid, with source mask (9846685)
cdo    remapbil: Bilinear weights from lonlat (4500x3251) to lonlat (360x170) grid, with source mask (9804573)
cdo    remapbil: Bilinear weights from lonlat (4500x3251) to lonlat (360x170) grid, with source mask (9767299)
cdo    remapbil: Bilinear weights from lonlat (4500x3251) to lonlat (360x170) grid, with source mask (9730643)
cdo    remapbil: Bilinear weights from lonlat (4500x3251) to lonlat (360x170) grid, with source mask (9691209)
cdo    remapbil: Bilinear weights from lonlat (4500x3251) to lonlat (360x170) grid, with source mask (9648582)
cdo    remapbil: Bilinear weights from lonlat (4500x3251) to lonlat (360x170) grid, with source mask (9606865)
cdo    remapbil: Bilinear weights from lonlat (4500x3251) to lonlat (360x170) grid, with source mask (9536477)
cdo    remapbil: Bilinear weights from lonlat (4500x3251) to lonlat (360x170) grid, with source mask (9480678)
cdo    remapbil: Bilinear weights from lonlat (4500x3251) to lonlat (360x170) grid, with source mask (9430184)
cdo    remapbil: Bilinear weights from lonlat (4500x3251) to lonlat (360x170) grid, with source mask (9384784)
cdo    remapbil: Bilinear weights from lonlat (4500x3251) to lonlat (360x170) grid, with source mask (9338856)
cdo    remapbil: Bilinear weights from lonlat (4500x3251) to lonlat (360x170) grid, with source mask (9244901)
cdo    remapbil: Bilinear weights from lonlat (4500x3251) to lonlat (360x170) grid, with source mask (9167129)
cdo    remapbil: Bilinear weights from lonlat (4500x3251) to lonlat (360x170) grid, with source mask (9032413)
cdo    remapbil: Bilinear weights from lonlat (4500x3251) to lonlat (360x170) grid, with source mask (8923756)
cdo    remapbil: Bilinear weights from lonlat (4500x3251) to lonlat (360x170) grid, with source mask (8825169)
cdo    remapbil: Bilinear weights from lonlat (4500x3251) to lonlat (360x170) grid, with source mask (8741043)
cdo    remapbil: Bilinear weights from lonlat (4500x3251) to lonlat (360x170) grid, with source mask (8669422)
cdo    remapbil: Bilinear weights from lonlat (4500x3251) to lonlat (360x170) grid, with source mask (8547872)
cdo    remapbil: Bilinear weights from lonlat (4500x3251) to lonlat (360x170) grid, with source mask (8453750)
cdo    remapbil: Bilinear weights from lonlat (4500x3251) to lonlat (360x170) grid, with source mask (8387576)
cdo    remapbil: Bilinear weights from lonlat (4500x3251) to lonlat (360x170) grid, with source mask (8336479)
cdo    remapbil: Bilinear weights from lonlat (4500x3251) to lonlat (360x170) grid, with source mask (8290417)
cdo    remapbil: Bilinear weights from lonlat (4500x3251) to lonlat (360x170) grid, with source mask (8247815)
cdo    remapbil: Bilinear weights from lonlat (4500x3251) to lonlat (360x170) grid, with source mask (8128477)
cdo    remapbil: Bilinear weights from lonlat (4500x3251) to lonlat (360x170) grid, with source mask (7994116)
cdo    remapbil: Bilinear weights from lonlat (4500x3251) to lonlat (360x170) grid, with source mask (7692126)
cdo    remapbil: Bilinear weights from lonlat (4500x3251) to lonlat (360x170) grid, with source mask (7286838)
cdo    remapbil: Bilinear weights from lonlat (4500x3251) to lonlat (360x170) grid, with source mask (6658426)
cdo    remapbil: Bilinear weights from lonlat (4500x3251) to lonlat (360x170) grid, with source mask (4336945)
cdo    remapbil: Bilinear weights from lonlat (4500x3251) to lonlat (360x170) grid, with source mask (1454435)
------------------------------------------------
Interplating /work/home/acrzcyisbk/HYCOM_monthly/uv3z/degree_0083/GLBv0.08_53X_archMN.2007_11_uv3z.nc
cdo    remapbil: Bilinear weights from lonlat (4500x3251) to lonlat (360x170) grid, with source mask (9974940)
cdo    remapbil: Bilinear weights from lonlat (4500x3251) to lonlat (360x170) grid, with source mask (9952885)
cdo    remapbil: Bilinear weights from lonlat (4500x3251) to lonlat (360x170) grid, with source mask (9939291)
cdo    remapbil: Bilinear weights from lonlat (4500x3251) to lonlat (360x170) grid, with source mask (9925415)
cdo    remapbil: Bilinear weights from lonlat (4500x3251) to lonlat (360x170) grid, with source mask (9909528)
cdo    remapbil: Bilinear weights from lonlat (4500x3251) to lonlat (360x170) grid, with source mask (9887620)
cdo    remapbil: Bilinear weights from lonlat (4500x3251) to lonlat (360x170) grid, with source mask (9846685)
cdo    remapbil: Bilinear weights from lonlat (4500x3251) to lonlat (360x170) grid, with source mask (9804573)
cdo    remapbil: Bilinear weights from lonlat (4500x3251) to lonlat (360x170) grid, with source mask (9767299)
cdo    remapbil: Bilinear weights from lonlat (4500x3251) to lonlat (360x170) grid, with source mask (9730643)
cdo    remapbil: Bilinear weights from lonlat (4500x3251) to lonlat (360x170) grid, with source mask (9691209)
cdo    remapbil: Bilinear weights from lonlat (4500x3251) to lonlat (360x170) grid, with source mask (9648582)
cdo    remapbil: Bilinear weights from lonlat (4500x3251) to lonlat (360x170) grid, with source mask (9606865)
cdo    remapbil: Bilinear weights from lonlat (4500x3251) to lonlat (360x170) grid, with source mask (9536477)
cdo    remapbil: Bilinear weights from lonlat (4500x3251) to lonlat (360x170) grid, with source mask (9480678)
cdo    remapbil: Bilinear weights from lonlat (4500x3251) to lonlat (360x170) grid, with source mask (9430184)
cdo    remapbil: Bilinear weights from lonlat (4500x3251) to lonlat (360x170) grid, with source mask (9384784)
cdo    remapbil: Bilinear weights from lonlat (4500x3251) to lonlat (360x170) grid, with source mask (9338856)
cdo    remapbil: Bilinear weights from lonlat (4500x3251) to lonlat (360x170) grid, with source mask (9244901)
cdo    remapbil: Bilinear weights from lonlat (4500x3251) to lonlat (360x170) grid, with source mask (9167129)
cdo    remapbil: Bilinear weights from lonlat (4500x3251) to lonlat (360x170) grid, with source mask (9032413)
cdo    remapbil: Bilinear weights from lonlat (4500x3251) to lonlat (360x170) grid, with source mask (8923756)
cdo    remapbil: Bilinear weights from lonlat (4500x3251) to lonlat (360x170) grid, with source mask (8825169)
cdo    remapbil: Bilinear weights from lonlat (4500x3251) to lonlat (360x170) grid, with source mask (8741043)
cdo    remapbil: Bilinear weights from lonlat (4500x3251) to lonlat (360x170) grid, with source mask (8669422)
cdo    remapbil: Bilinear weights from lonlat (4500x3251) to lonlat (360x170) grid, with source mask (8547872)
cdo    remapbil: Bilinear weights from lonlat (4500x3251) to lonlat (360x170) grid, with source mask (8453750)
cdo    remapbil: Bilinear weights from lonlat (4500x3251) to lonlat (360x170) grid, with source mask (8387576)
cdo    remapbil: Bilinear weights from lonlat (4500x3251) to lonlat (360x170) grid, with source mask (8336479)
cdo    remapbil: Bilinear weights from lonlat (4500x3251) to lonlat (360x170) grid, with source mask (8290417)
cdo    remapbil: Bilinear weights from lonlat (4500x3251) to lonlat (360x170) grid, with source mask (8247815)
cdo    remapbil: Bilinear weights from lonlat (4500x3251) to lonlat (360x170) grid, with source mask (8128477)
cdo    remapbil: Bilinear weights from lonlat (4500x3251) to lonlat (360x170) grid, with source mask (7994116)
cdo    remapbil: Bilinear weights from lonlat (4500x3251) to lonlat (360x170) grid, with source mask (7692126)
cdo    remapbil: Bilinear weights from lonlat (4500x3251) to lonlat (360x170) grid, with source mask (7286838)
cdo    remapbil: Bilinear weights from lonlat (4500x3251) to lonlat (360x170) grid, with source mask (6658426)
cdo    remapbil: Bilinear weights from lonlat (4500x3251) to lonlat (360x170) grid, with source mask (4336945)
cdo    remapbil: Bilinear weights from lonlat (4500x3251) to lonlat (360x170) grid, with source mask (1454435)
------------------------------------------------
Interplating /work/home/acrzcyisbk/HYCOM_monthly/uv3z/degree_0083/GLBv0.08_53X_archMN.2008_08_uv3z.nc
cdo    remapbil: Bilinear weights from lonlat (4500x3251) to lonlat (360x170) grid, with source mask (9974940)
cdo    remapbil: Bilinear weights from lonlat (4500x3251) to lonlat (360x170) grid, with source mask (9952885)
cdo    remapbil: Bilinear weights from lonlat (4500x3251) to lonlat (360x170) grid, with source mask (9939291)
cdo    remapbil: Bilinear weights from lonlat (4500x3251) to lonlat (360x170) grid, with source mask (9925415)
cdo    remapbil: Bilinear weights from lonlat (4500x3251) to lonlat (360x170) grid, with source mask (9909528)
cdo    remapbil: Bilinear weights from lonlat (4500x3251) to lonlat (360x170) grid, with source mask (9887620)
cdo    remapbil: Bilinear weights from lonlat (4500x3251) to lonlat (360x170) grid, with source mask (9846685)
cdo    remapbil: Bilinear weights from lonlat (4500x3251) to lonlat (360x170) grid, with source mask (9804573)
cdo    remapbil: Bilinear weights from lonlat (4500x3251) to lonlat (360x170) grid, with source mask (9767299)
cdo    remapbil: Bilinear weights from lonlat (4500x3251) to lonlat (360x170) grid, with source mask (9730643)
cdo    remapbil: Bilinear weights from lonlat (4500x3251) to lonlat (360x170) grid, with source mask (9691209)
cdo    remapbil: Bilinear weights from lonlat (4500x3251) to lonlat (360x170) grid, with source mask (9648582)
cdo    remapbil: Bilinear weights from lonlat (4500x3251) to lonlat (360x170) grid, with source mask (9606865)
cdo    remapbil: Bilinear weights from lonlat (4500x3251) to lonlat (360x170) grid, with source mask (9536477)
cdo    remapbil: Bilinear weights from lonlat (4500x3251) to lonlat (360x170) grid, with source mask (9480678)
cdo    remapbil: Bilinear weights from lonlat (4500x3251) to lonlat (360x170) grid, with source mask (9430184)
cdo    remapbil: Bilinear weights from lonlat (4500x3251) to lonlat (360x170) grid, with source mask (9384784)
cdo    remapbil: Bilinear weights from lonlat (4500x3251) to lonlat (360x170) grid, with source mask (9338856)
cdo    remapbil: Bilinear weights from lonlat (4500x3251) to lonlat (360x170) grid, with source mask (9244901)
cdo    remapbil: Bilinear weights from lonlat (4500x3251) to lonlat (360x170) grid, with source mask (9167129)
cdo    remapbil: Bilinear weights from lonlat (4500x3251) to lonlat (360x170) grid, with source mask (9032413)
cdo    remapbil: Bilinear weights from lonlat (4500x3251) to lonlat (360x170) grid, with source mask (8923756)
cdo    remapbil: Bilinear weights from lonlat (4500x3251) to lonlat (360x170) grid, with source mask (8825169)
cdo    remapbil: Bilinear weights from lonlat (4500x3251) to lonlat (360x170) grid, with source mask (8741043)
cdo    remapbil: Bilinear weights from lonlat (4500x3251) to lonlat (360x170) grid, with source mask (8669422)
cdo    remapbil: Bilinear weights from lonlat (4500x3251) to lonlat (360x170) grid, with source mask (8547872)
cdo    remapbil: Bilinear weights from lonlat (4500x3251) to lonlat (360x170) grid, with source mask (8453750)
cdo    remapbil: Bilinear weights from lonlat (4500x3251) to lonlat (360x170) grid, with source mask (8387576)
cdo    remapbil: Bilinear weights from lonlat (4500x3251) to lonlat (360x170) grid, with source mask (8336479)
cdo    remapbil: Bilinear weights from lonlat (4500x3251) to lonlat (360x170) grid, with source mask (8290417)
cdo    remapbil: Bilinear weights from lonlat (4500x3251) to lonlat (360x170) grid, with source mask (8247815)
cdo    remapbil: Bilinear weights from lonlat (4500x3251) to lonlat (360x170) grid, with source mask (8128477)
cdo    remapbil: Bilinear weights from lonlat (4500x3251) to lonlat (360x170) grid, with source mask (7994116)
cdo    remapbil: Bilinear weights from lonlat (4500x3251) to lonlat (360x170) grid, with source mask (7692126)
cdo    remapbil: Bilinear weights from lonlat (4500x3251) to lonlat (360x170) grid, with source mask (7286838)
cdo    remapbil: Bilinear weights from lonlat (4500x3251) to lonlat (360x170) grid, with source mask (6658426)
cdo    remapbil: Bilinear weights from lonlat (4500x3251) to lonlat (360x170) grid, with source mask (4336945)
cdo    remapbil: Bilinear weights from lonlat (4500x3251) to lonlat (360x170) grid, with source mask (1454435)
------------------------------------------------
Interplating /work/home/acrzcyisbk/HYCOM_monthly/uv3z/degree_0083/GLBv0.08_53X_archMN.2008_09_uv3z.nc
cdo    remapbil: Bilinear weights from lonlat (4500x3251) to lonlat (360x170) grid, with source mask (9974940)
cdo    remapbil: Bilinear weights from lonlat (4500x3251) to lonlat (360x170) grid, with source mask (9952885)
cdo    remapbil: Bilinear weights from lonlat (4500x3251) to lonlat (360x170) grid, with source mask (9939291)
cdo    remapbil: Bilinear weights from lonlat (4500x3251) to lonlat (360x170) grid, with source mask (9925415)
cdo    remapbil: Bilinear weights from lonlat (4500x3251) to lonlat (360x170) grid, with source mask (9909528)
cdo    remapbil: Bilinear weights from lonlat (4500x3251) to lonlat (360x170) grid, with source mask (9887620)
cdo    remapbil: Bilinear weights from lonlat (4500x3251) to lonlat (360x170) grid, with source mask (9846685)
cdo    remapbil: Bilinear weights from lonlat (4500x3251) to lonlat (360x170) grid, with source mask (9804573)
cdo    remapbil: Bilinear weights from lonlat (4500x3251) to lonlat (360x170) grid, with source mask (9767299)
cdo    remapbil: Bilinear weights from lonlat (4500x3251) to lonlat (360x170) grid, with source mask (9730643)
cdo    remapbil: Bilinear weights from lonlat (4500x3251) to lonlat (360x170) grid, with source mask (9691209)
cdo    remapbil: Bilinear weights from lonlat (4500x3251) to lonlat (360x170) grid, with source mask (9648582)
cdo    remapbil: Bilinear weights from lonlat (4500x3251) to lonlat (360x170) grid, with source mask (9606865)
cdo    remapbil: Bilinear weights from lonlat (4500x3251) to lonlat (360x170) grid, with source mask (9536477)
cdo    remapbil: Bilinear weights from lonlat (4500x3251) to lonlat (360x170) grid, with source mask (9480678)
cdo    remapbil: Bilinear weights from lonlat (4500x3251) to lonlat (360x170) grid, with source mask (9430184)
cdo    remapbil: Bilinear weights from lonlat (4500x3251) to lonlat (360x170) grid, with source mask (9384784)
cdo    remapbil: Bilinear weights from lonlat (4500x3251) to lonlat (360x170) grid, with source mask (9338856)
cdo    remapbil: Bilinear weights from lonlat (4500x3251) to lonlat (360x170) grid, with source mask (9244901)
cdo    remapbil: Bilinear weights from lonlat (4500x3251) to lonlat (360x170) grid, with source mask (9167129)
cdo    remapbil: Bilinear weights from lonlat (4500x3251) to lonlat (360x170) grid, with source mask (9032413)
cdo    remapbil: Bilinear weights from lonlat (4500x3251) to lonlat (360x170) grid, with source mask (8923756)
cdo    remapbil: Bilinear weights from lonlat (4500x3251) to lonlat (360x170) grid, with source mask (8825169)
cdo    remapbil: Bilinear weights from lonlat (4500x3251) to lonlat (360x170) grid, with source mask (8741043)
cdo    remapbil: Bilinear weights from lonlat (4500x3251) to lonlat (360x170) grid, with source mask (8669422)
cdo    remapbil: Bilinear weights from lonlat (4500x3251) to lonlat (360x170) grid, with source mask (8547872)
cdo    remapbil: Bilinear weights from lonlat (4500x3251) to lonlat (360x170) grid, with source mask (8453750)
cdo    remapbil: Bilinear weights from lonlat (4500x3251) to lonlat (360x170) grid, with source mask (8387576)
cdo    remapbil: Bilinear weights from lonlat (4500x3251) to lonlat (360x170) grid, with source mask (8336479)
cdo    remapbil: Bilinear weights from lonlat (4500x3251) to lonlat (360x170) grid, with source mask (8290417)
cdo    remapbil: Bilinear weights from lonlat (4500x3251) to lonlat (360x170) grid, with source mask (8247815)
cdo    remapbil: Bilinear weights from lonlat (4500x3251) to lonlat (360x170) grid, with source mask (8128477)
cdo    remapbil: Bilinear weights from lonlat (4500x3251) to lonlat (360x170) grid, with source mask (7994116)
cdo    remapbil: Bilinear weights from lonlat (4500x3251) to lonlat (360x170) grid, with source mask (7692126)
cdo    remapbil: Bilinear weights from lonlat (4500x3251) to lonlat (360x170) grid, with source mask (7286838)
cdo    remapbil: Bilinear weights from lonlat (4500x3251) to lonlat (360x170) grid, with source mask (6658426)
cdo    remapbil: Bilinear weights from lonlat (4500x3251) to lonlat (360x170) grid, with source mask (4336945)
cdo    remapbil: Bilinear weights from lonlat (4500x3251) to lonlat (360x170) grid, with source mask (1454435)
------------------------------------------------
Interplating /work/home/acrzcyisbk/HYCOM_monthly/uv3z/degree_0083/GLBv0.08_53X_archMN.2009_02_uv3z.nc
cdo    remapbil: Bilinear weights from lonlat (4500x3251) to lonlat (360x170) grid, with source mask (9974940)
cdo    remapbil: Bilinear weights from lonlat (4500x3251) to lonlat (360x170) grid, with source mask (9952885)
cdo    remapbil: Bilinear weights from lonlat (4500x3251) to lonlat (360x170) grid, with source mask (9939291)
cdo    remapbil: Bilinear weights from lonlat (4500x3251) to lonlat (360x170) grid, with source mask (9925415)
cdo    remapbil: Bilinear weights from lonlat (4500x3251) to lonlat (360x170) grid, with source mask (9909528)
cdo    remapbil: Bilinear weights from lonlat (4500x3251) to lonlat (360x170) grid, with source mask (9887620)
cdo    remapbil: Bilinear weights from lonlat (4500x3251) to lonlat (360x170) grid, with source mask (9846685)
cdo    remapbil: Bilinear weights from lonlat (4500x3251) to lonlat (360x170) grid, with source mask (9804573)
cdo    remapbil: Bilinear weights from lonlat (4500x3251) to lonlat (360x170) grid, with source mask (9767299)
cdo    remapbil: Bilinear weights from lonlat (4500x3251) to lonlat (360x170) grid, with source mask (9730643)
cdo    remapbil: Bilinear weights from lonlat (4500x3251) to lonlat (360x170) grid, with source mask (9691209)
cdo    remapbil: Bilinear weights from lonlat (4500x3251) to lonlat (360x170) grid, with source mask (9648582)
cdo    remapbil: Bilinear weights from lonlat (4500x3251) to lonlat (360x170) grid, with source mask (9606865)
cdo    remapbil: Bilinear weights from lonlat (4500x3251) to lonlat (360x170) grid, with source mask (9536477)
cdo    remapbil: Bilinear weights from lonlat (4500x3251) to lonlat (360x170) grid, with source mask (9480678)
cdo    remapbil: Bilinear weights from lonlat (4500x3251) to lonlat (360x170) grid, with source mask (9430184)
cdo    remapbil: Bilinear weights from lonlat (4500x3251) to lonlat (360x170) grid, with source mask (9384784)
cdo    remapbil: Bilinear weights from lonlat (4500x3251) to lonlat (360x170) grid, with source mask (9338856)
cdo    remapbil: Bilinear weights from lonlat (4500x3251) to lonlat (360x170) grid, with source mask (9244901)
cdo    remapbil: Bilinear weights from lonlat (4500x3251) to lonlat (360x170) grid, with source mask (9167129)
cdo    remapbil: Bilinear weights from lonlat (4500x3251) to lonlat (360x170) grid, with source mask (9032413)
cdo    remapbil: Bilinear weights from lonlat (4500x3251) to lonlat (360x170) grid, with source mask (8923756)
cdo    remapbil: Bilinear weights from lonlat (4500x3251) to lonlat (360x170) grid, with source mask (8825169)
cdo    remapbil: Bilinear weights from lonlat (4500x3251) to lonlat (360x170) grid, with source mask (8741043)
cdo    remapbil: Bilinear weights from lonlat (4500x3251) to lonlat (360x170) grid, with source mask (8669422)
cdo    remapbil: Bilinear weights from lonlat (4500x3251) to lonlat (360x170) grid, with source mask (8547872)
cdo    remapbil: Bilinear weights from lonlat (4500x3251) to lonlat (360x170) grid, with source mask (8453750)
cdo    remapbil: Bilinear weights from lonlat (4500x3251) to lonlat (360x170) grid, with source mask (8387576)
cdo    remapbil: Bilinear weights from lonlat (4500x3251) to lonlat (360x170) grid, with source mask (8336479)
cdo    remapbil: Bilinear weights from lonlat (4500x3251) to lonlat (360x170) grid, with source mask (8290417)
cdo    remapbil: Bilinear weights from lonlat (4500x3251) to lonlat (360x170) grid, with source mask (8247815)
cdo    remapbil: Bilinear weights from lonlat (4500x3251) to lonlat (360x170) grid, with source mask (8128477)
cdo    remapbil: Bilinear weights from lonlat (4500x3251) to lonlat (360x170) grid, with source mask (7994116)
cdo    remapbil: Bilinear weights from lonlat (4500x3251) to lonlat (360x170) grid, with source mask (7692126)
cdo    remapbil: Bilinear weights from lonlat (4500x3251) to lonlat (360x170) grid, with source mask (7286838)
cdo    remapbil: Bilinear weights from lonlat (4500x3251) to lonlat (360x170) grid, with source mask (6658426)
cdo    remapbil: Bilinear weights from lonlat (4500x3251) to lonlat (360x170) grid, with source mask (4336945)
cdo    remapbil: Bilinear weights from lonlat (4500x3251) to lonlat (360x170) grid, with source mask (1454435)
------------------------------------------------
Interplating /work/home/acrzcyisbk/HYCOM_monthly/uv3z/degree_0083/GLBv0.08_53X_archMN.2009_11_uv3z.nc
cdo    remapbil: Bilinear weights from lonlat (4500x3251) to lonlat (360x170) grid, with source mask (9974940)
cdo    remapbil: Bilinear weights from lonlat (4500x3251) to lonlat (360x170) grid, with source mask (9952885)
cdo    remapbil: Bilinear weights from lonlat (4500x3251) to lonlat (360x170) grid, with source mask (9939291)
cdo    remapbil: Bilinear weights from lonlat (4500x3251) to lonlat (360x170) grid, with source mask (9925415)
cdo    remapbil: Bilinear weights from lonlat (4500x3251) to lonlat (360x170) grid, with source mask (9909528)
cdo    remapbil: Bilinear weights from lonlat (4500x3251) to lonlat (360x170) grid, with source mask (9887620)
cdo    remapbil: Bilinear weights from lonlat (4500x3251) to lonlat (360x170) grid, with source mask (9846685)
cdo    remapbil: Bilinear weights from lonlat (4500x3251) to lonlat (360x170) grid, with source mask (9804573)
cdo    remapbil: Bilinear weights from lonlat (4500x3251) to lonlat (360x170) grid, with source mask (9767299)
cdo    remapbil: Bilinear weights from lonlat (4500x3251) to lonlat (360x170) grid, with source mask (9730643)
cdo    remapbil: Bilinear weights from lonlat (4500x3251) to lonlat (360x170) grid, with source mask (9691209)
cdo    remapbil: Bilinear weights from lonlat (4500x3251) to lonlat (360x170) grid, with source mask (9648582)
cdo    remapbil: Bilinear weights from lonlat (4500x3251) to lonlat (360x170) grid, with source mask (9606865)
cdo    remapbil: Bilinear weights from lonlat (4500x3251) to lonlat (360x170) grid, with source mask (9536477)
cdo    remapbil: Bilinear weights from lonlat (4500x3251) to lonlat (360x170) grid, with source mask (9480678)
cdo    remapbil: Bilinear weights from lonlat (4500x3251) to lonlat (360x170) grid, with source mask (9430184)
cdo    remapbil: Bilinear weights from lonlat (4500x3251) to lonlat (360x170) grid, with source mask (9384784)
cdo    remapbil: Bilinear weights from lonlat (4500x3251) to lonlat (360x170) grid, with source mask (9338856)
cdo    remapbil: Bilinear weights from lonlat (4500x3251) to lonlat (360x170) grid, with source mask (9244901)
cdo    remapbil: Bilinear weights from lonlat (4500x3251) to lonlat (360x170) grid, with source mask (9167129)
cdo    remapbil: Bilinear weights from lonlat (4500x3251) to lonlat (360x170) grid, with source mask (9032413)
cdo    remapbil: Bilinear weights from lonlat (4500x3251) to lonlat (360x170) grid, with source mask (8923756)
cdo    remapbil: Bilinear weights from lonlat (4500x3251) to lonlat (360x170) grid, with source mask (8825169)
cdo    remapbil: Bilinear weights from lonlat (4500x3251) to lonlat (360x170) grid, with source mask (8741043)
cdo    remapbil: Bilinear weights from lonlat (4500x3251) to lonlat (360x170) grid, with source mask (8669422)
cdo    remapbil: Bilinear weights from lonlat (4500x3251) to lonlat (360x170) grid, with source mask (8547872)
cdo    remapbil: Bilinear weights from lonlat (4500x3251) to lonlat (360x170) grid, with source mask (8453750)
cdo    remapbil: Bilinear weights from lonlat (4500x3251) to lonlat (360x170) grid, with source mask (8387576)
cdo    remapbil: Bilinear weights from lonlat (4500x3251) to lonlat (360x170) grid, with source mask (8336479)
cdo    remapbil: Bilinear weights from lonlat (4500x3251) to lonlat (360x170) grid, with source mask (8290417)
cdo    remapbil: Bilinear weights from lonlat (4500x3251) to lonlat (360x170) grid, with source mask (8247815)
cdo    remapbil: Bilinear weights from lonlat (4500x3251) to lonlat (360x170) grid, with source mask (8128477)
cdo    remapbil: Bilinear weights from lonlat (4500x3251) to lonlat (360x170) grid, with source mask (7994116)
cdo    remapbil: Bilinear weights from lonlat (4500x3251) to lonlat (360x170) grid, with source mask (7692126)
cdo    remapbil: Bilinear weights from lonlat (4500x3251) to lonlat (360x170) grid, with source mask (7286838)
cdo    remapbil: Bilinear weights from lonlat (4500x3251) to lonlat (360x170) grid, with source mask (6658426)
cdo    remapbil: Bilinear weights from lonlat (4500x3251) to lonlat (360x170) grid, with source mask (4336945)
cdo    remapbil: Bilinear weights from lonlat (4500x3251) to lonlat (360x170) grid, with source mask (1454435)
------------------------------------------------
Interplating /work/home/acrzcyisbk/HYCOM_monthly/uv3z/degree_0083/GLBv0.08_53X_archMN.2012_08_uv3z.nc
cdo    remapbil: Bilinear weights from lonlat (4500x3251) to lonlat (360x170) grid, with source mask (9974940)
cdo    remapbil: Bilinear weights from lonlat (4500x3251) to lonlat (360x170) grid, with source mask (9952885)
cdo    remapbil: Bilinear weights from lonlat (4500x3251) to lonlat (360x170) grid, with source mask (9939291)
cdo    remapbil: Bilinear weights from lonlat (4500x3251) to lonlat (360x170) grid, with source mask (9925415)
cdo    remapbil: Bilinear weights from lonlat (4500x3251) to lonlat (360x170) grid, with source mask (9909528)
cdo    remapbil: Bilinear weights from lonlat (4500x3251) to lonlat (360x170) grid, with source mask (9887620)
cdo    remapbil: Bilinear weights from lonlat (4500x3251) to lonlat (360x170) grid, with source mask (9846685)
cdo    remapbil: Bilinear weights from lonlat (4500x3251) to lonlat (360x170) grid, with source mask (9804573)
cdo    remapbil: Bilinear weights from lonlat (4500x3251) to lonlat (360x170) grid, with source mask (9767299)
cdo    remapbil: Bilinear weights from lonlat (4500x3251) to lonlat (360x170) grid, with source mask (9730643)
cdo    remapbil: Bilinear weights from lonlat (4500x3251) to lonlat (360x170) grid, with source mask (9691209)
cdo    remapbil: Bilinear weights from lonlat (4500x3251) to lonlat (360x170) grid, with source mask (9648582)
cdo    remapbil: Bilinear weights from lonlat (4500x3251) to lonlat (360x170) grid, with source mask (9606865)
cdo    remapbil: Bilinear weights from lonlat (4500x3251) to lonlat (360x170) grid, with source mask (9536477)
cdo    remapbil: Bilinear weights from lonlat (4500x3251) to lonlat (360x170) grid, with source mask (9480678)
cdo    remapbil: Bilinear weights from lonlat (4500x3251) to lonlat (360x170) grid, with source mask (9430184)
cdo    remapbil: Bilinear weights from lonlat (4500x3251) to lonlat (360x170) grid, with source mask (9384784)
cdo    remapbil: Bilinear weights from lonlat (4500x3251) to lonlat (360x170) grid, with source mask (9338856)
cdo    remapbil: Bilinear weights from lonlat (4500x3251) to lonlat (360x170) grid, with source mask (9244901)
cdo    remapbil: Bilinear weights from lonlat (4500x3251) to lonlat (360x170) grid, with source mask (9167129)
cdo    remapbil: Bilinear weights from lonlat (4500x3251) to lonlat (360x170) grid, with source mask (9032413)
cdo    remapbil: Bilinear weights from lonlat (4500x3251) to lonlat (360x170) grid, with source mask (8923756)
cdo    remapbil: Bilinear weights from lonlat (4500x3251) to lonlat (360x170) grid, with source mask (8825169)
cdo    remapbil: Bilinear weights from lonlat (4500x3251) to lonlat (360x170) grid, with source mask (8741043)
cdo    remapbil: Bilinear weights from lonlat (4500x3251) to lonlat (360x170) grid, with source mask (8669422)
cdo    remapbil: Bilinear weights from lonlat (4500x3251) to lonlat (360x170) grid, with source mask (8547872)
cdo    remapbil: Bilinear weights from lonlat (4500x3251) to lonlat (360x170) grid, with source mask (8453750)
cdo    remapbil: Bilinear weights from lonlat (4500x3251) to lonlat (360x170) grid, with source mask (8387576)
cdo    remapbil: Bilinear weights from lonlat (4500x3251) to lonlat (360x170) grid, with source mask (8336479)
cdo    remapbil: Bilinear weights from lonlat (4500x3251) to lonlat (360x170) grid, with source mask (8290417)
cdo    remapbil: Bilinear weights from lonlat (4500x3251) to lonlat (360x170) grid, with source mask (8247815)
cdo    remapbil: Bilinear weights from lonlat (4500x3251) to lonlat (360x170) grid, with source mask (8128477)
cdo    remapbil: Bilinear weights from lonlat (4500x3251) to lonlat (360x170) grid, with source mask (7994116)
cdo    remapbil: Bilinear weights from lonlat (4500x3251) to lonlat (360x170) grid, with source mask (7692126)
cdo    remapbil: Bilinear weights from lonlat (4500x3251) to lonlat (360x170) grid, with source mask (7286838)
cdo    remapbil: Bilinear weights from lonlat (4500x3251) to lonlat (360x170) grid, with source mask (6658426)
cdo    remapbil: Bilinear weights from lonlat (4500x3251) to lonlat (360x170) grid, with source mask (4336945)
cdo    remapbil: Bilinear weights from lonlat (4500x3251) to lonlat (360x170) grid, with source mask (1454435)
------------------------------------------------
Interplating /work/home/acrzcyisbk/HYCOM_monthly/uv3z/degree_0083/GLBv0.08_53X_archMN.2012_09_uv3z.nc
cdo    remapbil: Bilinear weights from lonlat (4500x3251) to lonlat (360x170) grid, with source mask (9974940)
cdo    remapbil: Bilinear weights from lonlat (4500x3251) to lonlat (360x170) grid, with source mask (9952885)
cdo    remapbil: Bilinear weights from lonlat (4500x3251) to lonlat (360x170) grid, with source mask (9939291)
cdo    remapbil: Bilinear weights from lonlat (4500x3251) to lonlat (360x170) grid, with source mask (9925415)
cdo    remapbil: Bilinear weights from lonlat (4500x3251) to lonlat (360x170) grid, with source mask (9909528)
cdo    remapbil: Bilinear weights from lonlat (4500x3251) to lonlat (360x170) grid, with source mask (9887620)
cdo    remapbil: Bilinear weights from lonlat (4500x3251) to lonlat (360x170) grid, with source mask (9846685)
cdo    remapbil: Bilinear weights from lonlat (4500x3251) to lonlat (360x170) grid, with source mask (9804573)
cdo    remapbil: Bilinear weights from lonlat (4500x3251) to lonlat (360x170) grid, with source mask (9767299)
cdo    remapbil: Bilinear weights from lonlat (4500x3251) to lonlat (360x170) grid, with source mask (9730643)
cdo    remapbil: Bilinear weights from lonlat (4500x3251) to lonlat (360x170) grid, with source mask (9691209)
cdo    remapbil: Bilinear weights from lonlat (4500x3251) to lonlat (360x170) grid, with source mask (9648582)
cdo    remapbil: Bilinear weights from lonlat (4500x3251) to lonlat (360x170) grid, with source mask (9606865)
cdo    remapbil: Bilinear weights from lonlat (4500x3251) to lonlat (360x170) grid, with source mask (9536477)
cdo    remapbil: Bilinear weights from lonlat (4500x3251) to lonlat (360x170) grid, with source mask (9480678)
cdo    remapbil: Bilinear weights from lonlat (4500x3251) to lonlat (360x170) grid, with source mask (9430184)
cdo    remapbil: Bilinear weights from lonlat (4500x3251) to lonlat (360x170) grid, with source mask (9384784)
cdo    remapbil: Bilinear weights from lonlat (4500x3251) to lonlat (360x170) grid, with source mask (9338856)
cdo    remapbil: Bilinear weights from lonlat (4500x3251) to lonlat (360x170) grid, with source mask (9244901)
cdo    remapbil: Bilinear weights from lonlat (4500x3251) to lonlat (360x170) grid, with source mask (9167129)
cdo    remapbil: Bilinear weights from lonlat (4500x3251) to lonlat (360x170) grid, with source mask (9032413)
cdo    remapbil: Bilinear weights from lonlat (4500x3251) to lonlat (360x170) grid, with source mask (8923756)
cdo    remapbil: Bilinear weights from lonlat (4500x3251) to lonlat (360x170) grid, with source mask (8825169)
cdo    remapbil: Bilinear weights from lonlat (4500x3251) to lonlat (360x170) grid, with source mask (8741043)
cdo    remapbil: Bilinear weights from lonlat (4500x3251) to lonlat (360x170) grid, with source mask (8669422)
cdo    remapbil: Bilinear weights from lonlat (4500x3251) to lonlat (360x170) grid, with source mask (8547872)
cdo    remapbil: Bilinear weights from lonlat (4500x3251) to lonlat (360x170) grid, with source mask (8453750)
cdo    remapbil: Bilinear weights from lonlat (4500x3251) to lonlat (360x170) grid, with source mask (8387576)
cdo    remapbil: Bilinear weights from lonlat (4500x3251) to lonlat (360x170) grid, with source mask (8336479)
cdo    remapbil: Bilinear weights from lonlat (4500x3251) to lonlat (360x170) grid, with source mask (8290417)
cdo    remapbil: Bilinear weights from lonlat (4500x3251) to lonlat (360x170) grid, with source mask (8247815)
cdo    remapbil: Bilinear weights from lonlat (4500x3251) to lonlat (360x170) grid, with source mask (8128477)
cdo    remapbil: Bilinear weights from lonlat (4500x3251) to lonlat (360x170) grid, with source mask (7994116)
cdo    remapbil: Bilinear weights from lonlat (4500x3251) to lonlat (360x170) grid, with source mask (7692126)
cdo    remapbil: Bilinear weights from lonlat (4500x3251) to lonlat (360x170) grid, with source mask (7286838)
cdo    remapbil: Bilinear weights from lonlat (4500x3251) to lonlat (360x170) grid, with source mask (6658426)
cdo    remapbil: Bilinear weights from lonlat (4500x3251) to lonlat (360x170) grid, with source mask (4336945)
cdo    remapbil: Bilinear weights from lonlat (4500x3251) to lonlat (360x170) grid, with source mask (1454435)
------------------------------------------------
Interplating /work/home/acrzcyisbk/HYCOM_monthly/uv3z/degree_0083/GLBv0.08_53X_archMN.2013_02_uv3z.nc
cdo    remapbil: Bilinear weights from lonlat (4500x3251) to lonlat (360x170) grid, with source mask (9974940)
cdo    remapbil: Bilinear weights from lonlat (4500x3251) to lonlat (360x170) grid, with source mask (9952885)
cdo    remapbil: Bilinear weights from lonlat (4500x3251) to lonlat (360x170) grid, with source mask (9939291)
cdo    remapbil: Bilinear weights from lonlat (4500x3251) to lonlat (360x170) grid, with source mask (9925415)
cdo    remapbil: Bilinear weights from lonlat (4500x3251) to lonlat (360x170) grid, with source mask (9909528)
cdo    remapbil: Bilinear weights from lonlat (4500x3251) to lonlat (360x170) grid, with source mask (9887620)
cdo    remapbil: Bilinear weights from lonlat (4500x3251) to lonlat (360x170) grid, with source mask (9846685)
cdo    remapbil: Bilinear weights from lonlat (4500x3251) to lonlat (360x170) grid, with source mask (9804573)
cdo    remapbil: Bilinear weights from lonlat (4500x3251) to lonlat (360x170) grid, with source mask (9767299)
cdo    remapbil: Bilinear weights from lonlat (4500x3251) to lonlat (360x170) grid, with source mask (9730643)
cdo    remapbil: Bilinear weights from lonlat (4500x3251) to lonlat (360x170) grid, with source mask (9691209)
cdo    remapbil: Bilinear weights from lonlat (4500x3251) to lonlat (360x170) grid, with source mask (9648582)
cdo    remapbil: Bilinear weights from lonlat (4500x3251) to lonlat (360x170) grid, with source mask (9606865)
cdo    remapbil: Bilinear weights from lonlat (4500x3251) to lonlat (360x170) grid, with source mask (9536477)
cdo    remapbil: Bilinear weights from lonlat (4500x3251) to lonlat (360x170) grid, with source mask (9480678)
cdo    remapbil: Bilinear weights from lonlat (4500x3251) to lonlat (360x170) grid, with source mask (9430184)
cdo    remapbil: Bilinear weights from lonlat (4500x3251) to lonlat (360x170) grid, with source mask (9384784)
cdo    remapbil: Bilinear weights from lonlat (4500x3251) to lonlat (360x170) grid, with source mask (9338856)
cdo    remapbil: Bilinear weights from lonlat (4500x3251) to lonlat (360x170) grid, with source mask (9244901)
cdo    remapbil: Bilinear weights from lonlat (4500x3251) to lonlat (360x170) grid, with source mask (9167129)
cdo    remapbil: Bilinear weights from lonlat (4500x3251) to lonlat (360x170) grid, with source mask (9032413)
cdo    remapbil: Bilinear weights from lonlat (4500x3251) to lonlat (360x170) grid, with source mask (8923756)
cdo    remapbil: Bilinear weights from lonlat (4500x3251) to lonlat (360x170) grid, with source mask (8825169)
cdo    remapbil: Bilinear weights from lonlat (4500x3251) to lonlat (360x170) grid, with source mask (8741043)
cdo    remapbil: Bilinear weights from lonlat (4500x3251) to lonlat (360x170) grid, with source mask (8669422)
cdo    remapbil: Bilinear weights from lonlat (4500x3251) to lonlat (360x170) grid, with source mask (8547872)
cdo    remapbil: Bilinear weights from lonlat (4500x3251) to lonlat (360x170) grid, with source mask (8453750)
cdo    remapbil: Bilinear weights from lonlat (4500x3251) to lonlat (360x170) grid, with source mask (8387576)
cdo    remapbil: Bilinear weights from lonlat (4500x3251) to lonlat (360x170) grid, with source mask (8336479)
cdo    remapbil: Bilinear weights from lonlat (4500x3251) to lonlat (360x170) grid, with source mask (8290417)
cdo    remapbil: Bilinear weights from lonlat (4500x3251) to lonlat (360x170) grid, with source mask (8247815)
cdo    remapbil: Bilinear weights from lonlat (4500x3251) to lonlat (360x170) grid, with source mask (8128477)
cdo    remapbil: Bilinear weights from lonlat (4500x3251) to lonlat (360x170) grid, with source mask (7994116)
cdo    remapbil: Bilinear weights from lonlat (4500x3251) to lonlat (360x170) grid, with source mask (7692126)
cdo    remapbil: Bilinear weights from lonlat (4500x3251) to lonlat (360x170) grid, with source mask (7286838)
cdo    remapbil: Bilinear weights from lonlat (4500x3251) to lonlat (360x170) grid, with source mask (6658426)
cdo    remapbil: Bilinear weights from lonlat (4500x3251) to lonlat (360x170) grid, with source mask (4336945)
cdo    remapbil: Bilinear weights from lonlat (4500x3251) to lonlat (360x170) grid, with source mask (1454435)
------------------------------------------------
Interplating /work/home/acrzcyisbk/HYCOM_monthly/uv3z/degree_0083/GLBv0.08_53X_archMN.2014_04_uv3z.nc
cdo    remapbil: Bilinear weights from lonlat (4500x3251) to lonlat (360x170) grid, with source mask (9974940)
cdo    remapbil: Bilinear weights from lonlat (4500x3251) to lonlat (360x170) grid, with source mask (9952885)
cdo    remapbil: Bilinear weights from lonlat (4500x3251) to lonlat (360x170) grid, with source mask (9939291)
cdo    remapbil: Bilinear weights from lonlat (4500x3251) to lonlat (360x170) grid, with source mask (9925415)
cdo    remapbil: Bilinear weights from lonlat (4500x3251) to lonlat (360x170) grid, with source mask (9909528)
cdo    remapbil: Bilinear weights from lonlat (4500x3251) to lonlat (360x170) grid, with source mask (9887620)
cdo    remapbil: Bilinear weights from lonlat (4500x3251) to lonlat (360x170) grid, with source mask (9846685)
cdo    remapbil: Bilinear weights from lonlat (4500x3251) to lonlat (360x170) grid, with source mask (9804573)
cdo    remapbil: Bilinear weights from lonlat (4500x3251) to lonlat (360x170) grid, with source mask (9767299)
cdo    remapbil: Bilinear weights from lonlat (4500x3251) to lonlat (360x170) grid, with source mask (9730643)
cdo    remapbil: Bilinear weights from lonlat (4500x3251) to lonlat (360x170) grid, with source mask (9691209)
cdo    remapbil: Bilinear weights from lonlat (4500x3251) to lonlat (360x170) grid, with source mask (9648582)
cdo    remapbil: Bilinear weights from lonlat (4500x3251) to lonlat (360x170) grid, with source mask (9606865)
cdo    remapbil: Bilinear weights from lonlat (4500x3251) to lonlat (360x170) grid, with source mask (9536477)
cdo    remapbil: Bilinear weights from lonlat (4500x3251) to lonlat (360x170) grid, with source mask (9480678)
cdo    remapbil: Bilinear weights from lonlat (4500x3251) to lonlat (360x170) grid, with source mask (9430184)
cdo    remapbil: Bilinear weights from lonlat (4500x3251) to lonlat (360x170) grid, with source mask (9384784)
cdo    remapbil: Bilinear weights from lonlat (4500x3251) to lonlat (360x170) grid, with source mask (9338856)
cdo    remapbil: Bilinear weights from lonlat (4500x3251) to lonlat (360x170) grid, with source mask (9244901)
cdo    remapbil: Bilinear weights from lonlat (4500x3251) to lonlat (360x170) grid, with source mask (9167129)
cdo    remapbil: Bilinear weights from lonlat (4500x3251) to lonlat (360x170) grid, with source mask (9032413)
cdo    remapbil: Bilinear weights from lonlat (4500x3251) to lonlat (360x170) grid, with source mask (8923756)
cdo    remapbil: Bilinear weights from lonlat (4500x3251) to lonlat (360x170) grid, with source mask (8825169)
cdo    remapbil: Bilinear weights from lonlat (4500x3251) to lonlat (360x170) grid, with source mask (8741043)
cdo    remapbil: Bilinear weights from lonlat (4500x3251) to lonlat (360x170) grid, with source mask (8669422)
cdo    remapbil: Bilinear weights from lonlat (4500x3251) to lonlat (360x170) grid, with source mask (8547872)
cdo    remapbil: Bilinear weights from lonlat (4500x3251) to lonlat (360x170) grid, with source mask (8453750)
cdo    remapbil: Bilinear weights from lonlat (4500x3251) to lonlat (360x170) grid, with source mask (8387576)
cdo    remapbil: Bilinear weights from lonlat (4500x3251) to lonlat (360x170) grid, with source mask (8336479)
cdo    remapbil: Bilinear weights from lonlat (4500x3251) to lonlat (360x170) grid, with source mask (8290417)
cdo    remapbil: Bilinear weights from lonlat (4500x3251) to lonlat (360x170) grid, with source mask (8247815)
cdo    remapbil: Bilinear weights from lonlat (4500x3251) to lonlat (360x170) grid, with source mask (8128477)
cdo    remapbil: Bilinear weights from lonlat (4500x3251) to lonlat (360x170) grid, with source mask (7994116)
cdo    remapbil: Bilinear weights from lonlat (4500x3251) to lonlat (360x170) grid, with source mask (7692126)
cdo    remapbil: Bilinear weights from lonlat (4500x3251) to lonlat (360x170) grid, with source mask (7286838)
cdo    remapbil: Bilinear weights from lonlat (4500x3251) to lonlat (360x170) grid, with source mask (6658426)
cdo    remapbil: Bilinear weights from lonlat (4500x3251) to lonlat (360x170) grid, with source mask (4336945)
cdo    remapbil: Bilinear weights from lonlat (4500x3251) to lonlat (360x170) grid, with source mask (1454435)
------------------------------------------------
Interplating /work/home/acrzcyisbk/HYCOM_monthly/uv3z/degree_0083/GLBv0.08_53X_archMN.2014_06_uv3z.nc
cdo    remapbil: Bilinear weights from lonlat (4500x3251) to lonlat (360x170) grid, with source mask (9974940)
cdo    remapbil: Bilinear weights from lonlat (4500x3251) to lonlat (360x170) grid, with source mask (9952885)
cdo    remapbil: Bilinear weights from lonlat (4500x3251) to lonlat (360x170) grid, with source mask (9939291)
cdo    remapbil: Bilinear weights from lonlat (4500x3251) to lonlat (360x170) grid, with source mask (9925415)
cdo    remapbil: Bilinear weights from lonlat (4500x3251) to lonlat (360x170) grid, with source mask (9909528)
cdo    remapbil: Bilinear weights from lonlat (4500x3251) to lonlat (360x170) grid, with source mask (9887620)
cdo    remapbil: Bilinear weights from lonlat (4500x3251) to lonlat (360x170) grid, with source mask (9846685)
cdo    remapbil: Bilinear weights from lonlat (4500x3251) to lonlat (360x170) grid, with source mask (9804573)
cdo    remapbil: Bilinear weights from lonlat (4500x3251) to lonlat (360x170) grid, with source mask (9767299)
cdo    remapbil: Bilinear weights from lonlat (4500x3251) to lonlat (360x170) grid, with source mask (9730643)
cdo    remapbil: Bilinear weights from lonlat (4500x3251) to lonlat (360x170) grid, with source mask (9691209)
cdo    remapbil: Bilinear weights from lonlat (4500x3251) to lonlat (360x170) grid, with source mask (9648582)
cdo    remapbil: Bilinear weights from lonlat (4500x3251) to lonlat (360x170) grid, with source mask (9606865)
cdo    remapbil: Bilinear weights from lonlat (4500x3251) to lonlat (360x170) grid, with source mask (9536477)
cdo    remapbil: Bilinear weights from lonlat (4500x3251) to lonlat (360x170) grid, with source mask (9480678)
cdo    remapbil: Bilinear weights from lonlat (4500x3251) to lonlat (360x170) grid, with source mask (9430184)
cdo    remapbil: Bilinear weights from lonlat (4500x3251) to lonlat (360x170) grid, with source mask (9384784)
cdo    remapbil: Bilinear weights from lonlat (4500x3251) to lonlat (360x170) grid, with source mask (9338856)
cdo    remapbil: Bilinear weights from lonlat (4500x3251) to lonlat (360x170) grid, with source mask (9244901)
cdo    remapbil: Bilinear weights from lonlat (4500x3251) to lonlat (360x170) grid, with source mask (9167129)
cdo    remapbil: Bilinear weights from lonlat (4500x3251) to lonlat (360x170) grid, with source mask (9032413)
cdo    remapbil: Bilinear weights from lonlat (4500x3251) to lonlat (360x170) grid, with source mask (8923756)
cdo    remapbil: Bilinear weights from lonlat (4500x3251) to lonlat (360x170) grid, with source mask (8825169)
cdo    remapbil: Bilinear weights from lonlat (4500x3251) to lonlat (360x170) grid, with source mask (8741043)
cdo    remapbil: Bilinear weights from lonlat (4500x3251) to lonlat (360x170) grid, with source mask (8669422)
cdo    remapbil: Bilinear weights from lonlat (4500x3251) to lonlat (360x170) grid, with source mask (8547872)
cdo    remapbil: Bilinear weights from lonlat (4500x3251) to lonlat (360x170) grid, with source mask (8453750)
cdo    remapbil: Bilinear weights from lonlat (4500x3251) to lonlat (360x170) grid, with source mask (8387576)
cdo    remapbil: Bilinear weights from lonlat (4500x3251) to lonlat (360x170) grid, with source mask (8336479)
cdo    remapbil: Bilinear weights from lonlat (4500x3251) to lonlat (360x170) grid, with source mask (8290417)
cdo    remapbil: Bilinear weights from lonlat (4500x3251) to lonlat (360x170) grid, with source mask (8247815)
cdo    remapbil: Bilinear weights from lonlat (4500x3251) to lonlat (360x170) grid, with source mask (8128477)
cdo    remapbil: Bilinear weights from lonlat (4500x3251) to lonlat (360x170) grid, with source mask (7994116)
cdo    remapbil: Bilinear weights from lonlat (4500x3251) to lonlat (360x170) grid, with source mask (7692126)
cdo    remapbil: Bilinear weights from lonlat (4500x3251) to lonlat (360x170) grid, with source mask (7286838)
cdo    remapbil: Bilinear weights from lonlat (4500x3251) to lonlat (360x170) grid, with source mask (6658426)
cdo    remapbil: Bilinear weights from lonlat (4500x3251) to lonlat (360x170) grid, with source mask (4336945)
cdo    remapbil: Bilinear weights from lonlat (4500x3251) to lonlat (360x170) grid, with source mask (1454435)
------------------------------------------------
Interplating /work/home/acrzcyisbk/HYCOM_monthly/uv3z/degree_0083/GLBv0.08_53X_archMN.2014_08_uv3z.nc
cdo    remapbil: Bilinear weights from lonlat (4500x3251) to lonlat (360x170) grid, with source mask (9974940)
cdo    remapbil: Bilinear weights from lonlat (4500x3251) to lonlat (360x170) grid, with source mask (9952885)
cdo    remapbil: Bilinear weights from lonlat (4500x3251) to lonlat (360x170) grid, with source mask (9939291)
cdo    remapbil: Bilinear weights from lonlat (4500x3251) to lonlat (360x170) grid, with source mask (9925415)
cdo    remapbil: Bilinear weights from lonlat (4500x3251) to lonlat (360x170) grid, with source mask (9909528)
cdo    remapbil: Bilinear weights from lonlat (4500x3251) to lonlat (360x170) grid, with source mask (9887620)
cdo    remapbil: Bilinear weights from lonlat (4500x3251) to lonlat (360x170) grid, with source mask (9846685)
cdo    remapbil: Bilinear weights from lonlat (4500x3251) to lonlat (360x170) grid, with source mask (9804573)
cdo    remapbil: Bilinear weights from lonlat (4500x3251) to lonlat (360x170) grid, with source mask (9767299)
cdo    remapbil: Bilinear weights from lonlat (4500x3251) to lonlat (360x170) grid, with source mask (9730643)
cdo    remapbil: Bilinear weights from lonlat (4500x3251) to lonlat (360x170) grid, with source mask (9691209)
cdo    remapbil: Bilinear weights from lonlat (4500x3251) to lonlat (360x170) grid, with source mask (9648582)
cdo    remapbil: Bilinear weights from lonlat (4500x3251) to lonlat (360x170) grid, with source mask (9606865)
cdo    remapbil: Bilinear weights from lonlat (4500x3251) to lonlat (360x170) grid, with source mask (9536477)
cdo    remapbil: Bilinear weights from lonlat (4500x3251) to lonlat (360x170) grid, with source mask (9480678)
cdo    remapbil: Bilinear weights from lonlat (4500x3251) to lonlat (360x170) grid, with source mask (9430184)
cdo    remapbil: Bilinear weights from lonlat (4500x3251) to lonlat (360x170) grid, with source mask (9384784)
cdo    remapbil: Bilinear weights from lonlat (4500x3251) to lonlat (360x170) grid, with source mask (9338856)
cdo    remapbil: Bilinear weights from lonlat (4500x3251) to lonlat (360x170) grid, with source mask (9244901)
cdo    remapbil: Bilinear weights from lonlat (4500x3251) to lonlat (360x170) grid, with source mask (9167129)
cdo    remapbil: Bilinear weights from lonlat (4500x3251) to lonlat (360x170) grid, with source mask (9032413)
cdo    remapbil: Bilinear weights from lonlat (4500x3251) to lonlat (360x170) grid, with source mask (8923756)
cdo    remapbil: Bilinear weights from lonlat (4500x3251) to lonlat (360x170) grid, with source mask (8825169)
cdo    remapbil: Bilinear weights from lonlat (4500x3251) to lonlat (360x170) grid, with source mask (8741043)
cdo    remapbil: Bilinear weights from lonlat (4500x3251) to lonlat (360x170) grid, with source mask (8669422)
cdo    remapbil: Bilinear weights from lonlat (4500x3251) to lonlat (360x170) grid, with source mask (8547872)
cdo    remapbil: Bilinear weights from lonlat (4500x3251) to lonlat (360x170) grid, with source mask (8453750)
cdo    remapbil: Bilinear weights from lonlat (4500x3251) to lonlat (360x170) grid, with source mask (8387576)
cdo    remapbil: Bilinear weights from lonlat (4500x3251) to lonlat (360x170) grid, with source mask (8336479)
cdo    remapbil: Bilinear weights from lonlat (4500x3251) to lonlat (360x170) grid, with source mask (8290417)
cdo    remapbil: Bilinear weights from lonlat (4500x3251) to lonlat (360x170) grid, with source mask (8247815)
cdo    remapbil: Bilinear weights from lonlat (4500x3251) to lonlat (360x170) grid, with source mask (8128477)
cdo    remapbil: Bilinear weights from lonlat (4500x3251) to lonlat (360x170) grid, with source mask (7994116)
cdo    remapbil: Bilinear weights from lonlat (4500x3251) to lonlat (360x170) grid, with source mask (7692126)
cdo    remapbil: Bilinear weights from lonlat (4500x3251) to lonlat (360x170) grid, with source mask (7286838)
cdo    remapbil: Bilinear weights from lonlat (4500x3251) to lonlat (360x170) grid, with source mask (6658426)
cdo    remapbil: Bilinear weights from lonlat (4500x3251) to lonlat (360x170) grid, with source mask (4336945)
cdo    remapbil: Bilinear weights from lonlat (4500x3251) to lonlat (360x170) grid, with source mask (1454435)
/work/home/acrzcyisbk/HYCOM_monthly/uv3z/degree_1/GLBv0.08_53X_archMN.1995_10_uv3z.nc exists, skip
/work/home/acrzcyisbk/HYCOM_monthly/uv3z/degree_1/GLBv0.08_53X_archMN.1995_11_uv3z.nc exists, skip
/work/home/acrzcyisbk/HYCOM_monthly/uv3z/degree_1/GLBv0.08_53X_archMN.1996_08_uv3z.nc exists, skip
/work/home/acrzcyisbk/HYCOM_monthly/uv3z/degree_1/GLBv0.08_53X_archMN.1996_09_uv3z.nc exists, skip
/work/home/acrzcyisbk/HYCOM_monthly/uv3z/degree_1/GLBv0.08_53X_archMN.1997_02_uv3z.nc exists, skip
------------------------------------------------
Interplating /work/home/acrzcyisbk/HYCOM_monthly/uv3z/degree_0083/GLBv0.08_53X_archMN.1998_04_uv3z.nc
cdo    remapbil: Bilinear weights from lonlat (4500x3251) to lonlat (360x170) grid, with source mask (9974940)
cdo    remapbil: Bilinear weights from lonlat (4500x3251) to lonlat (360x170) grid, with source mask (9952885)
cdo    remapbil: Bilinear weights from lonlat (4500x3251) to lonlat (360x170) grid, with source mask (9939291)
cdo    remapbil: Bilinear weights from lonlat (4500x3251) to lonlat (360x170) grid, with source mask (9925415)
cdo    remapbil: Bilinear weights from lonlat (4500x3251) to lonlat (360x170) grid, with source mask (9909528)
cdo    remapbil: Bilinear weights from lonlat (4500x3251) to lonlat (360x170) grid, with source mask (9887620)
cdo    remapbil: Bilinear weights from lonlat (4500x3251) to lonlat (360x170) grid, with source mask (9846685)
cdo    remapbil: Bilinear weights from lonlat (4500x3251) to lonlat (360x170) grid, with source mask (9804573)
cdo    remapbil: Bilinear weights from lonlat (4500x3251) to lonlat (360x170) grid, with source mask (9767299)
cdo    remapbil: Bilinear weights from lonlat (4500x3251) to lonlat (360x170) grid, with source mask (9730643)
cdo    remapbil: Bilinear weights from lonlat (4500x3251) to lonlat (360x170) grid, with source mask (9691209)
cdo    remapbil: Bilinear weights from lonlat (4500x3251) to lonlat (360x170) grid, with source mask (9648582)
cdo    remapbil: Bilinear weights from lonlat (4500x3251) to lonlat (360x170) grid, with source mask (9606865)
cdo    remapbil: Bilinear weights from lonlat (4500x3251) to lonlat (360x170) grid, with source mask (9536477)
cdo    remapbil: Bilinear weights from lonlat (4500x3251) to lonlat (360x170) grid, with source mask (9480678)
cdo    remapbil: Bilinear weights from lonlat (4500x3251) to lonlat (360x170) grid, with source mask (9430184)
cdo    remapbil: Bilinear weights from lonlat (4500x3251) to lonlat (360x170) grid, with source mask (9384784)
cdo    remapbil: Bilinear weights from lonlat (4500x3251) to lonlat (360x170) grid, with source mask (9338856)
cdo    remapbil: Bilinear weights from lonlat (4500x3251) to lonlat (360x170) grid, with source mask (9244901)
cdo    remapbil: Bilinear weights from lonlat (4500x3251) to lonlat (360x170) grid, with source mask (9167129)
cdo    remapbil: Bilinear weights from lonlat (4500x3251) to lonlat (360x170) grid, with source mask (9032413)
cdo    remapbil: Bilinear weights from lonlat (4500x3251) to lonlat (360x170) grid, with source mask (8923756)
cdo    remapbil: Bilinear weights from lonlat (4500x3251) to lonlat (360x170) grid, with source mask (8825169)
cdo    remapbil: Bilinear weights from lonlat (4500x3251) to lonlat (360x170) grid, with source mask (8741043)
cdo    remapbil: Bilinear weights from lonlat (4500x3251) to lonlat (360x170) grid, with source mask (8669422)
cdo    remapbil: Bilinear weights from lonlat (4500x3251) to lonlat (360x170) grid, with source mask (8547872)
cdo    remapbil: Bilinear weights from lonlat (4500x3251) to lonlat (360x170) grid, with source mask (8453750)
cdo    remapbil: Bilinear weights from lonlat (4500x3251) to lonlat (360x170) grid, with source mask (8387576)
cdo    remapbil: Bilinear weights from lonlat (4500x3251) to lonlat (360x170) grid, with source mask (8336479)
cdo    remapbil: Bilinear weights from lonlat (4500x3251) to lonlat (360x170) grid, with source mask (8290417)
cdo    remapbil: Bilinear weights from lonlat (4500x3251) to lonlat (360x170) grid, with source mask (8247815)
cdo    remapbil: Bilinear weights from lonlat (4500x3251) to lonlat (360x170) grid, with source mask (8128477)
cdo    remapbil: Bilinear weights from lonlat (4500x3251) to lonlat (360x170) grid, with source mask (7994116)
cdo    remapbil: Bilinear weights from lonlat (4500x3251) to lonlat (360x170) grid, with source mask (7692126)
cdo    remapbil: Bilinear weights from lonlat (4500x3251) to lonlat (360x170) grid, with source mask (7286838)
cdo    remapbil: Bilinear weights from lonlat (4500x3251) to lonlat (360x170) grid, with source mask (6658426)
cdo    remapbil: Bilinear weights from lonlat (4500x3251) to lonlat (360x170) grid, with source mask (4336945)
cdo    remapbil: Bilinear weights from lonlat (4500x3251) to lonlat (360x170) grid, with source mask (1454435)
------------------------------------------------
Interplating /work/home/acrzcyisbk/HYCOM_monthly/uv3z/degree_0083/GLBv0.08_53X_archMN.1998_06_uv3z.nc
cdo    remapbil: Bilinear weights from lonlat (4500x3251) to lonlat (360x170) grid, with source mask (9974940)
cdo    remapbil: Bilinear weights from lonlat (4500x3251) to lonlat (360x170) grid, with source mask (9952885)
cdo    remapbil: Bilinear weights from lonlat (4500x3251) to lonlat (360x170) grid, with source mask (9939291)
cdo    remapbil: Bilinear weights from lonlat (4500x3251) to lonlat (360x170) grid, with source mask (9925415)
cdo    remapbil: Bilinear weights from lonlat (4500x3251) to lonlat (360x170) grid, with source mask (9909528)
cdo    remapbil: Bilinear weights from lonlat (4500x3251) to lonlat (360x170) grid, with source mask (9887620)
cdo    remapbil: Bilinear weights from lonlat (4500x3251) to lonlat (360x170) grid, with source mask (9846685)
cdo    remapbil: Bilinear weights from lonlat (4500x3251) to lonlat (360x170) grid, with source mask (9804573)
cdo    remapbil: Bilinear weights from lonlat (4500x3251) to lonlat (360x170) grid, with source mask (9767299)
cdo    remapbil: Bilinear weights from lonlat (4500x3251) to lonlat (360x170) grid, with source mask (9730643)
cdo    remapbil: Bilinear weights from lonlat (4500x3251) to lonlat (360x170) grid, with source mask (9691209)
cdo    remapbil: Bilinear weights from lonlat (4500x3251) to lonlat (360x170) grid, with source mask (9648582)
cdo    remapbil: Bilinear weights from lonlat (4500x3251) to lonlat (360x170) grid, with source mask (9606865)
cdo    remapbil: Bilinear weights from lonlat (4500x3251) to lonlat (360x170) grid, with source mask (9536477)
cdo    remapbil: Bilinear weights from lonlat (4500x3251) to lonlat (360x170) grid, with source mask (9480678)
cdo    remapbil: Bilinear weights from lonlat (4500x3251) to lonlat (360x170) grid, with source mask (9430184)
cdo    remapbil: Bilinear weights from lonlat (4500x3251) to lonlat (360x170) grid, with source mask (9384784)
cdo    remapbil: Bilinear weights from lonlat (4500x3251) to lonlat (360x170) grid, with source mask (9338856)
cdo    remapbil: Bilinear weights from lonlat (4500x3251) to lonlat (360x170) grid, with source mask (9244901)
cdo    remapbil: Bilinear weights from lonlat (4500x3251) to lonlat (360x170) grid, with source mask (9167129)
cdo    remapbil: Bilinear weights from lonlat (4500x3251) to lonlat (360x170) grid, with source mask (9032413)
cdo    remapbil: Bilinear weights from lonlat (4500x3251) to lonlat (360x170) grid, with source mask (8923756)
cdo    remapbil: Bilinear weights from lonlat (4500x3251) to lonlat (360x170) grid, with source mask (8825169)
cdo    remapbil: Bilinear weights from lonlat (4500x3251) to lonlat (360x170) grid, with source mask (8741043)
cdo    remapbil: Bilinear weights from lonlat (4500x3251) to lonlat (360x170) grid, with source mask (8669422)
cdo    remapbil: Bilinear weights from lonlat (4500x3251) to lonlat (360x170) grid, with source mask (8547872)
cdo    remapbil: Bilinear weights from lonlat (4500x3251) to lonlat (360x170) grid, with source mask (8453750)
cdo    remapbil: Bilinear weights from lonlat (4500x3251) to lonlat (360x170) grid, with source mask (8387576)
cdo    remapbil: Bilinear weights from lonlat (4500x3251) to lonlat (360x170) grid, with source mask (8336479)
cdo    remapbil: Bilinear weights from lonlat (4500x3251) to lonlat (360x170) grid, with source mask (8290417)
cdo    remapbil: Bilinear weights from lonlat (4500x3251) to lonlat (360x170) grid, with source mask (8247815)
cdo    remapbil: Bilinear weights from lonlat (4500x3251) to lonlat (360x170) grid, with source mask (8128477)
cdo    remapbil: Bilinear weights from lonlat (4500x3251) to lonlat (360x170) grid, with source mask (7994116)
cdo    remapbil: Bilinear weights from lonlat (4500x3251) to lonlat (360x170) grid, with source mask (7692126)
cdo    remapbil: Bilinear weights from lonlat (4500x3251) to lonlat (360x170) grid, with source mask (7286838)
cdo    remapbil: Bilinear weights from lonlat (4500x3251) to lonlat (360x170) grid, with source mask (6658426)
cdo    remapbil: Bilinear weights from lonlat (4500x3251) to lonlat (360x170) grid, with source mask (4336945)
cdo    remapbil: Bilinear weights from lonlat (4500x3251) to lonlat (360x170) grid, with source mask (1454435)
------------------------------------------------
Interplating /work/home/acrzcyisbk/HYCOM_monthly/uv3z/degree_0083/GLBv0.08_53X_archMN.1999_10_uv3z.nc
cdo    remapbil: Bilinear weights from lonlat (4500x3251) to lonlat (360x170) grid, with source mask (9974940)
cdo    remapbil: Bilinear weights from lonlat (4500x3251) to lonlat (360x170) grid, with source mask (9952885)
cdo    remapbil: Bilinear weights from lonlat (4500x3251) to lonlat (360x170) grid, with source mask (9939291)
cdo    remapbil: Bilinear weights from lonlat (4500x3251) to lonlat (360x170) grid, with source mask (9925415)
cdo    remapbil: Bilinear weights from lonlat (4500x3251) to lonlat (360x170) grid, with source mask (9909528)
cdo    remapbil: Bilinear weights from lonlat (4500x3251) to lonlat (360x170) grid, with source mask (9887620)
cdo    remapbil: Bilinear weights from lonlat (4500x3251) to lonlat (360x170) grid, with source mask (9846685)
cdo    remapbil: Bilinear weights from lonlat (4500x3251) to lonlat (360x170) grid, with source mask (9804573)
cdo    remapbil: Bilinear weights from lonlat (4500x3251) to lonlat (360x170) grid, with source mask (9767299)
cdo    remapbil: Bilinear weights from lonlat (4500x3251) to lonlat (360x170) grid, with source mask (9730643)
cdo    remapbil: Bilinear weights from lonlat (4500x3251) to lonlat (360x170) grid, with source mask (9691209)
cdo    remapbil: Bilinear weights from lonlat (4500x3251) to lonlat (360x170) grid, with source mask (9648582)
cdo    remapbil: Bilinear weights from lonlat (4500x3251) to lonlat (360x170) grid, with source mask (9606865)
cdo    remapbil: Bilinear weights from lonlat (4500x3251) to lonlat (360x170) grid, with source mask (9536477)
cdo    remapbil: Bilinear weights from lonlat (4500x3251) to lonlat (360x170) grid, with source mask (9480678)
cdo    remapbil: Bilinear weights from lonlat (4500x3251) to lonlat (360x170) grid, with source mask (9430184)
cdo    remapbil: Bilinear weights from lonlat (4500x3251) to lonlat (360x170) grid, with source mask (9384784)
cdo    remapbil: Bilinear weights from lonlat (4500x3251) to lonlat (360x170) grid, with source mask (9338856)
cdo    remapbil: Bilinear weights from lonlat (4500x3251) to lonlat (360x170) grid, with source mask (9244901)
cdo    remapbil: Bilinear weights from lonlat (4500x3251) to lonlat (360x170) grid, with source mask (9167129)
cdo    remapbil: Bilinear weights from lonlat (4500x3251) to lonlat (360x170) grid, with source mask (9032413)
cdo    remapbil: Bilinear weights from lonlat (4500x3251) to lonlat (360x170) grid, with source mask (8923756)
cdo    remapbil: Bilinear weights from lonlat (4500x3251) to lonlat (360x170) grid, with source mask (8825169)
cdo    remapbil: Bilinear weights from lonlat (4500x3251) to lonlat (360x170) grid, with source mask (8741043)
cdo    remapbil: Bilinear weights from lonlat (4500x3251) to lonlat (360x170) grid, with source mask (8669422)
cdo    remapbil: Bilinear weights from lonlat (4500x3251) to lonlat (360x170) grid, with source mask (8547872)
cdo    remapbil: Bilinear weights from lonlat (4500x3251) to lonlat (360x170) grid, with source mask (8453750)
cdo    remapbil: Bilinear weights from lonlat (4500x3251) to lonlat (360x170) grid, with source mask (8387576)
cdo    remapbil: Bilinear weights from lonlat (4500x3251) to lonlat (360x170) grid, with source mask (8336479)
cdo    remapbil: Bilinear weights from lonlat (4500x3251) to lonlat (360x170) grid, with source mask (8290417)
cdo    remapbil: Bilinear weights from lonlat (4500x3251) to lonlat (360x170) grid, with source mask (8247815)
cdo    remapbil: Bilinear weights from lonlat (4500x3251) to lonlat (360x170) grid, with source mask (8128477)
cdo    remapbil: Bilinear weights from lonlat (4500x3251) to lonlat (360x170) grid, with source mask (7994116)
cdo    remapbil: Bilinear weights from lonlat (4500x3251) to lonlat (360x170) grid, with source mask (7692126)
cdo    remapbil: Bilinear weights from lonlat (4500x3251) to lonlat (360x170) grid, with source mask (7286838)
cdo    remapbil: Bilinear weights from lonlat (4500x3251) to lonlat (360x170) grid, with source mask (6658426)
cdo    remapbil: Bilinear weights from lonlat (4500x3251) to lonlat (360x170) grid, with source mask (4336945)
cdo    remapbil: Bilinear weights from lonlat (4500x3251) to lonlat (360x170) grid, with source mask (1454435)
------------------------------------------------
Interplating /work/home/acrzcyisbk/HYCOM_monthly/uv3z/degree_0083/GLBv0.08_53X_archMN.1999_11_uv3z.nc
cdo    remapbil: Bilinear weights from lonlat (4500x3251) to lonlat (360x170) grid, with source mask (9974940)
cdo    remapbil: Bilinear weights from lonlat (4500x3251) to lonlat (360x170) grid, with source mask (9952885)
cdo    remapbil: Bilinear weights from lonlat (4500x3251) to lonlat (360x170) grid, with source mask (9939291)
cdo    remapbil: Bilinear weights from lonlat (4500x3251) to lonlat (360x170) grid, with source mask (9925415)
cdo    remapbil: Bilinear weights from lonlat (4500x3251) to lonlat (360x170) grid, with source mask (9909528)
cdo    remapbil: Bilinear weights from lonlat (4500x3251) to lonlat (360x170) grid, with source mask (9887620)
cdo    remapbil: Bilinear weights from lonlat (4500x3251) to lonlat (360x170) grid, with source mask (9846685)
cdo    remapbil: Bilinear weights from lonlat (4500x3251) to lonlat (360x170) grid, with source mask (9804573)
cdo    remapbil: Bilinear weights from lonlat (4500x3251) to lonlat (360x170) grid, with source mask (9767299)
cdo    remapbil: Bilinear weights from lonlat (4500x3251) to lonlat (360x170) grid, with source mask (9730643)
cdo    remapbil: Bilinear weights from lonlat (4500x3251) to lonlat (360x170) grid, with source mask (9691209)
cdo    remapbil: Bilinear weights from lonlat (4500x3251) to lonlat (360x170) grid, with source mask (9648582)
cdo    remapbil: Bilinear weights from lonlat (4500x3251) to lonlat (360x170) grid, with source mask (9606865)
cdo    remapbil: Bilinear weights from lonlat (4500x3251) to lonlat (360x170) grid, with source mask (9536477)
cdo    remapbil: Bilinear weights from lonlat (4500x3251) to lonlat (360x170) grid, with source mask (9480678)
cdo    remapbil: Bilinear weights from lonlat (4500x3251) to lonlat (360x170) grid, with source mask (9430184)
cdo    remapbil: Bilinear weights from lonlat (4500x3251) to lonlat (360x170) grid, with source mask (9384784)
cdo    remapbil: Bilinear weights from lonlat (4500x3251) to lonlat (360x170) grid, with source mask (9338856)
cdo    remapbil: Bilinear weights from lonlat (4500x3251) to lonlat (360x170) grid, with source mask (9244901)
cdo    remapbil: Bilinear weights from lonlat (4500x3251) to lonlat (360x170) grid, with source mask (9167129)
cdo    remapbil: Bilinear weights from lonlat (4500x3251) to lonlat (360x170) grid, with source mask (9032413)
cdo    remapbil: Bilinear weights from lonlat (4500x3251) to lonlat (360x170) grid, with source mask (8923756)
cdo    remapbil: Bilinear weights from lonlat (4500x3251) to lonlat (360x170) grid, with source mask (8825169)
cdo    remapbil: Bilinear weights from lonlat (4500x3251) to lonlat (360x170) grid, with source mask (8741043)
cdo    remapbil: Bilinear weights from lonlat (4500x3251) to lonlat (360x170) grid, with source mask (8669422)
cdo    remapbil: Bilinear weights from lonlat (4500x3251) to lonlat (360x170) grid, with source mask (8547872)
cdo    remapbil: Bilinear weights from lonlat (4500x3251) to lonlat (360x170) grid, with source mask (8453750)
cdo    remapbil: Bilinear weights from lonlat (4500x3251) to lonlat (360x170) grid, with source mask (8387576)
cdo    remapbil: Bilinear weights from lonlat (4500x3251) to lonlat (360x170) grid, with source mask (8336479)
cdo    remapbil: Bilinear weights from lonlat (4500x3251) to lonlat (360x170) grid, with source mask (8290417)
cdo    remapbil: Bilinear weights from lonlat (4500x3251) to lonlat (360x170) grid, with source mask (8247815)
cdo    remapbil: Bilinear weights from lonlat (4500x3251) to lonlat (360x170) grid, with source mask (8128477)
cdo    remapbil: Bilinear weights from lonlat (4500x3251) to lonlat (360x170) grid, with source mask (7994116)
cdo    remapbil: Bilinear weights from lonlat (4500x3251) to lonlat (360x170) grid, with source mask (7692126)
cdo    remapbil: Bilinear weights from lonlat (4500x3251) to lonlat (360x170) grid, with source mask (7286838)
cdo    remapbil: Bilinear weights from lonlat (4500x3251) to lonlat (360x170) grid, with source mask (6658426)
cdo    remapbil: Bilinear weights from lonlat (4500x3251) to lonlat (360x170) grid, with source mask (4336945)
cdo    remapbil: Bilinear weights from lonlat (4500x3251) to lonlat (360x170) grid, with source mask (1454435)
------------------------------------------------
Interplating /work/home/acrzcyisbk/HYCOM_monthly/uv3z/degree_0083/GLBv0.08_53X_archMN.2000_04_uv3z.nc
cdo    remapbil: Bilinear weights from lonlat (4500x3251) to lonlat (360x170) grid, with source mask (9974940)
cdo    remapbil: Bilinear weights from lonlat (4500x3251) to lonlat (360x170) grid, with source mask (9952885)
cdo    remapbil: Bilinear weights from lonlat (4500x3251) to lonlat (360x170) grid, with source mask (9939291)
cdo    remapbil: Bilinear weights from lonlat (4500x3251) to lonlat (360x170) grid, with source mask (9925415)
cdo    remapbil: Bilinear weights from lonlat (4500x3251) to lonlat (360x170) grid, with source mask (9909528)
cdo    remapbil: Bilinear weights from lonlat (4500x3251) to lonlat (360x170) grid, with source mask (9887620)
cdo    remapbil: Bilinear weights from lonlat (4500x3251) to lonlat (360x170) grid, with source mask (9846685)
cdo    remapbil: Bilinear weights from lonlat (4500x3251) to lonlat (360x170) grid, with source mask (9804573)
cdo    remapbil: Bilinear weights from lonlat (4500x3251) to lonlat (360x170) grid, with source mask (9767299)
cdo    remapbil: Bilinear weights from lonlat (4500x3251) to lonlat (360x170) grid, with source mask (9730643)
cdo    remapbil: Bilinear weights from lonlat (4500x3251) to lonlat (360x170) grid, with source mask (9691209)
cdo    remapbil: Bilinear weights from lonlat (4500x3251) to lonlat (360x170) grid, with source mask (9648582)
cdo    remapbil: Bilinear weights from lonlat (4500x3251) to lonlat (360x170) grid, with source mask (9606865)
cdo    remapbil: Bilinear weights from lonlat (4500x3251) to lonlat (360x170) grid, with source mask (9536477)
cdo    remapbil: Bilinear weights from lonlat (4500x3251) to lonlat (360x170) grid, with source mask (9480678)
cdo    remapbil: Bilinear weights from lonlat (4500x3251) to lonlat (360x170) grid, with source mask (9430184)
cdo    remapbil: Bilinear weights from lonlat (4500x3251) to lonlat (360x170) grid, with source mask (9384784)
cdo    remapbil: Bilinear weights from lonlat (4500x3251) to lonlat (360x170) grid, with source mask (9338856)
cdo    remapbil: Bilinear weights from lonlat (4500x3251) to lonlat (360x170) grid, with source mask (9244901)
cdo    remapbil: Bilinear weights from lonlat (4500x3251) to lonlat (360x170) grid, with source mask (9167129)
cdo    remapbil: Bilinear weights from lonlat (4500x3251) to lonlat (360x170) grid, with source mask (9032413)
cdo    remapbil: Bilinear weights from lonlat (4500x3251) to lonlat (360x170) grid, with source mask (8923756)
cdo    remapbil: Bilinear weights from lonlat (4500x3251) to lonlat (360x170) grid, with source mask (8825169)
cdo    remapbil: Bilinear weights from lonlat (4500x3251) to lonlat (360x170) grid, with source mask (8741043)
cdo    remapbil: Bilinear weights from lonlat (4500x3251) to lonlat (360x170) grid, with source mask (8669422)
cdo    remapbil: Bilinear weights from lonlat (4500x3251) to lonlat (360x170) grid, with source mask (8547872)
cdo    remapbil: Bilinear weights from lonlat (4500x3251) to lonlat (360x170) grid, with source mask (8453750)
cdo    remapbil: Bilinear weights from lonlat (4500x3251) to lonlat (360x170) grid, with source mask (8387576)
cdo    remapbil: Bilinear weights from lonlat (4500x3251) to lonlat (360x170) grid, with source mask (8336479)
cdo    remapbil: Bilinear weights from lonlat (4500x3251) to lonlat (360x170) grid, with source mask (8290417)
cdo    remapbil: Bilinear weights from lonlat (4500x3251) to lonlat (360x170) grid, with source mask (8247815)
cdo    remapbil: Bilinear weights from lonlat (4500x3251) to lonlat (360x170) grid, with source mask (8128477)
cdo    remapbil: Bilinear weights from lonlat (4500x3251) to lonlat (360x170) grid, with source mask (7994116)
cdo    remapbil: Bilinear weights from lonlat (4500x3251) to lonlat (360x170) grid, with source mask (7692126)
cdo    remapbil: Bilinear weights from lonlat (4500x3251) to lonlat (360x170) grid, with source mask (7286838)
cdo    remapbil: Bilinear weights from lonlat (4500x3251) to lonlat (360x170) grid, with source mask (6658426)
cdo    remapbil: Bilinear weights from lonlat (4500x3251) to lonlat (360x170) grid, with source mask (4336945)
cdo    remapbil: Bilinear weights from lonlat (4500x3251) to lonlat (360x170) grid, with source mask (1454435)
------------------------------------------------
Interplating /work/home/acrzcyisbk/HYCOM_monthly/uv3z/degree_0083/GLBv0.08_53X_archMN.2000_06_uv3z.nc
cdo    remapbil: Bilinear weights from lonlat (4500x3251) to lonlat (360x170) grid, with source mask (9974940)
cdo    remapbil: Bilinear weights from lonlat (4500x3251) to lonlat (360x170) grid, with source mask (9952885)
cdo    remapbil: Bilinear weights from lonlat (4500x3251) to lonlat (360x170) grid, with source mask (9939291)
cdo    remapbil: Bilinear weights from lonlat (4500x3251) to lonlat (360x170) grid, with source mask (9925415)
cdo    remapbil: Bilinear weights from lonlat (4500x3251) to lonlat (360x170) grid, with source mask (9909528)
cdo    remapbil: Bilinear weights from lonlat (4500x3251) to lonlat (360x170) grid, with source mask (9887620)
cdo    remapbil: Bilinear weights from lonlat (4500x3251) to lonlat (360x170) grid, with source mask (9846685)
cdo    remapbil: Bilinear weights from lonlat (4500x3251) to lonlat (360x170) grid, with source mask (9804573)
cdo    remapbil: Bilinear weights from lonlat (4500x3251) to lonlat (360x170) grid, with source mask (9767299)
cdo    remapbil: Bilinear weights from lonlat (4500x3251) to lonlat (360x170) grid, with source mask (9730643)
cdo    remapbil: Bilinear weights from lonlat (4500x3251) to lonlat (360x170) grid, with source mask (9691209)
cdo    remapbil: Bilinear weights from lonlat (4500x3251) to lonlat (360x170) grid, with source mask (9648582)
cdo    remapbil: Bilinear weights from lonlat (4500x3251) to lonlat (360x170) grid, with source mask (9606865)
cdo    remapbil: Bilinear weights from lonlat (4500x3251) to lonlat (360x170) grid, with source mask (9536477)
cdo    remapbil: Bilinear weights from lonlat (4500x3251) to lonlat (360x170) grid, with source mask (9480678)
cdo    remapbil: Bilinear weights from lonlat (4500x3251) to lonlat (360x170) grid, with source mask (9430184)
cdo    remapbil: Bilinear weights from lonlat (4500x3251) to lonlat (360x170) grid, with source mask (9384784)
cdo    remapbil: Bilinear weights from lonlat (4500x3251) to lonlat (360x170) grid, with source mask (9338856)
cdo    remapbil: Bilinear weights from lonlat (4500x3251) to lonlat (360x170) grid, with source mask (9244901)
cdo    remapbil: Bilinear weights from lonlat (4500x3251) to lonlat (360x170) grid, with source mask (9167129)
cdo    remapbil: Bilinear weights from lonlat (4500x3251) to lonlat (360x170) grid, with source mask (9032413)
cdo    remapbil: Bilinear weights from lonlat (4500x3251) to lonlat (360x170) grid, with source mask (8923756)
cdo    remapbil: Bilinear weights from lonlat (4500x3251) to lonlat (360x170) grid, with source mask (8825169)
cdo    remapbil: Bilinear weights from lonlat (4500x3251) to lonlat (360x170) grid, with source mask (8741043)
cdo    remapbil: Bilinear weights from lonlat (4500x3251) to lonlat (360x170) grid, with source mask (8669422)
cdo    remapbil: Bilinear weights from lonlat (4500x3251) to lonlat (360x170) grid, with source mask (8547872)
cdo    remapbil: Bilinear weights from lonlat (4500x3251) to lonlat (360x170) grid, with source mask (8453750)
cdo    remapbil: Bilinear weights from lonlat (4500x3251) to lonlat (360x170) grid, with source mask (8387576)
cdo    remapbil: Bilinear weights from lonlat (4500x3251) to lonlat (360x170) grid, with source mask (8336479)
cdo    remapbil: Bilinear weights from lonlat (4500x3251) to lonlat (360x170) grid, with source mask (8290417)
cdo    remapbil: Bilinear weights from lonlat (4500x3251) to lonlat (360x170) grid, with source mask (8247815)
cdo    remapbil: Bilinear weights from lonlat (4500x3251) to lonlat (360x170) grid, with source mask (8128477)
cdo    remapbil: Bilinear weights from lonlat (4500x3251) to lonlat (360x170) grid, with source mask (7994116)
cdo    remapbil: Bilinear weights from lonlat (4500x3251) to lonlat (360x170) grid, with source mask (7692126)
cdo    remapbil: Bilinear weights from lonlat (4500x3251) to lonlat (360x170) grid, with source mask (7286838)
cdo    remapbil: Bilinear weights from lonlat (4500x3251) to lonlat (360x170) grid, with source mask (6658426)
cdo    remapbil: Bilinear weights from lonlat (4500x3251) to lonlat (360x170) grid, with source mask (4336945)
cdo    remapbil: Bilinear weights from lonlat (4500x3251) to lonlat (360x170) grid, with source mask (1454435)
------------------------------------------------
Interplating /work/home/acrzcyisbk/HYCOM_monthly/uv3z/degree_0083/GLBv0.08_53X_archMN.2003_02_uv3z.nc
cdo    remapbil: Bilinear weights from lonlat (4500x3251) to lonlat (360x170) grid, with source mask (9974940)
cdo    remapbil: Bilinear weights from lonlat (4500x3251) to lonlat (360x170) grid, with source mask (9952885)
cdo    remapbil: Bilinear weights from lonlat (4500x3251) to lonlat (360x170) grid, with source mask (9939291)
cdo    remapbil: Bilinear weights from lonlat (4500x3251) to lonlat (360x170) grid, with source mask (9925415)
cdo    remapbil: Bilinear weights from lonlat (4500x3251) to lonlat (360x170) grid, with source mask (9909528)
cdo    remapbil: Bilinear weights from lonlat (4500x3251) to lonlat (360x170) grid, with source mask (9887620)
cdo    remapbil: Bilinear weights from lonlat (4500x3251) to lonlat (360x170) grid, with source mask (9846685)
cdo    remapbil: Bilinear weights from lonlat (4500x3251) to lonlat (360x170) grid, with source mask (9804573)
cdo    remapbil: Bilinear weights from lonlat (4500x3251) to lonlat (360x170) grid, with source mask (9767299)
cdo    remapbil: Bilinear weights from lonlat (4500x3251) to lonlat (360x170) grid, with source mask (9730643)
cdo    remapbil: Bilinear weights from lonlat (4500x3251) to lonlat (360x170) grid, with source mask (9691209)
cdo    remapbil: Bilinear weights from lonlat (4500x3251) to lonlat (360x170) grid, with source mask (9648582)
cdo    remapbil: Bilinear weights from lonlat (4500x3251) to lonlat (360x170) grid, with source mask (9606865)
cdo    remapbil: Bilinear weights from lonlat (4500x3251) to lonlat (360x170) grid, with source mask (9536477)
cdo    remapbil: Bilinear weights from lonlat (4500x3251) to lonlat (360x170) grid, with source mask (9480678)
cdo    remapbil: Bilinear weights from lonlat (4500x3251) to lonlat (360x170) grid, with source mask (9430184)
cdo    remapbil: Bilinear weights from lonlat (4500x3251) to lonlat (360x170) grid, with source mask (9384784)
cdo    remapbil: Bilinear weights from lonlat (4500x3251) to lonlat (360x170) grid, with source mask (9338856)
cdo    remapbil: Bilinear weights from lonlat (4500x3251) to lonlat (360x170) grid, with source mask (9244901)
cdo    remapbil: Bilinear weights from lonlat (4500x3251) to lonlat (360x170) grid, with source mask (9167129)
cdo    remapbil: Bilinear weights from lonlat (4500x3251) to lonlat (360x170) grid, with source mask (9032413)
cdo    remapbil: Bilinear weights from lonlat (4500x3251) to lonlat (360x170) grid, with source mask (8923756)
cdo    remapbil: Bilinear weights from lonlat (4500x3251) to lonlat (360x170) grid, with source mask (8825169)
cdo    remapbil: Bilinear weights from lonlat (4500x3251) to lonlat (360x170) grid, with source mask (8741043)
cdo    remapbil: Bilinear weights from lonlat (4500x3251) to lonlat (360x170) grid, with source mask (8669422)
cdo    remapbil: Bilinear weights from lonlat (4500x3251) to lonlat (360x170) grid, with source mask (8547872)
cdo    remapbil: Bilinear weights from lonlat (4500x3251) to lonlat (360x170) grid, with source mask (8453750)
cdo    remapbil: Bilinear weights from lonlat (4500x3251) to lonlat (360x170) grid, with source mask (8387576)
cdo    remapbil: Bilinear weights from lonlat (4500x3251) to lonlat (360x170) grid, with source mask (8336479)
cdo    remapbil: Bilinear weights from lonlat (4500x3251) to lonlat (360x170) grid, with source mask (8290417)
cdo    remapbil: Bilinear weights from lonlat (4500x3251) to lonlat (360x170) grid, with source mask (8247815)
cdo    remapbil: Bilinear weights from lonlat (4500x3251) to lonlat (360x170) grid, with source mask (8128477)
cdo    remapbil: Bilinear weights from lonlat (4500x3251) to lonlat (360x170) grid, with source mask (7994116)
cdo    remapbil: Bilinear weights from lonlat (4500x3251) to lonlat (360x170) grid, with source mask (7692126)
cdo    remapbil: Bilinear weights from lonlat (4500x3251) to lonlat (360x170) grid, with source mask (7286838)
cdo    remapbil: Bilinear weights from lonlat (4500x3251) to lonlat (360x170) grid, with source mask (6658426)
cdo    remapbil: Bilinear weights from lonlat (4500x3251) to lonlat (360x170) grid, with source mask (4336945)
cdo    remapbil: Bilinear weights from lonlat (4500x3251) to lonlat (360x170) grid, with source mask (1454435)
------------------------------------------------
Interplating /work/home/acrzcyisbk/HYCOM_monthly/uv3z/degree_0083/GLBv0.08_53X_archMN.2004_04_uv3z.nc
cdo    remapbil: Bilinear weights from lonlat (4500x3251) to lonlat (360x170) grid, with source mask (9974940)
cdo    remapbil: Bilinear weights from lonlat (4500x3251) to lonlat (360x170) grid, with source mask (9952885)
cdo    remapbil: Bilinear weights from lonlat (4500x3251) to lonlat (360x170) grid, with source mask (9939291)
cdo    remapbil: Bilinear weights from lonlat (4500x3251) to lonlat (360x170) grid, with source mask (9925415)
cdo    remapbil: Bilinear weights from lonlat (4500x3251) to lonlat (360x170) grid, with source mask (9909528)
cdo    remapbil: Bilinear weights from lonlat (4500x3251) to lonlat (360x170) grid, with source mask (9887620)
cdo    remapbil: Bilinear weights from lonlat (4500x3251) to lonlat (360x170) grid, with source mask (9846685)
cdo    remapbil: Bilinear weights from lonlat (4500x3251) to lonlat (360x170) grid, with source mask (9804573)
cdo    remapbil: Bilinear weights from lonlat (4500x3251) to lonlat (360x170) grid, with source mask (9767299)
cdo    remapbil: Bilinear weights from lonlat (4500x3251) to lonlat (360x170) grid, with source mask (9730643)
cdo    remapbil: Bilinear weights from lonlat (4500x3251) to lonlat (360x170) grid, with source mask (9691209)
cdo    remapbil: Bilinear weights from lonlat (4500x3251) to lonlat (360x170) grid, with source mask (9648582)
cdo    remapbil: Bilinear weights from lonlat (4500x3251) to lonlat (360x170) grid, with source mask (9606865)
cdo    remapbil: Bilinear weights from lonlat (4500x3251) to lonlat (360x170) grid, with source mask (9536477)
cdo    remapbil: Bilinear weights from lonlat (4500x3251) to lonlat (360x170) grid, with source mask (9480678)
cdo    remapbil: Bilinear weights from lonlat (4500x3251) to lonlat (360x170) grid, with source mask (9430184)
cdo    remapbil: Bilinear weights from lonlat (4500x3251) to lonlat (360x170) grid, with source mask (9384784)
cdo    remapbil: Bilinear weights from lonlat (4500x3251) to lonlat (360x170) grid, with source mask (9338856)
cdo    remapbil: Bilinear weights from lonlat (4500x3251) to lonlat (360x170) grid, with source mask (9244901)
cdo    remapbil: Bilinear weights from lonlat (4500x3251) to lonlat (360x170) grid, with source mask (9167129)
cdo    remapbil: Bilinear weights from lonlat (4500x3251) to lonlat (360x170) grid, with source mask (9032413)
cdo    remapbil: Bilinear weights from lonlat (4500x3251) to lonlat (360x170) grid, with source mask (8923756)
cdo    remapbil: Bilinear weights from lonlat (4500x3251) to lonlat (360x170) grid, with source mask (8825169)
cdo    remapbil: Bilinear weights from lonlat (4500x3251) to lonlat (360x170) grid, with source mask (8741043)
cdo    remapbil: Bilinear weights from lonlat (4500x3251) to lonlat (360x170) grid, with source mask (8669422)
cdo    remapbil: Bilinear weights from lonlat (4500x3251) to lonlat (360x170) grid, with source mask (8547872)
cdo    remapbil: Bilinear weights from lonlat (4500x3251) to lonlat (360x170) grid, with source mask (8453750)
cdo    remapbil: Bilinear weights from lonlat (4500x3251) to lonlat (360x170) grid, with source mask (8387576)
cdo    remapbil: Bilinear weights from lonlat (4500x3251) to lonlat (360x170) grid, with source mask (8336479)
cdo    remapbil: Bilinear weights from lonlat (4500x3251) to lonlat (360x170) grid, with source mask (8290417)
cdo    remapbil: Bilinear weights from lonlat (4500x3251) to lonlat (360x170) grid, with source mask (8247815)
cdo    remapbil: Bilinear weights from lonlat (4500x3251) to lonlat (360x170) grid, with source mask (8128477)
cdo    remapbil: Bilinear weights from lonlat (4500x3251) to lonlat (360x170) grid, with source mask (7994116)
cdo    remapbil: Bilinear weights from lonlat (4500x3251) to lonlat (360x170) grid, with source mask (7692126)
cdo    remapbil: Bilinear weights from lonlat (4500x3251) to lonlat (360x170) grid, with source mask (7286838)
cdo    remapbil: Bilinear weights from lonlat (4500x3251) to lonlat (360x170) grid, with source mask (6658426)
cdo    remapbil: Bilinear weights from lonlat (4500x3251) to lonlat (360x170) grid, with source mask (4336945)
cdo    remapbil: Bilinear weights from lonlat (4500x3251) to lonlat (360x170) grid, with source mask (1454435)
------------------------------------------------
Interplating /work/home/acrzcyisbk/HYCOM_monthly/uv3z/degree_0083/GLBv0.08_53X_archMN.2004_06_uv3z.nc
cdo    remapbil: Bilinear weights from lonlat (4500x3251) to lonlat (360x170) grid, with source mask (9974940)
cdo    remapbil: Bilinear weights from lonlat (4500x3251) to lonlat (360x170) grid, with source mask (9952885)
cdo    remapbil: Bilinear weights from lonlat (4500x3251) to lonlat (360x170) grid, with source mask (9939291)
cdo    remapbil: Bilinear weights from lonlat (4500x3251) to lonlat (360x170) grid, with source mask (9925415)
cdo    remapbil: Bilinear weights from lonlat (4500x3251) to lonlat (360x170) grid, with source mask (9909528)
cdo    remapbil: Bilinear weights from lonlat (4500x3251) to lonlat (360x170) grid, with source mask (9887620)
cdo    remapbil: Bilinear weights from lonlat (4500x3251) to lonlat (360x170) grid, with source mask (9846685)
cdo    remapbil: Bilinear weights from lonlat (4500x3251) to lonlat (360x170) grid, with source mask (9804573)
cdo    remapbil: Bilinear weights from lonlat (4500x3251) to lonlat (360x170) grid, with source mask (9767299)
cdo    remapbil: Bilinear weights from lonlat (4500x3251) to lonlat (360x170) grid, with source mask (9730643)
cdo    remapbil: Bilinear weights from lonlat (4500x3251) to lonlat (360x170) grid, with source mask (9691209)
cdo    remapbil: Bilinear weights from lonlat (4500x3251) to lonlat (360x170) grid, with source mask (9648582)
cdo    remapbil: Bilinear weights from lonlat (4500x3251) to lonlat (360x170) grid, with source mask (9606865)
cdo    remapbil: Bilinear weights from lonlat (4500x3251) to lonlat (360x170) grid, with source mask (9536477)
cdo    remapbil: Bilinear weights from lonlat (4500x3251) to lonlat (360x170) grid, with source mask (9480678)
cdo    remapbil: Bilinear weights from lonlat (4500x3251) to lonlat (360x170) grid, with source mask (9430184)
cdo    remapbil: Bilinear weights from lonlat (4500x3251) to lonlat (360x170) grid, with source mask (9384784)
cdo    remapbil: Bilinear weights from lonlat (4500x3251) to lonlat (360x170) grid, with source mask (9338856)
cdo    remapbil: Bilinear weights from lonlat (4500x3251) to lonlat (360x170) grid, with source mask (9244901)
cdo    remapbil: Bilinear weights from lonlat (4500x3251) to lonlat (360x170) grid, with source mask (9167129)
cdo    remapbil: Bilinear weights from lonlat (4500x3251) to lonlat (360x170) grid, with source mask (9032413)
cdo    remapbil: Bilinear weights from lonlat (4500x3251) to lonlat (360x170) grid, with source mask (8923756)
cdo    remapbil: Bilinear weights from lonlat (4500x3251) to lonlat (360x170) grid, with source mask (8825169)
cdo    remapbil: Bilinear weights from lonlat (4500x3251) to lonlat (360x170) grid, with source mask (8741043)
cdo    remapbil: Bilinear weights from lonlat (4500x3251) to lonlat (360x170) grid, with source mask (8669422)
cdo    remapbil: Bilinear weights from lonlat (4500x3251) to lonlat (360x170) grid, with source mask (8547872)
cdo    remapbil: Bilinear weights from lonlat (4500x3251) to lonlat (360x170) grid, with source mask (8453750)
cdo    remapbil: Bilinear weights from lonlat (4500x3251) to lonlat (360x170) grid, with source mask (8387576)
cdo    remapbil: Bilinear weights from lonlat (4500x3251) to lonlat (360x170) grid, with source mask (8336479)
cdo    remapbil: Bilinear weights from lonlat (4500x3251) to lonlat (360x170) grid, with source mask (8290417)
cdo    remapbil: Bilinear weights from lonlat (4500x3251) to lonlat (360x170) grid, with source mask (8247815)
cdo    remapbil: Bilinear weights from lonlat (4500x3251) to lonlat (360x170) grid, with source mask (8128477)
cdo    remapbil: Bilinear weights from lonlat (4500x3251) to lonlat (360x170) grid, with source mask (7994116)
cdo    remapbil: Bilinear weights from lonlat (4500x3251) to lonlat (360x170) grid, with source mask (7692126)
cdo    remapbil: Bilinear weights from lonlat (4500x3251) to lonlat (360x170) grid, with source mask (7286838)
cdo    remapbil: Bilinear weights from lonlat (4500x3251) to lonlat (360x170) grid, with source mask (6658426)
cdo    remapbil: Bilinear weights from lonlat (4500x3251) to lonlat (360x170) grid, with source mask (4336945)
cdo    remapbil: Bilinear weights from lonlat (4500x3251) to lonlat (360x170) grid, with source mask (1454435)
------------------------------------------------
Interplating /work/home/acrzcyisbk/HYCOM_monthly/uv3z/degree_0083/GLBv0.08_53X_archMN.2006_08_uv3z.nc
cdo    remapbil: Bilinear weights from lonlat (4500x3251) to lonlat (360x170) grid, with source mask (9974940)
cdo    remapbil: Bilinear weights from lonlat (4500x3251) to lonlat (360x170) grid, with source mask (9952885)
cdo    remapbil: Bilinear weights from lonlat (4500x3251) to lonlat (360x170) grid, with source mask (9939291)
cdo    remapbil: Bilinear weights from lonlat (4500x3251) to lonlat (360x170) grid, with source mask (9925415)
cdo    remapbil: Bilinear weights from lonlat (4500x3251) to lonlat (360x170) grid, with source mask (9909528)
cdo    remapbil: Bilinear weights from lonlat (4500x3251) to lonlat (360x170) grid, with source mask (9887620)
cdo    remapbil: Bilinear weights from lonlat (4500x3251) to lonlat (360x170) grid, with source mask (9846685)
cdo    remapbil: Bilinear weights from lonlat (4500x3251) to lonlat (360x170) grid, with source mask (9804573)
cdo    remapbil: Bilinear weights from lonlat (4500x3251) to lonlat (360x170) grid, with source mask (9767299)
cdo    remapbil: Bilinear weights from lonlat (4500x3251) to lonlat (360x170) grid, with source mask (9730643)
cdo    remapbil: Bilinear weights from lonlat (4500x3251) to lonlat (360x170) grid, with source mask (9691209)
cdo    remapbil: Bilinear weights from lonlat (4500x3251) to lonlat (360x170) grid, with source mask (9648582)
cdo    remapbil: Bilinear weights from lonlat (4500x3251) to lonlat (360x170) grid, with source mask (9606865)
cdo    remapbil: Bilinear weights from lonlat (4500x3251) to lonlat (360x170) grid, with source mask (9536477)
cdo    remapbil: Bilinear weights from lonlat (4500x3251) to lonlat (360x170) grid, with source mask (9480678)
cdo    remapbil: Bilinear weights from lonlat (4500x3251) to lonlat (360x170) grid, with source mask (9430184)
cdo    remapbil: Bilinear weights from lonlat (4500x3251) to lonlat (360x170) grid, with source mask (9384784)
cdo    remapbil: Bilinear weights from lonlat (4500x3251) to lonlat (360x170) grid, with source mask (9338856)
cdo    remapbil: Bilinear weights from lonlat (4500x3251) to lonlat (360x170) grid, with source mask (9244901)
cdo    remapbil: Bilinear weights from lonlat (4500x3251) to lonlat (360x170) grid, with source mask (9167129)
cdo    remapbil: Bilinear weights from lonlat (4500x3251) to lonlat (360x170) grid, with source mask (9032413)
cdo    remapbil: Bilinear weights from lonlat (4500x3251) to lonlat (360x170) grid, with source mask (8923756)
cdo    remapbil: Bilinear weights from lonlat (4500x3251) to lonlat (360x170) grid, with source mask (8825169)
cdo    remapbil: Bilinear weights from lonlat (4500x3251) to lonlat (360x170) grid, with source mask (8741043)
cdo    remapbil: Bilinear weights from lonlat (4500x3251) to lonlat (360x170) grid, with source mask (8669422)
cdo    remapbil: Bilinear weights from lonlat (4500x3251) to lonlat (360x170) grid, with source mask (8547872)
cdo    remapbil: Bilinear weights from lonlat (4500x3251) to lonlat (360x170) grid, with source mask (8453750)
cdo    remapbil: Bilinear weights from lonlat (4500x3251) to lonlat (360x170) grid, with source mask (8387576)
cdo    remapbil: Bilinear weights from lonlat (4500x3251) to lonlat (360x170) grid, with source mask (8336479)
cdo    remapbil: Bilinear weights from lonlat (4500x3251) to lonlat (360x170) grid, with source mask (8290417)
cdo    remapbil: Bilinear weights from lonlat (4500x3251) to lonlat (360x170) grid, with source mask (8247815)
cdo    remapbil: Bilinear weights from lonlat (4500x3251) to lonlat (360x170) grid, with source mask (8128477)
cdo    remapbil: Bilinear weights from lonlat (4500x3251) to lonlat (360x170) grid, with source mask (7994116)
cdo    remapbil: Bilinear weights from lonlat (4500x3251) to lonlat (360x170) grid, with source mask (7692126)
cdo    remapbil: Bilinear weights from lonlat (4500x3251) to lonlat (360x170) grid, with source mask (7286838)
cdo    remapbil: Bilinear weights from lonlat (4500x3251) to lonlat (360x170) grid, with source mask (6658426)
cdo    remapbil: Bilinear weights from lonlat (4500x3251) to lonlat (360x170) grid, with source mask (4336945)
cdo    remapbil: Bilinear weights from lonlat (4500x3251) to lonlat (360x170) grid, with source mask (1454435)
------------------------------------------------
Interplating /work/home/acrzcyisbk/HYCOM_monthly/uv3z/degree_0083/GLBv0.08_53X_archMN.2006_09_uv3z.nc
cdo    remapbil: Bilinear weights from lonlat (4500x3251) to lonlat (360x170) grid, with source mask (9974940)
cdo    remapbil: Bilinear weights from lonlat (4500x3251) to lonlat (360x170) grid, with source mask (9952885)
cdo    remapbil: Bilinear weights from lonlat (4500x3251) to lonlat (360x170) grid, with source mask (9939291)
cdo    remapbil: Bilinear weights from lonlat (4500x3251) to lonlat (360x170) grid, with source mask (9925415)
cdo    remapbil: Bilinear weights from lonlat (4500x3251) to lonlat (360x170) grid, with source mask (9909528)
cdo    remapbil: Bilinear weights from lonlat (4500x3251) to lonlat (360x170) grid, with source mask (9887620)
cdo    remapbil: Bilinear weights from lonlat (4500x3251) to lonlat (360x170) grid, with source mask (9846685)
cdo    remapbil: Bilinear weights from lonlat (4500x3251) to lonlat (360x170) grid, with source mask (9804573)
cdo    remapbil: Bilinear weights from lonlat (4500x3251) to lonlat (360x170) grid, with source mask (9767299)
cdo    remapbil: Bilinear weights from lonlat (4500x3251) to lonlat (360x170) grid, with source mask (9730643)
cdo    remapbil: Bilinear weights from lonlat (4500x3251) to lonlat (360x170) grid, with source mask (9691209)
cdo    remapbil: Bilinear weights from lonlat (4500x3251) to lonlat (360x170) grid, with source mask (9648582)
cdo    remapbil: Bilinear weights from lonlat (4500x3251) to lonlat (360x170) grid, with source mask (9606865)
cdo    remapbil: Bilinear weights from lonlat (4500x3251) to lonlat (360x170) grid, with source mask (9536477)
cdo    remapbil: Bilinear weights from lonlat (4500x3251) to lonlat (360x170) grid, with source mask (9480678)
cdo    remapbil: Bilinear weights from lonlat (4500x3251) to lonlat (360x170) grid, with source mask (9430184)
cdo    remapbil: Bilinear weights from lonlat (4500x3251) to lonlat (360x170) grid, with source mask (9384784)
cdo    remapbil: Bilinear weights from lonlat (4500x3251) to lonlat (360x170) grid, with source mask (9338856)
cdo    remapbil: Bilinear weights from lonlat (4500x3251) to lonlat (360x170) grid, with source mask (9244901)
cdo    remapbil: Bilinear weights from lonlat (4500x3251) to lonlat (360x170) grid, with source mask (9167129)
cdo    remapbil: Bilinear weights from lonlat (4500x3251) to lonlat (360x170) grid, with source mask (9032413)
cdo    remapbil: Bilinear weights from lonlat (4500x3251) to lonlat (360x170) grid, with source mask (8923756)
cdo    remapbil: Bilinear weights from lonlat (4500x3251) to lonlat (360x170) grid, with source mask (8825169)
cdo    remapbil: Bilinear weights from lonlat (4500x3251) to lonlat (360x170) grid, with source mask (8741043)
cdo    remapbil: Bilinear weights from lonlat (4500x3251) to lonlat (360x170) grid, with source mask (8669422)
cdo    remapbil: Bilinear weights from lonlat (4500x3251) to lonlat (360x170) grid, with source mask (8547872)
cdo    remapbil: Bilinear weights from lonlat (4500x3251) to lonlat (360x170) grid, with source mask (8453750)
cdo    remapbil: Bilinear weights from lonlat (4500x3251) to lonlat (360x170) grid, with source mask (8387576)
cdo    remapbil: Bilinear weights from lonlat (4500x3251) to lonlat (360x170) grid, with source mask (8336479)
cdo    remapbil: Bilinear weights from lonlat (4500x3251) to lonlat (360x170) grid, with source mask (8290417)
cdo    remapbil: Bilinear weights from lonlat (4500x3251) to lonlat (360x170) grid, with source mask (8247815)
cdo    remapbil: Bilinear weights from lonlat (4500x3251) to lonlat (360x170) grid, with source mask (8128477)
cdo    remapbil: Bilinear weights from lonlat (4500x3251) to lonlat (360x170) grid, with source mask (7994116)
cdo    remapbil: Bilinear weights from lonlat (4500x3251) to lonlat (360x170) grid, with source mask (7692126)
cdo    remapbil: Bilinear weights from lonlat (4500x3251) to lonlat (360x170) grid, with source mask (7286838)
cdo    remapbil: Bilinear weights from lonlat (4500x3251) to lonlat (360x170) grid, with source mask (6658426)
cdo    remapbil: Bilinear weights from lonlat (4500x3251) to lonlat (360x170) grid, with source mask (4336945)
cdo    remapbil: Bilinear weights from lonlat (4500x3251) to lonlat (360x170) grid, with source mask (1454435)
------------------------------------------------
Interplating /work/home/acrzcyisbk/HYCOM_monthly/uv3z/degree_0083/GLBv0.08_53X_archMN.2007_02_uv3z.nc
cdo    remapbil: Bilinear weights from lonlat (4500x3251) to lonlat (360x170) grid, with source mask (9974940)
cdo    remapbil: Bilinear weights from lonlat (4500x3251) to lonlat (360x170) grid, with source mask (9952885)
cdo    remapbil: Bilinear weights from lonlat (4500x3251) to lonlat (360x170) grid, with source mask (9939291)
cdo    remapbil: Bilinear weights from lonlat (4500x3251) to lonlat (360x170) grid, with source mask (9925415)
cdo    remapbil: Bilinear weights from lonlat (4500x3251) to lonlat (360x170) grid, with source mask (9909528)
cdo    remapbil: Bilinear weights from lonlat (4500x3251) to lonlat (360x170) grid, with source mask (9887620)
cdo    remapbil: Bilinear weights from lonlat (4500x3251) to lonlat (360x170) grid, with source mask (9846685)
cdo    remapbil: Bilinear weights from lonlat (4500x3251) to lonlat (360x170) grid, with source mask (9804573)
cdo    remapbil: Bilinear weights from lonlat (4500x3251) to lonlat (360x170) grid, with source mask (9767299)
cdo    remapbil: Bilinear weights from lonlat (4500x3251) to lonlat (360x170) grid, with source mask (9730643)
cdo    remapbil: Bilinear weights from lonlat (4500x3251) to lonlat (360x170) grid, with source mask (9691209)
cdo    remapbil: Bilinear weights from lonlat (4500x3251) to lonlat (360x170) grid, with source mask (9648582)
cdo    remapbil: Bilinear weights from lonlat (4500x3251) to lonlat (360x170) grid, with source mask (9606865)
cdo    remapbil: Bilinear weights from lonlat (4500x3251) to lonlat (360x170) grid, with source mask (9536477)
cdo    remapbil: Bilinear weights from lonlat (4500x3251) to lonlat (360x170) grid, with source mask (9480678)
cdo    remapbil: Bilinear weights from lonlat (4500x3251) to lonlat (360x170) grid, with source mask (9430184)
cdo    remapbil: Bilinear weights from lonlat (4500x3251) to lonlat (360x170) grid, with source mask (9384784)
cdo    remapbil: Bilinear weights from lonlat (4500x3251) to lonlat (360x170) grid, with source mask (9338856)
cdo    remapbil: Bilinear weights from lonlat (4500x3251) to lonlat (360x170) grid, with source mask (9244901)
cdo    remapbil: Bilinear weights from lonlat (4500x3251) to lonlat (360x170) grid, with source mask (9167129)
cdo    remapbil: Bilinear weights from lonlat (4500x3251) to lonlat (360x170) grid, with source mask (9032413)
cdo    remapbil: Bilinear weights from lonlat (4500x3251) to lonlat (360x170) grid, with source mask (8923756)
cdo    remapbil: Bilinear weights from lonlat (4500x3251) to lonlat (360x170) grid, with source mask (8825169)
cdo    remapbil: Bilinear weights from lonlat (4500x3251) to lonlat (360x170) grid, with source mask (8741043)
cdo    remapbil: Bilinear weights from lonlat (4500x3251) to lonlat (360x170) grid, with source mask (8669422)
cdo    remapbil: Bilinear weights from lonlat (4500x3251) to lonlat (360x170) grid, with source mask (8547872)
cdo    remapbil: Bilinear weights from lonlat (4500x3251) to lonlat (360x170) grid, with source mask (8453750)
cdo    remapbil: Bilinear weights from lonlat (4500x3251) to lonlat (360x170) grid, with source mask (8387576)
cdo    remapbil: Bilinear weights from lonlat (4500x3251) to lonlat (360x170) grid, with source mask (8336479)
cdo    remapbil: Bilinear weights from lonlat (4500x3251) to lonlat (360x170) grid, with source mask (8290417)
cdo    remapbil: Bilinear weights from lonlat (4500x3251) to lonlat (360x170) grid, with source mask (8247815)
cdo    remapbil: Bilinear weights from lonlat (4500x3251) to lonlat (360x170) grid, with source mask (8128477)
cdo    remapbil: Bilinear weights from lonlat (4500x3251) to lonlat (360x170) grid, with source mask (7994116)
cdo    remapbil: Bilinear weights from lonlat (4500x3251) to lonlat (360x170) grid, with source mask (7692126)
cdo    remapbil: Bilinear weights from lonlat (4500x3251) to lonlat (360x170) grid, with source mask (7286838)
cdo    remapbil: Bilinear weights from lonlat (4500x3251) to lonlat (360x170) grid, with source mask (6658426)
cdo    remapbil: Bilinear weights from lonlat (4500x3251) to lonlat (360x170) grid, with source mask (4336945)
cdo    remapbil: Bilinear weights from lonlat (4500x3251) to lonlat (360x170) grid, with source mask (1454435)
------------------------------------------------
Interplating /work/home/acrzcyisbk/HYCOM_monthly/uv3z/degree_0083/GLBv0.08_53X_archMN.2008_04_uv3z.nc
cdo    remapbil: Bilinear weights from lonlat (4500x3251) to lonlat (360x170) grid, with source mask (9974940)
cdo    remapbil: Bilinear weights from lonlat (4500x3251) to lonlat (360x170) grid, with source mask (9952885)
cdo    remapbil: Bilinear weights from lonlat (4500x3251) to lonlat (360x170) grid, with source mask (9939291)
cdo    remapbil: Bilinear weights from lonlat (4500x3251) to lonlat (360x170) grid, with source mask (9925415)
cdo    remapbil: Bilinear weights from lonlat (4500x3251) to lonlat (360x170) grid, with source mask (9909528)
cdo    remapbil: Bilinear weights from lonlat (4500x3251) to lonlat (360x170) grid, with source mask (9887620)
cdo    remapbil: Bilinear weights from lonlat (4500x3251) to lonlat (360x170) grid, with source mask (9846685)
cdo    remapbil: Bilinear weights from lonlat (4500x3251) to lonlat (360x170) grid, with source mask (9804573)
cdo    remapbil: Bilinear weights from lonlat (4500x3251) to lonlat (360x170) grid, with source mask (9767299)
cdo    remapbil: Bilinear weights from lonlat (4500x3251) to lonlat (360x170) grid, with source mask (9730643)
cdo    remapbil: Bilinear weights from lonlat (4500x3251) to lonlat (360x170) grid, with source mask (9691209)
cdo    remapbil: Bilinear weights from lonlat (4500x3251) to lonlat (360x170) grid, with source mask (9648582)
cdo    remapbil: Bilinear weights from lonlat (4500x3251) to lonlat (360x170) grid, with source mask (9606865)
cdo    remapbil: Bilinear weights from lonlat (4500x3251) to lonlat (360x170) grid, with source mask (9536477)
cdo    remapbil: Bilinear weights from lonlat (4500x3251) to lonlat (360x170) grid, with source mask (9480678)
cdo    remapbil: Bilinear weights from lonlat (4500x3251) to lonlat (360x170) grid, with source mask (9430184)
cdo    remapbil: Bilinear weights from lonlat (4500x3251) to lonlat (360x170) grid, with source mask (9384784)
cdo    remapbil: Bilinear weights from lonlat (4500x3251) to lonlat (360x170) grid, with source mask (9338856)
cdo    remapbil: Bilinear weights from lonlat (4500x3251) to lonlat (360x170) grid, with source mask (9244901)
cdo    remapbil: Bilinear weights from lonlat (4500x3251) to lonlat (360x170) grid, with source mask (9167129)
cdo    remapbil: Bilinear weights from lonlat (4500x3251) to lonlat (360x170) grid, with source mask (9032413)
cdo    remapbil: Bilinear weights from lonlat (4500x3251) to lonlat (360x170) grid, with source mask (8923756)
cdo    remapbil: Bilinear weights from lonlat (4500x3251) to lonlat (360x170) grid, with source mask (8825169)
cdo    remapbil: Bilinear weights from lonlat (4500x3251) to lonlat (360x170) grid, with source mask (8741043)
cdo    remapbil: Bilinear weights from lonlat (4500x3251) to lonlat (360x170) grid, with source mask (8669422)
cdo    remapbil: Bilinear weights from lonlat (4500x3251) to lonlat (360x170) grid, with source mask (8547872)
cdo    remapbil: Bilinear weights from lonlat (4500x3251) to lonlat (360x170) grid, with source mask (8453750)
cdo    remapbil: Bilinear weights from lonlat (4500x3251) to lonlat (360x170) grid, with source mask (8387576)
cdo    remapbil: Bilinear weights from lonlat (4500x3251) to lonlat (360x170) grid, with source mask (8336479)
cdo    remapbil: Bilinear weights from lonlat (4500x3251) to lonlat (360x170) grid, with source mask (8290417)
cdo    remapbil: Bilinear weights from lonlat (4500x3251) to lonlat (360x170) grid, with source mask (8247815)
cdo    remapbil: Bilinear weights from lonlat (4500x3251) to lonlat (360x170) grid, with source mask (8128477)
cdo    remapbil: Bilinear weights from lonlat (4500x3251) to lonlat (360x170) grid, with source mask (7994116)
cdo    remapbil: Bilinear weights from lonlat (4500x3251) to lonlat (360x170) grid, with source mask (7692126)
cdo    remapbil: Bilinear weights from lonlat (4500x3251) to lonlat (360x170) grid, with source mask (7286838)
cdo    remapbil: Bilinear weights from lonlat (4500x3251) to lonlat (360x170) grid, with source mask (6658426)
cdo    remapbil: Bilinear weights from lonlat (4500x3251) to lonlat (360x170) grid, with source mask (4336945)
cdo    remapbil: Bilinear weights from lonlat (4500x3251) to lonlat (360x170) grid, with source mask (1454435)
------------------------------------------------
Interplating /work/home/acrzcyisbk/HYCOM_monthly/uv3z/degree_0083/GLBv0.08_53X_archMN.2008_06_uv3z.nc
cdo    remapbil: Bilinear weights from lonlat (4500x3251) to lonlat (360x170) grid, with source mask (9974940)
cdo    remapbil: Bilinear weights from lonlat (4500x3251) to lonlat (360x170) grid, with source mask (9952885)
cdo    remapbil: Bilinear weights from lonlat (4500x3251) to lonlat (360x170) grid, with source mask (9939291)
cdo    remapbil: Bilinear weights from lonlat (4500x3251) to lonlat (360x170) grid, with source mask (9925415)
cdo    remapbil: Bilinear weights from lonlat (4500x3251) to lonlat (360x170) grid, with source mask (9909528)
cdo    remapbil: Bilinear weights from lonlat (4500x3251) to lonlat (360x170) grid, with source mask (9887620)
cdo    remapbil: Bilinear weights from lonlat (4500x3251) to lonlat (360x170) grid, with source mask (9846685)
cdo    remapbil: Bilinear weights from lonlat (4500x3251) to lonlat (360x170) grid, with source mask (9804573)
cdo    remapbil: Bilinear weights from lonlat (4500x3251) to lonlat (360x170) grid, with source mask (9767299)
cdo    remapbil: Bilinear weights from lonlat (4500x3251) to lonlat (360x170) grid, with source mask (9730643)
cdo    remapbil: Bilinear weights from lonlat (4500x3251) to lonlat (360x170) grid, with source mask (9691209)
cdo    remapbil: Bilinear weights from lonlat (4500x3251) to lonlat (360x170) grid, with source mask (9648582)
cdo    remapbil: Bilinear weights from lonlat (4500x3251) to lonlat (360x170) grid, with source mask (9606865)
cdo    remapbil: Bilinear weights from lonlat (4500x3251) to lonlat (360x170) grid, with source mask (9536477)
cdo    remapbil: Bilinear weights from lonlat (4500x3251) to lonlat (360x170) grid, with source mask (9480678)
cdo    remapbil: Bilinear weights from lonlat (4500x3251) to lonlat (360x170) grid, with source mask (9430184)
cdo    remapbil: Bilinear weights from lonlat (4500x3251) to lonlat (360x170) grid, with source mask (9384784)
cdo    remapbil: Bilinear weights from lonlat (4500x3251) to lonlat (360x170) grid, with source mask (9338856)
cdo    remapbil: Bilinear weights from lonlat (4500x3251) to lonlat (360x170) grid, with source mask (9244901)
cdo    remapbil: Bilinear weights from lonlat (4500x3251) to lonlat (360x170) grid, with source mask (9167129)
cdo    remapbil: Bilinear weights from lonlat (4500x3251) to lonlat (360x170) grid, with source mask (9032413)
cdo    remapbil: Bilinear weights from lonlat (4500x3251) to lonlat (360x170) grid, with source mask (8923756)
cdo    remapbil: Bilinear weights from lonlat (4500x3251) to lonlat (360x170) grid, with source mask (8825169)
cdo    remapbil: Bilinear weights from lonlat (4500x3251) to lonlat (360x170) grid, with source mask (8741043)
cdo    remapbil: Bilinear weights from lonlat (4500x3251) to lonlat (360x170) grid, with source mask (8669422)
cdo    remapbil: Bilinear weights from lonlat (4500x3251) to lonlat (360x170) grid, with source mask (8547872)
cdo    remapbil: Bilinear weights from lonlat (4500x3251) to lonlat (360x170) grid, with source mask (8453750)
cdo    remapbil: Bilinear weights from lonlat (4500x3251) to lonlat (360x170) grid, with source mask (8387576)
cdo    remapbil: Bilinear weights from lonlat (4500x3251) to lonlat (360x170) grid, with source mask (8336479)
cdo    remapbil: Bilinear weights from lonlat (4500x3251) to lonlat (360x170) grid, with source mask (8290417)
cdo    remapbil: Bilinear weights from lonlat (4500x3251) to lonlat (360x170) grid, with source mask (8247815)
cdo    remapbil: Bilinear weights from lonlat (4500x3251) to lonlat (360x170) grid, with source mask (8128477)
cdo    remapbil: Bilinear weights from lonlat (4500x3251) to lonlat (360x170) grid, with source mask (7994116)
cdo    remapbil: Bilinear weights from lonlat (4500x3251) to lonlat (360x170) grid, with source mask (7692126)
cdo    remapbil: Bilinear weights from lonlat (4500x3251) to lonlat (360x170) grid, with source mask (7286838)
cdo    remapbil: Bilinear weights from lonlat (4500x3251) to lonlat (360x170) grid, with source mask (6658426)
cdo    remapbil: Bilinear weights from lonlat (4500x3251) to lonlat (360x170) grid, with source mask (4336945)
cdo    remapbil: Bilinear weights from lonlat (4500x3251) to lonlat (360x170) grid, with source mask (1454435)
------------------------------------------------
Interplating /work/home/acrzcyisbk/HYCOM_monthly/uv3z/degree_0083/GLBv0.08_53X_archMN.2009_10_uv3z.nc
cdo    remapbil: Bilinear weights from lonlat (4500x3251) to lonlat (360x170) grid, with source mask (9974940)
cdo    remapbil: Bilinear weights from lonlat (4500x3251) to lonlat (360x170) grid, with source mask (9952885)
cdo    remapbil: Bilinear weights from lonlat (4500x3251) to lonlat (360x170) grid, with source mask (9939291)
cdo    remapbil: Bilinear weights from lonlat (4500x3251) to lonlat (360x170) grid, with source mask (9925415)
cdo    remapbil: Bilinear weights from lonlat (4500x3251) to lonlat (360x170) grid, with source mask (9909528)
cdo    remapbil: Bilinear weights from lonlat (4500x3251) to lonlat (360x170) grid, with source mask (9887620)
cdo    remapbil: Bilinear weights from lonlat (4500x3251) to lonlat (360x170) grid, with source mask (9846685)
cdo    remapbil: Bilinear weights from lonlat (4500x3251) to lonlat (360x170) grid, with source mask (9804573)
cdo    remapbil: Bilinear weights from lonlat (4500x3251) to lonlat (360x170) grid, with source mask (9767299)
cdo    remapbil: Bilinear weights from lonlat (4500x3251) to lonlat (360x170) grid, with source mask (9730643)
cdo    remapbil: Bilinear weights from lonlat (4500x3251) to lonlat (360x170) grid, with source mask (9691209)
cdo    remapbil: Bilinear weights from lonlat (4500x3251) to lonlat (360x170) grid, with source mask (9648582)
cdo    remapbil: Bilinear weights from lonlat (4500x3251) to lonlat (360x170) grid, with source mask (9606865)
cdo    remapbil: Bilinear weights from lonlat (4500x3251) to lonlat (360x170) grid, with source mask (9536477)
cdo    remapbil: Bilinear weights from lonlat (4500x3251) to lonlat (360x170) grid, with source mask (9480678)
cdo    remapbil: Bilinear weights from lonlat (4500x3251) to lonlat (360x170) grid, with source mask (9430184)
cdo    remapbil: Bilinear weights from lonlat (4500x3251) to lonlat (360x170) grid, with source mask (9384784)
cdo    remapbil: Bilinear weights from lonlat (4500x3251) to lonlat (360x170) grid, with source mask (9338856)
cdo    remapbil: Bilinear weights from lonlat (4500x3251) to lonlat (360x170) grid, with source mask (9244901)
cdo    remapbil: Bilinear weights from lonlat (4500x3251) to lonlat (360x170) grid, with source mask (9167129)
cdo    remapbil: Bilinear weights from lonlat (4500x3251) to lonlat (360x170) grid, with source mask (9032413)
cdo    remapbil: Bilinear weights from lonlat (4500x3251) to lonlat (360x170) grid, with source mask (8923756)
cdo    remapbil: Bilinear weights from lonlat (4500x3251) to lonlat (360x170) grid, with source mask (8825169)
cdo    remapbil: Bilinear weights from lonlat (4500x3251) to lonlat (360x170) grid, with source mask (8741043)
cdo    remapbil: Bilinear weights from lonlat (4500x3251) to lonlat (360x170) grid, with source mask (8669422)
cdo    remapbil: Bilinear weights from lonlat (4500x3251) to lonlat (360x170) grid, with source mask (8547872)
cdo    remapbil: Bilinear weights from lonlat (4500x3251) to lonlat (360x170) grid, with source mask (8453750)
cdo    remapbil: Bilinear weights from lonlat (4500x3251) to lonlat (360x170) grid, with source mask (8387576)
cdo    remapbil: Bilinear weights from lonlat (4500x3251) to lonlat (360x170) grid, with source mask (8336479)
cdo    remapbil: Bilinear weights from lonlat (4500x3251) to lonlat (360x170) grid, with source mask (8290417)
cdo    remapbil: Bilinear weights from lonlat (4500x3251) to lonlat (360x170) grid, with source mask (8247815)
cdo    remapbil: Bilinear weights from lonlat (4500x3251) to lonlat (360x170) grid, with source mask (8128477)
cdo    remapbil: Bilinear weights from lonlat (4500x3251) to lonlat (360x170) grid, with source mask (7994116)
cdo    remapbil: Bilinear weights from lonlat (4500x3251) to lonlat (360x170) grid, with source mask (7692126)
cdo    remapbil: Bilinear weights from lonlat (4500x3251) to lonlat (360x170) grid, with source mask (7286838)
cdo    remapbil: Bilinear weights from lonlat (4500x3251) to lonlat (360x170) grid, with source mask (6658426)
cdo    remapbil: Bilinear weights from lonlat (4500x3251) to lonlat (360x170) grid, with source mask (4336945)
cdo    remapbil: Bilinear weights from lonlat (4500x3251) to lonlat (360x170) grid, with source mask (1454435)
------------------------------------------------
Interplating /work/home/acrzcyisbk/HYCOM_monthly/uv3z/degree_0083/GLBv0.08_53X_archMN.2012_04_uv3z.nc
cdo    remapbil: Bilinear weights from lonlat (4500x3251) to lonlat (360x170) grid, with source mask (9974940)
cdo    remapbil: Bilinear weights from lonlat (4500x3251) to lonlat (360x170) grid, with source mask (9952885)
cdo    remapbil: Bilinear weights from lonlat (4500x3251) to lonlat (360x170) grid, with source mask (9939291)
cdo    remapbil: Bilinear weights from lonlat (4500x3251) to lonlat (360x170) grid, with source mask (9925415)
cdo    remapbil: Bilinear weights from lonlat (4500x3251) to lonlat (360x170) grid, with source mask (9909528)
cdo    remapbil: Bilinear weights from lonlat (4500x3251) to lonlat (360x170) grid, with source mask (9887620)
cdo    remapbil: Bilinear weights from lonlat (4500x3251) to lonlat (360x170) grid, with source mask (9846685)
cdo    remapbil: Bilinear weights from lonlat (4500x3251) to lonlat (360x170) grid, with source mask (9804573)
cdo    remapbil: Bilinear weights from lonlat (4500x3251) to lonlat (360x170) grid, with source mask (9767299)
cdo    remapbil: Bilinear weights from lonlat (4500x3251) to lonlat (360x170) grid, with source mask (9730643)
cdo    remapbil: Bilinear weights from lonlat (4500x3251) to lonlat (360x170) grid, with source mask (9691209)
cdo    remapbil: Bilinear weights from lonlat (4500x3251) to lonlat (360x170) grid, with source mask (9648582)
cdo    remapbil: Bilinear weights from lonlat (4500x3251) to lonlat (360x170) grid, with source mask (9606865)
cdo    remapbil: Bilinear weights from lonlat (4500x3251) to lonlat (360x170) grid, with source mask (9536477)
cdo    remapbil: Bilinear weights from lonlat (4500x3251) to lonlat (360x170) grid, with source mask (9480678)
cdo    remapbil: Bilinear weights from lonlat (4500x3251) to lonlat (360x170) grid, with source mask (9430184)
cdo    remapbil: Bilinear weights from lonlat (4500x3251) to lonlat (360x170) grid, with source mask (9384784)
cdo    remapbil: Bilinear weights from lonlat (4500x3251) to lonlat (360x170) grid, with source mask (9338856)
cdo    remapbil: Bilinear weights from lonlat (4500x3251) to lonlat (360x170) grid, with source mask (9244901)
cdo    remapbil: Bilinear weights from lonlat (4500x3251) to lonlat (360x170) grid, with source mask (9167129)
cdo    remapbil: Bilinear weights from lonlat (4500x3251) to lonlat (360x170) grid, with source mask (9032413)
cdo    remapbil: Bilinear weights from lonlat (4500x3251) to lonlat (360x170) grid, with source mask (8923756)
cdo    remapbil: Bilinear weights from lonlat (4500x3251) to lonlat (360x170) grid, with source mask (8825169)
cdo    remapbil: Bilinear weights from lonlat (4500x3251) to lonlat (360x170) grid, with source mask (8741043)
cdo    remapbil: Bilinear weights from lonlat (4500x3251) to lonlat (360x170) grid, with source mask (8669422)
cdo    remapbil: Bilinear weights from lonlat (4500x3251) to lonlat (360x170) grid, with source mask (8547872)
cdo    remapbil: Bilinear weights from lonlat (4500x3251) to lonlat (360x170) grid, with source mask (8453750)
cdo    remapbil: Bilinear weights from lonlat (4500x3251) to lonlat (360x170) grid, with source mask (8387576)
cdo    remapbil: Bilinear weights from lonlat (4500x3251) to lonlat (360x170) grid, with source mask (8336479)
cdo    remapbil: Bilinear weights from lonlat (4500x3251) to lonlat (360x170) grid, with source mask (8290417)
cdo    remapbil: Bilinear weights from lonlat (4500x3251) to lonlat (360x170) grid, with source mask (8247815)
cdo    remapbil: Bilinear weights from lonlat (4500x3251) to lonlat (360x170) grid, with source mask (8128477)
cdo    remapbil: Bilinear weights from lonlat (4500x3251) to lonlat (360x170) grid, with source mask (7994116)
cdo    remapbil: Bilinear weights from lonlat (4500x3251) to lonlat (360x170) grid, with source mask (7692126)
cdo    remapbil: Bilinear weights from lonlat (4500x3251) to lonlat (360x170) grid, with source mask (7286838)
cdo    remapbil: Bilinear weights from lonlat (4500x3251) to lonlat (360x170) grid, with source mask (6658426)
cdo    remapbil: Bilinear weights from lonlat (4500x3251) to lonlat (360x170) grid, with source mask (4336945)
cdo    remapbil: Bilinear weights from lonlat (4500x3251) to lonlat (360x170) grid, with source mask (1454435)
------------------------------------------------
Interplating /work/home/acrzcyisbk/HYCOM_monthly/uv3z/degree_0083/GLBv0.08_53X_archMN.2012_06_uv3z.nc
cdo    remapbil: Bilinear weights from lonlat (4500x3251) to lonlat (360x170) grid, with source mask (9974940)
cdo    remapbil: Bilinear weights from lonlat (4500x3251) to lonlat (360x170) grid, with source mask (9952885)
cdo    remapbil: Bilinear weights from lonlat (4500x3251) to lonlat (360x170) grid, with source mask (9939291)
cdo    remapbil: Bilinear weights from lonlat (4500x3251) to lonlat (360x170) grid, with source mask (9925415)
cdo    remapbil: Bilinear weights from lonlat (4500x3251) to lonlat (360x170) grid, with source mask (9909528)
cdo    remapbil: Bilinear weights from lonlat (4500x3251) to lonlat (360x170) grid, with source mask (9887620)
cdo    remapbil: Bilinear weights from lonlat (4500x3251) to lonlat (360x170) grid, with source mask (9846685)
cdo    remapbil: Bilinear weights from lonlat (4500x3251) to lonlat (360x170) grid, with source mask (9804573)
cdo    remapbil: Bilinear weights from lonlat (4500x3251) to lonlat (360x170) grid, with source mask (9767299)
cdo    remapbil: Bilinear weights from lonlat (4500x3251) to lonlat (360x170) grid, with source mask (9730643)
cdo    remapbil: Bilinear weights from lonlat (4500x3251) to lonlat (360x170) grid, with source mask (9691209)
cdo    remapbil: Bilinear weights from lonlat (4500x3251) to lonlat (360x170) grid, with source mask (9648582)
cdo    remapbil: Bilinear weights from lonlat (4500x3251) to lonlat (360x170) grid, with source mask (9606865)
cdo    remapbil: Bilinear weights from lonlat (4500x3251) to lonlat (360x170) grid, with source mask (9536477)
cdo    remapbil: Bilinear weights from lonlat (4500x3251) to lonlat (360x170) grid, with source mask (9480678)
cdo    remapbil: Bilinear weights from lonlat (4500x3251) to lonlat (360x170) grid, with source mask (9430184)
cdo    remapbil: Bilinear weights from lonlat (4500x3251) to lonlat (360x170) grid, with source mask (9384784)
cdo    remapbil: Bilinear weights from lonlat (4500x3251) to lonlat (360x170) grid, with source mask (9338856)
cdo    remapbil: Bilinear weights from lonlat (4500x3251) to lonlat (360x170) grid, with source mask (9244901)
cdo    remapbil: Bilinear weights from lonlat (4500x3251) to lonlat (360x170) grid, with source mask (9167129)
cdo    remapbil: Bilinear weights from lonlat (4500x3251) to lonlat (360x170) grid, with source mask (9032413)
cdo    remapbil: Bilinear weights from lonlat (4500x3251) to lonlat (360x170) grid, with source mask (8923756)
cdo    remapbil: Bilinear weights from lonlat (4500x3251) to lonlat (360x170) grid, with source mask (8825169)
cdo    remapbil: Bilinear weights from lonlat (4500x3251) to lonlat (360x170) grid, with source mask (8741043)
cdo    remapbil: Bilinear weights from lonlat (4500x3251) to lonlat (360x170) grid, with source mask (8669422)
cdo    remapbil: Bilinear weights from lonlat (4500x3251) to lonlat (360x170) grid, with source mask (8547872)
cdo    remapbil: Bilinear weights from lonlat (4500x3251) to lonlat (360x170) grid, with source mask (8453750)
cdo    remapbil: Bilinear weights from lonlat (4500x3251) to lonlat (360x170) grid, with source mask (8387576)
cdo    remapbil: Bilinear weights from lonlat (4500x3251) to lonlat (360x170) grid, with source mask (8336479)
cdo    remapbil: Bilinear weights from lonlat (4500x3251) to lonlat (360x170) grid, with source mask (8290417)
cdo    remapbil: Bilinear weights from lonlat (4500x3251) to lonlat (360x170) grid, with source mask (8247815)
cdo    remapbil: Bilinear weights from lonlat (4500x3251) to lonlat (360x170) grid, with source mask (8128477)
cdo    remapbil: Bilinear weights from lonlat (4500x3251) to lonlat (360x170) grid, with source mask (7994116)
cdo    remapbil: Bilinear weights from lonlat (4500x3251) to lonlat (360x170) grid, with source mask (7692126)
cdo    remapbil: Bilinear weights from lonlat (4500x3251) to lonlat (360x170) grid, with source mask (7286838)
cdo    remapbil: Bilinear weights from lonlat (4500x3251) to lonlat (360x170) grid, with source mask (6658426)
cdo    remapbil: Bilinear weights from lonlat (4500x3251) to lonlat (360x170) grid, with source mask (4336945)
cdo    remapbil: Bilinear weights from lonlat (4500x3251) to lonlat (360x170) grid, with source mask (1454435)
------------------------------------------------
Interplating /work/home/acrzcyisbk/HYCOM_monthly/uv3z/degree_0083/GLBv0.08_53X_archMN.2013_10_uv3z.nc
cdo    remapbil: Bilinear weights from lonlat (4500x3251) to lonlat (360x170) grid, with source mask (9974940)
cdo    remapbil: Bilinear weights from lonlat (4500x3251) to lonlat (360x170) grid, with source mask (9952885)
cdo    remapbil: Bilinear weights from lonlat (4500x3251) to lonlat (360x170) grid, with source mask (9939291)
cdo    remapbil: Bilinear weights from lonlat (4500x3251) to lonlat (360x170) grid, with source mask (9925415)
cdo    remapbil: Bilinear weights from lonlat (4500x3251) to lonlat (360x170) grid, with source mask (9909528)
cdo    remapbil: Bilinear weights from lonlat (4500x3251) to lonlat (360x170) grid, with source mask (9887620)
cdo    remapbil: Bilinear weights from lonlat (4500x3251) to lonlat (360x170) grid, with source mask (9846685)
cdo    remapbil: Bilinear weights from lonlat (4500x3251) to lonlat (360x170) grid, with source mask (9804573)
cdo    remapbil: Bilinear weights from lonlat (4500x3251) to lonlat (360x170) grid, with source mask (9767299)
cdo    remapbil: Bilinear weights from lonlat (4500x3251) to lonlat (360x170) grid, with source mask (9730643)
cdo    remapbil: Bilinear weights from lonlat (4500x3251) to lonlat (360x170) grid, with source mask (9691209)
cdo    remapbil: Bilinear weights from lonlat (4500x3251) to lonlat (360x170) grid, with source mask (9648582)
cdo    remapbil: Bilinear weights from lonlat (4500x3251) to lonlat (360x170) grid, with source mask (9606865)
cdo    remapbil: Bilinear weights from lonlat (4500x3251) to lonlat (360x170) grid, with source mask (9536477)
cdo    remapbil: Bilinear weights from lonlat (4500x3251) to lonlat (360x170) grid, with source mask (9480678)
cdo    remapbil: Bilinear weights from lonlat (4500x3251) to lonlat (360x170) grid, with source mask (9430184)
cdo    remapbil: Bilinear weights from lonlat (4500x3251) to lonlat (360x170) grid, with source mask (9384784)
cdo    remapbil: Bilinear weights from lonlat (4500x3251) to lonlat (360x170) grid, with source mask (9338856)
cdo    remapbil: Bilinear weights from lonlat (4500x3251) to lonlat (360x170) grid, with source mask (9244901)
cdo    remapbil: Bilinear weights from lonlat (4500x3251) to lonlat (360x170) grid, with source mask (9167129)
cdo    remapbil: Bilinear weights from lonlat (4500x3251) to lonlat (360x170) grid, with source mask (9032413)
cdo    remapbil: Bilinear weights from lonlat (4500x3251) to lonlat (360x170) grid, with source mask (8923756)
cdo    remapbil: Bilinear weights from lonlat (4500x3251) to lonlat (360x170) grid, with source mask (8825169)
cdo    remapbil: Bilinear weights from lonlat (4500x3251) to lonlat (360x170) grid, with source mask (8741043)
cdo    remapbil: Bilinear weights from lonlat (4500x3251) to lonlat (360x170) grid, with source mask (8669422)
cdo    remapbil: Bilinear weights from lonlat (4500x3251) to lonlat (360x170) grid, with source mask (8547872)
cdo    remapbil: Bilinear weights from lonlat (4500x3251) to lonlat (360x170) grid, with source mask (8453750)
cdo    remapbil: Bilinear weights from lonlat (4500x3251) to lonlat (360x170) grid, with source mask (8387576)
cdo    remapbil: Bilinear weights from lonlat (4500x3251) to lonlat (360x170) grid, with source mask (8336479)
cdo    remapbil: Bilinear weights from lonlat (4500x3251) to lonlat (360x170) grid, with source mask (8290417)
cdo    remapbil: Bilinear weights from lonlat (4500x3251) to lonlat (360x170) grid, with source mask (8247815)
cdo    remapbil: Bilinear weights from lonlat (4500x3251) to lonlat (360x170) grid, with source mask (8128477)
cdo    remapbil: Bilinear weights from lonlat (4500x3251) to lonlat (360x170) grid, with source mask (7994116)
cdo    remapbil: Bilinear weights from lonlat (4500x3251) to lonlat (360x170) grid, with source mask (7692126)
cdo    remapbil: Bilinear weights from lonlat (4500x3251) to lonlat (360x170) grid, with source mask (7286838)
cdo    remapbil: Bilinear weights from lonlat (4500x3251) to lonlat (360x170) grid, with source mask (6658426)
cdo    remapbil: Bilinear weights from lonlat (4500x3251) to lonlat (360x170) grid, with source mask (4336945)
cdo    remapbil: Bilinear weights from lonlat (4500x3251) to lonlat (360x170) grid, with source mask (1454435)
------------------------------------------------
Interplating /work/home/acrzcyisbk/HYCOM_monthly/uv3z/degree_0083/GLBv0.08_53X_archMN.2013_11_uv3z.nc
cdo    remapbil: Bilinear weights from lonlat (4500x3251) to lonlat (360x170) grid, with source mask (9974940)
cdo    remapbil: Bilinear weights from lonlat (4500x3251) to lonlat (360x170) grid, with source mask (9952885)
cdo    remapbil: Bilinear weights from lonlat (4500x3251) to lonlat (360x170) grid, with source mask (9939291)
cdo    remapbil: Bilinear weights from lonlat (4500x3251) to lonlat (360x170) grid, with source mask (9925415)
cdo    remapbil: Bilinear weights from lonlat (4500x3251) to lonlat (360x170) grid, with source mask (9909528)
cdo    remapbil: Bilinear weights from lonlat (4500x3251) to lonlat (360x170) grid, with source mask (9887620)
cdo    remapbil: Bilinear weights from lonlat (4500x3251) to lonlat (360x170) grid, with source mask (9846685)
cdo    remapbil: Bilinear weights from lonlat (4500x3251) to lonlat (360x170) grid, with source mask (9804573)
cdo    remapbil: Bilinear weights from lonlat (4500x3251) to lonlat (360x170) grid, with source mask (9767299)
cdo    remapbil: Bilinear weights from lonlat (4500x3251) to lonlat (360x170) grid, with source mask (9730643)
cdo    remapbil: Bilinear weights from lonlat (4500x3251) to lonlat (360x170) grid, with source mask (9691209)
cdo    remapbil: Bilinear weights from lonlat (4500x3251) to lonlat (360x170) grid, with source mask (9648582)
cdo    remapbil: Bilinear weights from lonlat (4500x3251) to lonlat (360x170) grid, with source mask (9606865)
cdo    remapbil: Bilinear weights from lonlat (4500x3251) to lonlat (360x170) grid, with source mask (9536477)
cdo    remapbil: Bilinear weights from lonlat (4500x3251) to lonlat (360x170) grid, with source mask (9480678)
cdo    remapbil: Bilinear weights from lonlat (4500x3251) to lonlat (360x170) grid, with source mask (9430184)
cdo    remapbil: Bilinear weights from lonlat (4500x3251) to lonlat (360x170) grid, with source mask (9384784)
cdo    remapbil: Bilinear weights from lonlat (4500x3251) to lonlat (360x170) grid, with source mask (9338856)
cdo    remapbil: Bilinear weights from lonlat (4500x3251) to lonlat (360x170) grid, with source mask (9244901)
cdo    remapbil: Bilinear weights from lonlat (4500x3251) to lonlat (360x170) grid, with source mask (9167129)
cdo    remapbil: Bilinear weights from lonlat (4500x3251) to lonlat (360x170) grid, with source mask (9032413)
cdo    remapbil: Bilinear weights from lonlat (4500x3251) to lonlat (360x170) grid, with source mask (8923756)
cdo    remapbil: Bilinear weights from lonlat (4500x3251) to lonlat (360x170) grid, with source mask (8825169)
cdo    remapbil: Bilinear weights from lonlat (4500x3251) to lonlat (360x170) grid, with source mask (8741043)
cdo    remapbil: Bilinear weights from lonlat (4500x3251) to lonlat (360x170) grid, with source mask (8669422)
cdo    remapbil: Bilinear weights from lonlat (4500x3251) to lonlat (360x170) grid, with source mask (8547872)
cdo    remapbil: Bilinear weights from lonlat (4500x3251) to lonlat (360x170) grid, with source mask (8453750)
cdo    remapbil: Bilinear weights from lonlat (4500x3251) to lonlat (360x170) grid, with source mask (8387576)
cdo    remapbil: Bilinear weights from lonlat (4500x3251) to lonlat (360x170) grid, with source mask (8336479)
cdo    remapbil: Bilinear weights from lonlat (4500x3251) to lonlat (360x170) grid, with source mask (8290417)
cdo    remapbil: Bilinear weights from lonlat (4500x3251) to lonlat (360x170) grid, with source mask (8247815)
cdo    remapbil: Bilinear weights from lonlat (4500x3251) to lonlat (360x170) grid, with source mask (8128477)
cdo    remapbil: Bilinear weights from lonlat (4500x3251) to lonlat (360x170) grid, with source mask (7994116)
cdo    remapbil: Bilinear weights from lonlat (4500x3251) to lonlat (360x170) grid, with source mask (7692126)
cdo    remapbil: Bilinear weights from lonlat (4500x3251) to lonlat (360x170) grid, with source mask (7286838)
cdo    remapbil: Bilinear weights from lonlat (4500x3251) to lonlat (360x170) grid, with source mask (6658426)
cdo    remapbil: Bilinear weights from lonlat (4500x3251) to lonlat (360x170) grid, with source mask (4336945)
cdo    remapbil: Bilinear weights from lonlat (4500x3251) to lonlat (360x170) grid, with source mask (1454435)
------------------------------------------------
Interplating /work/home/acrzcyisbk/HYCOM_monthly/uv3z/degree_0083/GLBv0.08_53X_archMN.2014_09_uv3z.nc
cdo    remapbil: Bilinear weights from lonlat (4500x3251) to lonlat (360x170) grid, with source mask (9974940)
cdo    remapbil: Bilinear weights from lonlat (4500x3251) to lonlat (360x170) grid, with source mask (9952885)
cdo    remapbil: Bilinear weights from lonlat (4500x3251) to lonlat (360x170) grid, with source mask (9939291)
cdo    remapbil: Bilinear weights from lonlat (4500x3251) to lonlat (360x170) grid, with source mask (9925415)
cdo    remapbil: Bilinear weights from lonlat (4500x3251) to lonlat (360x170) grid, with source mask (9909528)
cdo    remapbil: Bilinear weights from lonlat (4500x3251) to lonlat (360x170) grid, with source mask (9887620)
cdo    remapbil: Bilinear weights from lonlat (4500x3251) to lonlat (360x170) grid, with source mask (9846685)
cdo    remapbil: Bilinear weights from lonlat (4500x3251) to lonlat (360x170) grid, with source mask (9804573)
cdo    remapbil: Bilinear weights from lonlat (4500x3251) to lonlat (360x170) grid, with source mask (9767299)
cdo    remapbil: Bilinear weights from lonlat (4500x3251) to lonlat (360x170) grid, with source mask (9730643)
cdo    remapbil: Bilinear weights from lonlat (4500x3251) to lonlat (360x170) grid, with source mask (9691209)
cdo    remapbil: Bilinear weights from lonlat (4500x3251) to lonlat (360x170) grid, with source mask (9648582)
cdo    remapbil: Bilinear weights from lonlat (4500x3251) to lonlat (360x170) grid, with source mask (9606865)
cdo    remapbil: Bilinear weights from lonlat (4500x3251) to lonlat (360x170) grid, with source mask (9536477)
cdo    remapbil: Bilinear weights from lonlat (4500x3251) to lonlat (360x170) grid, with source mask (9480678)
cdo    remapbil: Bilinear weights from lonlat (4500x3251) to lonlat (360x170) grid, with source mask (9430184)
cdo    remapbil: Bilinear weights from lonlat (4500x3251) to lonlat (360x170) grid, with source mask (9384784)
cdo    remapbil: Bilinear weights from lonlat (4500x3251) to lonlat (360x170) grid, with source mask (9338856)
cdo    remapbil: Bilinear weights from lonlat (4500x3251) to lonlat (360x170) grid, with source mask (9244901)
cdo    remapbil: Bilinear weights from lonlat (4500x3251) to lonlat (360x170) grid, with source mask (9167129)
cdo    remapbil: Bilinear weights from lonlat (4500x3251) to lonlat (360x170) grid, with source mask (9032413)
cdo    remapbil: Bilinear weights from lonlat (4500x3251) to lonlat (360x170) grid, with source mask (8923756)
cdo    remapbil: Bilinear weights from lonlat (4500x3251) to lonlat (360x170) grid, with source mask (8825169)
cdo    remapbil: Bilinear weights from lonlat (4500x3251) to lonlat (360x170) grid, with source mask (8741043)
cdo    remapbil: Bilinear weights from lonlat (4500x3251) to lonlat (360x170) grid, with source mask (8669422)
cdo    remapbil: Bilinear weights from lonlat (4500x3251) to lonlat (360x170) grid, with source mask (8547872)
cdo    remapbil: Bilinear weights from lonlat (4500x3251) to lonlat (360x170) grid, with source mask (8453750)
cdo    remapbil: Bilinear weights from lonlat (4500x3251) to lonlat (360x170) grid, with source mask (8387576)
cdo    remapbil: Bilinear weights from lonlat (4500x3251) to lonlat (360x170) grid, with source mask (8336479)
cdo    remapbil: Bilinear weights from lonlat (4500x3251) to lonlat (360x170) grid, with source mask (8290417)
cdo    remapbil: Bilinear weights from lonlat (4500x3251) to lonlat (360x170) grid, with source mask (8247815)
cdo    remapbil: Bilinear weights from lonlat (4500x3251) to lonlat (360x170) grid, with source mask (8128477)
cdo    remapbil: Bilinear weights from lonlat (4500x3251) to lonlat (360x170) grid, with source mask (7994116)
cdo    remapbil: Bilinear weights from lonlat (4500x3251) to lonlat (360x170) grid, with source mask (7692126)
cdo    remapbil: Bilinear weights from lonlat (4500x3251) to lonlat (360x170) grid, with source mask (7286838)
cdo    remapbil: Bilinear weights from lonlat (4500x3251) to lonlat (360x170) grid, with source mask (6658426)
cdo    remapbil: Bilinear weights from lonlat (4500x3251) to lonlat (360x170) grid, with source mask (4336945)
cdo    remapbil: Bilinear weights from lonlat (4500x3251) to lonlat (360x170) grid, with source mask (1454435)
------------------------------------------------
Interplating /work/home/acrzcyisbk/HYCOM_monthly/uv3z/degree_0083/GLBv0.08_53X_archMN.2014_11_uv3z.nc
cdo    remapbil: Bilinear weights from lonlat (4500x3251) to lonlat (360x170) grid, with source mask (9974940)
cdo    remapbil: Bilinear weights from lonlat (4500x3251) to lonlat (360x170) grid, with source mask (9952885)
cdo    remapbil: Bilinear weights from lonlat (4500x3251) to lonlat (360x170) grid, with source mask (9939291)
cdo    remapbil: Bilinear weights from lonlat (4500x3251) to lonlat (360x170) grid, with source mask (9925415)
cdo    remapbil: Bilinear weights from lonlat (4500x3251) to lonlat (360x170) grid, with source mask (9909528)
cdo    remapbil: Bilinear weights from lonlat (4500x3251) to lonlat (360x170) grid, with source mask (9887620)
cdo    remapbil: Bilinear weights from lonlat (4500x3251) to lonlat (360x170) grid, with source mask (9846685)
cdo    remapbil: Bilinear weights from lonlat (4500x3251) to lonlat (360x170) grid, with source mask (9804573)
cdo    remapbil: Bilinear weights from lonlat (4500x3251) to lonlat (360x170) grid, with source mask (9767299)
cdo    remapbil: Bilinear weights from lonlat (4500x3251) to lonlat (360x170) grid, with source mask (9730643)
cdo    remapbil: Bilinear weights from lonlat (4500x3251) to lonlat (360x170) grid, with source mask (9691209)
cdo    remapbil: Bilinear weights from lonlat (4500x3251) to lonlat (360x170) grid, with source mask (9648582)
cdo    remapbil: Bilinear weights from lonlat (4500x3251) to lonlat (360x170) grid, with source mask (9606865)
cdo    remapbil: Bilinear weights from lonlat (4500x3251) to lonlat (360x170) grid, with source mask (9536477)
cdo    remapbil: Bilinear weights from lonlat (4500x3251) to lonlat (360x170) grid, with source mask (9480678)
cdo    remapbil: Bilinear weights from lonlat (4500x3251) to lonlat (360x170) grid, with source mask (9430184)
cdo    remapbil: Bilinear weights from lonlat (4500x3251) to lonlat (360x170) grid, with source mask (9384784)
cdo    remapbil: Bilinear weights from lonlat (4500x3251) to lonlat (360x170) grid, with source mask (9338856)
cdo    remapbil: Bilinear weights from lonlat (4500x3251) to lonlat (360x170) grid, with source mask (9244901)
cdo    remapbil: Bilinear weights from lonlat (4500x3251) to lonlat (360x170) grid, with source mask (9167129)
cdo    remapbil: Bilinear weights from lonlat (4500x3251) to lonlat (360x170) grid, with source mask (9032413)
cdo    remapbil: Bilinear weights from lonlat (4500x3251) to lonlat (360x170) grid, with source mask (8923756)
cdo    remapbil: Bilinear weights from lonlat (4500x3251) to lonlat (360x170) grid, with source mask (8825169)
cdo    remapbil: Bilinear weights from lonlat (4500x3251) to lonlat (360x170) grid, with source mask (8741043)
cdo    remapbil: Bilinear weights from lonlat (4500x3251) to lonlat (360x170) grid, with source mask (8669422)
cdo    remapbil: Bilinear weights from lonlat (4500x3251) to lonlat (360x170) grid, with source mask (8547872)
cdo    remapbil: Bilinear weights from lonlat (4500x3251) to lonlat (360x170) grid, with source mask (8453750)
cdo    remapbil: Bilinear weights from lonlat (4500x3251) to lonlat (360x170) grid, with source mask (8387576)
cdo    remapbil: Bilinear weights from lonlat (4500x3251) to lonlat (360x170) grid, with source mask (8336479)
cdo    remapbil: Bilinear weights from lonlat (4500x3251) to lonlat (360x170) grid, with source mask (8290417)
cdo    remapbil: Bilinear weights from lonlat (4500x3251) to lonlat (360x170) grid, with source mask (8247815)
cdo    remapbil: Bilinear weights from lonlat (4500x3251) to lonlat (360x170) grid, with source mask (8128477)
cdo    remapbil: Bilinear weights from lonlat (4500x3251) to lonlat (360x170) grid, with source mask (7994116)
cdo    remapbil: Bilinear weights from lonlat (4500x3251) to lonlat (360x170) grid, with source mask (7692126)
cdo    remapbil: Bilinear weights from lonlat (4500x3251) to lonlat (360x170) grid, with source mask (7286838)
cdo    remapbil: Bilinear weights from lonlat (4500x3251) to lonlat (360x170) grid, with source mask (6658426)
cdo    remapbil: Bilinear weights from lonlat (4500x3251) to lonlat (360x170) grid, with source mask (4336945)
cdo    remapbil: Bilinear weights from lonlat (4500x3251) to lonlat (360x170) grid, with source mask (1454435)
/work/home/acrzcyisbk/HYCOM_monthly/uv3z/degree_1/GLBv0.08_53X_archMN.1994_02_uv3z.nc exists, skip
/work/home/acrzcyisbk/HYCOM_monthly/uv3z/degree_1/GLBv0.08_53X_archMN.1995_08_uv3z.nc exists, skip
/work/home/acrzcyisbk/HYCOM_monthly/uv3z/degree_1/GLBv0.08_53X_archMN.1995_09_uv3z.nc exists, skip
/work/home/acrzcyisbk/HYCOM_monthly/uv3z/degree_1/GLBv0.08_53X_archMN.1996_10_uv3z.nc exists, skip
/work/home/acrzcyisbk/HYCOM_monthly/uv3z/degree_1/GLBv0.08_53X_archMN.1996_11_uv3z.nc exists, skip
/work/home/acrzcyisbk/HYCOM_monthly/uv3z/degree_1/GLBv0.08_53X_archMN.1997_04_uv3z.nc exists, skip
------------------------------------------------
Interplating /work/home/acrzcyisbk/HYCOM_monthly/uv3z/degree_0083/GLBv0.08_53X_archMN.1997_06_uv3z.nc
cdo    remapbil: Bilinear weights from lonlat (4500x3251) to lonlat (360x170) grid, with source mask (9974940)
cdo    remapbil: Bilinear weights from lonlat (4500x3251) to lonlat (360x170) grid, with source mask (9952885)
cdo    remapbil: Bilinear weights from lonlat (4500x3251) to lonlat (360x170) grid, with source mask (9939291)
cdo    remapbil: Bilinear weights from lonlat (4500x3251) to lonlat (360x170) grid, with source mask (9925415)
cdo    remapbil: Bilinear weights from lonlat (4500x3251) to lonlat (360x170) grid, with source mask (9909528)
cdo    remapbil: Bilinear weights from lonlat (4500x3251) to lonlat (360x170) grid, with source mask (9887620)
cdo    remapbil: Bilinear weights from lonlat (4500x3251) to lonlat (360x170) grid, with source mask (9846685)
cdo    remapbil: Bilinear weights from lonlat (4500x3251) to lonlat (360x170) grid, with source mask (9804573)
cdo    remapbil: Bilinear weights from lonlat (4500x3251) to lonlat (360x170) grid, with source mask (9767299)
cdo    remapbil: Bilinear weights from lonlat (4500x3251) to lonlat (360x170) grid, with source mask (9730643)
cdo    remapbil: Bilinear weights from lonlat (4500x3251) to lonlat (360x170) grid, with source mask (9691209)
cdo    remapbil: Bilinear weights from lonlat (4500x3251) to lonlat (360x170) grid, with source mask (9648582)
cdo    remapbil: Bilinear weights from lonlat (4500x3251) to lonlat (360x170) grid, with source mask (9606865)
cdo    remapbil: Bilinear weights from lonlat (4500x3251) to lonlat (360x170) grid, with source mask (9536477)
cdo    remapbil: Bilinear weights from lonlat (4500x3251) to lonlat (360x170) grid, with source mask (9480678)
cdo    remapbil: Bilinear weights from lonlat (4500x3251) to lonlat (360x170) grid, with source mask (9430184)
cdo    remapbil: Bilinear weights from lonlat (4500x3251) to lonlat (360x170) grid, with source mask (9384784)
cdo    remapbil: Bilinear weights from lonlat (4500x3251) to lonlat (360x170) grid, with source mask (9338856)
cdo    remapbil: Bilinear weights from lonlat (4500x3251) to lonlat (360x170) grid, with source mask (9244901)
cdo    remapbil: Bilinear weights from lonlat (4500x3251) to lonlat (360x170) grid, with source mask (9167129)
cdo    remapbil: Bilinear weights from lonlat (4500x3251) to lonlat (360x170) grid, with source mask (9032413)
cdo    remapbil: Bilinear weights from lonlat (4500x3251) to lonlat (360x170) grid, with source mask (8923756)
cdo    remapbil: Bilinear weights from lonlat (4500x3251) to lonlat (360x170) grid, with source mask (8825169)
cdo    remapbil: Bilinear weights from lonlat (4500x3251) to lonlat (360x170) grid, with source mask (8741043)
cdo    remapbil: Bilinear weights from lonlat (4500x3251) to lonlat (360x170) grid, with source mask (8669422)
cdo    remapbil: Bilinear weights from lonlat (4500x3251) to lonlat (360x170) grid, with source mask (8547872)
cdo    remapbil: Bilinear weights from lonlat (4500x3251) to lonlat (360x170) grid, with source mask (8453750)
cdo    remapbil: Bilinear weights from lonlat (4500x3251) to lonlat (360x170) grid, with source mask (8387576)
cdo    remapbil: Bilinear weights from lonlat (4500x3251) to lonlat (360x170) grid, with source mask (8336479)
cdo    remapbil: Bilinear weights from lonlat (4500x3251) to lonlat (360x170) grid, with source mask (8290417)
cdo    remapbil: Bilinear weights from lonlat (4500x3251) to lonlat (360x170) grid, with source mask (8247815)
cdo    remapbil: Bilinear weights from lonlat (4500x3251) to lonlat (360x170) grid, with source mask (8128477)
cdo    remapbil: Bilinear weights from lonlat (4500x3251) to lonlat (360x170) grid, with source mask (7994116)
cdo    remapbil: Bilinear weights from lonlat (4500x3251) to lonlat (360x170) grid, with source mask (7692126)
cdo    remapbil: Bilinear weights from lonlat (4500x3251) to lonlat (360x170) grid, with source mask (7286838)
cdo    remapbil: Bilinear weights from lonlat (4500x3251) to lonlat (360x170) grid, with source mask (6658426)
cdo    remapbil: Bilinear weights from lonlat (4500x3251) to lonlat (360x170) grid, with source mask (4336945)
cdo    remapbil: Bilinear weights from lonlat (4500x3251) to lonlat (360x170) grid, with source mask (1454435)
------------------------------------------------
Interplating /work/home/acrzcyisbk/HYCOM_monthly/uv3z/degree_0083/GLBv0.08_53X_archMN.1998_02_uv3z.nc
cdo    remapbil: Bilinear weights from lonlat (4500x3251) to lonlat (360x170) grid, with source mask (9974940)
cdo    remapbil: Bilinear weights from lonlat (4500x3251) to lonlat (360x170) grid, with source mask (9952885)
cdo    remapbil: Bilinear weights from lonlat (4500x3251) to lonlat (360x170) grid, with source mask (9939291)
cdo    remapbil: Bilinear weights from lonlat (4500x3251) to lonlat (360x170) grid, with source mask (9925415)
cdo    remapbil: Bilinear weights from lonlat (4500x3251) to lonlat (360x170) grid, with source mask (9909528)
cdo    remapbil: Bilinear weights from lonlat (4500x3251) to lonlat (360x170) grid, with source mask (9887620)
cdo    remapbil: Bilinear weights from lonlat (4500x3251) to lonlat (360x170) grid, with source mask (9846685)
cdo    remapbil: Bilinear weights from lonlat (4500x3251) to lonlat (360x170) grid, with source mask (9804573)
cdo    remapbil: Bilinear weights from lonlat (4500x3251) to lonlat (360x170) grid, with source mask (9767299)
cdo    remapbil: Bilinear weights from lonlat (4500x3251) to lonlat (360x170) grid, with source mask (9730643)
cdo    remapbil: Bilinear weights from lonlat (4500x3251) to lonlat (360x170) grid, with source mask (9691209)
cdo    remapbil: Bilinear weights from lonlat (4500x3251) to lonlat (360x170) grid, with source mask (9648582)
cdo    remapbil: Bilinear weights from lonlat (4500x3251) to lonlat (360x170) grid, with source mask (9606865)
cdo    remapbil: Bilinear weights from lonlat (4500x3251) to lonlat (360x170) grid, with source mask (9536477)
cdo    remapbil: Bilinear weights from lonlat (4500x3251) to lonlat (360x170) grid, with source mask (9480678)
cdo    remapbil: Bilinear weights from lonlat (4500x3251) to lonlat (360x170) grid, with source mask (9430184)
cdo    remapbil: Bilinear weights from lonlat (4500x3251) to lonlat (360x170) grid, with source mask (9384784)
cdo    remapbil: Bilinear weights from lonlat (4500x3251) to lonlat (360x170) grid, with source mask (9338856)
cdo    remapbil: Bilinear weights from lonlat (4500x3251) to lonlat (360x170) grid, with source mask (9244901)
cdo    remapbil: Bilinear weights from lonlat (4500x3251) to lonlat (360x170) grid, with source mask (9167129)
cdo    remapbil: Bilinear weights from lonlat (4500x3251) to lonlat (360x170) grid, with source mask (9032413)
cdo    remapbil: Bilinear weights from lonlat (4500x3251) to lonlat (360x170) grid, with source mask (8923756)
cdo    remapbil: Bilinear weights from lonlat (4500x3251) to lonlat (360x170) grid, with source mask (8825169)
cdo    remapbil: Bilinear weights from lonlat (4500x3251) to lonlat (360x170) grid, with source mask (8741043)
cdo    remapbil: Bilinear weights from lonlat (4500x3251) to lonlat (360x170) grid, with source mask (8669422)
cdo    remapbil: Bilinear weights from lonlat (4500x3251) to lonlat (360x170) grid, with source mask (8547872)
cdo    remapbil: Bilinear weights from lonlat (4500x3251) to lonlat (360x170) grid, with source mask (8453750)
cdo    remapbil: Bilinear weights from lonlat (4500x3251) to lonlat (360x170) grid, with source mask (8387576)
cdo    remapbil: Bilinear weights from lonlat (4500x3251) to lonlat (360x170) grid, with source mask (8336479)
cdo    remapbil: Bilinear weights from lonlat (4500x3251) to lonlat (360x170) grid, with source mask (8290417)
cdo    remapbil: Bilinear weights from lonlat (4500x3251) to lonlat (360x170) grid, with source mask (8247815)
cdo    remapbil: Bilinear weights from lonlat (4500x3251) to lonlat (360x170) grid, with source mask (8128477)
cdo    remapbil: Bilinear weights from lonlat (4500x3251) to lonlat (360x170) grid, with source mask (7994116)
cdo    remapbil: Bilinear weights from lonlat (4500x3251) to lonlat (360x170) grid, with source mask (7692126)
cdo    remapbil: Bilinear weights from lonlat (4500x3251) to lonlat (360x170) grid, with source mask (7286838)
cdo    remapbil: Bilinear weights from lonlat (4500x3251) to lonlat (360x170) grid, with source mask (6658426)
cdo    remapbil: Bilinear weights from lonlat (4500x3251) to lonlat (360x170) grid, with source mask (4336945)
cdo    remapbil: Bilinear weights from lonlat (4500x3251) to lonlat (360x170) grid, with source mask (1454435)
------------------------------------------------
Interplating /work/home/acrzcyisbk/HYCOM_monthly/uv3z/degree_0083/GLBv0.08_53X_archMN.1999_08_uv3z.nc
cdo    remapbil: Bilinear weights from lonlat (4500x3251) to lonlat (360x170) grid, with source mask (9974940)
cdo    remapbil: Bilinear weights from lonlat (4500x3251) to lonlat (360x170) grid, with source mask (9952885)
cdo    remapbil: Bilinear weights from lonlat (4500x3251) to lonlat (360x170) grid, with source mask (9939291)
cdo    remapbil: Bilinear weights from lonlat (4500x3251) to lonlat (360x170) grid, with source mask (9925415)
cdo    remapbil: Bilinear weights from lonlat (4500x3251) to lonlat (360x170) grid, with source mask (9909528)
cdo    remapbil: Bilinear weights from lonlat (4500x3251) to lonlat (360x170) grid, with source mask (9887620)
cdo    remapbil: Bilinear weights from lonlat (4500x3251) to lonlat (360x170) grid, with source mask (9846685)
cdo    remapbil: Bilinear weights from lonlat (4500x3251) to lonlat (360x170) grid, with source mask (9804573)
cdo    remapbil: Bilinear weights from lonlat (4500x3251) to lonlat (360x170) grid, with source mask (9767299)
cdo    remapbil: Bilinear weights from lonlat (4500x3251) to lonlat (360x170) grid, with source mask (9730643)
cdo    remapbil: Bilinear weights from lonlat (4500x3251) to lonlat (360x170) grid, with source mask (9691209)
cdo    remapbil: Bilinear weights from lonlat (4500x3251) to lonlat (360x170) grid, with source mask (9648582)
cdo    remapbil: Bilinear weights from lonlat (4500x3251) to lonlat (360x170) grid, with source mask (9606865)
cdo    remapbil: Bilinear weights from lonlat (4500x3251) to lonlat (360x170) grid, with source mask (9536477)
cdo    remapbil: Bilinear weights from lonlat (4500x3251) to lonlat (360x170) grid, with source mask (9480678)
cdo    remapbil: Bilinear weights from lonlat (4500x3251) to lonlat (360x170) grid, with source mask (9430184)
cdo    remapbil: Bilinear weights from lonlat (4500x3251) to lonlat (360x170) grid, with source mask (9384784)
cdo    remapbil: Bilinear weights from lonlat (4500x3251) to lonlat (360x170) grid, with source mask (9338856)
cdo    remapbil: Bilinear weights from lonlat (4500x3251) to lonlat (360x170) grid, with source mask (9244901)
cdo    remapbil: Bilinear weights from lonlat (4500x3251) to lonlat (360x170) grid, with source mask (9167129)
cdo    remapbil: Bilinear weights from lonlat (4500x3251) to lonlat (360x170) grid, with source mask (9032413)
cdo    remapbil: Bilinear weights from lonlat (4500x3251) to lonlat (360x170) grid, with source mask (8923756)
cdo    remapbil: Bilinear weights from lonlat (4500x3251) to lonlat (360x170) grid, with source mask (8825169)
cdo    remapbil: Bilinear weights from lonlat (4500x3251) to lonlat (360x170) grid, with source mask (8741043)
cdo    remapbil: Bilinear weights from lonlat (4500x3251) to lonlat (360x170) grid, with source mask (8669422)
cdo    remapbil: Bilinear weights from lonlat (4500x3251) to lonlat (360x170) grid, with source mask (8547872)
cdo    remapbil: Bilinear weights from lonlat (4500x3251) to lonlat (360x170) grid, with source mask (8453750)
cdo    remapbil: Bilinear weights from lonlat (4500x3251) to lonlat (360x170) grid, with source mask (8387576)
cdo    remapbil: Bilinear weights from lonlat (4500x3251) to lonlat (360x170) grid, with source mask (8336479)
cdo    remapbil: Bilinear weights from lonlat (4500x3251) to lonlat (360x170) grid, with source mask (8290417)
cdo    remapbil: Bilinear weights from lonlat (4500x3251) to lonlat (360x170) grid, with source mask (8247815)
cdo    remapbil: Bilinear weights from lonlat (4500x3251) to lonlat (360x170) grid, with source mask (8128477)
cdo    remapbil: Bilinear weights from lonlat (4500x3251) to lonlat (360x170) grid, with source mask (7994116)
cdo    remapbil: Bilinear weights from lonlat (4500x3251) to lonlat (360x170) grid, with source mask (7692126)
cdo    remapbil: Bilinear weights from lonlat (4500x3251) to lonlat (360x170) grid, with source mask (7286838)
cdo    remapbil: Bilinear weights from lonlat (4500x3251) to lonlat (360x170) grid, with source mask (6658426)
cdo    remapbil: Bilinear weights from lonlat (4500x3251) to lonlat (360x170) grid, with source mask (4336945)
cdo    remapbil: Bilinear weights from lonlat (4500x3251) to lonlat (360x170) grid, with source mask (1454435)
------------------------------------------------
Interplating /work/home/acrzcyisbk/HYCOM_monthly/uv3z/degree_0083/GLBv0.08_53X_archMN.1999_09_uv3z.nc
cdo    remapbil: Bilinear weights from lonlat (4500x3251) to lonlat (360x170) grid, with source mask (9974940)
cdo    remapbil: Bilinear weights from lonlat (4500x3251) to lonlat (360x170) grid, with source mask (9952885)
cdo    remapbil: Bilinear weights from lonlat (4500x3251) to lonlat (360x170) grid, with source mask (9939291)
cdo    remapbil: Bilinear weights from lonlat (4500x3251) to lonlat (360x170) grid, with source mask (9925415)
cdo    remapbil: Bilinear weights from lonlat (4500x3251) to lonlat (360x170) grid, with source mask (9909528)
cdo    remapbil: Bilinear weights from lonlat (4500x3251) to lonlat (360x170) grid, with source mask (9887620)
cdo    remapbil: Bilinear weights from lonlat (4500x3251) to lonlat (360x170) grid, with source mask (9846685)
cdo    remapbil: Bilinear weights from lonlat (4500x3251) to lonlat (360x170) grid, with source mask (9804573)
cdo    remapbil: Bilinear weights from lonlat (4500x3251) to lonlat (360x170) grid, with source mask (9767299)
cdo    remapbil: Bilinear weights from lonlat (4500x3251) to lonlat (360x170) grid, with source mask (9730643)
cdo    remapbil: Bilinear weights from lonlat (4500x3251) to lonlat (360x170) grid, with source mask (9691209)
cdo    remapbil: Bilinear weights from lonlat (4500x3251) to lonlat (360x170) grid, with source mask (9648582)
cdo    remapbil: Bilinear weights from lonlat (4500x3251) to lonlat (360x170) grid, with source mask (9606865)
cdo    remapbil: Bilinear weights from lonlat (4500x3251) to lonlat (360x170) grid, with source mask (9536477)
cdo    remapbil: Bilinear weights from lonlat (4500x3251) to lonlat (360x170) grid, with source mask (9480678)
cdo    remapbil: Bilinear weights from lonlat (4500x3251) to lonlat (360x170) grid, with source mask (9430184)
cdo    remapbil: Bilinear weights from lonlat (4500x3251) to lonlat (360x170) grid, with source mask (9384784)
cdo    remapbil: Bilinear weights from lonlat (4500x3251) to lonlat (360x170) grid, with source mask (9338856)
cdo    remapbil: Bilinear weights from lonlat (4500x3251) to lonlat (360x170) grid, with source mask (9244901)
cdo    remapbil: Bilinear weights from lonlat (4500x3251) to lonlat (360x170) grid, with source mask (9167129)
cdo    remapbil: Bilinear weights from lonlat (4500x3251) to lonlat (360x170) grid, with source mask (9032413)
cdo    remapbil: Bilinear weights from lonlat (4500x3251) to lonlat (360x170) grid, with source mask (8923756)
cdo    remapbil: Bilinear weights from lonlat (4500x3251) to lonlat (360x170) grid, with source mask (8825169)
cdo    remapbil: Bilinear weights from lonlat (4500x3251) to lonlat (360x170) grid, with source mask (8741043)
cdo    remapbil: Bilinear weights from lonlat (4500x3251) to lonlat (360x170) grid, with source mask (8669422)
cdo    remapbil: Bilinear weights from lonlat (4500x3251) to lonlat (360x170) grid, with source mask (8547872)
cdo    remapbil: Bilinear weights from lonlat (4500x3251) to lonlat (360x170) grid, with source mask (8453750)
cdo    remapbil: Bilinear weights from lonlat (4500x3251) to lonlat (360x170) grid, with source mask (8387576)
cdo    remapbil: Bilinear weights from lonlat (4500x3251) to lonlat (360x170) grid, with source mask (8336479)
cdo    remapbil: Bilinear weights from lonlat (4500x3251) to lonlat (360x170) grid, with source mask (8290417)
cdo    remapbil: Bilinear weights from lonlat (4500x3251) to lonlat (360x170) grid, with source mask (8247815)
cdo    remapbil: Bilinear weights from lonlat (4500x3251) to lonlat (360x170) grid, with source mask (8128477)
cdo    remapbil: Bilinear weights from lonlat (4500x3251) to lonlat (360x170) grid, with source mask (7994116)
cdo    remapbil: Bilinear weights from lonlat (4500x3251) to lonlat (360x170) grid, with source mask (7692126)
cdo    remapbil: Bilinear weights from lonlat (4500x3251) to lonlat (360x170) grid, with source mask (7286838)
cdo    remapbil: Bilinear weights from lonlat (4500x3251) to lonlat (360x170) grid, with source mask (6658426)
cdo    remapbil: Bilinear weights from lonlat (4500x3251) to lonlat (360x170) grid, with source mask (4336945)
cdo    remapbil: Bilinear weights from lonlat (4500x3251) to lonlat (360x170) grid, with source mask (1454435)
------------------------------------------------
Interplating /work/home/acrzcyisbk/HYCOM_monthly/uv3z/degree_0083/GLBv0.08_53X_archMN.2000_02_uv3z.nc
cdo    remapbil: Bilinear weights from lonlat (4500x3251) to lonlat (360x170) grid, with source mask (9974940)
cdo    remapbil: Bilinear weights from lonlat (4500x3251) to lonlat (360x170) grid, with source mask (9952885)
cdo    remapbil: Bilinear weights from lonlat (4500x3251) to lonlat (360x170) grid, with source mask (9939291)
cdo    remapbil: Bilinear weights from lonlat (4500x3251) to lonlat (360x170) grid, with source mask (9925415)
cdo    remapbil: Bilinear weights from lonlat (4500x3251) to lonlat (360x170) grid, with source mask (9909528)
cdo    remapbil: Bilinear weights from lonlat (4500x3251) to lonlat (360x170) grid, with source mask (9887620)
cdo    remapbil: Bilinear weights from lonlat (4500x3251) to lonlat (360x170) grid, with source mask (9846685)
cdo    remapbil: Bilinear weights from lonlat (4500x3251) to lonlat (360x170) grid, with source mask (9804573)
cdo    remapbil: Bilinear weights from lonlat (4500x3251) to lonlat (360x170) grid, with source mask (9767299)
cdo    remapbil: Bilinear weights from lonlat (4500x3251) to lonlat (360x170) grid, with source mask (9730643)
cdo    remapbil: Bilinear weights from lonlat (4500x3251) to lonlat (360x170) grid, with source mask (9691209)
cdo    remapbil: Bilinear weights from lonlat (4500x3251) to lonlat (360x170) grid, with source mask (9648582)
cdo    remapbil: Bilinear weights from lonlat (4500x3251) to lonlat (360x170) grid, with source mask (9606865)
cdo    remapbil: Bilinear weights from lonlat (4500x3251) to lonlat (360x170) grid, with source mask (9536477)
cdo    remapbil: Bilinear weights from lonlat (4500x3251) to lonlat (360x170) grid, with source mask (9480678)
cdo    remapbil: Bilinear weights from lonlat (4500x3251) to lonlat (360x170) grid, with source mask (9430184)
cdo    remapbil: Bilinear weights from lonlat (4500x3251) to lonlat (360x170) grid, with source mask (9384784)
cdo    remapbil: Bilinear weights from lonlat (4500x3251) to lonlat (360x170) grid, with source mask (9338856)
cdo    remapbil: Bilinear weights from lonlat (4500x3251) to lonlat (360x170) grid, with source mask (9244901)
cdo    remapbil: Bilinear weights from lonlat (4500x3251) to lonlat (360x170) grid, with source mask (9167129)
cdo    remapbil: Bilinear weights from lonlat (4500x3251) to lonlat (360x170) grid, with source mask (9032413)
cdo    remapbil: Bilinear weights from lonlat (4500x3251) to lonlat (360x170) grid, with source mask (8923756)
cdo    remapbil: Bilinear weights from lonlat (4500x3251) to lonlat (360x170) grid, with source mask (8825169)
cdo    remapbil: Bilinear weights from lonlat (4500x3251) to lonlat (360x170) grid, with source mask (8741043)
cdo    remapbil: Bilinear weights from lonlat (4500x3251) to lonlat (360x170) grid, with source mask (8669422)
cdo    remapbil: Bilinear weights from lonlat (4500x3251) to lonlat (360x170) grid, with source mask (8547872)
cdo    remapbil: Bilinear weights from lonlat (4500x3251) to lonlat (360x170) grid, with source mask (8453750)
cdo    remapbil: Bilinear weights from lonlat (4500x3251) to lonlat (360x170) grid, with source mask (8387576)
cdo    remapbil: Bilinear weights from lonlat (4500x3251) to lonlat (360x170) grid, with source mask (8336479)
cdo    remapbil: Bilinear weights from lonlat (4500x3251) to lonlat (360x170) grid, with source mask (8290417)
cdo    remapbil: Bilinear weights from lonlat (4500x3251) to lonlat (360x170) grid, with source mask (8247815)
cdo    remapbil: Bilinear weights from lonlat (4500x3251) to lonlat (360x170) grid, with source mask (8128477)
cdo    remapbil: Bilinear weights from lonlat (4500x3251) to lonlat (360x170) grid, with source mask (7994116)
cdo    remapbil: Bilinear weights from lonlat (4500x3251) to lonlat (360x170) grid, with source mask (7692126)
cdo    remapbil: Bilinear weights from lonlat (4500x3251) to lonlat (360x170) grid, with source mask (7286838)
cdo    remapbil: Bilinear weights from lonlat (4500x3251) to lonlat (360x170) grid, with source mask (6658426)
cdo    remapbil: Bilinear weights from lonlat (4500x3251) to lonlat (360x170) grid, with source mask (4336945)
cdo    remapbil: Bilinear weights from lonlat (4500x3251) to lonlat (360x170) grid, with source mask (1454435)
------------------------------------------------
Interplating /work/home/acrzcyisbk/HYCOM_monthly/uv3z/degree_0083/GLBv0.08_53X_archMN.2003_04_uv3z.nc
cdo    remapbil: Bilinear weights from lonlat (4500x3251) to lonlat (360x170) grid, with source mask (9974940)
cdo    remapbil: Bilinear weights from lonlat (4500x3251) to lonlat (360x170) grid, with source mask (9952885)
cdo    remapbil: Bilinear weights from lonlat (4500x3251) to lonlat (360x170) grid, with source mask (9939291)
cdo    remapbil: Bilinear weights from lonlat (4500x3251) to lonlat (360x170) grid, with source mask (9925415)
cdo    remapbil: Bilinear weights from lonlat (4500x3251) to lonlat (360x170) grid, with source mask (9909528)
cdo    remapbil: Bilinear weights from lonlat (4500x3251) to lonlat (360x170) grid, with source mask (9887620)
cdo    remapbil: Bilinear weights from lonlat (4500x3251) to lonlat (360x170) grid, with source mask (9846685)
cdo    remapbil: Bilinear weights from lonlat (4500x3251) to lonlat (360x170) grid, with source mask (9804573)
cdo    remapbil: Bilinear weights from lonlat (4500x3251) to lonlat (360x170) grid, with source mask (9767299)
cdo    remapbil: Bilinear weights from lonlat (4500x3251) to lonlat (360x170) grid, with source mask (9730643)
cdo    remapbil: Bilinear weights from lonlat (4500x3251) to lonlat (360x170) grid, with source mask (9691209)
cdo    remapbil: Bilinear weights from lonlat (4500x3251) to lonlat (360x170) grid, with source mask (9648582)
cdo    remapbil: Bilinear weights from lonlat (4500x3251) to lonlat (360x170) grid, with source mask (9606865)
cdo    remapbil: Bilinear weights from lonlat (4500x3251) to lonlat (360x170) grid, with source mask (9536477)
cdo    remapbil: Bilinear weights from lonlat (4500x3251) to lonlat (360x170) grid, with source mask (9480678)
cdo    remapbil: Bilinear weights from lonlat (4500x3251) to lonlat (360x170) grid, with source mask (9430184)
cdo    remapbil: Bilinear weights from lonlat (4500x3251) to lonlat (360x170) grid, with source mask (9384784)
cdo    remapbil: Bilinear weights from lonlat (4500x3251) to lonlat (360x170) grid, with source mask (9338856)
cdo    remapbil: Bilinear weights from lonlat (4500x3251) to lonlat (360x170) grid, with source mask (9244901)
cdo    remapbil: Bilinear weights from lonlat (4500x3251) to lonlat (360x170) grid, with source mask (9167129)
cdo    remapbil: Bilinear weights from lonlat (4500x3251) to lonlat (360x170) grid, with source mask (9032413)
cdo    remapbil: Bilinear weights from lonlat (4500x3251) to lonlat (360x170) grid, with source mask (8923756)
cdo    remapbil: Bilinear weights from lonlat (4500x3251) to lonlat (360x170) grid, with source mask (8825169)
cdo    remapbil: Bilinear weights from lonlat (4500x3251) to lonlat (360x170) grid, with source mask (8741043)
cdo    remapbil: Bilinear weights from lonlat (4500x3251) to lonlat (360x170) grid, with source mask (8669422)
cdo    remapbil: Bilinear weights from lonlat (4500x3251) to lonlat (360x170) grid, with source mask (8547872)
cdo    remapbil: Bilinear weights from lonlat (4500x3251) to lonlat (360x170) grid, with source mask (8453750)
cdo    remapbil: Bilinear weights from lonlat (4500x3251) to lonlat (360x170) grid, with source mask (8387576)
cdo    remapbil: Bilinear weights from lonlat (4500x3251) to lonlat (360x170) grid, with source mask (8336479)
cdo    remapbil: Bilinear weights from lonlat (4500x3251) to lonlat (360x170) grid, with source mask (8290417)
cdo    remapbil: Bilinear weights from lonlat (4500x3251) to lonlat (360x170) grid, with source mask (8247815)
cdo    remapbil: Bilinear weights from lonlat (4500x3251) to lonlat (360x170) grid, with source mask (8128477)
cdo    remapbil: Bilinear weights from lonlat (4500x3251) to lonlat (360x170) grid, with source mask (7994116)
cdo    remapbil: Bilinear weights from lonlat (4500x3251) to lonlat (360x170) grid, with source mask (7692126)
cdo    remapbil: Bilinear weights from lonlat (4500x3251) to lonlat (360x170) grid, with source mask (7286838)
cdo    remapbil: Bilinear weights from lonlat (4500x3251) to lonlat (360x170) grid, with source mask (6658426)
cdo    remapbil: Bilinear weights from lonlat (4500x3251) to lonlat (360x170) grid, with source mask (4336945)
cdo    remapbil: Bilinear weights from lonlat (4500x3251) to lonlat (360x170) grid, with source mask (1454435)
------------------------------------------------
Interplating /work/home/acrzcyisbk/HYCOM_monthly/uv3z/degree_0083/GLBv0.08_53X_archMN.2004_02_uv3z.nc
cdo    remapbil: Bilinear weights from lonlat (4500x3251) to lonlat (360x170) grid, with source mask (9974940)
cdo    remapbil: Bilinear weights from lonlat (4500x3251) to lonlat (360x170) grid, with source mask (9952885)
cdo    remapbil: Bilinear weights from lonlat (4500x3251) to lonlat (360x170) grid, with source mask (9939291)
cdo    remapbil: Bilinear weights from lonlat (4500x3251) to lonlat (360x170) grid, with source mask (9925415)
cdo    remapbil: Bilinear weights from lonlat (4500x3251) to lonlat (360x170) grid, with source mask (9909528)
cdo    remapbil: Bilinear weights from lonlat (4500x3251) to lonlat (360x170) grid, with source mask (9887620)
cdo    remapbil: Bilinear weights from lonlat (4500x3251) to lonlat (360x170) grid, with source mask (9846685)
cdo    remapbil: Bilinear weights from lonlat (4500x3251) to lonlat (360x170) grid, with source mask (9804573)
cdo    remapbil: Bilinear weights from lonlat (4500x3251) to lonlat (360x170) grid, with source mask (9767299)
cdo    remapbil: Bilinear weights from lonlat (4500x3251) to lonlat (360x170) grid, with source mask (9730643)
cdo    remapbil: Bilinear weights from lonlat (4500x3251) to lonlat (360x170) grid, with source mask (9691209)
cdo    remapbil: Bilinear weights from lonlat (4500x3251) to lonlat (360x170) grid, with source mask (9648582)
cdo    remapbil: Bilinear weights from lonlat (4500x3251) to lonlat (360x170) grid, with source mask (9606865)
cdo    remapbil: Bilinear weights from lonlat (4500x3251) to lonlat (360x170) grid, with source mask (9536477)
cdo    remapbil: Bilinear weights from lonlat (4500x3251) to lonlat (360x170) grid, with source mask (9480678)
cdo    remapbil: Bilinear weights from lonlat (4500x3251) to lonlat (360x170) grid, with source mask (9430184)
cdo    remapbil: Bilinear weights from lonlat (4500x3251) to lonlat (360x170) grid, with source mask (9384784)
cdo    remapbil: Bilinear weights from lonlat (4500x3251) to lonlat (360x170) grid, with source mask (9338856)
cdo    remapbil: Bilinear weights from lonlat (4500x3251) to lonlat (360x170) grid, with source mask (9244901)
cdo    remapbil: Bilinear weights from lonlat (4500x3251) to lonlat (360x170) grid, with source mask (9167129)
cdo    remapbil: Bilinear weights from lonlat (4500x3251) to lonlat (360x170) grid, with source mask (9032413)
cdo    remapbil: Bilinear weights from lonlat (4500x3251) to lonlat (360x170) grid, with source mask (8923756)
cdo    remapbil: Bilinear weights from lonlat (4500x3251) to lonlat (360x170) grid, with source mask (8825169)
cdo    remapbil: Bilinear weights from lonlat (4500x3251) to lonlat (360x170) grid, with source mask (8741043)
cdo    remapbil: Bilinear weights from lonlat (4500x3251) to lonlat (360x170) grid, with source mask (8669422)
cdo    remapbil: Bilinear weights from lonlat (4500x3251) to lonlat (360x170) grid, with source mask (8547872)
cdo    remapbil: Bilinear weights from lonlat (4500x3251) to lonlat (360x170) grid, with source mask (8453750)
cdo    remapbil: Bilinear weights from lonlat (4500x3251) to lonlat (360x170) grid, with source mask (8387576)
cdo    remapbil: Bilinear weights from lonlat (4500x3251) to lonlat (360x170) grid, with source mask (8336479)
cdo    remapbil: Bilinear weights from lonlat (4500x3251) to lonlat (360x170) grid, with source mask (8290417)
cdo    remapbil: Bilinear weights from lonlat (4500x3251) to lonlat (360x170) grid, with source mask (8247815)
cdo    remapbil: Bilinear weights from lonlat (4500x3251) to lonlat (360x170) grid, with source mask (8128477)
cdo    remapbil: Bilinear weights from lonlat (4500x3251) to lonlat (360x170) grid, with source mask (7994116)
cdo    remapbil: Bilinear weights from lonlat (4500x3251) to lonlat (360x170) grid, with source mask (7692126)
cdo    remapbil: Bilinear weights from lonlat (4500x3251) to lonlat (360x170) grid, with source mask (7286838)
cdo    remapbil: Bilinear weights from lonlat (4500x3251) to lonlat (360x170) grid, with source mask (6658426)
cdo    remapbil: Bilinear weights from lonlat (4500x3251) to lonlat (360x170) grid, with source mask (4336945)
cdo    remapbil: Bilinear weights from lonlat (4500x3251) to lonlat (360x170) grid, with source mask (1454435)
------------------------------------------------
Interplating /work/home/acrzcyisbk/HYCOM_monthly/uv3z/degree_0083/GLBv0.08_53X_archMN.2006_10_uv3z.nc
cdo    remapbil: Bilinear weights from lonlat (4500x3251) to lonlat (360x170) grid, with source mask (9974940)
cdo    remapbil: Bilinear weights from lonlat (4500x3251) to lonlat (360x170) grid, with source mask (9952885)
cdo    remapbil: Bilinear weights from lonlat (4500x3251) to lonlat (360x170) grid, with source mask (9939291)
cdo    remapbil: Bilinear weights from lonlat (4500x3251) to lonlat (360x170) grid, with source mask (9925415)
cdo    remapbil: Bilinear weights from lonlat (4500x3251) to lonlat (360x170) grid, with source mask (9909528)
cdo    remapbil: Bilinear weights from lonlat (4500x3251) to lonlat (360x170) grid, with source mask (9887620)
cdo    remapbil: Bilinear weights from lonlat (4500x3251) to lonlat (360x170) grid, with source mask (9846685)
cdo    remapbil: Bilinear weights from lonlat (4500x3251) to lonlat (360x170) grid, with source mask (9804573)
cdo    remapbil: Bilinear weights from lonlat (4500x3251) to lonlat (360x170) grid, with source mask (9767299)
cdo    remapbil: Bilinear weights from lonlat (4500x3251) to lonlat (360x170) grid, with source mask (9730643)
cdo    remapbil: Bilinear weights from lonlat (4500x3251) to lonlat (360x170) grid, with source mask (9691209)
cdo    remapbil: Bilinear weights from lonlat (4500x3251) to lonlat (360x170) grid, with source mask (9648582)
cdo    remapbil: Bilinear weights from lonlat (4500x3251) to lonlat (360x170) grid, with source mask (9606865)
cdo    remapbil: Bilinear weights from lonlat (4500x3251) to lonlat (360x170) grid, with source mask (9536477)
cdo    remapbil: Bilinear weights from lonlat (4500x3251) to lonlat (360x170) grid, with source mask (9480678)
cdo    remapbil: Bilinear weights from lonlat (4500x3251) to lonlat (360x170) grid, with source mask (9430184)
cdo    remapbil: Bilinear weights from lonlat (4500x3251) to lonlat (360x170) grid, with source mask (9384784)
cdo    remapbil: Bilinear weights from lonlat (4500x3251) to lonlat (360x170) grid, with source mask (9338856)
cdo    remapbil: Bilinear weights from lonlat (4500x3251) to lonlat (360x170) grid, with source mask (9244901)
cdo    remapbil: Bilinear weights from lonlat (4500x3251) to lonlat (360x170) grid, with source mask (9167129)
cdo    remapbil: Bilinear weights from lonlat (4500x3251) to lonlat (360x170) grid, with source mask (9032413)
cdo    remapbil: Bilinear weights from lonlat (4500x3251) to lonlat (360x170) grid, with source mask (8923756)
cdo    remapbil: Bilinear weights from lonlat (4500x3251) to lonlat (360x170) grid, with source mask (8825169)
cdo    remapbil: Bilinear weights from lonlat (4500x3251) to lonlat (360x170) grid, with source mask (8741043)
cdo    remapbil: Bilinear weights from lonlat (4500x3251) to lonlat (360x170) grid, with source mask (8669422)
cdo    remapbil: Bilinear weights from lonlat (4500x3251) to lonlat (360x170) grid, with source mask (8547872)
cdo    remapbil: Bilinear weights from lonlat (4500x3251) to lonlat (360x170) grid, with source mask (8453750)
cdo    remapbil: Bilinear weights from lonlat (4500x3251) to lonlat (360x170) grid, with source mask (8387576)
cdo    remapbil: Bilinear weights from lonlat (4500x3251) to lonlat (360x170) grid, with source mask (8336479)
cdo    remapbil: Bilinear weights from lonlat (4500x3251) to lonlat (360x170) grid, with source mask (8290417)
cdo    remapbil: Bilinear weights from lonlat (4500x3251) to lonlat (360x170) grid, with source mask (8247815)
cdo    remapbil: Bilinear weights from lonlat (4500x3251) to lonlat (360x170) grid, with source mask (8128477)
cdo    remapbil: Bilinear weights from lonlat (4500x3251) to lonlat (360x170) grid, with source mask (7994116)
cdo    remapbil: Bilinear weights from lonlat (4500x3251) to lonlat (360x170) grid, with source mask (7692126)
cdo    remapbil: Bilinear weights from lonlat (4500x3251) to lonlat (360x170) grid, with source mask (7286838)
cdo    remapbil: Bilinear weights from lonlat (4500x3251) to lonlat (360x170) grid, with source mask (6658426)
cdo    remapbil: Bilinear weights from lonlat (4500x3251) to lonlat (360x170) grid, with source mask (4336945)
cdo    remapbil: Bilinear weights from lonlat (4500x3251) to lonlat (360x170) grid, with source mask (1454435)
------------------------------------------------
Interplating /work/home/acrzcyisbk/HYCOM_monthly/uv3z/degree_0083/GLBv0.08_53X_archMN.2006_11_uv3z.nc
cdo    remapbil: Bilinear weights from lonlat (4500x3251) to lonlat (360x170) grid, with source mask (9974940)
cdo    remapbil: Bilinear weights from lonlat (4500x3251) to lonlat (360x170) grid, with source mask (9952885)
cdo    remapbil: Bilinear weights from lonlat (4500x3251) to lonlat (360x170) grid, with source mask (9939291)
cdo    remapbil: Bilinear weights from lonlat (4500x3251) to lonlat (360x170) grid, with source mask (9925415)
cdo    remapbil: Bilinear weights from lonlat (4500x3251) to lonlat (360x170) grid, with source mask (9909528)
cdo    remapbil: Bilinear weights from lonlat (4500x3251) to lonlat (360x170) grid, with source mask (9887620)
cdo    remapbil: Bilinear weights from lonlat (4500x3251) to lonlat (360x170) grid, with source mask (9846685)
cdo    remapbil: Bilinear weights from lonlat (4500x3251) to lonlat (360x170) grid, with source mask (9804573)
cdo    remapbil: Bilinear weights from lonlat (4500x3251) to lonlat (360x170) grid, with source mask (9767299)
cdo    remapbil: Bilinear weights from lonlat (4500x3251) to lonlat (360x170) grid, with source mask (9730643)
cdo    remapbil: Bilinear weights from lonlat (4500x3251) to lonlat (360x170) grid, with source mask (9691209)
cdo    remapbil: Bilinear weights from lonlat (4500x3251) to lonlat (360x170) grid, with source mask (9648582)
cdo    remapbil: Bilinear weights from lonlat (4500x3251) to lonlat (360x170) grid, with source mask (9606865)
cdo    remapbil: Bilinear weights from lonlat (4500x3251) to lonlat (360x170) grid, with source mask (9536477)
cdo    remapbil: Bilinear weights from lonlat (4500x3251) to lonlat (360x170) grid, with source mask (9480678)
cdo    remapbil: Bilinear weights from lonlat (4500x3251) to lonlat (360x170) grid, with source mask (9430184)
cdo    remapbil: Bilinear weights from lonlat (4500x3251) to lonlat (360x170) grid, with source mask (9384784)
cdo    remapbil: Bilinear weights from lonlat (4500x3251) to lonlat (360x170) grid, with source mask (9338856)
cdo    remapbil: Bilinear weights from lonlat (4500x3251) to lonlat (360x170) grid, with source mask (9244901)
cdo    remapbil: Bilinear weights from lonlat (4500x3251) to lonlat (360x170) grid, with source mask (9167129)
cdo    remapbil: Bilinear weights from lonlat (4500x3251) to lonlat (360x170) grid, with source mask (9032413)
cdo    remapbil: Bilinear weights from lonlat (4500x3251) to lonlat (360x170) grid, with source mask (8923756)
cdo    remapbil: Bilinear weights from lonlat (4500x3251) to lonlat (360x170) grid, with source mask (8825169)
cdo    remapbil: Bilinear weights from lonlat (4500x3251) to lonlat (360x170) grid, with source mask (8741043)
cdo    remapbil: Bilinear weights from lonlat (4500x3251) to lonlat (360x170) grid, with source mask (8669422)
cdo    remapbil: Bilinear weights from lonlat (4500x3251) to lonlat (360x170) grid, with source mask (8547872)
cdo    remapbil: Bilinear weights from lonlat (4500x3251) to lonlat (360x170) grid, with source mask (8453750)
cdo    remapbil: Bilinear weights from lonlat (4500x3251) to lonlat (360x170) grid, with source mask (8387576)
cdo    remapbil: Bilinear weights from lonlat (4500x3251) to lonlat (360x170) grid, with source mask (8336479)
cdo    remapbil: Bilinear weights from lonlat (4500x3251) to lonlat (360x170) grid, with source mask (8290417)
cdo    remapbil: Bilinear weights from lonlat (4500x3251) to lonlat (360x170) grid, with source mask (8247815)
cdo    remapbil: Bilinear weights from lonlat (4500x3251) to lonlat (360x170) grid, with source mask (8128477)
cdo    remapbil: Bilinear weights from lonlat (4500x3251) to lonlat (360x170) grid, with source mask (7994116)
cdo    remapbil: Bilinear weights from lonlat (4500x3251) to lonlat (360x170) grid, with source mask (7692126)
cdo    remapbil: Bilinear weights from lonlat (4500x3251) to lonlat (360x170) grid, with source mask (7286838)
cdo    remapbil: Bilinear weights from lonlat (4500x3251) to lonlat (360x170) grid, with source mask (6658426)
cdo    remapbil: Bilinear weights from lonlat (4500x3251) to lonlat (360x170) grid, with source mask (4336945)
cdo    remapbil: Bilinear weights from lonlat (4500x3251) to lonlat (360x170) grid, with source mask (1454435)
------------------------------------------------
Interplating /work/home/acrzcyisbk/HYCOM_monthly/uv3z/degree_0083/GLBv0.08_53X_archMN.2007_04_uv3z.nc
cdo    remapbil: Bilinear weights from lonlat (4500x3251) to lonlat (360x170) grid, with source mask (9974940)
cdo    remapbil: Bilinear weights from lonlat (4500x3251) to lonlat (360x170) grid, with source mask (9952885)
cdo    remapbil: Bilinear weights from lonlat (4500x3251) to lonlat (360x170) grid, with source mask (9939291)
cdo    remapbil: Bilinear weights from lonlat (4500x3251) to lonlat (360x170) grid, with source mask (9925415)
cdo    remapbil: Bilinear weights from lonlat (4500x3251) to lonlat (360x170) grid, with source mask (9909528)
cdo    remapbil: Bilinear weights from lonlat (4500x3251) to lonlat (360x170) grid, with source mask (9887620)
cdo    remapbil: Bilinear weights from lonlat (4500x3251) to lonlat (360x170) grid, with source mask (9846685)
cdo    remapbil: Bilinear weights from lonlat (4500x3251) to lonlat (360x170) grid, with source mask (9804573)
cdo    remapbil: Bilinear weights from lonlat (4500x3251) to lonlat (360x170) grid, with source mask (9767299)
cdo    remapbil: Bilinear weights from lonlat (4500x3251) to lonlat (360x170) grid, with source mask (9730643)
cdo    remapbil: Bilinear weights from lonlat (4500x3251) to lonlat (360x170) grid, with source mask (9691209)
cdo    remapbil: Bilinear weights from lonlat (4500x3251) to lonlat (360x170) grid, with source mask (9648582)
cdo    remapbil: Bilinear weights from lonlat (4500x3251) to lonlat (360x170) grid, with source mask (9606865)
cdo    remapbil: Bilinear weights from lonlat (4500x3251) to lonlat (360x170) grid, with source mask (9536477)
cdo    remapbil: Bilinear weights from lonlat (4500x3251) to lonlat (360x170) grid, with source mask (9480678)
cdo    remapbil: Bilinear weights from lonlat (4500x3251) to lonlat (360x170) grid, with source mask (9430184)
cdo    remapbil: Bilinear weights from lonlat (4500x3251) to lonlat (360x170) grid, with source mask (9384784)
cdo    remapbil: Bilinear weights from lonlat (4500x3251) to lonlat (360x170) grid, with source mask (9338856)
cdo    remapbil: Bilinear weights from lonlat (4500x3251) to lonlat (360x170) grid, with source mask (9244901)
cdo    remapbil: Bilinear weights from lonlat (4500x3251) to lonlat (360x170) grid, with source mask (9167129)
cdo    remapbil: Bilinear weights from lonlat (4500x3251) to lonlat (360x170) grid, with source mask (9032413)
cdo    remapbil: Bilinear weights from lonlat (4500x3251) to lonlat (360x170) grid, with source mask (8923756)
cdo    remapbil: Bilinear weights from lonlat (4500x3251) to lonlat (360x170) grid, with source mask (8825169)
cdo    remapbil: Bilinear weights from lonlat (4500x3251) to lonlat (360x170) grid, with source mask (8741043)
cdo    remapbil: Bilinear weights from lonlat (4500x3251) to lonlat (360x170) grid, with source mask (8669422)
cdo    remapbil: Bilinear weights from lonlat (4500x3251) to lonlat (360x170) grid, with source mask (8547872)
cdo    remapbil: Bilinear weights from lonlat (4500x3251) to lonlat (360x170) grid, with source mask (8453750)
cdo    remapbil: Bilinear weights from lonlat (4500x3251) to lonlat (360x170) grid, with source mask (8387576)
cdo    remapbil: Bilinear weights from lonlat (4500x3251) to lonlat (360x170) grid, with source mask (8336479)
cdo    remapbil: Bilinear weights from lonlat (4500x3251) to lonlat (360x170) grid, with source mask (8290417)
cdo    remapbil: Bilinear weights from lonlat (4500x3251) to lonlat (360x170) grid, with source mask (8247815)
cdo    remapbil: Bilinear weights from lonlat (4500x3251) to lonlat (360x170) grid, with source mask (8128477)
cdo    remapbil: Bilinear weights from lonlat (4500x3251) to lonlat (360x170) grid, with source mask (7994116)
cdo    remapbil: Bilinear weights from lonlat (4500x3251) to lonlat (360x170) grid, with source mask (7692126)
cdo    remapbil: Bilinear weights from lonlat (4500x3251) to lonlat (360x170) grid, with source mask (7286838)
cdo    remapbil: Bilinear weights from lonlat (4500x3251) to lonlat (360x170) grid, with source mask (6658426)
cdo    remapbil: Bilinear weights from lonlat (4500x3251) to lonlat (360x170) grid, with source mask (4336945)
cdo    remapbil: Bilinear weights from lonlat (4500x3251) to lonlat (360x170) grid, with source mask (1454435)
------------------------------------------------
Interplating /work/home/acrzcyisbk/HYCOM_monthly/uv3z/degree_0083/GLBv0.08_53X_archMN.2007_06_uv3z.nc
cdo    remapbil: Bilinear weights from lonlat (4500x3251) to lonlat (360x170) grid, with source mask (9974940)
cdo    remapbil: Bilinear weights from lonlat (4500x3251) to lonlat (360x170) grid, with source mask (9952885)
cdo    remapbil: Bilinear weights from lonlat (4500x3251) to lonlat (360x170) grid, with source mask (9939291)
cdo    remapbil: Bilinear weights from lonlat (4500x3251) to lonlat (360x170) grid, with source mask (9925415)
cdo    remapbil: Bilinear weights from lonlat (4500x3251) to lonlat (360x170) grid, with source mask (9909528)
cdo    remapbil: Bilinear weights from lonlat (4500x3251) to lonlat (360x170) grid, with source mask (9887620)
cdo    remapbil: Bilinear weights from lonlat (4500x3251) to lonlat (360x170) grid, with source mask (9846685)
cdo    remapbil: Bilinear weights from lonlat (4500x3251) to lonlat (360x170) grid, with source mask (9804573)
cdo    remapbil: Bilinear weights from lonlat (4500x3251) to lonlat (360x170) grid, with source mask (9767299)
cdo    remapbil: Bilinear weights from lonlat (4500x3251) to lonlat (360x170) grid, with source mask (9730643)
cdo    remapbil: Bilinear weights from lonlat (4500x3251) to lonlat (360x170) grid, with source mask (9691209)
cdo    remapbil: Bilinear weights from lonlat (4500x3251) to lonlat (360x170) grid, with source mask (9648582)
cdo    remapbil: Bilinear weights from lonlat (4500x3251) to lonlat (360x170) grid, with source mask (9606865)
cdo    remapbil: Bilinear weights from lonlat (4500x3251) to lonlat (360x170) grid, with source mask (9536477)
cdo    remapbil: Bilinear weights from lonlat (4500x3251) to lonlat (360x170) grid, with source mask (9480678)
cdo    remapbil: Bilinear weights from lonlat (4500x3251) to lonlat (360x170) grid, with source mask (9430184)
cdo    remapbil: Bilinear weights from lonlat (4500x3251) to lonlat (360x170) grid, with source mask (9384784)
cdo    remapbil: Bilinear weights from lonlat (4500x3251) to lonlat (360x170) grid, with source mask (9338856)
cdo    remapbil: Bilinear weights from lonlat (4500x3251) to lonlat (360x170) grid, with source mask (9244901)
cdo    remapbil: Bilinear weights from lonlat (4500x3251) to lonlat (360x170) grid, with source mask (9167129)
cdo    remapbil: Bilinear weights from lonlat (4500x3251) to lonlat (360x170) grid, with source mask (9032413)
cdo    remapbil: Bilinear weights from lonlat (4500x3251) to lonlat (360x170) grid, with source mask (8923756)
cdo    remapbil: Bilinear weights from lonlat (4500x3251) to lonlat (360x170) grid, with source mask (8825169)
cdo    remapbil: Bilinear weights from lonlat (4500x3251) to lonlat (360x170) grid, with source mask (8741043)
cdo    remapbil: Bilinear weights from lonlat (4500x3251) to lonlat (360x170) grid, with source mask (8669422)
cdo    remapbil: Bilinear weights from lonlat (4500x3251) to lonlat (360x170) grid, with source mask (8547872)
cdo    remapbil: Bilinear weights from lonlat (4500x3251) to lonlat (360x170) grid, with source mask (8453750)
cdo    remapbil: Bilinear weights from lonlat (4500x3251) to lonlat (360x170) grid, with source mask (8387576)
cdo    remapbil: Bilinear weights from lonlat (4500x3251) to lonlat (360x170) grid, with source mask (8336479)
cdo    remapbil: Bilinear weights from lonlat (4500x3251) to lonlat (360x170) grid, with source mask (8290417)
cdo    remapbil: Bilinear weights from lonlat (4500x3251) to lonlat (360x170) grid, with source mask (8247815)
cdo    remapbil: Bilinear weights from lonlat (4500x3251) to lonlat (360x170) grid, with source mask (8128477)
cdo    remapbil: Bilinear weights from lonlat (4500x3251) to lonlat (360x170) grid, with source mask (7994116)
cdo    remapbil: Bilinear weights from lonlat (4500x3251) to lonlat (360x170) grid, with source mask (7692126)
cdo    remapbil: Bilinear weights from lonlat (4500x3251) to lonlat (360x170) grid, with source mask (7286838)
cdo    remapbil: Bilinear weights from lonlat (4500x3251) to lonlat (360x170) grid, with source mask (6658426)
cdo    remapbil: Bilinear weights from lonlat (4500x3251) to lonlat (360x170) grid, with source mask (4336945)
cdo    remapbil: Bilinear weights from lonlat (4500x3251) to lonlat (360x170) grid, with source mask (1454435)
------------------------------------------------
Interplating /work/home/acrzcyisbk/HYCOM_monthly/uv3z/degree_0083/GLBv0.08_53X_archMN.2008_02_uv3z.nc
cdo    remapbil: Bilinear weights from lonlat (4500x3251) to lonlat (360x170) grid, with source mask (9974940)
cdo    remapbil: Bilinear weights from lonlat (4500x3251) to lonlat (360x170) grid, with source mask (9952885)
cdo    remapbil: Bilinear weights from lonlat (4500x3251) to lonlat (360x170) grid, with source mask (9939291)
cdo    remapbil: Bilinear weights from lonlat (4500x3251) to lonlat (360x170) grid, with source mask (9925415)
cdo    remapbil: Bilinear weights from lonlat (4500x3251) to lonlat (360x170) grid, with source mask (9909528)
cdo    remapbil: Bilinear weights from lonlat (4500x3251) to lonlat (360x170) grid, with source mask (9887620)
cdo    remapbil: Bilinear weights from lonlat (4500x3251) to lonlat (360x170) grid, with source mask (9846685)
cdo    remapbil: Bilinear weights from lonlat (4500x3251) to lonlat (360x170) grid, with source mask (9804573)
cdo    remapbil: Bilinear weights from lonlat (4500x3251) to lonlat (360x170) grid, with source mask (9767299)
cdo    remapbil: Bilinear weights from lonlat (4500x3251) to lonlat (360x170) grid, with source mask (9730643)
cdo    remapbil: Bilinear weights from lonlat (4500x3251) to lonlat (360x170) grid, with source mask (9691209)
cdo    remapbil: Bilinear weights from lonlat (4500x3251) to lonlat (360x170) grid, with source mask (9648582)
cdo    remapbil: Bilinear weights from lonlat (4500x3251) to lonlat (360x170) grid, with source mask (9606865)
cdo    remapbil: Bilinear weights from lonlat (4500x3251) to lonlat (360x170) grid, with source mask (9536477)
cdo    remapbil: Bilinear weights from lonlat (4500x3251) to lonlat (360x170) grid, with source mask (9480678)
cdo    remapbil: Bilinear weights from lonlat (4500x3251) to lonlat (360x170) grid, with source mask (9430184)
cdo    remapbil: Bilinear weights from lonlat (4500x3251) to lonlat (360x170) grid, with source mask (9384784)
cdo    remapbil: Bilinear weights from lonlat (4500x3251) to lonlat (360x170) grid, with source mask (9338856)
cdo    remapbil: Bilinear weights from lonlat (4500x3251) to lonlat (360x170) grid, with source mask (9244901)
cdo    remapbil: Bilinear weights from lonlat (4500x3251) to lonlat (360x170) grid, with source mask (9167129)
cdo    remapbil: Bilinear weights from lonlat (4500x3251) to lonlat (360x170) grid, with source mask (9032413)
cdo    remapbil: Bilinear weights from lonlat (4500x3251) to lonlat (360x170) grid, with source mask (8923756)
cdo    remapbil: Bilinear weights from lonlat (4500x3251) to lonlat (360x170) grid, with source mask (8825169)
cdo    remapbil: Bilinear weights from lonlat (4500x3251) to lonlat (360x170) grid, with source mask (8741043)
cdo    remapbil: Bilinear weights from lonlat (4500x3251) to lonlat (360x170) grid, with source mask (8669422)
cdo    remapbil: Bilinear weights from lonlat (4500x3251) to lonlat (360x170) grid, with source mask (8547872)
cdo    remapbil: Bilinear weights from lonlat (4500x3251) to lonlat (360x170) grid, with source mask (8453750)
cdo    remapbil: Bilinear weights from lonlat (4500x3251) to lonlat (360x170) grid, with source mask (8387576)
cdo    remapbil: Bilinear weights from lonlat (4500x3251) to lonlat (360x170) grid, with source mask (8336479)
cdo    remapbil: Bilinear weights from lonlat (4500x3251) to lonlat (360x170) grid, with source mask (8290417)
cdo    remapbil: Bilinear weights from lonlat (4500x3251) to lonlat (360x170) grid, with source mask (8247815)
cdo    remapbil: Bilinear weights from lonlat (4500x3251) to lonlat (360x170) grid, with source mask (8128477)
cdo    remapbil: Bilinear weights from lonlat (4500x3251) to lonlat (360x170) grid, with source mask (7994116)
cdo    remapbil: Bilinear weights from lonlat (4500x3251) to lonlat (360x170) grid, with source mask (7692126)
cdo    remapbil: Bilinear weights from lonlat (4500x3251) to lonlat (360x170) grid, with source mask (7286838)
cdo    remapbil: Bilinear weights from lonlat (4500x3251) to lonlat (360x170) grid, with source mask (6658426)
cdo    remapbil: Bilinear weights from lonlat (4500x3251) to lonlat (360x170) grid, with source mask (4336945)
cdo    remapbil: Bilinear weights from lonlat (4500x3251) to lonlat (360x170) grid, with source mask (1454435)
------------------------------------------------
Interplating /work/home/acrzcyisbk/HYCOM_monthly/uv3z/degree_0083/GLBv0.08_53X_archMN.2009_08_uv3z.nc
cdo    remapbil: Bilinear weights from lonlat (4500x3251) to lonlat (360x170) grid, with source mask (9974940)
cdo    remapbil: Bilinear weights from lonlat (4500x3251) to lonlat (360x170) grid, with source mask (9952885)
cdo    remapbil: Bilinear weights from lonlat (4500x3251) to lonlat (360x170) grid, with source mask (9939291)
cdo    remapbil: Bilinear weights from lonlat (4500x3251) to lonlat (360x170) grid, with source mask (9925415)
cdo    remapbil: Bilinear weights from lonlat (4500x3251) to lonlat (360x170) grid, with source mask (9909528)
cdo    remapbil: Bilinear weights from lonlat (4500x3251) to lonlat (360x170) grid, with source mask (9887620)
cdo    remapbil: Bilinear weights from lonlat (4500x3251) to lonlat (360x170) grid, with source mask (9846685)
cdo    remapbil: Bilinear weights from lonlat (4500x3251) to lonlat (360x170) grid, with source mask (9804573)
cdo    remapbil: Bilinear weights from lonlat (4500x3251) to lonlat (360x170) grid, with source mask (9767299)
cdo    remapbil: Bilinear weights from lonlat (4500x3251) to lonlat (360x170) grid, with source mask (9730643)
cdo    remapbil: Bilinear weights from lonlat (4500x3251) to lonlat (360x170) grid, with source mask (9691209)
cdo    remapbil: Bilinear weights from lonlat (4500x3251) to lonlat (360x170) grid, with source mask (9648582)
cdo    remapbil: Bilinear weights from lonlat (4500x3251) to lonlat (360x170) grid, with source mask (9606865)
cdo    remapbil: Bilinear weights from lonlat (4500x3251) to lonlat (360x170) grid, with source mask (9536477)
cdo    remapbil: Bilinear weights from lonlat (4500x3251) to lonlat (360x170) grid, with source mask (9480678)
cdo    remapbil: Bilinear weights from lonlat (4500x3251) to lonlat (360x170) grid, with source mask (9430184)
cdo    remapbil: Bilinear weights from lonlat (4500x3251) to lonlat (360x170) grid, with source mask (9384784)
cdo    remapbil: Bilinear weights from lonlat (4500x3251) to lonlat (360x170) grid, with source mask (9338856)
cdo    remapbil: Bilinear weights from lonlat (4500x3251) to lonlat (360x170) grid, with source mask (9244901)
cdo    remapbil: Bilinear weights from lonlat (4500x3251) to lonlat (360x170) grid, with source mask (9167129)
cdo    remapbil: Bilinear weights from lonlat (4500x3251) to lonlat (360x170) grid, with source mask (9032413)
cdo    remapbil: Bilinear weights from lonlat (4500x3251) to lonlat (360x170) grid, with source mask (8923756)
cdo    remapbil: Bilinear weights from lonlat (4500x3251) to lonlat (360x170) grid, with source mask (8825169)
cdo    remapbil: Bilinear weights from lonlat (4500x3251) to lonlat (360x170) grid, with source mask (8741043)
cdo    remapbil: Bilinear weights from lonlat (4500x3251) to lonlat (360x170) grid, with source mask (8669422)
cdo    remapbil: Bilinear weights from lonlat (4500x3251) to lonlat (360x170) grid, with source mask (8547872)
cdo    remapbil: Bilinear weights from lonlat (4500x3251) to lonlat (360x170) grid, with source mask (8453750)
cdo    remapbil: Bilinear weights from lonlat (4500x3251) to lonlat (360x170) grid, with source mask (8387576)
cdo    remapbil: Bilinear weights from lonlat (4500x3251) to lonlat (360x170) grid, with source mask (8336479)
cdo    remapbil: Bilinear weights from lonlat (4500x3251) to lonlat (360x170) grid, with source mask (8290417)
cdo    remapbil: Bilinear weights from lonlat (4500x3251) to lonlat (360x170) grid, with source mask (8247815)
cdo    remapbil: Bilinear weights from lonlat (4500x3251) to lonlat (360x170) grid, with source mask (8128477)
cdo    remapbil: Bilinear weights from lonlat (4500x3251) to lonlat (360x170) grid, with source mask (7994116)
cdo    remapbil: Bilinear weights from lonlat (4500x3251) to lonlat (360x170) grid, with source mask (7692126)
cdo    remapbil: Bilinear weights from lonlat (4500x3251) to lonlat (360x170) grid, with source mask (7286838)
cdo    remapbil: Bilinear weights from lonlat (4500x3251) to lonlat (360x170) grid, with source mask (6658426)
cdo    remapbil: Bilinear weights from lonlat (4500x3251) to lonlat (360x170) grid, with source mask (4336945)
cdo    remapbil: Bilinear weights from lonlat (4500x3251) to lonlat (360x170) grid, with source mask (1454435)
------------------------------------------------
Interplating /work/home/acrzcyisbk/HYCOM_monthly/uv3z/degree_0083/GLBv0.08_53X_archMN.2009_09_uv3z.nc
cdo    remapbil: Bilinear weights from lonlat (4500x3251) to lonlat (360x170) grid, with source mask (9974940)
cdo    remapbil: Bilinear weights from lonlat (4500x3251) to lonlat (360x170) grid, with source mask (9952885)
cdo    remapbil: Bilinear weights from lonlat (4500x3251) to lonlat (360x170) grid, with source mask (9939291)
cdo    remapbil: Bilinear weights from lonlat (4500x3251) to lonlat (360x170) grid, with source mask (9925415)
cdo    remapbil: Bilinear weights from lonlat (4500x3251) to lonlat (360x170) grid, with source mask (9909528)
cdo    remapbil: Bilinear weights from lonlat (4500x3251) to lonlat (360x170) grid, with source mask (9887620)
cdo    remapbil: Bilinear weights from lonlat (4500x3251) to lonlat (360x170) grid, with source mask (9846685)
cdo    remapbil: Bilinear weights from lonlat (4500x3251) to lonlat (360x170) grid, with source mask (9804573)
cdo    remapbil: Bilinear weights from lonlat (4500x3251) to lonlat (360x170) grid, with source mask (9767299)
cdo    remapbil: Bilinear weights from lonlat (4500x3251) to lonlat (360x170) grid, with source mask (9730643)
cdo    remapbil: Bilinear weights from lonlat (4500x3251) to lonlat (360x170) grid, with source mask (9691209)
cdo    remapbil: Bilinear weights from lonlat (4500x3251) to lonlat (360x170) grid, with source mask (9648582)
cdo    remapbil: Bilinear weights from lonlat (4500x3251) to lonlat (360x170) grid, with source mask (9606865)
cdo    remapbil: Bilinear weights from lonlat (4500x3251) to lonlat (360x170) grid, with source mask (9536477)
cdo    remapbil: Bilinear weights from lonlat (4500x3251) to lonlat (360x170) grid, with source mask (9480678)
cdo    remapbil: Bilinear weights from lonlat (4500x3251) to lonlat (360x170) grid, with source mask (9430184)
cdo    remapbil: Bilinear weights from lonlat (4500x3251) to lonlat (360x170) grid, with source mask (9384784)
cdo    remapbil: Bilinear weights from lonlat (4500x3251) to lonlat (360x170) grid, with source mask (9338856)
cdo    remapbil: Bilinear weights from lonlat (4500x3251) to lonlat (360x170) grid, with source mask (9244901)
cdo    remapbil: Bilinear weights from lonlat (4500x3251) to lonlat (360x170) grid, with source mask (9167129)
cdo    remapbil: Bilinear weights from lonlat (4500x3251) to lonlat (360x170) grid, with source mask (9032413)
cdo    remapbil: Bilinear weights from lonlat (4500x3251) to lonlat (360x170) grid, with source mask (8923756)
cdo    remapbil: Bilinear weights from lonlat (4500x3251) to lonlat (360x170) grid, with source mask (8825169)
cdo    remapbil: Bilinear weights from lonlat (4500x3251) to lonlat (360x170) grid, with source mask (8741043)
cdo    remapbil: Bilinear weights from lonlat (4500x3251) to lonlat (360x170) grid, with source mask (8669422)
cdo    remapbil: Bilinear weights from lonlat (4500x3251) to lonlat (360x170) grid, with source mask (8547872)
cdo    remapbil: Bilinear weights from lonlat (4500x3251) to lonlat (360x170) grid, with source mask (8453750)
cdo    remapbil: Bilinear weights from lonlat (4500x3251) to lonlat (360x170) grid, with source mask (8387576)
cdo    remapbil: Bilinear weights from lonlat (4500x3251) to lonlat (360x170) grid, with source mask (8336479)
cdo    remapbil: Bilinear weights from lonlat (4500x3251) to lonlat (360x170) grid, with source mask (8290417)
cdo    remapbil: Bilinear weights from lonlat (4500x3251) to lonlat (360x170) grid, with source mask (8247815)
cdo    remapbil: Bilinear weights from lonlat (4500x3251) to lonlat (360x170) grid, with source mask (8128477)
cdo    remapbil: Bilinear weights from lonlat (4500x3251) to lonlat (360x170) grid, with source mask (7994116)
cdo    remapbil: Bilinear weights from lonlat (4500x3251) to lonlat (360x170) grid, with source mask (7692126)
cdo    remapbil: Bilinear weights from lonlat (4500x3251) to lonlat (360x170) grid, with source mask (7286838)
cdo    remapbil: Bilinear weights from lonlat (4500x3251) to lonlat (360x170) grid, with source mask (6658426)
cdo    remapbil: Bilinear weights from lonlat (4500x3251) to lonlat (360x170) grid, with source mask (4336945)
cdo    remapbil: Bilinear weights from lonlat (4500x3251) to lonlat (360x170) grid, with source mask (1454435)
------------------------------------------------
Interplating /work/home/acrzcyisbk/HYCOM_monthly/uv3z/degree_0083/GLBv0.08_53X_archMN.2012_02_uv3z.nc
cdo    remapbil: Bilinear weights from lonlat (4500x3251) to lonlat (360x170) grid, with source mask (9974940)
cdo    remapbil: Bilinear weights from lonlat (4500x3251) to lonlat (360x170) grid, with source mask (9952885)
cdo    remapbil: Bilinear weights from lonlat (4500x3251) to lonlat (360x170) grid, with source mask (9939291)
cdo    remapbil: Bilinear weights from lonlat (4500x3251) to lonlat (360x170) grid, with source mask (9925415)
cdo    remapbil: Bilinear weights from lonlat (4500x3251) to lonlat (360x170) grid, with source mask (9909528)
cdo    remapbil: Bilinear weights from lonlat (4500x3251) to lonlat (360x170) grid, with source mask (9887620)
cdo    remapbil: Bilinear weights from lonlat (4500x3251) to lonlat (360x170) grid, with source mask (9846685)
cdo    remapbil: Bilinear weights from lonlat (4500x3251) to lonlat (360x170) grid, with source mask (9804573)
cdo    remapbil: Bilinear weights from lonlat (4500x3251) to lonlat (360x170) grid, with source mask (9767299)
cdo    remapbil: Bilinear weights from lonlat (4500x3251) to lonlat (360x170) grid, with source mask (9730643)
cdo    remapbil: Bilinear weights from lonlat (4500x3251) to lonlat (360x170) grid, with source mask (9691209)
cdo    remapbil: Bilinear weights from lonlat (4500x3251) to lonlat (360x170) grid, with source mask (9648582)
cdo    remapbil: Bilinear weights from lonlat (4500x3251) to lonlat (360x170) grid, with source mask (9606865)
cdo    remapbil: Bilinear weights from lonlat (4500x3251) to lonlat (360x170) grid, with source mask (9536477)
cdo    remapbil: Bilinear weights from lonlat (4500x3251) to lonlat (360x170) grid, with source mask (9480678)
cdo    remapbil: Bilinear weights from lonlat (4500x3251) to lonlat (360x170) grid, with source mask (9430184)
cdo    remapbil: Bilinear weights from lonlat (4500x3251) to lonlat (360x170) grid, with source mask (9384784)
cdo    remapbil: Bilinear weights from lonlat (4500x3251) to lonlat (360x170) grid, with source mask (9338856)
cdo    remapbil: Bilinear weights from lonlat (4500x3251) to lonlat (360x170) grid, with source mask (9244901)
cdo    remapbil: Bilinear weights from lonlat (4500x3251) to lonlat (360x170) grid, with source mask (9167129)
cdo    remapbil: Bilinear weights from lonlat (4500x3251) to lonlat (360x170) grid, with source mask (9032413)
cdo    remapbil: Bilinear weights from lonlat (4500x3251) to lonlat (360x170) grid, with source mask (8923756)
cdo    remapbil: Bilinear weights from lonlat (4500x3251) to lonlat (360x170) grid, with source mask (8825169)
cdo    remapbil: Bilinear weights from lonlat (4500x3251) to lonlat (360x170) grid, with source mask (8741043)
cdo    remapbil: Bilinear weights from lonlat (4500x3251) to lonlat (360x170) grid, with source mask (8669422)
cdo    remapbil: Bilinear weights from lonlat (4500x3251) to lonlat (360x170) grid, with source mask (8547872)
cdo    remapbil: Bilinear weights from lonlat (4500x3251) to lonlat (360x170) grid, with source mask (8453750)
cdo    remapbil: Bilinear weights from lonlat (4500x3251) to lonlat (360x170) grid, with source mask (8387576)
cdo    remapbil: Bilinear weights from lonlat (4500x3251) to lonlat (360x170) grid, with source mask (8336479)
cdo    remapbil: Bilinear weights from lonlat (4500x3251) to lonlat (360x170) grid, with source mask (8290417)
cdo    remapbil: Bilinear weights from lonlat (4500x3251) to lonlat (360x170) grid, with source mask (8247815)
cdo    remapbil: Bilinear weights from lonlat (4500x3251) to lonlat (360x170) grid, with source mask (8128477)
cdo    remapbil: Bilinear weights from lonlat (4500x3251) to lonlat (360x170) grid, with source mask (7994116)
cdo    remapbil: Bilinear weights from lonlat (4500x3251) to lonlat (360x170) grid, with source mask (7692126)
cdo    remapbil: Bilinear weights from lonlat (4500x3251) to lonlat (360x170) grid, with source mask (7286838)
cdo    remapbil: Bilinear weights from lonlat (4500x3251) to lonlat (360x170) grid, with source mask (6658426)
cdo    remapbil: Bilinear weights from lonlat (4500x3251) to lonlat (360x170) grid, with source mask (4336945)
cdo    remapbil: Bilinear weights from lonlat (4500x3251) to lonlat (360x170) grid, with source mask (1454435)
------------------------------------------------
Interplating /work/home/acrzcyisbk/HYCOM_monthly/uv3z/degree_0083/GLBv0.08_53X_archMN.2013_08_uv3z.nc
cdo    remapbil: Bilinear weights from lonlat (4500x3251) to lonlat (360x170) grid, with source mask (9974940)
cdo    remapbil: Bilinear weights from lonlat (4500x3251) to lonlat (360x170) grid, with source mask (9952885)
cdo    remapbil: Bilinear weights from lonlat (4500x3251) to lonlat (360x170) grid, with source mask (9939291)
cdo    remapbil: Bilinear weights from lonlat (4500x3251) to lonlat (360x170) grid, with source mask (9925415)
cdo    remapbil: Bilinear weights from lonlat (4500x3251) to lonlat (360x170) grid, with source mask (9909528)
cdo    remapbil: Bilinear weights from lonlat (4500x3251) to lonlat (360x170) grid, with source mask (9887620)
cdo    remapbil: Bilinear weights from lonlat (4500x3251) to lonlat (360x170) grid, with source mask (9846685)
cdo    remapbil: Bilinear weights from lonlat (4500x3251) to lonlat (360x170) grid, with source mask (9804573)
cdo    remapbil: Bilinear weights from lonlat (4500x3251) to lonlat (360x170) grid, with source mask (9767299)
cdo    remapbil: Bilinear weights from lonlat (4500x3251) to lonlat (360x170) grid, with source mask (9730643)
cdo    remapbil: Bilinear weights from lonlat (4500x3251) to lonlat (360x170) grid, with source mask (9691209)
cdo    remapbil: Bilinear weights from lonlat (4500x3251) to lonlat (360x170) grid, with source mask (9648582)
cdo    remapbil: Bilinear weights from lonlat (4500x3251) to lonlat (360x170) grid, with source mask (9606865)
cdo    remapbil: Bilinear weights from lonlat (4500x3251) to lonlat (360x170) grid, with source mask (9536477)
cdo    remapbil: Bilinear weights from lonlat (4500x3251) to lonlat (360x170) grid, with source mask (9480678)
cdo    remapbil: Bilinear weights from lonlat (4500x3251) to lonlat (360x170) grid, with source mask (9430184)
cdo    remapbil: Bilinear weights from lonlat (4500x3251) to lonlat (360x170) grid, with source mask (9384784)
cdo    remapbil: Bilinear weights from lonlat (4500x3251) to lonlat (360x170) grid, with source mask (9338856)
cdo    remapbil: Bilinear weights from lonlat (4500x3251) to lonlat (360x170) grid, with source mask (9244901)
cdo    remapbil: Bilinear weights from lonlat (4500x3251) to lonlat (360x170) grid, with source mask (9167129)
cdo    remapbil: Bilinear weights from lonlat (4500x3251) to lonlat (360x170) grid, with source mask (9032413)
cdo    remapbil: Bilinear weights from lonlat (4500x3251) to lonlat (360x170) grid, with source mask (8923756)
cdo    remapbil: Bilinear weights from lonlat (4500x3251) to lonlat (360x170) grid, with source mask (8825169)
cdo    remapbil: Bilinear weights from lonlat (4500x3251) to lonlat (360x170) grid, with source mask (8741043)
cdo    remapbil: Bilinear weights from lonlat (4500x3251) to lonlat (360x170) grid, with source mask (8669422)
cdo    remapbil: Bilinear weights from lonlat (4500x3251) to lonlat (360x170) grid, with source mask (8547872)
cdo    remapbil: Bilinear weights from lonlat (4500x3251) to lonlat (360x170) grid, with source mask (8453750)
cdo    remapbil: Bilinear weights from lonlat (4500x3251) to lonlat (360x170) grid, with source mask (8387576)
cdo    remapbil: Bilinear weights from lonlat (4500x3251) to lonlat (360x170) grid, with source mask (8336479)
cdo    remapbil: Bilinear weights from lonlat (4500x3251) to lonlat (360x170) grid, with source mask (8290417)
cdo    remapbil: Bilinear weights from lonlat (4500x3251) to lonlat (360x170) grid, with source mask (8247815)
cdo    remapbil: Bilinear weights from lonlat (4500x3251) to lonlat (360x170) grid, with source mask (8128477)
cdo    remapbil: Bilinear weights from lonlat (4500x3251) to lonlat (360x170) grid, with source mask (7994116)
cdo    remapbil: Bilinear weights from lonlat (4500x3251) to lonlat (360x170) grid, with source mask (7692126)
cdo    remapbil: Bilinear weights from lonlat (4500x3251) to lonlat (360x170) grid, with source mask (7286838)
cdo    remapbil: Bilinear weights from lonlat (4500x3251) to lonlat (360x170) grid, with source mask (6658426)
cdo    remapbil: Bilinear weights from lonlat (4500x3251) to lonlat (360x170) grid, with source mask (4336945)
cdo    remapbil: Bilinear weights from lonlat (4500x3251) to lonlat (360x170) grid, with source mask (1454435)
------------------------------------------------
Interplating /work/home/acrzcyisbk/HYCOM_monthly/uv3z/degree_0083/GLBv0.08_53X_archMN.2013_09_uv3z.nc
cdo    remapbil: Bilinear weights from lonlat (4500x3251) to lonlat (360x170) grid, with source mask (9974940)
cdo    remapbil: Bilinear weights from lonlat (4500x3251) to lonlat (360x170) grid, with source mask (9952885)
cdo    remapbil: Bilinear weights from lonlat (4500x3251) to lonlat (360x170) grid, with source mask (9939291)
cdo    remapbil: Bilinear weights from lonlat (4500x3251) to lonlat (360x170) grid, with source mask (9925415)
cdo    remapbil: Bilinear weights from lonlat (4500x3251) to lonlat (360x170) grid, with source mask (9909528)
cdo    remapbil: Bilinear weights from lonlat (4500x3251) to lonlat (360x170) grid, with source mask (9887620)
cdo    remapbil: Bilinear weights from lonlat (4500x3251) to lonlat (360x170) grid, with source mask (9846685)
cdo    remapbil: Bilinear weights from lonlat (4500x3251) to lonlat (360x170) grid, with source mask (9804573)
cdo    remapbil: Bilinear weights from lonlat (4500x3251) to lonlat (360x170) grid, with source mask (9767299)
cdo    remapbil: Bilinear weights from lonlat (4500x3251) to lonlat (360x170) grid, with source mask (9730643)
cdo    remapbil: Bilinear weights from lonlat (4500x3251) to lonlat (360x170) grid, with source mask (9691209)
cdo    remapbil: Bilinear weights from lonlat (4500x3251) to lonlat (360x170) grid, with source mask (9648582)
cdo    remapbil: Bilinear weights from lonlat (4500x3251) to lonlat (360x170) grid, with source mask (9606865)
cdo    remapbil: Bilinear weights from lonlat (4500x3251) to lonlat (360x170) grid, with source mask (9536477)
cdo    remapbil: Bilinear weights from lonlat (4500x3251) to lonlat (360x170) grid, with source mask (9480678)
cdo    remapbil: Bilinear weights from lonlat (4500x3251) to lonlat (360x170) grid, with source mask (9430184)
cdo    remapbil: Bilinear weights from lonlat (4500x3251) to lonlat (360x170) grid, with source mask (9384784)
cdo    remapbil: Bilinear weights from lonlat (4500x3251) to lonlat (360x170) grid, with source mask (9338856)
cdo    remapbil: Bilinear weights from lonlat (4500x3251) to lonlat (360x170) grid, with source mask (9244901)
cdo    remapbil: Bilinear weights from lonlat (4500x3251) to lonlat (360x170) grid, with source mask (9167129)
cdo    remapbil: Bilinear weights from lonlat (4500x3251) to lonlat (360x170) grid, with source mask (9032413)
cdo    remapbil: Bilinear weights from lonlat (4500x3251) to lonlat (360x170) grid, with source mask (8923756)
cdo    remapbil: Bilinear weights from lonlat (4500x3251) to lonlat (360x170) grid, with source mask (8825169)
cdo    remapbil: Bilinear weights from lonlat (4500x3251) to lonlat (360x170) grid, with source mask (8741043)
cdo    remapbil: Bilinear weights from lonlat (4500x3251) to lonlat (360x170) grid, with source mask (8669422)
cdo    remapbil: Bilinear weights from lonlat (4500x3251) to lonlat (360x170) grid, with source mask (8547872)
cdo    remapbil: Bilinear weights from lonlat (4500x3251) to lonlat (360x170) grid, with source mask (8453750)
cdo    remapbil: Bilinear weights from lonlat (4500x3251) to lonlat (360x170) grid, with source mask (8387576)
cdo    remapbil: Bilinear weights from lonlat (4500x3251) to lonlat (360x170) grid, with source mask (8336479)
cdo    remapbil: Bilinear weights from lonlat (4500x3251) to lonlat (360x170) grid, with source mask (8290417)
cdo    remapbil: Bilinear weights from lonlat (4500x3251) to lonlat (360x170) grid, with source mask (8247815)
cdo    remapbil: Bilinear weights from lonlat (4500x3251) to lonlat (360x170) grid, with source mask (8128477)
cdo    remapbil: Bilinear weights from lonlat (4500x3251) to lonlat (360x170) grid, with source mask (7994116)
cdo    remapbil: Bilinear weights from lonlat (4500x3251) to lonlat (360x170) grid, with source mask (7692126)
cdo    remapbil: Bilinear weights from lonlat (4500x3251) to lonlat (360x170) grid, with source mask (7286838)
cdo    remapbil: Bilinear weights from lonlat (4500x3251) to lonlat (360x170) grid, with source mask (6658426)
cdo    remapbil: Bilinear weights from lonlat (4500x3251) to lonlat (360x170) grid, with source mask (4336945)
cdo    remapbil: Bilinear weights from lonlat (4500x3251) to lonlat (360x170) grid, with source mask (1454435)
------------------------------------------------
Interplating /work/home/acrzcyisbk/HYCOM_monthly/uv3z/degree_0083/GLBv0.08_53X_archMN.2014_10_uv3z.nc
cdo    remapbil: Bilinear weights from lonlat (4500x3251) to lonlat (360x170) grid, with source mask (9974940)
cdo    remapbil: Bilinear weights from lonlat (4500x3251) to lonlat (360x170) grid, with source mask (9952885)
cdo    remapbil: Bilinear weights from lonlat (4500x3251) to lonlat (360x170) grid, with source mask (9939291)
cdo    remapbil: Bilinear weights from lonlat (4500x3251) to lonlat (360x170) grid, with source mask (9925415)
cdo    remapbil: Bilinear weights from lonlat (4500x3251) to lonlat (360x170) grid, with source mask (9909528)
cdo    remapbil: Bilinear weights from lonlat (4500x3251) to lonlat (360x170) grid, with source mask (9887620)
cdo    remapbil: Bilinear weights from lonlat (4500x3251) to lonlat (360x170) grid, with source mask (9846685)
cdo    remapbil: Bilinear weights from lonlat (4500x3251) to lonlat (360x170) grid, with source mask (9804573)
cdo    remapbil: Bilinear weights from lonlat (4500x3251) to lonlat (360x170) grid, with source mask (9767299)
cdo    remapbil: Bilinear weights from lonlat (4500x3251) to lonlat (360x170) grid, with source mask (9730643)
cdo    remapbil: Bilinear weights from lonlat (4500x3251) to lonlat (360x170) grid, with source mask (9691209)
cdo    remapbil: Bilinear weights from lonlat (4500x3251) to lonlat (360x170) grid, with source mask (9648582)
cdo    remapbil: Bilinear weights from lonlat (4500x3251) to lonlat (360x170) grid, with source mask (9606865)
cdo    remapbil: Bilinear weights from lonlat (4500x3251) to lonlat (360x170) grid, with source mask (9536477)
cdo    remapbil: Bilinear weights from lonlat (4500x3251) to lonlat (360x170) grid, with source mask (9480678)
cdo    remapbil: Bilinear weights from lonlat (4500x3251) to lonlat (360x170) grid, with source mask (9430184)
cdo    remapbil: Bilinear weights from lonlat (4500x3251) to lonlat (360x170) grid, with source mask (9384784)
cdo    remapbil: Bilinear weights from lonlat (4500x3251) to lonlat (360x170) grid, with source mask (9338856)
cdo    remapbil: Bilinear weights from lonlat (4500x3251) to lonlat (360x170) grid, with source mask (9244901)
cdo    remapbil: Bilinear weights from lonlat (4500x3251) to lonlat (360x170) grid, with source mask (9167129)
cdo    remapbil: Bilinear weights from lonlat (4500x3251) to lonlat (360x170) grid, with source mask (9032413)
cdo    remapbil: Bilinear weights from lonlat (4500x3251) to lonlat (360x170) grid, with source mask (8923756)
cdo    remapbil: Bilinear weights from lonlat (4500x3251) to lonlat (360x170) grid, with source mask (8825169)
cdo    remapbil: Bilinear weights from lonlat (4500x3251) to lonlat (360x170) grid, with source mask (8741043)
cdo    remapbil: Bilinear weights from lonlat (4500x3251) to lonlat (360x170) grid, with source mask (8669422)
cdo    remapbil: Bilinear weights from lonlat (4500x3251) to lonlat (360x170) grid, with source mask (8547872)
cdo    remapbil: Bilinear weights from lonlat (4500x3251) to lonlat (360x170) grid, with source mask (8453750)
cdo    remapbil: Bilinear weights from lonlat (4500x3251) to lonlat (360x170) grid, with source mask (8387576)
cdo    remapbil: Bilinear weights from lonlat (4500x3251) to lonlat (360x170) grid, with source mask (8336479)
cdo    remapbil: Bilinear weights from lonlat (4500x3251) to lonlat (360x170) grid, with source mask (8290417)
cdo    remapbil: Bilinear weights from lonlat (4500x3251) to lonlat (360x170) grid, with source mask (8247815)
cdo    remapbil: Bilinear weights from lonlat (4500x3251) to lonlat (360x170) grid, with source mask (8128477)
cdo    remapbil: Bilinear weights from lonlat (4500x3251) to lonlat (360x170) grid, with source mask (7994116)
cdo    remapbil: Bilinear weights from lonlat (4500x3251) to lonlat (360x170) grid, with source mask (7692126)
cdo    remapbil: Bilinear weights from lonlat (4500x3251) to lonlat (360x170) grid, with source mask (7286838)
cdo    remapbil: Bilinear weights from lonlat (4500x3251) to lonlat (360x170) grid, with source mask (6658426)
cdo    remapbil: Bilinear weights from lonlat (4500x3251) to lonlat (360x170) grid, with source mask (4336945)
cdo    remapbil: Bilinear weights from lonlat (4500x3251) to lonlat (360x170) grid, with source mask (1454435)
/work/home/acrzcyisbk/HYCOM_monthly/uv3z/degree_1/GLBv0.08_53X_archMN.1994_01_1994_12_uv3z.nc exists, skip
/work/home/acrzcyisbk/HYCOM_monthly/uv3z/degree_1/GLBv0.08_53X_archMN.1995_05_uv3z.nc exists, skip
/work/home/acrzcyisbk/HYCOM_monthly/uv3z/degree_1/GLBv0.08_53X_archMN.1995_07_uv3z.nc exists, skip
/work/home/acrzcyisbk/HYCOM_monthly/uv3z/degree_1/GLBv0.08_53X_archMN.1996_01_1996_12_uv3z.nc exists, skip
/work/home/acrzcyisbk/HYCOM_monthly/uv3z/degree_1/GLBv0.08_53X_archMN.1996_01_uv3z.nc exists, skip
/work/home/acrzcyisbk/HYCOM_monthly/uv3z/degree_1/GLBv0.08_53X_archMN.1996_03_uv3z.nc exists, skip
------------------------------------------------
Interplating /work/home/acrzcyisbk/HYCOM_monthly/uv3z/degree_0083/GLBv0.08_53X_archMN.1998_12_uv3z.nc
cdo    remapbil: Bilinear weights from lonlat (4500x3251) to lonlat (360x170) grid, with source mask (9974940)
cdo    remapbil: Bilinear weights from lonlat (4500x3251) to lonlat (360x170) grid, with source mask (9952885)
cdo    remapbil: Bilinear weights from lonlat (4500x3251) to lonlat (360x170) grid, with source mask (9939291)
cdo    remapbil: Bilinear weights from lonlat (4500x3251) to lonlat (360x170) grid, with source mask (9925415)
cdo    remapbil: Bilinear weights from lonlat (4500x3251) to lonlat (360x170) grid, with source mask (9909528)
cdo    remapbil: Bilinear weights from lonlat (4500x3251) to lonlat (360x170) grid, with source mask (9887620)
cdo    remapbil: Bilinear weights from lonlat (4500x3251) to lonlat (360x170) grid, with source mask (9846685)
cdo    remapbil: Bilinear weights from lonlat (4500x3251) to lonlat (360x170) grid, with source mask (9804573)
cdo    remapbil: Bilinear weights from lonlat (4500x3251) to lonlat (360x170) grid, with source mask (9767299)
cdo    remapbil: Bilinear weights from lonlat (4500x3251) to lonlat (360x170) grid, with source mask (9730643)
cdo    remapbil: Bilinear weights from lonlat (4500x3251) to lonlat (360x170) grid, with source mask (9691209)
cdo    remapbil: Bilinear weights from lonlat (4500x3251) to lonlat (360x170) grid, with source mask (9648582)
cdo    remapbil: Bilinear weights from lonlat (4500x3251) to lonlat (360x170) grid, with source mask (9606865)
cdo    remapbil: Bilinear weights from lonlat (4500x3251) to lonlat (360x170) grid, with source mask (9536477)
cdo    remapbil: Bilinear weights from lonlat (4500x3251) to lonlat (360x170) grid, with source mask (9480678)
cdo    remapbil: Bilinear weights from lonlat (4500x3251) to lonlat (360x170) grid, with source mask (9430184)
cdo    remapbil: Bilinear weights from lonlat (4500x3251) to lonlat (360x170) grid, with source mask (9384784)
cdo    remapbil: Bilinear weights from lonlat (4500x3251) to lonlat (360x170) grid, with source mask (9338856)
cdo    remapbil: Bilinear weights from lonlat (4500x3251) to lonlat (360x170) grid, with source mask (9244901)
cdo    remapbil: Bilinear weights from lonlat (4500x3251) to lonlat (360x170) grid, with source mask (9167129)
cdo    remapbil: Bilinear weights from lonlat (4500x3251) to lonlat (360x170) grid, with source mask (9032413)
cdo    remapbil: Bilinear weights from lonlat (4500x3251) to lonlat (360x170) grid, with source mask (8923756)
cdo    remapbil: Bilinear weights from lonlat (4500x3251) to lonlat (360x170) grid, with source mask (8825169)
cdo    remapbil: Bilinear weights from lonlat (4500x3251) to lonlat (360x170) grid, with source mask (8741043)
cdo    remapbil: Bilinear weights from lonlat (4500x3251) to lonlat (360x170) grid, with source mask (8669422)
cdo    remapbil: Bilinear weights from lonlat (4500x3251) to lonlat (360x170) grid, with source mask (8547872)
cdo    remapbil: Bilinear weights from lonlat (4500x3251) to lonlat (360x170) grid, with source mask (8453750)
cdo    remapbil: Bilinear weights from lonlat (4500x3251) to lonlat (360x170) grid, with source mask (8387576)
cdo    remapbil: Bilinear weights from lonlat (4500x3251) to lonlat (360x170) grid, with source mask (8336479)
cdo    remapbil: Bilinear weights from lonlat (4500x3251) to lonlat (360x170) grid, with source mask (8290417)
cdo    remapbil: Bilinear weights from lonlat (4500x3251) to lonlat (360x170) grid, with source mask (8247815)
cdo    remapbil: Bilinear weights from lonlat (4500x3251) to lonlat (360x170) grid, with source mask (8128477)
cdo    remapbil: Bilinear weights from lonlat (4500x3251) to lonlat (360x170) grid, with source mask (7994116)
cdo    remapbil: Bilinear weights from lonlat (4500x3251) to lonlat (360x170) grid, with source mask (7692126)
cdo    remapbil: Bilinear weights from lonlat (4500x3251) to lonlat (360x170) grid, with source mask (7286838)
cdo    remapbil: Bilinear weights from lonlat (4500x3251) to lonlat (360x170) grid, with source mask (6658426)
cdo    remapbil: Bilinear weights from lonlat (4500x3251) to lonlat (360x170) grid, with source mask (4336945)
cdo    remapbil: Bilinear weights from lonlat (4500x3251) to lonlat (360x170) grid, with source mask (1454435)
------------------------------------------------
Interplating /work/home/acrzcyisbk/HYCOM_monthly/uv3z/degree_0083/GLBv0.08_53X_archMN.1999_01_1999_12_uv3z.nc
cdo    remapbil: Bilinear weights from lonlat (4500x3251) to lonlat (360x170) grid, with source mask (9974940)
cdo    remapbil: Bilinear weights from lonlat (4500x3251) to lonlat (360x170) grid, with source mask (9952885)
cdo    remapbil: Bilinear weights from lonlat (4500x3251) to lonlat (360x170) grid, with source mask (9939291)
cdo    remapbil: Bilinear weights from lonlat (4500x3251) to lonlat (360x170) grid, with source mask (9925415)
cdo    remapbil: Bilinear weights from lonlat (4500x3251) to lonlat (360x170) grid, with source mask (9909528)
cdo    remapbil: Bilinear weights from lonlat (4500x3251) to lonlat (360x170) grid, with source mask (9887620)
cdo    remapbil: Bilinear weights from lonlat (4500x3251) to lonlat (360x170) grid, with source mask (9846685)
cdo    remapbil: Bilinear weights from lonlat (4500x3251) to lonlat (360x170) grid, with source mask (9804573)
cdo    remapbil: Bilinear weights from lonlat (4500x3251) to lonlat (360x170) grid, with source mask (9767299)
cdo    remapbil: Bilinear weights from lonlat (4500x3251) to lonlat (360x170) grid, with source mask (9730643)
cdo    remapbil: Bilinear weights from lonlat (4500x3251) to lonlat (360x170) grid, with source mask (9691209)
cdo    remapbil: Bilinear weights from lonlat (4500x3251) to lonlat (360x170) grid, with source mask (9648582)
cdo    remapbil: Bilinear weights from lonlat (4500x3251) to lonlat (360x170) grid, with source mask (9606865)
cdo    remapbil: Bilinear weights from lonlat (4500x3251) to lonlat (360x170) grid, with source mask (9536477)
cdo    remapbil: Bilinear weights from lonlat (4500x3251) to lonlat (360x170) grid, with source mask (9480678)
cdo    remapbil: Bilinear weights from lonlat (4500x3251) to lonlat (360x170) grid, with source mask (9430184)
cdo    remapbil: Bilinear weights from lonlat (4500x3251) to lonlat (360x170) grid, with source mask (9384784)
cdo    remapbil: Bilinear weights from lonlat (4500x3251) to lonlat (360x170) grid, with source mask (9338856)
cdo    remapbil: Bilinear weights from lonlat (4500x3251) to lonlat (360x170) grid, with source mask (9244901)
cdo    remapbil: Bilinear weights from lonlat (4500x3251) to lonlat (360x170) grid, with source mask (9167129)
cdo    remapbil: Bilinear weights from lonlat (4500x3251) to lonlat (360x170) grid, with source mask (9032413)
cdo    remapbil: Bilinear weights from lonlat (4500x3251) to lonlat (360x170) grid, with source mask (8923756)
cdo    remapbil: Bilinear weights from lonlat (4500x3251) to lonlat (360x170) grid, with source mask (8825169)
cdo    remapbil: Bilinear weights from lonlat (4500x3251) to lonlat (360x170) grid, with source mask (8741043)
cdo    remapbil: Bilinear weights from lonlat (4500x3251) to lonlat (360x170) grid, with source mask (8669422)
cdo    remapbil: Bilinear weights from lonlat (4500x3251) to lonlat (360x170) grid, with source mask (8547872)
cdo    remapbil: Bilinear weights from lonlat (4500x3251) to lonlat (360x170) grid, with source mask (8453750)
cdo    remapbil: Bilinear weights from lonlat (4500x3251) to lonlat (360x170) grid, with source mask (8387576)
cdo    remapbil: Bilinear weights from lonlat (4500x3251) to lonlat (360x170) grid, with source mask (8336479)
cdo    remapbil: Bilinear weights from lonlat (4500x3251) to lonlat (360x170) grid, with source mask (8290417)
cdo    remapbil: Bilinear weights from lonlat (4500x3251) to lonlat (360x170) grid, with source mask (8247815)
cdo    remapbil: Bilinear weights from lonlat (4500x3251) to lonlat (360x170) grid, with source mask (8128477)
cdo    remapbil: Bilinear weights from lonlat (4500x3251) to lonlat (360x170) grid, with source mask (7994116)
cdo    remapbil: Bilinear weights from lonlat (4500x3251) to lonlat (360x170) grid, with source mask (7692126)
cdo    remapbil: Bilinear weights from lonlat (4500x3251) to lonlat (360x170) grid, with source mask (7286838)
cdo    remapbil: Bilinear weights from lonlat (4500x3251) to lonlat (360x170) grid, with source mask (6658426)
cdo    remapbil: Bilinear weights from lonlat (4500x3251) to lonlat (360x170) grid, with source mask (4336945)
cdo    remapbil: Bilinear weights from lonlat (4500x3251) to lonlat (360x170) grid, with source mask (1454435)
------------------------------------------------
Interplating /work/home/acrzcyisbk/HYCOM_monthly/uv3z/degree_0083/GLBv0.08_53X_archMN.1999_05_uv3z.nc
cdo    remapbil: Bilinear weights from lonlat (4500x3251) to lonlat (360x170) grid, with source mask (9974940)
cdo    remapbil: Bilinear weights from lonlat (4500x3251) to lonlat (360x170) grid, with source mask (9952885)
cdo    remapbil: Bilinear weights from lonlat (4500x3251) to lonlat (360x170) grid, with source mask (9939291)
cdo    remapbil: Bilinear weights from lonlat (4500x3251) to lonlat (360x170) grid, with source mask (9925415)
cdo    remapbil: Bilinear weights from lonlat (4500x3251) to lonlat (360x170) grid, with source mask (9909528)
cdo    remapbil: Bilinear weights from lonlat (4500x3251) to lonlat (360x170) grid, with source mask (9887620)
cdo    remapbil: Bilinear weights from lonlat (4500x3251) to lonlat (360x170) grid, with source mask (9846685)
cdo    remapbil: Bilinear weights from lonlat (4500x3251) to lonlat (360x170) grid, with source mask (9804573)
cdo    remapbil: Bilinear weights from lonlat (4500x3251) to lonlat (360x170) grid, with source mask (9767299)
cdo    remapbil: Bilinear weights from lonlat (4500x3251) to lonlat (360x170) grid, with source mask (9730643)
cdo    remapbil: Bilinear weights from lonlat (4500x3251) to lonlat (360x170) grid, with source mask (9691209)
cdo    remapbil: Bilinear weights from lonlat (4500x3251) to lonlat (360x170) grid, with source mask (9648582)
cdo    remapbil: Bilinear weights from lonlat (4500x3251) to lonlat (360x170) grid, with source mask (9606865)
cdo    remapbil: Bilinear weights from lonlat (4500x3251) to lonlat (360x170) grid, with source mask (9536477)
cdo    remapbil: Bilinear weights from lonlat (4500x3251) to lonlat (360x170) grid, with source mask (9480678)
cdo    remapbil: Bilinear weights from lonlat (4500x3251) to lonlat (360x170) grid, with source mask (9430184)
cdo    remapbil: Bilinear weights from lonlat (4500x3251) to lonlat (360x170) grid, with source mask (9384784)
cdo    remapbil: Bilinear weights from lonlat (4500x3251) to lonlat (360x170) grid, with source mask (9338856)
cdo    remapbil: Bilinear weights from lonlat (4500x3251) to lonlat (360x170) grid, with source mask (9244901)
cdo    remapbil: Bilinear weights from lonlat (4500x3251) to lonlat (360x170) grid, with source mask (9167129)
cdo    remapbil: Bilinear weights from lonlat (4500x3251) to lonlat (360x170) grid, with source mask (9032413)
cdo    remapbil: Bilinear weights from lonlat (4500x3251) to lonlat (360x170) grid, with source mask (8923756)
cdo    remapbil: Bilinear weights from lonlat (4500x3251) to lonlat (360x170) grid, with source mask (8825169)
cdo    remapbil: Bilinear weights from lonlat (4500x3251) to lonlat (360x170) grid, with source mask (8741043)
cdo    remapbil: Bilinear weights from lonlat (4500x3251) to lonlat (360x170) grid, with source mask (8669422)
cdo    remapbil: Bilinear weights from lonlat (4500x3251) to lonlat (360x170) grid, with source mask (8547872)
cdo    remapbil: Bilinear weights from lonlat (4500x3251) to lonlat (360x170) grid, with source mask (8453750)
cdo    remapbil: Bilinear weights from lonlat (4500x3251) to lonlat (360x170) grid, with source mask (8387576)
cdo    remapbil: Bilinear weights from lonlat (4500x3251) to lonlat (360x170) grid, with source mask (8336479)
cdo    remapbil: Bilinear weights from lonlat (4500x3251) to lonlat (360x170) grid, with source mask (8290417)
cdo    remapbil: Bilinear weights from lonlat (4500x3251) to lonlat (360x170) grid, with source mask (8247815)
cdo    remapbil: Bilinear weights from lonlat (4500x3251) to lonlat (360x170) grid, with source mask (8128477)
cdo    remapbil: Bilinear weights from lonlat (4500x3251) to lonlat (360x170) grid, with source mask (7994116)
cdo    remapbil: Bilinear weights from lonlat (4500x3251) to lonlat (360x170) grid, with source mask (7692126)
cdo    remapbil: Bilinear weights from lonlat (4500x3251) to lonlat (360x170) grid, with source mask (7286838)
cdo    remapbil: Bilinear weights from lonlat (4500x3251) to lonlat (360x170) grid, with source mask (6658426)
cdo    remapbil: Bilinear weights from lonlat (4500x3251) to lonlat (360x170) grid, with source mask (4336945)
cdo    remapbil: Bilinear weights from lonlat (4500x3251) to lonlat (360x170) grid, with source mask (1454435)
------------------------------------------------
Interplating /work/home/acrzcyisbk/HYCOM_monthly/uv3z/degree_0083/GLBv0.08_53X_archMN.1999_07_uv3z.nc
cdo    remapbil: Bilinear weights from lonlat (4500x3251) to lonlat (360x170) grid, with source mask (9974940)
cdo    remapbil: Bilinear weights from lonlat (4500x3251) to lonlat (360x170) grid, with source mask (9952885)
cdo    remapbil: Bilinear weights from lonlat (4500x3251) to lonlat (360x170) grid, with source mask (9939291)
cdo    remapbil: Bilinear weights from lonlat (4500x3251) to lonlat (360x170) grid, with source mask (9925415)
cdo    remapbil: Bilinear weights from lonlat (4500x3251) to lonlat (360x170) grid, with source mask (9909528)
cdo    remapbil: Bilinear weights from lonlat (4500x3251) to lonlat (360x170) grid, with source mask (9887620)
cdo    remapbil: Bilinear weights from lonlat (4500x3251) to lonlat (360x170) grid, with source mask (9846685)
cdo    remapbil: Bilinear weights from lonlat (4500x3251) to lonlat (360x170) grid, with source mask (9804573)
cdo    remapbil: Bilinear weights from lonlat (4500x3251) to lonlat (360x170) grid, with source mask (9767299)
cdo    remapbil: Bilinear weights from lonlat (4500x3251) to lonlat (360x170) grid, with source mask (9730643)
cdo    remapbil: Bilinear weights from lonlat (4500x3251) to lonlat (360x170) grid, with source mask (9691209)
cdo    remapbil: Bilinear weights from lonlat (4500x3251) to lonlat (360x170) grid, with source mask (9648582)
cdo    remapbil: Bilinear weights from lonlat (4500x3251) to lonlat (360x170) grid, with source mask (9606865)
cdo    remapbil: Bilinear weights from lonlat (4500x3251) to lonlat (360x170) grid, with source mask (9536477)
cdo    remapbil: Bilinear weights from lonlat (4500x3251) to lonlat (360x170) grid, with source mask (9480678)
cdo    remapbil: Bilinear weights from lonlat (4500x3251) to lonlat (360x170) grid, with source mask (9430184)
cdo    remapbil: Bilinear weights from lonlat (4500x3251) to lonlat (360x170) grid, with source mask (9384784)
cdo    remapbil: Bilinear weights from lonlat (4500x3251) to lonlat (360x170) grid, with source mask (9338856)
cdo    remapbil: Bilinear weights from lonlat (4500x3251) to lonlat (360x170) grid, with source mask (9244901)
cdo    remapbil: Bilinear weights from lonlat (4500x3251) to lonlat (360x170) grid, with source mask (9167129)
cdo    remapbil: Bilinear weights from lonlat (4500x3251) to lonlat (360x170) grid, with source mask (9032413)
cdo    remapbil: Bilinear weights from lonlat (4500x3251) to lonlat (360x170) grid, with source mask (8923756)
cdo    remapbil: Bilinear weights from lonlat (4500x3251) to lonlat (360x170) grid, with source mask (8825169)
cdo    remapbil: Bilinear weights from lonlat (4500x3251) to lonlat (360x170) grid, with source mask (8741043)
cdo    remapbil: Bilinear weights from lonlat (4500x3251) to lonlat (360x170) grid, with source mask (8669422)
cdo    remapbil: Bilinear weights from lonlat (4500x3251) to lonlat (360x170) grid, with source mask (8547872)
cdo    remapbil: Bilinear weights from lonlat (4500x3251) to lonlat (360x170) grid, with source mask (8453750)
cdo    remapbil: Bilinear weights from lonlat (4500x3251) to lonlat (360x170) grid, with source mask (8387576)
cdo    remapbil: Bilinear weights from lonlat (4500x3251) to lonlat (360x170) grid, with source mask (8336479)
cdo    remapbil: Bilinear weights from lonlat (4500x3251) to lonlat (360x170) grid, with source mask (8290417)
cdo    remapbil: Bilinear weights from lonlat (4500x3251) to lonlat (360x170) grid, with source mask (8247815)
cdo    remapbil: Bilinear weights from lonlat (4500x3251) to lonlat (360x170) grid, with source mask (8128477)
cdo    remapbil: Bilinear weights from lonlat (4500x3251) to lonlat (360x170) grid, with source mask (7994116)
cdo    remapbil: Bilinear weights from lonlat (4500x3251) to lonlat (360x170) grid, with source mask (7692126)
cdo    remapbil: Bilinear weights from lonlat (4500x3251) to lonlat (360x170) grid, with source mask (7286838)
cdo    remapbil: Bilinear weights from lonlat (4500x3251) to lonlat (360x170) grid, with source mask (6658426)
cdo    remapbil: Bilinear weights from lonlat (4500x3251) to lonlat (360x170) grid, with source mask (4336945)
cdo    remapbil: Bilinear weights from lonlat (4500x3251) to lonlat (360x170) grid, with source mask (1454435)
------------------------------------------------
Interplating /work/home/acrzcyisbk/HYCOM_monthly/uv3z/degree_0083/GLBv0.08_53X_archMN.2000_01_2000_12_uv3z.nc
cdo    remapbil: Bilinear weights from lonlat (4500x3251) to lonlat (360x170) grid, with source mask (9974940)
cdo    remapbil: Bilinear weights from lonlat (4500x3251) to lonlat (360x170) grid, with source mask (9952885)
cdo    remapbil: Bilinear weights from lonlat (4500x3251) to lonlat (360x170) grid, with source mask (9939291)
cdo    remapbil: Bilinear weights from lonlat (4500x3251) to lonlat (360x170) grid, with source mask (9925415)
cdo    remapbil: Bilinear weights from lonlat (4500x3251) to lonlat (360x170) grid, with source mask (9909528)
cdo    remapbil: Bilinear weights from lonlat (4500x3251) to lonlat (360x170) grid, with source mask (9887620)
cdo    remapbil: Bilinear weights from lonlat (4500x3251) to lonlat (360x170) grid, with source mask (9846685)
cdo    remapbil: Bilinear weights from lonlat (4500x3251) to lonlat (360x170) grid, with source mask (9804573)
cdo    remapbil: Bilinear weights from lonlat (4500x3251) to lonlat (360x170) grid, with source mask (9767299)
cdo    remapbil: Bilinear weights from lonlat (4500x3251) to lonlat (360x170) grid, with source mask (9730643)
cdo    remapbil: Bilinear weights from lonlat (4500x3251) to lonlat (360x170) grid, with source mask (9691209)
cdo    remapbil: Bilinear weights from lonlat (4500x3251) to lonlat (360x170) grid, with source mask (9648582)
cdo    remapbil: Bilinear weights from lonlat (4500x3251) to lonlat (360x170) grid, with source mask (9606865)
cdo    remapbil: Bilinear weights from lonlat (4500x3251) to lonlat (360x170) grid, with source mask (9536477)
cdo    remapbil: Bilinear weights from lonlat (4500x3251) to lonlat (360x170) grid, with source mask (9480678)
cdo    remapbil: Bilinear weights from lonlat (4500x3251) to lonlat (360x170) grid, with source mask (9430184)
cdo    remapbil: Bilinear weights from lonlat (4500x3251) to lonlat (360x170) grid, with source mask (9384784)
cdo    remapbil: Bilinear weights from lonlat (4500x3251) to lonlat (360x170) grid, with source mask (9338856)
cdo    remapbil: Bilinear weights from lonlat (4500x3251) to lonlat (360x170) grid, with source mask (9244901)
cdo    remapbil: Bilinear weights from lonlat (4500x3251) to lonlat (360x170) grid, with source mask (9167129)
cdo    remapbil: Bilinear weights from lonlat (4500x3251) to lonlat (360x170) grid, with source mask (9032413)
cdo    remapbil: Bilinear weights from lonlat (4500x3251) to lonlat (360x170) grid, with source mask (8923756)
cdo    remapbil: Bilinear weights from lonlat (4500x3251) to lonlat (360x170) grid, with source mask (8825169)
cdo    remapbil: Bilinear weights from lonlat (4500x3251) to lonlat (360x170) grid, with source mask (8741043)
cdo    remapbil: Bilinear weights from lonlat (4500x3251) to lonlat (360x170) grid, with source mask (8669422)
cdo    remapbil: Bilinear weights from lonlat (4500x3251) to lonlat (360x170) grid, with source mask (8547872)
cdo    remapbil: Bilinear weights from lonlat (4500x3251) to lonlat (360x170) grid, with source mask (8453750)
cdo    remapbil: Bilinear weights from lonlat (4500x3251) to lonlat (360x170) grid, with source mask (8387576)
cdo    remapbil: Bilinear weights from lonlat (4500x3251) to lonlat (360x170) grid, with source mask (8336479)
cdo    remapbil: Bilinear weights from lonlat (4500x3251) to lonlat (360x170) grid, with source mask (8290417)
cdo    remapbil: Bilinear weights from lonlat (4500x3251) to lonlat (360x170) grid, with source mask (8247815)
cdo    remapbil: Bilinear weights from lonlat (4500x3251) to lonlat (360x170) grid, with source mask (8128477)
cdo    remapbil: Bilinear weights from lonlat (4500x3251) to lonlat (360x170) grid, with source mask (7994116)
cdo    remapbil: Bilinear weights from lonlat (4500x3251) to lonlat (360x170) grid, with source mask (7692126)
cdo    remapbil: Bilinear weights from lonlat (4500x3251) to lonlat (360x170) grid, with source mask (7286838)
cdo    remapbil: Bilinear weights from lonlat (4500x3251) to lonlat (360x170) grid, with source mask (6658426)
cdo    remapbil: Bilinear weights from lonlat (4500x3251) to lonlat (360x170) grid, with source mask (4336945)
cdo    remapbil: Bilinear weights from lonlat (4500x3251) to lonlat (360x170) grid, with source mask (1454435)
------------------------------------------------
Interplating /work/home/acrzcyisbk/HYCOM_monthly/uv3z/degree_0083/GLBv0.08_53X_archMN.2000_12_uv3z.nc
cdo    remapbil: Bilinear weights from lonlat (4500x3251) to lonlat (360x170) grid, with source mask (9974940)
cdo    remapbil: Bilinear weights from lonlat (4500x3251) to lonlat (360x170) grid, with source mask (9952885)
cdo    remapbil: Bilinear weights from lonlat (4500x3251) to lonlat (360x170) grid, with source mask (9939291)
cdo    remapbil: Bilinear weights from lonlat (4500x3251) to lonlat (360x170) grid, with source mask (9925415)
cdo    remapbil: Bilinear weights from lonlat (4500x3251) to lonlat (360x170) grid, with source mask (9909528)
cdo    remapbil: Bilinear weights from lonlat (4500x3251) to lonlat (360x170) grid, with source mask (9887620)
cdo    remapbil: Bilinear weights from lonlat (4500x3251) to lonlat (360x170) grid, with source mask (9846685)
cdo    remapbil: Bilinear weights from lonlat (4500x3251) to lonlat (360x170) grid, with source mask (9804573)
cdo    remapbil: Bilinear weights from lonlat (4500x3251) to lonlat (360x170) grid, with source mask (9767299)
cdo    remapbil: Bilinear weights from lonlat (4500x3251) to lonlat (360x170) grid, with source mask (9730643)
cdo    remapbil: Bilinear weights from lonlat (4500x3251) to lonlat (360x170) grid, with source mask (9691209)
cdo    remapbil: Bilinear weights from lonlat (4500x3251) to lonlat (360x170) grid, with source mask (9648582)
cdo    remapbil: Bilinear weights from lonlat (4500x3251) to lonlat (360x170) grid, with source mask (9606865)
cdo    remapbil: Bilinear weights from lonlat (4500x3251) to lonlat (360x170) grid, with source mask (9536477)
cdo    remapbil: Bilinear weights from lonlat (4500x3251) to lonlat (360x170) grid, with source mask (9480678)
cdo    remapbil: Bilinear weights from lonlat (4500x3251) to lonlat (360x170) grid, with source mask (9430184)
cdo    remapbil: Bilinear weights from lonlat (4500x3251) to lonlat (360x170) grid, with source mask (9384784)
cdo    remapbil: Bilinear weights from lonlat (4500x3251) to lonlat (360x170) grid, with source mask (9338856)
cdo    remapbil: Bilinear weights from lonlat (4500x3251) to lonlat (360x170) grid, with source mask (9244901)
cdo    remapbil: Bilinear weights from lonlat (4500x3251) to lonlat (360x170) grid, with source mask (9167129)
cdo    remapbil: Bilinear weights from lonlat (4500x3251) to lonlat (360x170) grid, with source mask (9032413)
cdo    remapbil: Bilinear weights from lonlat (4500x3251) to lonlat (360x170) grid, with source mask (8923756)
cdo    remapbil: Bilinear weights from lonlat (4500x3251) to lonlat (360x170) grid, with source mask (8825169)
cdo    remapbil: Bilinear weights from lonlat (4500x3251) to lonlat (360x170) grid, with source mask (8741043)
cdo    remapbil: Bilinear weights from lonlat (4500x3251) to lonlat (360x170) grid, with source mask (8669422)
cdo    remapbil: Bilinear weights from lonlat (4500x3251) to lonlat (360x170) grid, with source mask (8547872)
cdo    remapbil: Bilinear weights from lonlat (4500x3251) to lonlat (360x170) grid, with source mask (8453750)
cdo    remapbil: Bilinear weights from lonlat (4500x3251) to lonlat (360x170) grid, with source mask (8387576)
cdo    remapbil: Bilinear weights from lonlat (4500x3251) to lonlat (360x170) grid, with source mask (8336479)
cdo    remapbil: Bilinear weights from lonlat (4500x3251) to lonlat (360x170) grid, with source mask (8290417)
cdo    remapbil: Bilinear weights from lonlat (4500x3251) to lonlat (360x170) grid, with source mask (8247815)
cdo    remapbil: Bilinear weights from lonlat (4500x3251) to lonlat (360x170) grid, with source mask (8128477)
cdo    remapbil: Bilinear weights from lonlat (4500x3251) to lonlat (360x170) grid, with source mask (7994116)
cdo    remapbil: Bilinear weights from lonlat (4500x3251) to lonlat (360x170) grid, with source mask (7692126)
cdo    remapbil: Bilinear weights from lonlat (4500x3251) to lonlat (360x170) grid, with source mask (7286838)
cdo    remapbil: Bilinear weights from lonlat (4500x3251) to lonlat (360x170) grid, with source mask (6658426)
cdo    remapbil: Bilinear weights from lonlat (4500x3251) to lonlat (360x170) grid, with source mask (4336945)
cdo    remapbil: Bilinear weights from lonlat (4500x3251) to lonlat (360x170) grid, with source mask (1454435)
------------------------------------------------
Interplating /work/home/acrzcyisbk/HYCOM_monthly/uv3z/degree_0083/GLBv0.08_53X_archMN.2001_05_uv3z.nc
cdo    remapbil: Bilinear weights from lonlat (4500x3251) to lonlat (360x170) grid, with source mask (9974940)
cdo    remapbil: Bilinear weights from lonlat (4500x3251) to lonlat (360x170) grid, with source mask (9952885)
cdo    remapbil: Bilinear weights from lonlat (4500x3251) to lonlat (360x170) grid, with source mask (9939291)
cdo    remapbil: Bilinear weights from lonlat (4500x3251) to lonlat (360x170) grid, with source mask (9925415)
cdo    remapbil: Bilinear weights from lonlat (4500x3251) to lonlat (360x170) grid, with source mask (9909528)
cdo    remapbil: Bilinear weights from lonlat (4500x3251) to lonlat (360x170) grid, with source mask (9887620)
cdo    remapbil: Bilinear weights from lonlat (4500x3251) to lonlat (360x170) grid, with source mask (9846685)
cdo    remapbil: Bilinear weights from lonlat (4500x3251) to lonlat (360x170) grid, with source mask (9804573)
cdo    remapbil: Bilinear weights from lonlat (4500x3251) to lonlat (360x170) grid, with source mask (9767299)
cdo    remapbil: Bilinear weights from lonlat (4500x3251) to lonlat (360x170) grid, with source mask (9730643)
cdo    remapbil: Bilinear weights from lonlat (4500x3251) to lonlat (360x170) grid, with source mask (9691209)
cdo    remapbil: Bilinear weights from lonlat (4500x3251) to lonlat (360x170) grid, with source mask (9648582)
cdo    remapbil: Bilinear weights from lonlat (4500x3251) to lonlat (360x170) grid, with source mask (9606865)
cdo    remapbil: Bilinear weights from lonlat (4500x3251) to lonlat (360x170) grid, with source mask (11588764)
cdo    remapbil: Bilinear weights from lonlat (4500x3251) to lonlat (360x170) grid, with source mask (13909414)
cdo    remapbil: Bilinear weights from lonlat (4500x3251) to lonlat (360x170) grid, with source mask (13909414)
cdo    remapbil: Bilinear weights from lonlat (4500x3251) to lonlat (360x170) grid, with source mask (13909414)
cdo    remapbil: Bilinear weights from lonlat (4500x3251) to lonlat (360x170) grid, with source mask (14269457)
cdo    remapbil: Bilinear weights from lonlat (4500x3251) to lonlat (360x170) grid, with source mask (13909414)
cdo    remapbil: Bilinear weights from lonlat (4500x3251) to lonlat (360x170) grid, with source mask (13909414)
cdo    remapbil: Bilinear weights from lonlat (4500x3251) to lonlat (360x170) grid, with source mask (13909414)
cdo    remapbil: Bilinear weights from lonlat (4500x3251) to lonlat (360x170) grid, with source mask (14269457)
cdo    remapbil: Bilinear weights from lonlat (4500x3251) to lonlat (360x170) grid, with source mask (13909414)
cdo    remapbil: Bilinear weights from lonlat (4500x3251) to lonlat (360x170) grid, with source mask (13909414)
cdo    remapbil: Bilinear weights from lonlat (4500x3251) to lonlat (360x170) grid, with source mask (13909414)
cdo    remapbil: Bilinear weights from lonlat (4500x3251) to lonlat (360x170) grid, with source mask (14269457)
cdo    remapbil: Bilinear weights from lonlat (4500x3251) to lonlat (360x170) grid, with source mask (13909414)
cdo    remapbil: Bilinear weights from lonlat (4500x3251) to lonlat (360x170) grid, with source mask (13909414)
cdo    remapbil: Bilinear weights from lonlat (4500x3251) to lonlat (360x170) grid, with source mask (13909414)
cdo    remapbil: Bilinear weights from lonlat (4500x3251) to lonlat (360x170) grid, with source mask (14269457)
cdo    remapbil: Bilinear weights from lonlat (4500x3251) to lonlat (360x170) grid, with source mask (13909414)
cdo    remapbil: Bilinear weights from lonlat (4500x3251) to lonlat (360x170) grid, with source mask (13909414)
cdo    remapbil: Bilinear weights from lonlat (4500x3251) to lonlat (360x170) grid, with source mask (13909414)
cdo    remapbil: Bilinear weights from lonlat (4500x3251) to lonlat (360x170) grid, with source mask (14269457)
cdo    remapbil: Bilinear weights from lonlat (4500x3251) to lonlat (360x170) grid, with source mask (13909414)
cdo    remapbil: Bilinear weights from lonlat (4500x3251) to lonlat (360x170) grid, with source mask (13909414)
cdo    remapbil: Bilinear weights from lonlat (4500x3251) to lonlat (360x170) grid, with source mask (13909414)
cdo    remapbil: Bilinear weights from lonlat (4500x3251) to lonlat (360x170) grid, with source mask (14269457)
cdo    remapbil: Bilinear weights from lonlat (4500x3251) to lonlat (360x170) grid, with source mask (13909414)
cdo    remapbil: Bilinear weights from lonlat (4500x3251) to lonlat (360x170) grid, with source mask (13909414)
cdo    remapbil: Bilinear weights from lonlat (4500x3251) to lonlat (360x170) grid, with source mask (14269457)
cdo    remapbil: Bilinear weights from lonlat (4500x3251) to lonlat (360x170) grid, with source mask (14603950)
cdo    remapbil: Bilinear weights from lonlat (4500x3251) to lonlat (360x170) grid, with source mask (14603950)
cdo    remapbil: Bilinear weights from lonlat (4500x3251) to lonlat (360x170) grid, with source mask (14603950)
cdo    remapbil: Bilinear weights from lonlat (4500x3251) to lonlat (360x170) grid, with source mask (14616725)
cdo    remapbil: Bilinear weights from lonlat (4500x3251) to lonlat (360x170) grid, with source mask (14603950)
cdo    remapbil: Bilinear weights from lonlat (4500x3251) to lonlat (360x170) grid, with source mask (14603950)
cdo    remapbil: Bilinear weights from lonlat (4500x3251) to lonlat (360x170) grid, with source mask (14603950)
cdo    remapbil: Bilinear weights from lonlat (4500x3251) to lonlat (360x170) grid, with source mask (14616725)
cdo    remapbil: Bilinear weights from lonlat (4500x3251) to lonlat (360x170) grid, with source mask (14603950)
cdo    remapbil: Bilinear weights from lonlat (4500x3251) to lonlat (360x170) grid, with source mask (14603950)
cdo    remapbil: Bilinear weights from lonlat (4500x3251) to lonlat (360x170) grid, with source mask (14603950)
cdo    remapbil: Bilinear weights from lonlat (4500x3251) to lonlat (360x170) grid, with source mask (14616725)
cdo    remapbil: Bilinear weights from lonlat (4500x3251) to lonlat (360x170) grid, with source mask (14603950)
cdo    remapbil: Bilinear weights from lonlat (4500x3251) to lonlat (360x170) grid, with source mask (14603950)
cdo    remapbil: Bilinear weights from lonlat (4500x3251) to lonlat (360x170) grid, with source mask (14603950)
cdo    remapbil: Bilinear weights from lonlat (4500x3251) to lonlat (360x170) grid, with source mask (14616725)
cdo    remapbil: Bilinear weights from lonlat (4500x3251) to lonlat (360x170) grid, with source mask (14603950)
cdo    remapbil: Bilinear weights from lonlat (4500x3251) to lonlat (360x170) grid, with source mask (14603950)
cdo    remapbil: Bilinear weights from lonlat (4500x3251) to lonlat (360x170) grid, with source mask (14603950)
cdo    remapbil: Bilinear weights from lonlat (4500x3251) to lonlat (360x170) grid, with source mask (14616725)
cdo    remapbil: Bilinear weights from lonlat (4500x3251) to lonlat (360x170) grid, with source mask (14603950)
cdo    remapbil: Bilinear weights from lonlat (4500x3251) to lonlat (360x170) grid, with source mask (14603950)
cdo    remapbil: Bilinear weights from lonlat (4500x3251) to lonlat (360x170) grid, with source mask (14603950)
cdo    remapbil: Bilinear weights from lonlat (4500x3251) to lonlat (360x170) grid, with source mask (14616725)
cdo    remapbil: Bilinear weights from lonlat (4500x3251) to lonlat (360x170) grid, with source mask (14603950)
cdo    remapbil: Bilinear weights from lonlat (4500x3251) to lonlat (360x170) grid, with source mask (14603950)
cdo    remapbil: Bilinear weights from lonlat (4500x3251) to lonlat (360x170) grid, with source mask (14603950)
cdo    remapbil: Bilinear weights from lonlat (4500x3251) to lonlat (360x170) grid, with source mask (14616725)
cdo    remapbil: Bilinear weights from lonlat (4500x3251) to lonlat (360x170) grid, with source mask (14603950)
cdo    remapbil: Bilinear weights from lonlat (4500x3251) to lonlat (360x170) grid, with source mask (14603950)
cdo    remapbil: Bilinear weights from lonlat (4500x3251) to lonlat (360x170) grid, with source mask (14603950)
cdo    remapbil: Bilinear weights from lonlat (4500x3251) to lonlat (360x170) grid, with source mask (14616725)
cdo    remapbil: Bilinear weights from lonlat (4500x3251) to lonlat (360x170) grid, with source mask (14603950)
cdo    remapbil: Bilinear weights from lonlat (4500x3251) to lonlat (360x170) grid, with source mask (14603950)
cdo    remapbil: Bilinear weights from lonlat (4500x3251) to lonlat (360x170) grid, with source mask (14603950)
cdo    remapbil: Bilinear weights from lonlat (4500x3251) to lonlat (360x170) grid, with source mask (14616725)
cdo    remapbil: Bilinear weights from lonlat (4500x3251) to lonlat (360x170) grid, with source mask (14603950)
------------------------------------------------
Interplating /work/home/acrzcyisbk/HYCOM_monthly/uv3z/degree_0083/GLBv0.08_53X_archMN.2002_01_2002_12_uv3z.nc
cdo    remapbil: Bilinear weights from lonlat (4500x3251) to lonlat (360x170) grid, with source mask (9974940)
cdo    remapbil: Bilinear weights from lonlat (4500x3251) to lonlat (360x170) grid, with source mask (9952885)
cdo    remapbil: Bilinear weights from lonlat (4500x3251) to lonlat (360x170) grid, with source mask (9939291)
cdo    remapbil: Bilinear weights from lonlat (4500x3251) to lonlat (360x170) grid, with source mask (9925415)
cdo    remapbil: Bilinear weights from lonlat (4500x3251) to lonlat (360x170) grid, with source mask (9909528)
cdo    remapbil: Bilinear weights from lonlat (4500x3251) to lonlat (360x170) grid, with source mask (9887620)
cdo    remapbil: Bilinear weights from lonlat (4500x3251) to lonlat (360x170) grid, with source mask (9846685)
cdo    remapbil: Bilinear weights from lonlat (4500x3251) to lonlat (360x170) grid, with source mask (9804573)
cdo    remapbil: Bilinear weights from lonlat (4500x3251) to lonlat (360x170) grid, with source mask (9767299)
cdo    remapbil: Bilinear weights from lonlat (4500x3251) to lonlat (360x170) grid, with source mask (9730643)
cdo    remapbil: Bilinear weights from lonlat (4500x3251) to lonlat (360x170) grid, with source mask (9691209)
cdo    remapbil: Bilinear weights from lonlat (4500x3251) to lonlat (360x170) grid, with source mask (9648582)
cdo    remapbil: Bilinear weights from lonlat (4500x3251) to lonlat (360x170) grid, with source mask (9606865)
cdo    remapbil: Bilinear weights from lonlat (4500x3251) to lonlat (360x170) grid, with source mask (9536477)
cdo    remapbil: Bilinear weights from lonlat (4500x3251) to lonlat (360x170) grid, with source mask (9480678)
cdo    remapbil: Bilinear weights from lonlat (4500x3251) to lonlat (360x170) grid, with source mask (9430184)
cdo    remapbil: Bilinear weights from lonlat (4500x3251) to lonlat (360x170) grid, with source mask (9384784)
cdo    remapbil: Bilinear weights from lonlat (4500x3251) to lonlat (360x170) grid, with source mask (9338856)
cdo    remapbil: Bilinear weights from lonlat (4500x3251) to lonlat (360x170) grid, with source mask (9244901)
cdo    remapbil: Bilinear weights from lonlat (4500x3251) to lonlat (360x170) grid, with source mask (9167129)
cdo    remapbil: Bilinear weights from lonlat (4500x3251) to lonlat (360x170) grid, with source mask (9032413)
cdo    remapbil: Bilinear weights from lonlat (4500x3251) to lonlat (360x170) grid, with source mask (8923756)
cdo    remapbil: Bilinear weights from lonlat (4500x3251) to lonlat (360x170) grid, with source mask (8825169)
cdo    remapbil: Bilinear weights from lonlat (4500x3251) to lonlat (360x170) grid, with source mask (8741043)
cdo    remapbil: Bilinear weights from lonlat (4500x3251) to lonlat (360x170) grid, with source mask (8669422)
cdo    remapbil: Bilinear weights from lonlat (4500x3251) to lonlat (360x170) grid, with source mask (8547872)
cdo    remapbil: Bilinear weights from lonlat (4500x3251) to lonlat (360x170) grid, with source mask (8453750)
cdo    remapbil: Bilinear weights from lonlat (4500x3251) to lonlat (360x170) grid, with source mask (8387576)
cdo    remapbil: Bilinear weights from lonlat (4500x3251) to lonlat (360x170) grid, with source mask (8336479)
cdo    remapbil: Bilinear weights from lonlat (4500x3251) to lonlat (360x170) grid, with source mask (8290417)
cdo    remapbil: Bilinear weights from lonlat (4500x3251) to lonlat (360x170) grid, with source mask (8247815)
cdo    remapbil: Bilinear weights from lonlat (4500x3251) to lonlat (360x170) grid, with source mask (8128477)
cdo    remapbil: Bilinear weights from lonlat (4500x3251) to lonlat (360x170) grid, with source mask (7994116)
cdo    remapbil: Bilinear weights from lonlat (4500x3251) to lonlat (360x170) grid, with source mask (7692126)
cdo    remapbil: Bilinear weights from lonlat (4500x3251) to lonlat (360x170) grid, with source mask (7286838)
cdo    remapbil: Bilinear weights from lonlat (4500x3251) to lonlat (360x170) grid, with source mask (6658426)
cdo    remapbil: Bilinear weights from lonlat (4500x3251) to lonlat (360x170) grid, with source mask (4336945)
cdo    remapbil: Bilinear weights from lonlat (4500x3251) to lonlat (360x170) grid, with source mask (1454435)
------------------------------------------------
Interplating /work/home/acrzcyisbk/HYCOM_monthly/uv3z/degree_0083/GLBv0.08_53X_archMN.2002_01_uv3z.nc
cdo    remapbil: Bilinear weights from lonlat (4500x3251) to lonlat (360x170) grid, with source mask (9974940)
cdo    remapbil: Bilinear weights from lonlat (4500x3251) to lonlat (360x170) grid, with source mask (9952885)
cdo    remapbil: Bilinear weights from lonlat (4500x3251) to lonlat (360x170) grid, with source mask (9939291)
cdo    remapbil: Bilinear weights from lonlat (4500x3251) to lonlat (360x170) grid, with source mask (9925415)
cdo    remapbil: Bilinear weights from lonlat (4500x3251) to lonlat (360x170) grid, with source mask (9909528)
cdo    remapbil: Bilinear weights from lonlat (4500x3251) to lonlat (360x170) grid, with source mask (9887620)
cdo    remapbil: Bilinear weights from lonlat (4500x3251) to lonlat (360x170) grid, with source mask (9846685)
cdo    remapbil: Bilinear weights from lonlat (4500x3251) to lonlat (360x170) grid, with source mask (9804573)
cdo    remapbil: Bilinear weights from lonlat (4500x3251) to lonlat (360x170) grid, with source mask (9767299)
cdo    remapbil: Bilinear weights from lonlat (4500x3251) to lonlat (360x170) grid, with source mask (9730643)
cdo    remapbil: Bilinear weights from lonlat (4500x3251) to lonlat (360x170) grid, with source mask (9691209)
cdo    remapbil: Bilinear weights from lonlat (4500x3251) to lonlat (360x170) grid, with source mask (9648582)
cdo    remapbil: Bilinear weights from lonlat (4500x3251) to lonlat (360x170) grid, with source mask (9606865)
cdo    remapbil: Bilinear weights from lonlat (4500x3251) to lonlat (360x170) grid, with source mask (9536477)
cdo    remapbil: Bilinear weights from lonlat (4500x3251) to lonlat (360x170) grid, with source mask (9480678)
cdo    remapbil: Bilinear weights from lonlat (4500x3251) to lonlat (360x170) grid, with source mask (9430184)
cdo    remapbil: Bilinear weights from lonlat (4500x3251) to lonlat (360x170) grid, with source mask (9384784)
cdo    remapbil: Bilinear weights from lonlat (4500x3251) to lonlat (360x170) grid, with source mask (9338856)
cdo    remapbil: Bilinear weights from lonlat (4500x3251) to lonlat (360x170) grid, with source mask (9244901)
cdo    remapbil: Bilinear weights from lonlat (4500x3251) to lonlat (360x170) grid, with source mask (9167129)
cdo    remapbil: Bilinear weights from lonlat (4500x3251) to lonlat (360x170) grid, with source mask (9032413)
cdo    remapbil: Bilinear weights from lonlat (4500x3251) to lonlat (360x170) grid, with source mask (8923756)
cdo    remapbil: Bilinear weights from lonlat (4500x3251) to lonlat (360x170) grid, with source mask (8825169)
cdo    remapbil: Bilinear weights from lonlat (4500x3251) to lonlat (360x170) grid, with source mask (8741043)
cdo    remapbil: Bilinear weights from lonlat (4500x3251) to lonlat (360x170) grid, with source mask (8669422)
cdo    remapbil: Bilinear weights from lonlat (4500x3251) to lonlat (360x170) grid, with source mask (8547872)
cdo    remapbil: Bilinear weights from lonlat (4500x3251) to lonlat (360x170) grid, with source mask (8453750)
cdo    remapbil: Bilinear weights from lonlat (4500x3251) to lonlat (360x170) grid, with source mask (8387576)
cdo    remapbil: Bilinear weights from lonlat (4500x3251) to lonlat (360x170) grid, with source mask (8336479)
cdo    remapbil: Bilinear weights from lonlat (4500x3251) to lonlat (360x170) grid, with source mask (8290417)
cdo    remapbil: Bilinear weights from lonlat (4500x3251) to lonlat (360x170) grid, with source mask (8247815)
cdo    remapbil: Bilinear weights from lonlat (4500x3251) to lonlat (360x170) grid, with source mask (8128477)
cdo    remapbil: Bilinear weights from lonlat (4500x3251) to lonlat (360x170) grid, with source mask (7994116)
cdo    remapbil: Bilinear weights from lonlat (4500x3251) to lonlat (360x170) grid, with source mask (7692126)
cdo    remapbil: Bilinear weights from lonlat (4500x3251) to lonlat (360x170) grid, with source mask (7286838)
cdo    remapbil: Bilinear weights from lonlat (4500x3251) to lonlat (360x170) grid, with source mask (6658426)
cdo    remapbil: Bilinear weights from lonlat (4500x3251) to lonlat (360x170) grid, with source mask (4336945)
cdo    remapbil: Bilinear weights from lonlat (4500x3251) to lonlat (360x170) grid, with source mask (1454435)
------------------------------------------------
Interplating /work/home/acrzcyisbk/HYCOM_monthly/uv3z/degree_0083/GLBv0.08_53X_archMN.2002_03_uv3z.nc
cdo    remapbil: Bilinear weights from lonlat (4500x3251) to lonlat (360x170) grid, with source mask (9974940)
cdo    remapbil: Bilinear weights from lonlat (4500x3251) to lonlat (360x170) grid, with source mask (9952885)
cdo    remapbil: Bilinear weights from lonlat (4500x3251) to lonlat (360x170) grid, with source mask (9939291)
cdo    remapbil: Bilinear weights from lonlat (4500x3251) to lonlat (360x170) grid, with source mask (9925415)
cdo    remapbil: Bilinear weights from lonlat (4500x3251) to lonlat (360x170) grid, with source mask (9909528)
cdo    remapbil: Bilinear weights from lonlat (4500x3251) to lonlat (360x170) grid, with source mask (9887620)
cdo    remapbil: Bilinear weights from lonlat (4500x3251) to lonlat (360x170) grid, with source mask (9846685)
cdo    remapbil: Bilinear weights from lonlat (4500x3251) to lonlat (360x170) grid, with source mask (9804573)
cdo    remapbil: Bilinear weights from lonlat (4500x3251) to lonlat (360x170) grid, with source mask (9767299)
cdo    remapbil: Bilinear weights from lonlat (4500x3251) to lonlat (360x170) grid, with source mask (9730643)
cdo    remapbil: Bilinear weights from lonlat (4500x3251) to lonlat (360x170) grid, with source mask (9691209)
cdo    remapbil: Bilinear weights from lonlat (4500x3251) to lonlat (360x170) grid, with source mask (9648582)
cdo    remapbil: Bilinear weights from lonlat (4500x3251) to lonlat (360x170) grid, with source mask (9606865)
cdo    remapbil: Bilinear weights from lonlat (4500x3251) to lonlat (360x170) grid, with source mask (9536477)
cdo    remapbil: Bilinear weights from lonlat (4500x3251) to lonlat (360x170) grid, with source mask (9480678)
cdo    remapbil: Bilinear weights from lonlat (4500x3251) to lonlat (360x170) grid, with source mask (9430184)
cdo    remapbil: Bilinear weights from lonlat (4500x3251) to lonlat (360x170) grid, with source mask (9384784)
cdo    remapbil: Bilinear weights from lonlat (4500x3251) to lonlat (360x170) grid, with source mask (9338856)
cdo    remapbil: Bilinear weights from lonlat (4500x3251) to lonlat (360x170) grid, with source mask (9244901)
cdo    remapbil: Bilinear weights from lonlat (4500x3251) to lonlat (360x170) grid, with source mask (9167129)
cdo    remapbil: Bilinear weights from lonlat (4500x3251) to lonlat (360x170) grid, with source mask (9032413)
cdo    remapbil: Bilinear weights from lonlat (4500x3251) to lonlat (360x170) grid, with source mask (8923756)
cdo    remapbil: Bilinear weights from lonlat (4500x3251) to lonlat (360x170) grid, with source mask (8825169)
cdo    remapbil: Bilinear weights from lonlat (4500x3251) to lonlat (360x170) grid, with source mask (8741043)
cdo    remapbil: Bilinear weights from lonlat (4500x3251) to lonlat (360x170) grid, with source mask (8669422)
cdo    remapbil: Bilinear weights from lonlat (4500x3251) to lonlat (360x170) grid, with source mask (8547872)
cdo    remapbil: Bilinear weights from lonlat (4500x3251) to lonlat (360x170) grid, with source mask (8453750)
cdo    remapbil: Bilinear weights from lonlat (4500x3251) to lonlat (360x170) grid, with source mask (8387576)
cdo    remapbil: Bilinear weights from lonlat (4500x3251) to lonlat (360x170) grid, with source mask (8336479)
cdo    remapbil: Bilinear weights from lonlat (4500x3251) to lonlat (360x170) grid, with source mask (8290417)
cdo    remapbil: Bilinear weights from lonlat (4500x3251) to lonlat (360x170) grid, with source mask (8247815)
cdo    remapbil: Bilinear weights from lonlat (4500x3251) to lonlat (360x170) grid, with source mask (8128477)
cdo    remapbil: Bilinear weights from lonlat (4500x3251) to lonlat (360x170) grid, with source mask (7994116)
cdo    remapbil: Bilinear weights from lonlat (4500x3251) to lonlat (360x170) grid, with source mask (7692126)
cdo    remapbil: Bilinear weights from lonlat (4500x3251) to lonlat (360x170) grid, with source mask (7286838)
cdo    remapbil: Bilinear weights from lonlat (4500x3251) to lonlat (360x170) grid, with source mask (6658426)
cdo    remapbil: Bilinear weights from lonlat (4500x3251) to lonlat (360x170) grid, with source mask (4336945)
cdo    remapbil: Bilinear weights from lonlat (4500x3251) to lonlat (360x170) grid, with source mask (1454435)
------------------------------------------------
Interplating /work/home/acrzcyisbk/HYCOM_monthly/uv3z/degree_0083/GLBv0.08_53X_archMN.2005_05_uv3z.nc
cdo    remapbil: Bilinear weights from lonlat (4500x3251) to lonlat (360x170) grid, with source mask (9974940)
cdo    remapbil: Bilinear weights from lonlat (4500x3251) to lonlat (360x170) grid, with source mask (9952885)
cdo    remapbil: Bilinear weights from lonlat (4500x3251) to lonlat (360x170) grid, with source mask (9939291)
cdo    remapbil: Bilinear weights from lonlat (4500x3251) to lonlat (360x170) grid, with source mask (9925415)
cdo    remapbil: Bilinear weights from lonlat (4500x3251) to lonlat (360x170) grid, with source mask (9909528)
cdo    remapbil: Bilinear weights from lonlat (4500x3251) to lonlat (360x170) grid, with source mask (9887620)
cdo    remapbil: Bilinear weights from lonlat (4500x3251) to lonlat (360x170) grid, with source mask (9846685)
cdo    remapbil: Bilinear weights from lonlat (4500x3251) to lonlat (360x170) grid, with source mask (9804573)
cdo    remapbil: Bilinear weights from lonlat (4500x3251) to lonlat (360x170) grid, with source mask (9767299)
cdo    remapbil: Bilinear weights from lonlat (4500x3251) to lonlat (360x170) grid, with source mask (9730643)
cdo    remapbil: Bilinear weights from lonlat (4500x3251) to lonlat (360x170) grid, with source mask (9691209)
cdo    remapbil: Bilinear weights from lonlat (4500x3251) to lonlat (360x170) grid, with source mask (9648582)
cdo    remapbil: Bilinear weights from lonlat (4500x3251) to lonlat (360x170) grid, with source mask (9606865)
cdo    remapbil: Bilinear weights from lonlat (4500x3251) to lonlat (360x170) grid, with source mask (9536477)
cdo    remapbil: Bilinear weights from lonlat (4500x3251) to lonlat (360x170) grid, with source mask (9480678)
cdo    remapbil: Bilinear weights from lonlat (4500x3251) to lonlat (360x170) grid, with source mask (9430184)
cdo    remapbil: Bilinear weights from lonlat (4500x3251) to lonlat (360x170) grid, with source mask (9384784)
cdo    remapbil: Bilinear weights from lonlat (4500x3251) to lonlat (360x170) grid, with source mask (9338856)
cdo    remapbil: Bilinear weights from lonlat (4500x3251) to lonlat (360x170) grid, with source mask (9244901)
cdo    remapbil: Bilinear weights from lonlat (4500x3251) to lonlat (360x170) grid, with source mask (9167129)
cdo    remapbil: Bilinear weights from lonlat (4500x3251) to lonlat (360x170) grid, with source mask (9032413)
cdo    remapbil: Bilinear weights from lonlat (4500x3251) to lonlat (360x170) grid, with source mask (8923756)
cdo    remapbil: Bilinear weights from lonlat (4500x3251) to lonlat (360x170) grid, with source mask (8825169)
cdo    remapbil: Bilinear weights from lonlat (4500x3251) to lonlat (360x170) grid, with source mask (8741043)
cdo    remapbil: Bilinear weights from lonlat (4500x3251) to lonlat (360x170) grid, with source mask (8669422)
cdo    remapbil: Bilinear weights from lonlat (4500x3251) to lonlat (360x170) grid, with source mask (8547872)
cdo    remapbil: Bilinear weights from lonlat (4500x3251) to lonlat (360x170) grid, with source mask (8453750)
cdo    remapbil: Bilinear weights from lonlat (4500x3251) to lonlat (360x170) grid, with source mask (8387576)
cdo    remapbil: Bilinear weights from lonlat (4500x3251) to lonlat (360x170) grid, with source mask (8336479)
cdo    remapbil: Bilinear weights from lonlat (4500x3251) to lonlat (360x170) grid, with source mask (8290417)
cdo    remapbil: Bilinear weights from lonlat (4500x3251) to lonlat (360x170) grid, with source mask (8247815)
cdo    remapbil: Bilinear weights from lonlat (4500x3251) to lonlat (360x170) grid, with source mask (8128477)
cdo    remapbil: Bilinear weights from lonlat (4500x3251) to lonlat (360x170) grid, with source mask (7994116)
cdo    remapbil: Bilinear weights from lonlat (4500x3251) to lonlat (360x170) grid, with source mask (7692126)
cdo    remapbil: Bilinear weights from lonlat (4500x3251) to lonlat (360x170) grid, with source mask (7286838)
cdo    remapbil: Bilinear weights from lonlat (4500x3251) to lonlat (360x170) grid, with source mask (6658426)
cdo    remapbil: Bilinear weights from lonlat (4500x3251) to lonlat (360x170) grid, with source mask (4336945)
cdo    remapbil: Bilinear weights from lonlat (4500x3251) to lonlat (360x170) grid, with source mask (1454435)
------------------------------------------------
Interplating /work/home/acrzcyisbk/HYCOM_monthly/uv3z/degree_0083/GLBv0.08_53X_archMN.2006_01_uv3z.nc
cdo    remapbil: Bilinear weights from lonlat (4500x3251) to lonlat (360x170) grid, with source mask (9974940)
cdo    remapbil: Bilinear weights from lonlat (4500x3251) to lonlat (360x170) grid, with source mask (9952885)
cdo    remapbil: Bilinear weights from lonlat (4500x3251) to lonlat (360x170) grid, with source mask (9939291)
cdo    remapbil: Bilinear weights from lonlat (4500x3251) to lonlat (360x170) grid, with source mask (9925415)
cdo    remapbil: Bilinear weights from lonlat (4500x3251) to lonlat (360x170) grid, with source mask (9909528)
cdo    remapbil: Bilinear weights from lonlat (4500x3251) to lonlat (360x170) grid, with source mask (9887620)
cdo    remapbil: Bilinear weights from lonlat (4500x3251) to lonlat (360x170) grid, with source mask (9846685)
cdo    remapbil: Bilinear weights from lonlat (4500x3251) to lonlat (360x170) grid, with source mask (9804573)
cdo    remapbil: Bilinear weights from lonlat (4500x3251) to lonlat (360x170) grid, with source mask (9767299)
cdo    remapbil: Bilinear weights from lonlat (4500x3251) to lonlat (360x170) grid, with source mask (9730643)
cdo    remapbil: Bilinear weights from lonlat (4500x3251) to lonlat (360x170) grid, with source mask (9691209)
cdo    remapbil: Bilinear weights from lonlat (4500x3251) to lonlat (360x170) grid, with source mask (9648582)
cdo    remapbil: Bilinear weights from lonlat (4500x3251) to lonlat (360x170) grid, with source mask (9606865)
cdo    remapbil: Bilinear weights from lonlat (4500x3251) to lonlat (360x170) grid, with source mask (9536477)
cdo    remapbil: Bilinear weights from lonlat (4500x3251) to lonlat (360x170) grid, with source mask (9480678)
cdo    remapbil: Bilinear weights from lonlat (4500x3251) to lonlat (360x170) grid, with source mask (9430184)
cdo    remapbil: Bilinear weights from lonlat (4500x3251) to lonlat (360x170) grid, with source mask (9384784)
cdo    remapbil: Bilinear weights from lonlat (4500x3251) to lonlat (360x170) grid, with source mask (9338856)
cdo    remapbil: Bilinear weights from lonlat (4500x3251) to lonlat (360x170) grid, with source mask (9244901)
cdo    remapbil: Bilinear weights from lonlat (4500x3251) to lonlat (360x170) grid, with source mask (9167129)
cdo    remapbil: Bilinear weights from lonlat (4500x3251) to lonlat (360x170) grid, with source mask (9032413)
cdo    remapbil: Bilinear weights from lonlat (4500x3251) to lonlat (360x170) grid, with source mask (8923756)
cdo    remapbil: Bilinear weights from lonlat (4500x3251) to lonlat (360x170) grid, with source mask (8825169)
cdo    remapbil: Bilinear weights from lonlat (4500x3251) to lonlat (360x170) grid, with source mask (8741043)
cdo    remapbil: Bilinear weights from lonlat (4500x3251) to lonlat (360x170) grid, with source mask (8669422)
cdo    remapbil: Bilinear weights from lonlat (4500x3251) to lonlat (360x170) grid, with source mask (8547872)
cdo    remapbil: Bilinear weights from lonlat (4500x3251) to lonlat (360x170) grid, with source mask (8453750)
cdo    remapbil: Bilinear weights from lonlat (4500x3251) to lonlat (360x170) grid, with source mask (8387576)
cdo    remapbil: Bilinear weights from lonlat (4500x3251) to lonlat (360x170) grid, with source mask (8336479)
cdo    remapbil: Bilinear weights from lonlat (4500x3251) to lonlat (360x170) grid, with source mask (8290417)
cdo    remapbil: Bilinear weights from lonlat (4500x3251) to lonlat (360x170) grid, with source mask (8247815)
cdo    remapbil: Bilinear weights from lonlat (4500x3251) to lonlat (360x170) grid, with source mask (8128477)
cdo    remapbil: Bilinear weights from lonlat (4500x3251) to lonlat (360x170) grid, with source mask (7994116)
cdo    remapbil: Bilinear weights from lonlat (4500x3251) to lonlat (360x170) grid, with source mask (7692126)
cdo    remapbil: Bilinear weights from lonlat (4500x3251) to lonlat (360x170) grid, with source mask (7286838)
cdo    remapbil: Bilinear weights from lonlat (4500x3251) to lonlat (360x170) grid, with source mask (6658426)
cdo    remapbil: Bilinear weights from lonlat (4500x3251) to lonlat (360x170) grid, with source mask (4336945)
cdo    remapbil: Bilinear weights from lonlat (4500x3251) to lonlat (360x170) grid, with source mask (1454435)
------------------------------------------------
Interplating /work/home/acrzcyisbk/HYCOM_monthly/uv3z/degree_0083/GLBv0.08_53X_archMN.2006_03_uv3z.nc
cdo    remapbil: Bilinear weights from lonlat (4500x3251) to lonlat (360x170) grid, with source mask (9974940)
cdo    remapbil: Bilinear weights from lonlat (4500x3251) to lonlat (360x170) grid, with source mask (9952885)
cdo    remapbil: Bilinear weights from lonlat (4500x3251) to lonlat (360x170) grid, with source mask (9939291)
cdo    remapbil: Bilinear weights from lonlat (4500x3251) to lonlat (360x170) grid, with source mask (9925415)
cdo    remapbil: Bilinear weights from lonlat (4500x3251) to lonlat (360x170) grid, with source mask (9909528)
cdo    remapbil: Bilinear weights from lonlat (4500x3251) to lonlat (360x170) grid, with source mask (9887620)
cdo    remapbil: Bilinear weights from lonlat (4500x3251) to lonlat (360x170) grid, with source mask (9846685)
cdo    remapbil: Bilinear weights from lonlat (4500x3251) to lonlat (360x170) grid, with source mask (9804573)
cdo    remapbil: Bilinear weights from lonlat (4500x3251) to lonlat (360x170) grid, with source mask (9767299)
cdo    remapbil: Bilinear weights from lonlat (4500x3251) to lonlat (360x170) grid, with source mask (9730643)
cdo    remapbil: Bilinear weights from lonlat (4500x3251) to lonlat (360x170) grid, with source mask (9691209)
cdo    remapbil: Bilinear weights from lonlat (4500x3251) to lonlat (360x170) grid, with source mask (9648582)
cdo    remapbil: Bilinear weights from lonlat (4500x3251) to lonlat (360x170) grid, with source mask (9606865)
cdo    remapbil: Bilinear weights from lonlat (4500x3251) to lonlat (360x170) grid, with source mask (9536477)
cdo    remapbil: Bilinear weights from lonlat (4500x3251) to lonlat (360x170) grid, with source mask (9480678)
cdo    remapbil: Bilinear weights from lonlat (4500x3251) to lonlat (360x170) grid, with source mask (9430184)
cdo    remapbil: Bilinear weights from lonlat (4500x3251) to lonlat (360x170) grid, with source mask (9384784)
cdo    remapbil: Bilinear weights from lonlat (4500x3251) to lonlat (360x170) grid, with source mask (9338856)
cdo    remapbil: Bilinear weights from lonlat (4500x3251) to lonlat (360x170) grid, with source mask (9244901)
cdo    remapbil: Bilinear weights from lonlat (4500x3251) to lonlat (360x170) grid, with source mask (9167129)
cdo    remapbil: Bilinear weights from lonlat (4500x3251) to lonlat (360x170) grid, with source mask (9032413)
cdo    remapbil: Bilinear weights from lonlat (4500x3251) to lonlat (360x170) grid, with source mask (8923756)
cdo    remapbil: Bilinear weights from lonlat (4500x3251) to lonlat (360x170) grid, with source mask (8825169)
cdo    remapbil: Bilinear weights from lonlat (4500x3251) to lonlat (360x170) grid, with source mask (8741043)
cdo    remapbil: Bilinear weights from lonlat (4500x3251) to lonlat (360x170) grid, with source mask (8669422)
cdo    remapbil: Bilinear weights from lonlat (4500x3251) to lonlat (360x170) grid, with source mask (8547872)
cdo    remapbil: Bilinear weights from lonlat (4500x3251) to lonlat (360x170) grid, with source mask (8453750)
cdo    remapbil: Bilinear weights from lonlat (4500x3251) to lonlat (360x170) grid, with source mask (8387576)
cdo    remapbil: Bilinear weights from lonlat (4500x3251) to lonlat (360x170) grid, with source mask (8336479)
cdo    remapbil: Bilinear weights from lonlat (4500x3251) to lonlat (360x170) grid, with source mask (8290417)
cdo    remapbil: Bilinear weights from lonlat (4500x3251) to lonlat (360x170) grid, with source mask (8247815)
cdo    remapbil: Bilinear weights from lonlat (4500x3251) to lonlat (360x170) grid, with source mask (8128477)
cdo    remapbil: Bilinear weights from lonlat (4500x3251) to lonlat (360x170) grid, with source mask (7994116)
cdo    remapbil: Bilinear weights from lonlat (4500x3251) to lonlat (360x170) grid, with source mask (7692126)
cdo    remapbil: Bilinear weights from lonlat (4500x3251) to lonlat (360x170) grid, with source mask (7286838)
cdo    remapbil: Bilinear weights from lonlat (4500x3251) to lonlat (360x170) grid, with source mask (6658426)
cdo    remapbil: Bilinear weights from lonlat (4500x3251) to lonlat (360x170) grid, with source mask (4336945)
cdo    remapbil: Bilinear weights from lonlat (4500x3251) to lonlat (360x170) grid, with source mask (1454435)
------------------------------------------------
Interplating /work/home/acrzcyisbk/HYCOM_monthly/uv3z/degree_0083/GLBv0.08_53X_archMN.2008_12_uv3z.nc
cdo    remapbil: Bilinear weights from lonlat (4500x3251) to lonlat (360x170) grid, with source mask (9974940)
cdo    remapbil: Bilinear weights from lonlat (4500x3251) to lonlat (360x170) grid, with source mask (9952885)
cdo    remapbil: Bilinear weights from lonlat (4500x3251) to lonlat (360x170) grid, with source mask (9939291)
cdo    remapbil: Bilinear weights from lonlat (4500x3251) to lonlat (360x170) grid, with source mask (9925415)
cdo    remapbil: Bilinear weights from lonlat (4500x3251) to lonlat (360x170) grid, with source mask (9909528)
cdo    remapbil: Bilinear weights from lonlat (4500x3251) to lonlat (360x170) grid, with source mask (9887620)
cdo    remapbil: Bilinear weights from lonlat (4500x3251) to lonlat (360x170) grid, with source mask (9846685)
cdo    remapbil: Bilinear weights from lonlat (4500x3251) to lonlat (360x170) grid, with source mask (9804573)
cdo    remapbil: Bilinear weights from lonlat (4500x3251) to lonlat (360x170) grid, with source mask (9767299)
cdo    remapbil: Bilinear weights from lonlat (4500x3251) to lonlat (360x170) grid, with source mask (9730643)
cdo    remapbil: Bilinear weights from lonlat (4500x3251) to lonlat (360x170) grid, with source mask (9691209)
cdo    remapbil: Bilinear weights from lonlat (4500x3251) to lonlat (360x170) grid, with source mask (9648582)
cdo    remapbil: Bilinear weights from lonlat (4500x3251) to lonlat (360x170) grid, with source mask (9606865)
cdo    remapbil: Bilinear weights from lonlat (4500x3251) to lonlat (360x170) grid, with source mask (9536477)
cdo    remapbil: Bilinear weights from lonlat (4500x3251) to lonlat (360x170) grid, with source mask (9480678)
cdo    remapbil: Bilinear weights from lonlat (4500x3251) to lonlat (360x170) grid, with source mask (9430184)
cdo    remapbil: Bilinear weights from lonlat (4500x3251) to lonlat (360x170) grid, with source mask (9384784)
cdo    remapbil: Bilinear weights from lonlat (4500x3251) to lonlat (360x170) grid, with source mask (9338856)
cdo    remapbil: Bilinear weights from lonlat (4500x3251) to lonlat (360x170) grid, with source mask (9244901)
cdo    remapbil: Bilinear weights from lonlat (4500x3251) to lonlat (360x170) grid, with source mask (9167129)
cdo    remapbil: Bilinear weights from lonlat (4500x3251) to lonlat (360x170) grid, with source mask (9032413)
cdo    remapbil: Bilinear weights from lonlat (4500x3251) to lonlat (360x170) grid, with source mask (8923756)
cdo    remapbil: Bilinear weights from lonlat (4500x3251) to lonlat (360x170) grid, with source mask (8825169)
cdo    remapbil: Bilinear weights from lonlat (4500x3251) to lonlat (360x170) grid, with source mask (8741043)
cdo    remapbil: Bilinear weights from lonlat (4500x3251) to lonlat (360x170) grid, with source mask (8669422)
cdo    remapbil: Bilinear weights from lonlat (4500x3251) to lonlat (360x170) grid, with source mask (8547872)
cdo    remapbil: Bilinear weights from lonlat (4500x3251) to lonlat (360x170) grid, with source mask (8453750)
cdo    remapbil: Bilinear weights from lonlat (4500x3251) to lonlat (360x170) grid, with source mask (8387576)
cdo    remapbil: Bilinear weights from lonlat (4500x3251) to lonlat (360x170) grid, with source mask (8336479)
cdo    remapbil: Bilinear weights from lonlat (4500x3251) to lonlat (360x170) grid, with source mask (8290417)
cdo    remapbil: Bilinear weights from lonlat (4500x3251) to lonlat (360x170) grid, with source mask (8247815)
cdo    remapbil: Bilinear weights from lonlat (4500x3251) to lonlat (360x170) grid, with source mask (8128477)
cdo    remapbil: Bilinear weights from lonlat (4500x3251) to lonlat (360x170) grid, with source mask (7994116)
cdo    remapbil: Bilinear weights from lonlat (4500x3251) to lonlat (360x170) grid, with source mask (7692126)
cdo    remapbil: Bilinear weights from lonlat (4500x3251) to lonlat (360x170) grid, with source mask (7286838)
cdo    remapbil: Bilinear weights from lonlat (4500x3251) to lonlat (360x170) grid, with source mask (6658426)
cdo    remapbil: Bilinear weights from lonlat (4500x3251) to lonlat (360x170) grid, with source mask (4336945)
cdo    remapbil: Bilinear weights from lonlat (4500x3251) to lonlat (360x170) grid, with source mask (1454435)
------------------------------------------------
Interplating /work/home/acrzcyisbk/HYCOM_monthly/uv3z/degree_0083/GLBv0.08_53X_archMN.2009_05_uv3z.nc
cdo    remapbil: Bilinear weights from lonlat (4500x3251) to lonlat (360x170) grid, with source mask (9974940)
cdo    remapbil: Bilinear weights from lonlat (4500x3251) to lonlat (360x170) grid, with source mask (9952885)
cdo    remapbil: Bilinear weights from lonlat (4500x3251) to lonlat (360x170) grid, with source mask (9939291)
cdo    remapbil: Bilinear weights from lonlat (4500x3251) to lonlat (360x170) grid, with source mask (9925415)
cdo    remapbil: Bilinear weights from lonlat (4500x3251) to lonlat (360x170) grid, with source mask (9909528)
cdo    remapbil: Bilinear weights from lonlat (4500x3251) to lonlat (360x170) grid, with source mask (9887620)
cdo    remapbil: Bilinear weights from lonlat (4500x3251) to lonlat (360x170) grid, with source mask (9846685)
cdo    remapbil: Bilinear weights from lonlat (4500x3251) to lonlat (360x170) grid, with source mask (9804573)
cdo    remapbil: Bilinear weights from lonlat (4500x3251) to lonlat (360x170) grid, with source mask (9767299)
cdo    remapbil: Bilinear weights from lonlat (4500x3251) to lonlat (360x170) grid, with source mask (9730643)
cdo    remapbil: Bilinear weights from lonlat (4500x3251) to lonlat (360x170) grid, with source mask (9691209)
cdo    remapbil: Bilinear weights from lonlat (4500x3251) to lonlat (360x170) grid, with source mask (9648582)
cdo    remapbil: Bilinear weights from lonlat (4500x3251) to lonlat (360x170) grid, with source mask (9606865)
cdo    remapbil: Bilinear weights from lonlat (4500x3251) to lonlat (360x170) grid, with source mask (9536477)
cdo    remapbil: Bilinear weights from lonlat (4500x3251) to lonlat (360x170) grid, with source mask (9480678)
cdo    remapbil: Bilinear weights from lonlat (4500x3251) to lonlat (360x170) grid, with source mask (9430184)
cdo    remapbil: Bilinear weights from lonlat (4500x3251) to lonlat (360x170) grid, with source mask (9384784)
cdo    remapbil: Bilinear weights from lonlat (4500x3251) to lonlat (360x170) grid, with source mask (9338856)
cdo    remapbil: Bilinear weights from lonlat (4500x3251) to lonlat (360x170) grid, with source mask (9244901)
cdo    remapbil: Bilinear weights from lonlat (4500x3251) to lonlat (360x170) grid, with source mask (9167129)
cdo    remapbil: Bilinear weights from lonlat (4500x3251) to lonlat (360x170) grid, with source mask (9032413)
cdo    remapbil: Bilinear weights from lonlat (4500x3251) to lonlat (360x170) grid, with source mask (8923756)
cdo    remapbil: Bilinear weights from lonlat (4500x3251) to lonlat (360x170) grid, with source mask (8825169)
cdo    remapbil: Bilinear weights from lonlat (4500x3251) to lonlat (360x170) grid, with source mask (8741043)
cdo    remapbil: Bilinear weights from lonlat (4500x3251) to lonlat (360x170) grid, with source mask (8669422)
cdo    remapbil: Bilinear weights from lonlat (4500x3251) to lonlat (360x170) grid, with source mask (8547872)
cdo    remapbil: Bilinear weights from lonlat (4500x3251) to lonlat (360x170) grid, with source mask (8453750)
cdo    remapbil: Bilinear weights from lonlat (4500x3251) to lonlat (360x170) grid, with source mask (8387576)
cdo    remapbil: Bilinear weights from lonlat (4500x3251) to lonlat (360x170) grid, with source mask (8336479)
cdo    remapbil: Bilinear weights from lonlat (4500x3251) to lonlat (360x170) grid, with source mask (8290417)
cdo    remapbil: Bilinear weights from lonlat (4500x3251) to lonlat (360x170) grid, with source mask (8247815)
cdo    remapbil: Bilinear weights from lonlat (4500x3251) to lonlat (360x170) grid, with source mask (8128477)
cdo    remapbil: Bilinear weights from lonlat (4500x3251) to lonlat (360x170) grid, with source mask (7994116)
cdo    remapbil: Bilinear weights from lonlat (4500x3251) to lonlat (360x170) grid, with source mask (7692126)
cdo    remapbil: Bilinear weights from lonlat (4500x3251) to lonlat (360x170) grid, with source mask (7286838)
cdo    remapbil: Bilinear weights from lonlat (4500x3251) to lonlat (360x170) grid, with source mask (6658426)
cdo    remapbil: Bilinear weights from lonlat (4500x3251) to lonlat (360x170) grid, with source mask (4336945)
cdo    remapbil: Bilinear weights from lonlat (4500x3251) to lonlat (360x170) grid, with source mask (1454435)
------------------------------------------------
Interplating /work/home/acrzcyisbk/HYCOM_monthly/uv3z/degree_0083/GLBv0.08_53X_archMN.2009_07_uv3z.nc
cdo    remapbil: Bilinear weights from lonlat (4500x3251) to lonlat (360x170) grid, with source mask (9974940)
cdo    remapbil: Bilinear weights from lonlat (4500x3251) to lonlat (360x170) grid, with source mask (9952885)
cdo    remapbil: Bilinear weights from lonlat (4500x3251) to lonlat (360x170) grid, with source mask (9939291)
cdo    remapbil: Bilinear weights from lonlat (4500x3251) to lonlat (360x170) grid, with source mask (9925415)
cdo    remapbil: Bilinear weights from lonlat (4500x3251) to lonlat (360x170) grid, with source mask (9909528)
cdo    remapbil: Bilinear weights from lonlat (4500x3251) to lonlat (360x170) grid, with source mask (9887620)
cdo    remapbil: Bilinear weights from lonlat (4500x3251) to lonlat (360x170) grid, with source mask (9846685)
cdo    remapbil: Bilinear weights from lonlat (4500x3251) to lonlat (360x170) grid, with source mask (9804573)
cdo    remapbil: Bilinear weights from lonlat (4500x3251) to lonlat (360x170) grid, with source mask (9767299)
cdo    remapbil: Bilinear weights from lonlat (4500x3251) to lonlat (360x170) grid, with source mask (9730643)
cdo    remapbil: Bilinear weights from lonlat (4500x3251) to lonlat (360x170) grid, with source mask (9691209)
cdo    remapbil: Bilinear weights from lonlat (4500x3251) to lonlat (360x170) grid, with source mask (9648582)
cdo    remapbil: Bilinear weights from lonlat (4500x3251) to lonlat (360x170) grid, with source mask (9606865)
cdo    remapbil: Bilinear weights from lonlat (4500x3251) to lonlat (360x170) grid, with source mask (9536477)
cdo    remapbil: Bilinear weights from lonlat (4500x3251) to lonlat (360x170) grid, with source mask (9480678)
cdo    remapbil: Bilinear weights from lonlat (4500x3251) to lonlat (360x170) grid, with source mask (9430184)
cdo    remapbil: Bilinear weights from lonlat (4500x3251) to lonlat (360x170) grid, with source mask (9384784)
cdo    remapbil: Bilinear weights from lonlat (4500x3251) to lonlat (360x170) grid, with source mask (9338856)
cdo    remapbil: Bilinear weights from lonlat (4500x3251) to lonlat (360x170) grid, with source mask (9244901)
cdo    remapbil: Bilinear weights from lonlat (4500x3251) to lonlat (360x170) grid, with source mask (9167129)
cdo    remapbil: Bilinear weights from lonlat (4500x3251) to lonlat (360x170) grid, with source mask (9032413)
cdo    remapbil: Bilinear weights from lonlat (4500x3251) to lonlat (360x170) grid, with source mask (8923756)
cdo    remapbil: Bilinear weights from lonlat (4500x3251) to lonlat (360x170) grid, with source mask (8825169)
cdo    remapbil: Bilinear weights from lonlat (4500x3251) to lonlat (360x170) grid, with source mask (8741043)
cdo    remapbil: Bilinear weights from lonlat (4500x3251) to lonlat (360x170) grid, with source mask (8669422)
cdo    remapbil: Bilinear weights from lonlat (4500x3251) to lonlat (360x170) grid, with source mask (8547872)
cdo    remapbil: Bilinear weights from lonlat (4500x3251) to lonlat (360x170) grid, with source mask (8453750)
cdo    remapbil: Bilinear weights from lonlat (4500x3251) to lonlat (360x170) grid, with source mask (8387576)
cdo    remapbil: Bilinear weights from lonlat (4500x3251) to lonlat (360x170) grid, with source mask (8336479)
cdo    remapbil: Bilinear weights from lonlat (4500x3251) to lonlat (360x170) grid, with source mask (8290417)
cdo    remapbil: Bilinear weights from lonlat (4500x3251) to lonlat (360x170) grid, with source mask (8247815)
cdo    remapbil: Bilinear weights from lonlat (4500x3251) to lonlat (360x170) grid, with source mask (8128477)
cdo    remapbil: Bilinear weights from lonlat (4500x3251) to lonlat (360x170) grid, with source mask (7994116)
cdo    remapbil: Bilinear weights from lonlat (4500x3251) to lonlat (360x170) grid, with source mask (7692126)
cdo    remapbil: Bilinear weights from lonlat (4500x3251) to lonlat (360x170) grid, with source mask (7286838)
cdo    remapbil: Bilinear weights from lonlat (4500x3251) to lonlat (360x170) grid, with source mask (6658426)
cdo    remapbil: Bilinear weights from lonlat (4500x3251) to lonlat (360x170) grid, with source mask (4336945)
cdo    remapbil: Bilinear weights from lonlat (4500x3251) to lonlat (360x170) grid, with source mask (1454435)
------------------------------------------------
Interplating /work/home/acrzcyisbk/HYCOM_monthly/uv3z/degree_0083/GLBv0.08_53X_archMN.2010_01_uv3z.nc
cdo    remapbil: Bilinear weights from lonlat (4500x3251) to lonlat (360x170) grid, with source mask (9974940)
cdo    remapbil: Bilinear weights from lonlat (4500x3251) to lonlat (360x170) grid, with source mask (10328167)
cdo    remapbil: Bilinear weights from lonlat (4500x3251) to lonlat (360x170) grid
------------------------------------------------
Interplating /work/home/acrzcyisbk/HYCOM_monthly/uv3z/degree_0083/GLBv0.08_53X_archMN.2012_12_uv3z.nc
cdo    remapbil: Bilinear weights from lonlat (4500x3251) to lonlat (360x170) grid, with source mask (9974940)
cdo    remapbil: Bilinear weights from lonlat (4500x3251) to lonlat (360x170) grid, with source mask (9952885)
cdo    remapbil: Bilinear weights from lonlat (4500x3251) to lonlat (360x170) grid, with source mask (9939291)
cdo    remapbil: Bilinear weights from lonlat (4500x3251) to lonlat (360x170) grid, with source mask (9925415)
cdo    remapbil: Bilinear weights from lonlat (4500x3251) to lonlat (360x170) grid, with source mask (9909528)
cdo    remapbil: Bilinear weights from lonlat (4500x3251) to lonlat (360x170) grid, with source mask (9887620)
cdo    remapbil: Bilinear weights from lonlat (4500x3251) to lonlat (360x170) grid, with source mask (9846685)
cdo    remapbil: Bilinear weights from lonlat (4500x3251) to lonlat (360x170) grid, with source mask (9804573)
cdo    remapbil: Bilinear weights from lonlat (4500x3251) to lonlat (360x170) grid, with source mask (9767299)
cdo    remapbil: Bilinear weights from lonlat (4500x3251) to lonlat (360x170) grid, with source mask (9730643)
cdo    remapbil: Bilinear weights from lonlat (4500x3251) to lonlat (360x170) grid, with source mask (9691209)
cdo    remapbil: Bilinear weights from lonlat (4500x3251) to lonlat (360x170) grid, with source mask (9648582)
cdo    remapbil: Bilinear weights from lonlat (4500x3251) to lonlat (360x170) grid, with source mask (9606865)
cdo    remapbil: Bilinear weights from lonlat (4500x3251) to lonlat (360x170) grid, with source mask (9536477)
cdo    remapbil: Bilinear weights from lonlat (4500x3251) to lonlat (360x170) grid, with source mask (9480678)
cdo    remapbil: Bilinear weights from lonlat (4500x3251) to lonlat (360x170) grid, with source mask (9430184)
cdo    remapbil: Bilinear weights from lonlat (4500x3251) to lonlat (360x170) grid, with source mask (9384784)
cdo    remapbil: Bilinear weights from lonlat (4500x3251) to lonlat (360x170) grid, with source mask (9338856)
cdo    remapbil: Bilinear weights from lonlat (4500x3251) to lonlat (360x170) grid, with source mask (9244901)
cdo    remapbil: Bilinear weights from lonlat (4500x3251) to lonlat (360x170) grid, with source mask (9167129)
cdo    remapbil: Bilinear weights from lonlat (4500x3251) to lonlat (360x170) grid, with source mask (9032413)
cdo    remapbil: Bilinear weights from lonlat (4500x3251) to lonlat (360x170) grid, with source mask (8923756)
cdo    remapbil: Bilinear weights from lonlat (4500x3251) to lonlat (360x170) grid, with source mask (8825169)
cdo    remapbil: Bilinear weights from lonlat (4500x3251) to lonlat (360x170) grid, with source mask (8741043)
cdo    remapbil: Bilinear weights from lonlat (4500x3251) to lonlat (360x170) grid, with source mask (8669422)
cdo    remapbil: Bilinear weights from lonlat (4500x3251) to lonlat (360x170) grid, with source mask (8547872)
cdo    remapbil: Bilinear weights from lonlat (4500x3251) to lonlat (360x170) grid, with source mask (8453750)
cdo    remapbil: Bilinear weights from lonlat (4500x3251) to lonlat (360x170) grid, with source mask (8387576)
cdo    remapbil: Bilinear weights from lonlat (4500x3251) to lonlat (360x170) grid, with source mask (8336479)
cdo    remapbil: Bilinear weights from lonlat (4500x3251) to lonlat (360x170) grid, with source mask (8290417)
cdo    remapbil: Bilinear weights from lonlat (4500x3251) to lonlat (360x170) grid, with source mask (8247815)
cdo    remapbil: Bilinear weights from lonlat (4500x3251) to lonlat (360x170) grid, with source mask (8128477)
cdo    remapbil: Bilinear weights from lonlat (4500x3251) to lonlat (360x170) grid, with source mask (7994116)
cdo    remapbil: Bilinear weights from lonlat (4500x3251) to lonlat (360x170) grid, with source mask (7692126)
cdo    remapbil: Bilinear weights from lonlat (4500x3251) to lonlat (360x170) grid, with source mask (7286838)
cdo    remapbil: Bilinear weights from lonlat (4500x3251) to lonlat (360x170) grid, with source mask (6658426)
cdo    remapbil: Bilinear weights from lonlat (4500x3251) to lonlat (360x170) grid, with source mask (4336945)
cdo    remapbil: Bilinear weights from lonlat (4500x3251) to lonlat (360x170) grid, with source mask (1454435)
------------------------------------------------
Interplating /work/home/acrzcyisbk/HYCOM_monthly/uv3z/degree_0083/GLBv0.08_53X_archMN.2013_05_uv3z.nc
cdo    remapbil: Bilinear weights from lonlat (4500x3251) to lonlat (360x170) grid, with source mask (9974940)
cdo    remapbil: Bilinear weights from lonlat (4500x3251) to lonlat (360x170) grid, with source mask (9952885)
cdo    remapbil: Bilinear weights from lonlat (4500x3251) to lonlat (360x170) grid, with source mask (9939291)
cdo    remapbil: Bilinear weights from lonlat (4500x3251) to lonlat (360x170) grid, with source mask (9925415)
cdo    remapbil: Bilinear weights from lonlat (4500x3251) to lonlat (360x170) grid, with source mask (9909528)
cdo    remapbil: Bilinear weights from lonlat (4500x3251) to lonlat (360x170) grid, with source mask (9887620)
cdo    remapbil: Bilinear weights from lonlat (4500x3251) to lonlat (360x170) grid, with source mask (9846685)
cdo    remapbil: Bilinear weights from lonlat (4500x3251) to lonlat (360x170) grid, with source mask (9804573)
cdo    remapbil: Bilinear weights from lonlat (4500x3251) to lonlat (360x170) grid, with source mask (9767299)
cdo    remapbil: Bilinear weights from lonlat (4500x3251) to lonlat (360x170) grid, with source mask (9730643)
cdo    remapbil: Bilinear weights from lonlat (4500x3251) to lonlat (360x170) grid, with source mask (9691209)
cdo    remapbil: Bilinear weights from lonlat (4500x3251) to lonlat (360x170) grid, with source mask (9648582)
cdo    remapbil: Bilinear weights from lonlat (4500x3251) to lonlat (360x170) grid, with source mask (9606865)
cdo    remapbil: Bilinear weights from lonlat (4500x3251) to lonlat (360x170) grid, with source mask (9536477)
cdo    remapbil: Bilinear weights from lonlat (4500x3251) to lonlat (360x170) grid, with source mask (9480678)
cdo    remapbil: Bilinear weights from lonlat (4500x3251) to lonlat (360x170) grid, with source mask (9430184)
cdo    remapbil: Bilinear weights from lonlat (4500x3251) to lonlat (360x170) grid, with source mask (9384784)
cdo    remapbil: Bilinear weights from lonlat (4500x3251) to lonlat (360x170) grid, with source mask (9338856)
cdo    remapbil: Bilinear weights from lonlat (4500x3251) to lonlat (360x170) grid, with source mask (9244901)
cdo    remapbil: Bilinear weights from lonlat (4500x3251) to lonlat (360x170) grid, with source mask (9167129)
cdo    remapbil: Bilinear weights from lonlat (4500x3251) to lonlat (360x170) grid, with source mask (9032413)
cdo    remapbil: Bilinear weights from lonlat (4500x3251) to lonlat (360x170) grid, with source mask (8923756)
cdo    remapbil: Bilinear weights from lonlat (4500x3251) to lonlat (360x170) grid, with source mask (8825169)
cdo    remapbil: Bilinear weights from lonlat (4500x3251) to lonlat (360x170) grid, with source mask (8741043)
cdo    remapbil: Bilinear weights from lonlat (4500x3251) to lonlat (360x170) grid, with source mask (8669422)
cdo    remapbil: Bilinear weights from lonlat (4500x3251) to lonlat (360x170) grid, with source mask (8547872)
cdo    remapbil: Bilinear weights from lonlat (4500x3251) to lonlat (360x170) grid, with source mask (8453750)
cdo    remapbil: Bilinear weights from lonlat (4500x3251) to lonlat (360x170) grid, with source mask (8387576)
cdo    remapbil: Bilinear weights from lonlat (4500x3251) to lonlat (360x170) grid, with source mask (8336479)
cdo    remapbil: Bilinear weights from lonlat (4500x3251) to lonlat (360x170) grid, with source mask (8290417)
cdo    remapbil: Bilinear weights from lonlat (4500x3251) to lonlat (360x170) grid, with source mask (8247815)
cdo    remapbil: Bilinear weights from lonlat (4500x3251) to lonlat (360x170) grid, with source mask (8128477)
cdo    remapbil: Bilinear weights from lonlat (4500x3251) to lonlat (360x170) grid, with source mask (7994116)
cdo    remapbil: Bilinear weights from lonlat (4500x3251) to lonlat (360x170) grid, with source mask (7692126)
cdo    remapbil: Bilinear weights from lonlat (4500x3251) to lonlat (360x170) grid, with source mask (7286838)
cdo    remapbil: Bilinear weights from lonlat (4500x3251) to lonlat (360x170) grid, with source mask (6658426)
cdo    remapbil: Bilinear weights from lonlat (4500x3251) to lonlat (360x170) grid, with source mask (4336945)
cdo    remapbil: Bilinear weights from lonlat (4500x3251) to lonlat (360x170) grid, with source mask (1454435)
------------------------------------------------
Interplating /work/home/acrzcyisbk/HYCOM_monthly/uv3z/degree_0083/GLBv0.08_53X_archMN.2013_07_uv3z.nc
cdo    remapbil: Bilinear weights from lonlat (4500x3251) to lonlat (360x170) grid, with source mask (9974940)
cdo    remapbil: Bilinear weights from lonlat (4500x3251) to lonlat (360x170) grid, with source mask (9952885)
cdo    remapbil: Bilinear weights from lonlat (4500x3251) to lonlat (360x170) grid, with source mask (9939291)
cdo    remapbil: Bilinear weights from lonlat (4500x3251) to lonlat (360x170) grid, with source mask (9925415)
cdo    remapbil: Bilinear weights from lonlat (4500x3251) to lonlat (360x170) grid, with source mask (9909528)
cdo    remapbil: Bilinear weights from lonlat (4500x3251) to lonlat (360x170) grid, with source mask (9887620)
cdo    remapbil: Bilinear weights from lonlat (4500x3251) to lonlat (360x170) grid, with source mask (9846685)
cdo    remapbil: Bilinear weights from lonlat (4500x3251) to lonlat (360x170) grid, with source mask (9804573)
cdo    remapbil: Bilinear weights from lonlat (4500x3251) to lonlat (360x170) grid, with source mask (9767299)
cdo    remapbil: Bilinear weights from lonlat (4500x3251) to lonlat (360x170) grid, with source mask (9730643)
cdo    remapbil: Bilinear weights from lonlat (4500x3251) to lonlat (360x170) grid, with source mask (9691209)
cdo    remapbil: Bilinear weights from lonlat (4500x3251) to lonlat (360x170) grid, with source mask (9648582)
cdo    remapbil: Bilinear weights from lonlat (4500x3251) to lonlat (360x170) grid, with source mask (9606865)
cdo    remapbil: Bilinear weights from lonlat (4500x3251) to lonlat (360x170) grid, with source mask (9536477)
cdo    remapbil: Bilinear weights from lonlat (4500x3251) to lonlat (360x170) grid, with source mask (9480678)
cdo    remapbil: Bilinear weights from lonlat (4500x3251) to lonlat (360x170) grid, with source mask (9430184)
cdo    remapbil: Bilinear weights from lonlat (4500x3251) to lonlat (360x170) grid, with source mask (9384784)
cdo    remapbil: Bilinear weights from lonlat (4500x3251) to lonlat (360x170) grid, with source mask (9338856)
cdo    remapbil: Bilinear weights from lonlat (4500x3251) to lonlat (360x170) grid, with source mask (9244901)
cdo    remapbil: Bilinear weights from lonlat (4500x3251) to lonlat (360x170) grid, with source mask (9167129)
cdo    remapbil: Bilinear weights from lonlat (4500x3251) to lonlat (360x170) grid, with source mask (9032413)
cdo    remapbil: Bilinear weights from lonlat (4500x3251) to lonlat (360x170) grid, with source mask (8923756)
cdo    remapbil: Bilinear weights from lonlat (4500x3251) to lonlat (360x170) grid, with source mask (8825169)
cdo    remapbil: Bilinear weights from lonlat (4500x3251) to lonlat (360x170) grid, with source mask (8741043)
cdo    remapbil: Bilinear weights from lonlat (4500x3251) to lonlat (360x170) grid, with source mask (8669422)
cdo    remapbil: Bilinear weights from lonlat (4500x3251) to lonlat (360x170) grid, with source mask (8547872)
cdo    remapbil: Bilinear weights from lonlat (4500x3251) to lonlat (360x170) grid, with source mask (8453750)
cdo    remapbil: Bilinear weights from lonlat (4500x3251) to lonlat (360x170) grid, with source mask (8387576)
cdo    remapbil: Bilinear weights from lonlat (4500x3251) to lonlat (360x170) grid, with source mask (8336479)
cdo    remapbil: Bilinear weights from lonlat (4500x3251) to lonlat (360x170) grid, with source mask (8290417)
cdo    remapbil: Bilinear weights from lonlat (4500x3251) to lonlat (360x170) grid, with source mask (8247815)
cdo    remapbil: Bilinear weights from lonlat (4500x3251) to lonlat (360x170) grid, with source mask (8128477)
cdo    remapbil: Bilinear weights from lonlat (4500x3251) to lonlat (360x170) grid, with source mask (7994116)
cdo    remapbil: Bilinear weights from lonlat (4500x3251) to lonlat (360x170) grid, with source mask (7692126)
cdo    remapbil: Bilinear weights from lonlat (4500x3251) to lonlat (360x170) grid, with source mask (7286838)
cdo    remapbil: Bilinear weights from lonlat (4500x3251) to lonlat (360x170) grid, with source mask (6658426)
cdo    remapbil: Bilinear weights from lonlat (4500x3251) to lonlat (360x170) grid, with source mask (4336945)
cdo    remapbil: Bilinear weights from lonlat (4500x3251) to lonlat (360x170) grid, with source mask (1454435)
------------------------------------------------
Interplating /work/home/acrzcyisbk/HYCOM_monthly/uv3z/degree_0083/GLBv0.08_53X_archMN.2014_01_2014_12_uv3z.nc
cdo    remapbil: Bilinear weights from lonlat (4500x3251) to lonlat (360x170) grid, with source mask (9974940)
cdo    remapbil: Bilinear weights from lonlat (4500x3251) to lonlat (360x170) grid, with source mask (9952885)
cdo    remapbil: Bilinear weights from lonlat (4500x3251) to lonlat (360x170) grid, with source mask (9939291)
cdo    remapbil: Bilinear weights from lonlat (4500x3251) to lonlat (360x170) grid, with source mask (9925415)
cdo    remapbil: Bilinear weights from lonlat (4500x3251) to lonlat (360x170) grid, with source mask (9909528)
cdo    remapbil: Bilinear weights from lonlat (4500x3251) to lonlat (360x170) grid, with source mask (9887620)
cdo    remapbil: Bilinear weights from lonlat (4500x3251) to lonlat (360x170) grid, with source mask (9846685)
cdo    remapbil: Bilinear weights from lonlat (4500x3251) to lonlat (360x170) grid, with source mask (9804573)
cdo    remapbil: Bilinear weights from lonlat (4500x3251) to lonlat (360x170) grid, with source mask (9767299)
cdo    remapbil: Bilinear weights from lonlat (4500x3251) to lonlat (360x170) grid, with source mask (9730643)
cdo    remapbil: Bilinear weights from lonlat (4500x3251) to lonlat (360x170) grid, with source mask (9691209)
cdo    remapbil: Bilinear weights from lonlat (4500x3251) to lonlat (360x170) grid, with source mask (9648582)
cdo    remapbil: Bilinear weights from lonlat (4500x3251) to lonlat (360x170) grid, with source mask (9606865)
cdo    remapbil: Bilinear weights from lonlat (4500x3251) to lonlat (360x170) grid, with source mask (9536477)
cdo    remapbil: Bilinear weights from lonlat (4500x3251) to lonlat (360x170) grid, with source mask (9480678)
cdo    remapbil: Bilinear weights from lonlat (4500x3251) to lonlat (360x170) grid, with source mask (9430184)
cdo    remapbil: Bilinear weights from lonlat (4500x3251) to lonlat (360x170) grid, with source mask (9384784)
cdo    remapbil: Bilinear weights from lonlat (4500x3251) to lonlat (360x170) grid, with source mask (9338856)
cdo    remapbil: Bilinear weights from lonlat (4500x3251) to lonlat (360x170) grid, with source mask (9244901)
cdo    remapbil: Bilinear weights from lonlat (4500x3251) to lonlat (360x170) grid, with source mask (9167129)
cdo    remapbil: Bilinear weights from lonlat (4500x3251) to lonlat (360x170) grid, with source mask (9032413)
cdo    remapbil: Bilinear weights from lonlat (4500x3251) to lonlat (360x170) grid, with source mask (8923756)
cdo    remapbil: Bilinear weights from lonlat (4500x3251) to lonlat (360x170) grid, with source mask (8825169)
cdo    remapbil: Bilinear weights from lonlat (4500x3251) to lonlat (360x170) grid, with source mask (8741043)
cdo    remapbil: Bilinear weights from lonlat (4500x3251) to lonlat (360x170) grid, with source mask (8669422)
cdo    remapbil: Bilinear weights from lonlat (4500x3251) to lonlat (360x170) grid, with source mask (8547872)
cdo    remapbil: Bilinear weights from lonlat (4500x3251) to lonlat (360x170) grid, with source mask (8453750)
cdo    remapbil: Bilinear weights from lonlat (4500x3251) to lonlat (360x170) grid, with source mask (8387576)
cdo    remapbil: Bilinear weights from lonlat (4500x3251) to lonlat (360x170) grid, with source mask (8336479)
cdo    remapbil: Bilinear weights from lonlat (4500x3251) to lonlat (360x170) grid, with source mask (8290417)
cdo    remapbil: Bilinear weights from lonlat (4500x3251) to lonlat (360x170) grid, with source mask (8247815)
cdo    remapbil: Bilinear weights from lonlat (4500x3251) to lonlat (360x170) grid, with source mask (8128477)
cdo    remapbil: Bilinear weights from lonlat (4500x3251) to lonlat (360x170) grid, with source mask (7994116)
cdo    remapbil: Bilinear weights from lonlat (4500x3251) to lonlat (360x170) grid, with source mask (7692126)
cdo    remapbil: Bilinear weights from lonlat (4500x3251) to lonlat (360x170) grid, with source mask (7286838)
cdo    remapbil: Bilinear weights from lonlat (4500x3251) to lonlat (360x170) grid, with source mask (6658426)
cdo    remapbil: Bilinear weights from lonlat (4500x3251) to lonlat (360x170) grid, with source mask (4336945)
cdo    remapbil: Bilinear weights from lonlat (4500x3251) to lonlat (360x170) grid, with source mask (1454435)
------------------------------------------------
Interplating /work/home/acrzcyisbk/HYCOM_monthly/uv3z/degree_0083/GLBv0.08_53X_archMN.2014_01_uv3z.nc
cdo    remapbil: Bilinear weights from lonlat (4500x3251) to lonlat (360x170) grid, with source mask (9974940)
cdo    remapbil: Bilinear weights from lonlat (4500x3251) to lonlat (360x170) grid, with source mask (9952885)
cdo    remapbil: Bilinear weights from lonlat (4500x3251) to lonlat (360x170) grid, with source mask (9939291)
cdo    remapbil: Bilinear weights from lonlat (4500x3251) to lonlat (360x170) grid, with source mask (9925415)
cdo    remapbil: Bilinear weights from lonlat (4500x3251) to lonlat (360x170) grid, with source mask (9909528)
cdo    remapbil: Bilinear weights from lonlat (4500x3251) to lonlat (360x170) grid, with source mask (9887620)
cdo    remapbil: Bilinear weights from lonlat (4500x3251) to lonlat (360x170) grid, with source mask (9846685)
cdo    remapbil: Bilinear weights from lonlat (4500x3251) to lonlat (360x170) grid, with source mask (9804573)
cdo    remapbil: Bilinear weights from lonlat (4500x3251) to lonlat (360x170) grid, with source mask (9767299)
cdo    remapbil: Bilinear weights from lonlat (4500x3251) to lonlat (360x170) grid, with source mask (9730643)
cdo    remapbil: Bilinear weights from lonlat (4500x3251) to lonlat (360x170) grid, with source mask (9691209)
cdo    remapbil: Bilinear weights from lonlat (4500x3251) to lonlat (360x170) grid, with source mask (9648582)
cdo    remapbil: Bilinear weights from lonlat (4500x3251) to lonlat (360x170) grid, with source mask (9606865)
cdo    remapbil: Bilinear weights from lonlat (4500x3251) to lonlat (360x170) grid, with source mask (9536477)
cdo    remapbil: Bilinear weights from lonlat (4500x3251) to lonlat (360x170) grid, with source mask (9480678)
cdo    remapbil: Bilinear weights from lonlat (4500x3251) to lonlat (360x170) grid, with source mask (9430184)
cdo    remapbil: Bilinear weights from lonlat (4500x3251) to lonlat (360x170) grid, with source mask (9384784)
cdo    remapbil: Bilinear weights from lonlat (4500x3251) to lonlat (360x170) grid, with source mask (9338856)
cdo    remapbil: Bilinear weights from lonlat (4500x3251) to lonlat (360x170) grid, with source mask (9244901)
cdo    remapbil: Bilinear weights from lonlat (4500x3251) to lonlat (360x170) grid, with source mask (9167129)
cdo    remapbil: Bilinear weights from lonlat (4500x3251) to lonlat (360x170) grid, with source mask (9032413)
cdo    remapbil: Bilinear weights from lonlat (4500x3251) to lonlat (360x170) grid, with source mask (8923756)
cdo    remapbil: Bilinear weights from lonlat (4500x3251) to lonlat (360x170) grid, with source mask (8825169)
cdo    remapbil: Bilinear weights from lonlat (4500x3251) to lonlat (360x170) grid, with source mask (8741043)
cdo    remapbil: Bilinear weights from lonlat (4500x3251) to lonlat (360x170) grid, with source mask (8669422)
cdo    remapbil: Bilinear weights from lonlat (4500x3251) to lonlat (360x170) grid, with source mask (8547872)
cdo    remapbil: Bilinear weights from lonlat (4500x3251) to lonlat (360x170) grid, with source mask (8453750)
cdo    remapbil: Bilinear weights from lonlat (4500x3251) to lonlat (360x170) grid, with source mask (8387576)
cdo    remapbil: Bilinear weights from lonlat (4500x3251) to lonlat (360x170) grid, with source mask (8336479)
cdo    remapbil: Bilinear weights from lonlat (4500x3251) to lonlat (360x170) grid, with source mask (8290417)
cdo    remapbil: Bilinear weights from lonlat (4500x3251) to lonlat (360x170) grid, with source mask (8247815)
cdo    remapbil: Bilinear weights from lonlat (4500x3251) to lonlat (360x170) grid, with source mask (8128477)
cdo    remapbil: Bilinear weights from lonlat (4500x3251) to lonlat (360x170) grid, with source mask (7994116)
cdo    remapbil: Bilinear weights from lonlat (4500x3251) to lonlat (360x170) grid, with source mask (7692126)
cdo    remapbil: Bilinear weights from lonlat (4500x3251) to lonlat (360x170) grid, with source mask (7286838)
cdo    remapbil: Bilinear weights from lonlat (4500x3251) to lonlat (360x170) grid, with source mask (6658426)
cdo    remapbil: Bilinear weights from lonlat (4500x3251) to lonlat (360x170) grid, with source mask (4336945)
cdo    remapbil: Bilinear weights from lonlat (4500x3251) to lonlat (360x170) grid, with source mask (1454435)
------------------------------------------------
Interplating /work/home/acrzcyisbk/HYCOM_monthly/uv3z/degree_0083/GLBv0.08_53X_archMN.2014_03_uv3z.nc
cdo    remapbil: Bilinear weights from lonlat (4500x3251) to lonlat (360x170) grid, with source mask (9974940)
cdo    remapbil: Bilinear weights from lonlat (4500x3251) to lonlat (360x170) grid, with source mask (9952885)
cdo    remapbil: Bilinear weights from lonlat (4500x3251) to lonlat (360x170) grid, with source mask (9939291)
cdo    remapbil: Bilinear weights from lonlat (4500x3251) to lonlat (360x170) grid, with source mask (9925415)
cdo    remapbil: Bilinear weights from lonlat (4500x3251) to lonlat (360x170) grid, with source mask (9909528)
cdo    remapbil: Bilinear weights from lonlat (4500x3251) to lonlat (360x170) grid, with source mask (9887620)
cdo    remapbil: Bilinear weights from lonlat (4500x3251) to lonlat (360x170) grid, with source mask (9846685)
cdo    remapbil: Bilinear weights from lonlat (4500x3251) to lonlat (360x170) grid, with source mask (9804573)
cdo    remapbil: Bilinear weights from lonlat (4500x3251) to lonlat (360x170) grid, with source mask (9767299)
cdo    remapbil: Bilinear weights from lonlat (4500x3251) to lonlat (360x170) grid, with source mask (9730643)
cdo    remapbil: Bilinear weights from lonlat (4500x3251) to lonlat (360x170) grid, with source mask (9691209)
cdo    remapbil: Bilinear weights from lonlat (4500x3251) to lonlat (360x170) grid, with source mask (9648582)
cdo    remapbil: Bilinear weights from lonlat (4500x3251) to lonlat (360x170) grid, with source mask (9606865)
cdo    remapbil: Bilinear weights from lonlat (4500x3251) to lonlat (360x170) grid, with source mask (9536477)
cdo    remapbil: Bilinear weights from lonlat (4500x3251) to lonlat (360x170) grid, with source mask (9480678)
cdo    remapbil: Bilinear weights from lonlat (4500x3251) to lonlat (360x170) grid, with source mask (9430184)
cdo    remapbil: Bilinear weights from lonlat (4500x3251) to lonlat (360x170) grid, with source mask (9384784)
cdo    remapbil: Bilinear weights from lonlat (4500x3251) to lonlat (360x170) grid, with source mask (9338856)
cdo    remapbil: Bilinear weights from lonlat (4500x3251) to lonlat (360x170) grid, with source mask (9244901)
cdo    remapbil: Bilinear weights from lonlat (4500x3251) to lonlat (360x170) grid, with source mask (9167129)
cdo    remapbil: Bilinear weights from lonlat (4500x3251) to lonlat (360x170) grid, with source mask (9032413)
cdo    remapbil: Bilinear weights from lonlat (4500x3251) to lonlat (360x170) grid, with source mask (8923756)
cdo    remapbil: Bilinear weights from lonlat (4500x3251) to lonlat (360x170) grid, with source mask (8825169)
cdo    remapbil: Bilinear weights from lonlat (4500x3251) to lonlat (360x170) grid, with source mask (8741043)
cdo    remapbil: Bilinear weights from lonlat (4500x3251) to lonlat (360x170) grid, with source mask (8669422)
cdo    remapbil: Bilinear weights from lonlat (4500x3251) to lonlat (360x170) grid, with source mask (8547872)
cdo    remapbil: Bilinear weights from lonlat (4500x3251) to lonlat (360x170) grid, with source mask (8453750)
cdo    remapbil: Bilinear weights from lonlat (4500x3251) to lonlat (360x170) grid, with source mask (8387576)
cdo    remapbil: Bilinear weights from lonlat (4500x3251) to lonlat (360x170) grid, with source mask (8336479)
cdo    remapbil: Bilinear weights from lonlat (4500x3251) to lonlat (360x170) grid, with source mask (8290417)
cdo    remapbil: Bilinear weights from lonlat (4500x3251) to lonlat (360x170) grid, with source mask (8247815)
cdo    remapbil: Bilinear weights from lonlat (4500x3251) to lonlat (360x170) grid, with source mask (8128477)
cdo    remapbil: Bilinear weights from lonlat (4500x3251) to lonlat (360x170) grid, with source mask (7994116)
cdo    remapbil: Bilinear weights from lonlat (4500x3251) to lonlat (360x170) grid, with source mask (7692126)
cdo    remapbil: Bilinear weights from lonlat (4500x3251) to lonlat (360x170) grid, with source mask (7286838)
cdo    remapbil: Bilinear weights from lonlat (4500x3251) to lonlat (360x170) grid, with source mask (6658426)
cdo    remapbil: Bilinear weights from lonlat (4500x3251) to lonlat (360x170) grid, with source mask (4336945)
cdo    remapbil: Bilinear weights from lonlat (4500x3251) to lonlat (360x170) grid, with source mask (1454435)
/work/home/acrzcyisbk/HYCOM_monthly/uv3z/degree_1/GLBv0.08_53X_archMN.1995_01_uv3z.nc exists, skip
/work/home/acrzcyisbk/HYCOM_monthly/uv3z/degree_1/GLBv0.08_53X_archMN.1995_03_uv3z.nc exists, skip
/work/home/acrzcyisbk/HYCOM_monthly/uv3z/degree_1/GLBv0.08_53X_archMN.1996_05_uv3z.nc exists, skip
/work/home/acrzcyisbk/HYCOM_monthly/uv3z/degree_1/GLBv0.08_53X_archMN.1996_07_uv3z.nc exists, skip
/work/home/acrzcyisbk/HYCOM_monthly/uv3z/degree_1/GLBv0.08_53X_archMN.1997_12_uv3z.nc exists, skip
------------------------------------------------
Interplating /work/home/acrzcyisbk/HYCOM_monthly/uv3z/degree_0083/GLBv0.08_53X_archMN.1999_01_uv3z.nc
cdo    remapbil: Bilinear weights from lonlat (4500x3251) to lonlat (360x170) grid, with source mask (9974940)
cdo    remapbil: Bilinear weights from lonlat (4500x3251) to lonlat (360x170) grid, with source mask (9952885)
cdo    remapbil: Bilinear weights from lonlat (4500x3251) to lonlat (360x170) grid, with source mask (9939291)
cdo    remapbil: Bilinear weights from lonlat (4500x3251) to lonlat (360x170) grid, with source mask (9925415)
cdo    remapbil: Bilinear weights from lonlat (4500x3251) to lonlat (360x170) grid, with source mask (9909528)
cdo    remapbil: Bilinear weights from lonlat (4500x3251) to lonlat (360x170) grid, with source mask (9887620)
cdo    remapbil: Bilinear weights from lonlat (4500x3251) to lonlat (360x170) grid, with source mask (9846685)
cdo    remapbil: Bilinear weights from lonlat (4500x3251) to lonlat (360x170) grid, with source mask (9804573)
cdo    remapbil: Bilinear weights from lonlat (4500x3251) to lonlat (360x170) grid, with source mask (9767299)
cdo    remapbil: Bilinear weights from lonlat (4500x3251) to lonlat (360x170) grid, with source mask (9730643)
cdo    remapbil: Bilinear weights from lonlat (4500x3251) to lonlat (360x170) grid, with source mask (9691209)
cdo    remapbil: Bilinear weights from lonlat (4500x3251) to lonlat (360x170) grid, with source mask (9648582)
cdo    remapbil: Bilinear weights from lonlat (4500x3251) to lonlat (360x170) grid, with source mask (9606865)
cdo    remapbil: Bilinear weights from lonlat (4500x3251) to lonlat (360x170) grid, with source mask (9536477)
cdo    remapbil: Bilinear weights from lonlat (4500x3251) to lonlat (360x170) grid, with source mask (9480678)
cdo    remapbil: Bilinear weights from lonlat (4500x3251) to lonlat (360x170) grid, with source mask (9430184)
cdo    remapbil: Bilinear weights from lonlat (4500x3251) to lonlat (360x170) grid, with source mask (9384784)
cdo    remapbil: Bilinear weights from lonlat (4500x3251) to lonlat (360x170) grid, with source mask (9338856)
cdo    remapbil: Bilinear weights from lonlat (4500x3251) to lonlat (360x170) grid, with source mask (9244901)
cdo    remapbil: Bilinear weights from lonlat (4500x3251) to lonlat (360x170) grid, with source mask (9167129)
cdo    remapbil: Bilinear weights from lonlat (4500x3251) to lonlat (360x170) grid, with source mask (9032413)
cdo    remapbil: Bilinear weights from lonlat (4500x3251) to lonlat (360x170) grid, with source mask (8923756)
cdo    remapbil: Bilinear weights from lonlat (4500x3251) to lonlat (360x170) grid, with source mask (8825169)
cdo    remapbil: Bilinear weights from lonlat (4500x3251) to lonlat (360x170) grid, with source mask (8741043)
cdo    remapbil: Bilinear weights from lonlat (4500x3251) to lonlat (360x170) grid, with source mask (8669422)
cdo    remapbil: Bilinear weights from lonlat (4500x3251) to lonlat (360x170) grid, with source mask (8547872)
cdo    remapbil: Bilinear weights from lonlat (4500x3251) to lonlat (360x170) grid, with source mask (8453750)
cdo    remapbil: Bilinear weights from lonlat (4500x3251) to lonlat (360x170) grid, with source mask (8387576)
cdo    remapbil: Bilinear weights from lonlat (4500x3251) to lonlat (360x170) grid, with source mask (8336479)
cdo    remapbil: Bilinear weights from lonlat (4500x3251) to lonlat (360x170) grid, with source mask (8290417)
cdo    remapbil: Bilinear weights from lonlat (4500x3251) to lonlat (360x170) grid, with source mask (8247815)
cdo    remapbil: Bilinear weights from lonlat (4500x3251) to lonlat (360x170) grid, with source mask (8128477)
cdo    remapbil: Bilinear weights from lonlat (4500x3251) to lonlat (360x170) grid, with source mask (7994116)
cdo    remapbil: Bilinear weights from lonlat (4500x3251) to lonlat (360x170) grid, with source mask (7692126)
cdo    remapbil: Bilinear weights from lonlat (4500x3251) to lonlat (360x170) grid, with source mask (7286838)
cdo    remapbil: Bilinear weights from lonlat (4500x3251) to lonlat (360x170) grid, with source mask (6658426)
cdo    remapbil: Bilinear weights from lonlat (4500x3251) to lonlat (360x170) grid, with source mask (4336945)
cdo    remapbil: Bilinear weights from lonlat (4500x3251) to lonlat (360x170) grid, with source mask (1454435)
------------------------------------------------
Interplating /work/home/acrzcyisbk/HYCOM_monthly/uv3z/degree_0083/GLBv0.08_53X_archMN.1999_03_uv3z.nc
cdo    remapbil: Bilinear weights from lonlat (4500x3251) to lonlat (360x170) grid, with source mask (9974940)
cdo    remapbil: Bilinear weights from lonlat (4500x3251) to lonlat (360x170) grid, with source mask (9952885)
cdo    remapbil: Bilinear weights from lonlat (4500x3251) to lonlat (360x170) grid, with source mask (9939291)
cdo    remapbil: Bilinear weights from lonlat (4500x3251) to lonlat (360x170) grid, with source mask (9925415)
cdo    remapbil: Bilinear weights from lonlat (4500x3251) to lonlat (360x170) grid, with source mask (9909528)
cdo    remapbil: Bilinear weights from lonlat (4500x3251) to lonlat (360x170) grid, with source mask (9887620)
cdo    remapbil: Bilinear weights from lonlat (4500x3251) to lonlat (360x170) grid, with source mask (9846685)
cdo    remapbil: Bilinear weights from lonlat (4500x3251) to lonlat (360x170) grid, with source mask (9804573)
cdo    remapbil: Bilinear weights from lonlat (4500x3251) to lonlat (360x170) grid, with source mask (9767299)
cdo    remapbil: Bilinear weights from lonlat (4500x3251) to lonlat (360x170) grid, with source mask (9730643)
cdo    remapbil: Bilinear weights from lonlat (4500x3251) to lonlat (360x170) grid, with source mask (9691209)
cdo    remapbil: Bilinear weights from lonlat (4500x3251) to lonlat (360x170) grid, with source mask (9648582)
cdo    remapbil: Bilinear weights from lonlat (4500x3251) to lonlat (360x170) grid, with source mask (9606865)
cdo    remapbil: Bilinear weights from lonlat (4500x3251) to lonlat (360x170) grid, with source mask (9536477)
cdo    remapbil: Bilinear weights from lonlat (4500x3251) to lonlat (360x170) grid, with source mask (9480678)
cdo    remapbil: Bilinear weights from lonlat (4500x3251) to lonlat (360x170) grid, with source mask (9430184)
cdo    remapbil: Bilinear weights from lonlat (4500x3251) to lonlat (360x170) grid, with source mask (9384784)
cdo    remapbil: Bilinear weights from lonlat (4500x3251) to lonlat (360x170) grid, with source mask (9338856)
cdo    remapbil: Bilinear weights from lonlat (4500x3251) to lonlat (360x170) grid, with source mask (9244901)
cdo    remapbil: Bilinear weights from lonlat (4500x3251) to lonlat (360x170) grid, with source mask (9167129)
cdo    remapbil: Bilinear weights from lonlat (4500x3251) to lonlat (360x170) grid, with source mask (9032413)
cdo    remapbil: Bilinear weights from lonlat (4500x3251) to lonlat (360x170) grid, with source mask (8923756)
cdo    remapbil: Bilinear weights from lonlat (4500x3251) to lonlat (360x170) grid, with source mask (8825169)
cdo    remapbil: Bilinear weights from lonlat (4500x3251) to lonlat (360x170) grid, with source mask (8741043)
cdo    remapbil: Bilinear weights from lonlat (4500x3251) to lonlat (360x170) grid, with source mask (8669422)
cdo    remapbil: Bilinear weights from lonlat (4500x3251) to lonlat (360x170) grid, with source mask (8547872)
cdo    remapbil: Bilinear weights from lonlat (4500x3251) to lonlat (360x170) grid, with source mask (8453750)
cdo    remapbil: Bilinear weights from lonlat (4500x3251) to lonlat (360x170) grid, with source mask (8387576)
cdo    remapbil: Bilinear weights from lonlat (4500x3251) to lonlat (360x170) grid, with source mask (8336479)
cdo    remapbil: Bilinear weights from lonlat (4500x3251) to lonlat (360x170) grid, with source mask (8290417)
cdo    remapbil: Bilinear weights from lonlat (4500x3251) to lonlat (360x170) grid, with source mask (8247815)
cdo    remapbil: Bilinear weights from lonlat (4500x3251) to lonlat (360x170) grid, with source mask (8128477)
cdo    remapbil: Bilinear weights from lonlat (4500x3251) to lonlat (360x170) grid, with source mask (7994116)
cdo    remapbil: Bilinear weights from lonlat (4500x3251) to lonlat (360x170) grid, with source mask (7692126)
cdo    remapbil: Bilinear weights from lonlat (4500x3251) to lonlat (360x170) grid, with source mask (7286838)
cdo    remapbil: Bilinear weights from lonlat (4500x3251) to lonlat (360x170) grid, with source mask (6658426)
cdo    remapbil: Bilinear weights from lonlat (4500x3251) to lonlat (360x170) grid, with source mask (4336945)
cdo    remapbil: Bilinear weights from lonlat (4500x3251) to lonlat (360x170) grid, with source mask (1454435)
------------------------------------------------
Interplating /work/home/acrzcyisbk/HYCOM_monthly/uv3z/degree_0083/GLBv0.08_53X_archMN.1999_12_uv3z.nc
cdo    remapbil: Bilinear weights from lonlat (4500x3251) to lonlat (360x170) grid, with source mask (9974940)
cdo    remapbil: Bilinear weights from lonlat (4500x3251) to lonlat (360x170) grid, with source mask (9952885)
cdo    remapbil: Bilinear weights from lonlat (4500x3251) to lonlat (360x170) grid, with source mask (9939291)
cdo    remapbil: Bilinear weights from lonlat (4500x3251) to lonlat (360x170) grid, with source mask (9925415)
cdo    remapbil: Bilinear weights from lonlat (4500x3251) to lonlat (360x170) grid, with source mask (9909528)
cdo    remapbil: Bilinear weights from lonlat (4500x3251) to lonlat (360x170) grid, with source mask (9887620)
cdo    remapbil: Bilinear weights from lonlat (4500x3251) to lonlat (360x170) grid, with source mask (9846685)
cdo    remapbil: Bilinear weights from lonlat (4500x3251) to lonlat (360x170) grid, with source mask (9804573)
cdo    remapbil: Bilinear weights from lonlat (4500x3251) to lonlat (360x170) grid, with source mask (9767299)
cdo    remapbil: Bilinear weights from lonlat (4500x3251) to lonlat (360x170) grid, with source mask (9730643)
cdo    remapbil: Bilinear weights from lonlat (4500x3251) to lonlat (360x170) grid, with source mask (9691209)
cdo    remapbil: Bilinear weights from lonlat (4500x3251) to lonlat (360x170) grid, with source mask (9648582)
cdo    remapbil: Bilinear weights from lonlat (4500x3251) to lonlat (360x170) grid, with source mask (9606865)
cdo    remapbil: Bilinear weights from lonlat (4500x3251) to lonlat (360x170) grid, with source mask (9536477)
cdo    remapbil: Bilinear weights from lonlat (4500x3251) to lonlat (360x170) grid, with source mask (9480678)
cdo    remapbil: Bilinear weights from lonlat (4500x3251) to lonlat (360x170) grid, with source mask (9430184)
cdo    remapbil: Bilinear weights from lonlat (4500x3251) to lonlat (360x170) grid, with source mask (9384784)
cdo    remapbil: Bilinear weights from lonlat (4500x3251) to lonlat (360x170) grid, with source mask (9338856)
cdo    remapbil: Bilinear weights from lonlat (4500x3251) to lonlat (360x170) grid, with source mask (9244901)
cdo    remapbil: Bilinear weights from lonlat (4500x3251) to lonlat (360x170) grid, with source mask (9167129)
cdo    remapbil: Bilinear weights from lonlat (4500x3251) to lonlat (360x170) grid, with source mask (9032413)
cdo    remapbil: Bilinear weights from lonlat (4500x3251) to lonlat (360x170) grid, with source mask (8923756)
cdo    remapbil: Bilinear weights from lonlat (4500x3251) to lonlat (360x170) grid, with source mask (8825169)
cdo    remapbil: Bilinear weights from lonlat (4500x3251) to lonlat (360x170) grid, with source mask (8741043)
cdo    remapbil: Bilinear weights from lonlat (4500x3251) to lonlat (360x170) grid, with source mask (8669422)
cdo    remapbil: Bilinear weights from lonlat (4500x3251) to lonlat (360x170) grid, with source mask (8547872)
cdo    remapbil: Bilinear weights from lonlat (4500x3251) to lonlat (360x170) grid, with source mask (8453750)
cdo    remapbil: Bilinear weights from lonlat (4500x3251) to lonlat (360x170) grid, with source mask (8387576)
cdo    remapbil: Bilinear weights from lonlat (4500x3251) to lonlat (360x170) grid, with source mask (8336479)
cdo    remapbil: Bilinear weights from lonlat (4500x3251) to lonlat (360x170) grid, with source mask (8290417)
cdo    remapbil: Bilinear weights from lonlat (4500x3251) to lonlat (360x170) grid, with source mask (8247815)
cdo    remapbil: Bilinear weights from lonlat (4500x3251) to lonlat (360x170) grid, with source mask (8128477)
cdo    remapbil: Bilinear weights from lonlat (4500x3251) to lonlat (360x170) grid, with source mask (7994116)
cdo    remapbil: Bilinear weights from lonlat (4500x3251) to lonlat (360x170) grid, with source mask (7692126)
cdo    remapbil: Bilinear weights from lonlat (4500x3251) to lonlat (360x170) grid, with source mask (7286838)
cdo    remapbil: Bilinear weights from lonlat (4500x3251) to lonlat (360x170) grid, with source mask (6658426)
cdo    remapbil: Bilinear weights from lonlat (4500x3251) to lonlat (360x170) grid, with source mask (4336945)
cdo    remapbil: Bilinear weights from lonlat (4500x3251) to lonlat (360x170) grid, with source mask (1454435)
------------------------------------------------
Interplating /work/home/acrzcyisbk/HYCOM_monthly/uv3z/degree_0083/GLBv0.08_53X_archMN.2001_01_uv3z.nc
cdo    remapbil: Bilinear weights from lonlat (4500x3251) to lonlat (360x170) grid, with source mask (9974940)
cdo    remapbil: Bilinear weights from lonlat (4500x3251) to lonlat (360x170) grid, with source mask (9952885)
cdo    remapbil: Bilinear weights from lonlat (4500x3251) to lonlat (360x170) grid, with source mask (9939291)
cdo    remapbil: Bilinear weights from lonlat (4500x3251) to lonlat (360x170) grid, with source mask (9925415)
cdo    remapbil: Bilinear weights from lonlat (4500x3251) to lonlat (360x170) grid, with source mask (9909528)
cdo    remapbil: Bilinear weights from lonlat (4500x3251) to lonlat (360x170) grid, with source mask (9887620)
cdo    remapbil: Bilinear weights from lonlat (4500x3251) to lonlat (360x170) grid, with source mask (9846685)
cdo    remapbil: Bilinear weights from lonlat (4500x3251) to lonlat (360x170) grid, with source mask (9804573)
cdo    remapbil: Bilinear weights from lonlat (4500x3251) to lonlat (360x170) grid, with source mask (9767299)
cdo    remapbil: Bilinear weights from lonlat (4500x3251) to lonlat (360x170) grid, with source mask (9730643)
cdo    remapbil: Bilinear weights from lonlat (4500x3251) to lonlat (360x170) grid, with source mask (9691209)
cdo    remapbil: Bilinear weights from lonlat (4500x3251) to lonlat (360x170) grid, with source mask (9648582)
cdo    remapbil: Bilinear weights from lonlat (4500x3251) to lonlat (360x170) grid, with source mask (9606865)
cdo    remapbil: Bilinear weights from lonlat (4500x3251) to lonlat (360x170) grid, with source mask (9536477)
cdo    remapbil: Bilinear weights from lonlat (4500x3251) to lonlat (360x170) grid, with source mask (9480678)
cdo    remapbil: Bilinear weights from lonlat (4500x3251) to lonlat (360x170) grid, with source mask (9430184)
cdo    remapbil: Bilinear weights from lonlat (4500x3251) to lonlat (360x170) grid, with source mask (9384784)
cdo    remapbil: Bilinear weights from lonlat (4500x3251) to lonlat (360x170) grid, with source mask (9338856)
cdo    remapbil: Bilinear weights from lonlat (4500x3251) to lonlat (360x170) grid, with source mask (9244901)
cdo    remapbil: Bilinear weights from lonlat (4500x3251) to lonlat (360x170) grid, with source mask (9167129)
cdo    remapbil: Bilinear weights from lonlat (4500x3251) to lonlat (360x170) grid, with source mask (9032413)
cdo    remapbil: Bilinear weights from lonlat (4500x3251) to lonlat (360x170) grid, with source mask (8923756)
cdo    remapbil: Bilinear weights from lonlat (4500x3251) to lonlat (360x170) grid, with source mask (8825169)
cdo    remapbil: Bilinear weights from lonlat (4500x3251) to lonlat (360x170) grid, with source mask (8741043)
cdo    remapbil: Bilinear weights from lonlat (4500x3251) to lonlat (360x170) grid, with source mask (8669422)
cdo    remapbil: Bilinear weights from lonlat (4500x3251) to lonlat (360x170) grid, with source mask (8547872)
cdo    remapbil: Bilinear weights from lonlat (4500x3251) to lonlat (360x170) grid, with source mask (8453750)
cdo    remapbil: Bilinear weights from lonlat (4500x3251) to lonlat (360x170) grid, with source mask (8387576)
cdo    remapbil: Bilinear weights from lonlat (4500x3251) to lonlat (360x170) grid, with source mask (8336479)
cdo    remapbil: Bilinear weights from lonlat (4500x3251) to lonlat (360x170) grid, with source mask (8290417)
cdo    remapbil: Bilinear weights from lonlat (4500x3251) to lonlat (360x170) grid, with source mask (8247815)
cdo    remapbil: Bilinear weights from lonlat (4500x3251) to lonlat (360x170) grid, with source mask (8128477)
cdo    remapbil: Bilinear weights from lonlat (4500x3251) to lonlat (360x170) grid, with source mask (7994116)
cdo    remapbil: Bilinear weights from lonlat (4500x3251) to lonlat (360x170) grid, with source mask (7692126)
cdo    remapbil: Bilinear weights from lonlat (4500x3251) to lonlat (360x170) grid, with source mask (7286838)
cdo    remapbil: Bilinear weights from lonlat (4500x3251) to lonlat (360x170) grid, with source mask (6658426)
cdo    remapbil: Bilinear weights from lonlat (4500x3251) to lonlat (360x170) grid, with source mask (4336945)
cdo    remapbil: Bilinear weights from lonlat (4500x3251) to lonlat (360x170) grid, with source mask (1454435)
------------------------------------------------
Interplating /work/home/acrzcyisbk/HYCOM_monthly/uv3z/degree_0083/GLBv0.08_53X_archMN.2001_03_uv3z.nc
cdo    remapbil: Bilinear weights from lonlat (4500x3251) to lonlat (360x170) grid, with source mask (9974940)
cdo    remapbil: Bilinear weights from lonlat (4500x3251) to lonlat (360x170) grid, with source mask (9952885)
cdo    remapbil: Bilinear weights from lonlat (4500x3251) to lonlat (360x170) grid, with source mask (9939291)
cdo    remapbil: Bilinear weights from lonlat (4500x3251) to lonlat (360x170) grid, with source mask (9925415)
cdo    remapbil: Bilinear weights from lonlat (4500x3251) to lonlat (360x170) grid, with source mask (9909528)
cdo    remapbil: Bilinear weights from lonlat (4500x3251) to lonlat (360x170) grid, with source mask (9887620)
cdo    remapbil: Bilinear weights from lonlat (4500x3251) to lonlat (360x170) grid, with source mask (9846685)
cdo    remapbil: Bilinear weights from lonlat (4500x3251) to lonlat (360x170) grid, with source mask (9804573)
cdo    remapbil: Bilinear weights from lonlat (4500x3251) to lonlat (360x170) grid, with source mask (9767299)
cdo    remapbil: Bilinear weights from lonlat (4500x3251) to lonlat (360x170) grid, with source mask (9730643)
cdo    remapbil: Bilinear weights from lonlat (4500x3251) to lonlat (360x170) grid, with source mask (9691209)
cdo    remapbil: Bilinear weights from lonlat (4500x3251) to lonlat (360x170) grid, with source mask (9648582)
cdo    remapbil: Bilinear weights from lonlat (4500x3251) to lonlat (360x170) grid, with source mask (9606865)
cdo    remapbil: Bilinear weights from lonlat (4500x3251) to lonlat (360x170) grid, with source mask (9536477)
cdo    remapbil: Bilinear weights from lonlat (4500x3251) to lonlat (360x170) grid, with source mask (9480678)
cdo    remapbil: Bilinear weights from lonlat (4500x3251) to lonlat (360x170) grid, with source mask (9430184)
cdo    remapbil: Bilinear weights from lonlat (4500x3251) to lonlat (360x170) grid, with source mask (9384784)
cdo    remapbil: Bilinear weights from lonlat (4500x3251) to lonlat (360x170) grid, with source mask (9338856)
cdo    remapbil: Bilinear weights from lonlat (4500x3251) to lonlat (360x170) grid, with source mask (9244901)
cdo    remapbil: Bilinear weights from lonlat (4500x3251) to lonlat (360x170) grid, with source mask (9167129)
cdo    remapbil: Bilinear weights from lonlat (4500x3251) to lonlat (360x170) grid, with source mask (9032413)
cdo    remapbil: Bilinear weights from lonlat (4500x3251) to lonlat (360x170) grid, with source mask (8923756)
cdo    remapbil: Bilinear weights from lonlat (4500x3251) to lonlat (360x170) grid, with source mask (8825169)
cdo    remapbil: Bilinear weights from lonlat (4500x3251) to lonlat (360x170) grid, with source mask (8741043)
cdo    remapbil: Bilinear weights from lonlat (4500x3251) to lonlat (360x170) grid, with source mask (8669422)
cdo    remapbil: Bilinear weights from lonlat (4500x3251) to lonlat (360x170) grid, with source mask (8547872)
cdo    remapbil: Bilinear weights from lonlat (4500x3251) to lonlat (360x170) grid, with source mask (8453750)
cdo    remapbil: Bilinear weights from lonlat (4500x3251) to lonlat (360x170) grid, with source mask (8387576)
cdo    remapbil: Bilinear weights from lonlat (4500x3251) to lonlat (360x170) grid, with source mask (8336479)
cdo    remapbil: Bilinear weights from lonlat (4500x3251) to lonlat (360x170) grid, with source mask (8290417)
cdo    remapbil: Bilinear weights from lonlat (4500x3251) to lonlat (360x170) grid, with source mask (8247815)
cdo    remapbil: Bilinear weights from lonlat (4500x3251) to lonlat (360x170) grid, with source mask (8128477)
cdo    remapbil: Bilinear weights from lonlat (4500x3251) to lonlat (360x170) grid, with source mask (7994116)
cdo    remapbil: Bilinear weights from lonlat (4500x3251) to lonlat (360x170) grid, with source mask (7692126)
cdo    remapbil: Bilinear weights from lonlat (4500x3251) to lonlat (360x170) grid, with source mask (7286838)
cdo    remapbil: Bilinear weights from lonlat (4500x3251) to lonlat (360x170) grid, with source mask (6658426)
cdo    remapbil: Bilinear weights from lonlat (4500x3251) to lonlat (360x170) grid, with source mask (4336945)
cdo    remapbil: Bilinear weights from lonlat (4500x3251) to lonlat (360x170) grid, with source mask (1454435)
------------------------------------------------
Interplating /work/home/acrzcyisbk/HYCOM_monthly/uv3z/degree_0083/GLBv0.08_53X_archMN.2002_05_uv3z.nc
cdo    remapbil: Bilinear weights from lonlat (4500x3251) to lonlat (360x170) grid, with source mask (9974940)
cdo    remapbil: Bilinear weights from lonlat (4500x3251) to lonlat (360x170) grid, with source mask (9952885)
cdo    remapbil: Bilinear weights from lonlat (4500x3251) to lonlat (360x170) grid, with source mask (9939291)
cdo    remapbil: Bilinear weights from lonlat (4500x3251) to lonlat (360x170) grid, with source mask (9925415)
cdo    remapbil: Bilinear weights from lonlat (4500x3251) to lonlat (360x170) grid, with source mask (9909528)
cdo    remapbil: Bilinear weights from lonlat (4500x3251) to lonlat (360x170) grid, with source mask (9887620)
cdo    remapbil: Bilinear weights from lonlat (4500x3251) to lonlat (360x170) grid, with source mask (9846685)
cdo    remapbil: Bilinear weights from lonlat (4500x3251) to lonlat (360x170) grid, with source mask (9804573)
cdo    remapbil: Bilinear weights from lonlat (4500x3251) to lonlat (360x170) grid, with source mask (9767299)
cdo    remapbil: Bilinear weights from lonlat (4500x3251) to lonlat (360x170) grid, with source mask (9730643)
cdo    remapbil: Bilinear weights from lonlat (4500x3251) to lonlat (360x170) grid, with source mask (9691209)
cdo    remapbil: Bilinear weights from lonlat (4500x3251) to lonlat (360x170) grid, with source mask (9648582)
cdo    remapbil: Bilinear weights from lonlat (4500x3251) to lonlat (360x170) grid, with source mask (9606865)
cdo    remapbil: Bilinear weights from lonlat (4500x3251) to lonlat (360x170) grid, with source mask (9536477)
cdo    remapbil: Bilinear weights from lonlat (4500x3251) to lonlat (360x170) grid, with source mask (9480678)
cdo    remapbil: Bilinear weights from lonlat (4500x3251) to lonlat (360x170) grid, with source mask (9430184)
cdo    remapbil: Bilinear weights from lonlat (4500x3251) to lonlat (360x170) grid, with source mask (9384784)
cdo    remapbil: Bilinear weights from lonlat (4500x3251) to lonlat (360x170) grid, with source mask (9338856)
cdo    remapbil: Bilinear weights from lonlat (4500x3251) to lonlat (360x170) grid, with source mask (9244901)
cdo    remapbil: Bilinear weights from lonlat (4500x3251) to lonlat (360x170) grid, with source mask (9167129)
cdo    remapbil: Bilinear weights from lonlat (4500x3251) to lonlat (360x170) grid, with source mask (9032413)
cdo    remapbil: Bilinear weights from lonlat (4500x3251) to lonlat (360x170) grid, with source mask (10330002)
cdo    remapbil: Bilinear weights from lonlat (4500x3251) to lonlat (360x170) grid, with source mask (13328608)
cdo    remapbil: Bilinear weights from lonlat (4500x3251) to lonlat (360x170) grid, with source mask (13328608)
cdo    remapbil: Bilinear weights from lonlat (4500x3251) to lonlat (360x170) grid, with source mask (13328608)
cdo    remapbil: Bilinear weights from lonlat (4500x3251) to lonlat (360x170) grid, with source mask (13979054)
cdo    remapbil: Bilinear weights from lonlat (4500x3251) to lonlat (360x170) grid, with source mask (13328608)
cdo    remapbil: Bilinear weights from lonlat (4500x3251) to lonlat (360x170) grid, with source mask (13328608)
cdo    remapbil: Bilinear weights from lonlat (4500x3251) to lonlat (360x170) grid, with source mask (13328608)
cdo    remapbil: Bilinear weights from lonlat (4500x3251) to lonlat (360x170) grid, with source mask (13979054)
cdo    remapbil: Bilinear weights from lonlat (4500x3251) to lonlat (360x170) grid, with source mask (13328608)
cdo    remapbil: Bilinear weights from lonlat (4500x3251) to lonlat (360x170) grid, with source mask (13328608)
cdo    remapbil: Bilinear weights from lonlat (4500x3251) to lonlat (360x170) grid, with source mask (13328608)
cdo    remapbil: Bilinear weights from lonlat (4500x3251) to lonlat (360x170) grid, with source mask (13979054)
cdo    remapbil: Bilinear weights from lonlat (4500x3251) to lonlat (360x170) grid, with source mask (13328608)
cdo    remapbil: Bilinear weights from lonlat (4500x3251) to lonlat (360x170) grid, with source mask (13328608)
cdo    remapbil: Bilinear weights from lonlat (4500x3251) to lonlat (360x170) grid, with source mask (13328608)
cdo    remapbil: Bilinear weights from lonlat (4500x3251) to lonlat (360x170) grid, with source mask (13979054)
cdo    remapbil: Bilinear weights from lonlat (4500x3251) to lonlat (360x170) grid, with source mask (13328608)
cdo    remapbil: Bilinear weights from lonlat (4500x3251) to lonlat (360x170) grid, with source mask (13328608)
cdo    remapbil: Bilinear weights from lonlat (4500x3251) to lonlat (360x170) grid, with source mask (13979054)
cdo    remapbil: Bilinear weights from lonlat (4500x3251) to lonlat (360x170) grid, with source mask (14599518)
cdo    remapbil: Bilinear weights from lonlat (4500x3251) to lonlat (360x170) grid, with source mask (14599518)
cdo    remapbil: Bilinear weights from lonlat (4500x3251) to lonlat (360x170) grid, with source mask (14599518)
cdo    remapbil: Bilinear weights from lonlat (4500x3251) to lonlat (360x170) grid, with source mask (14614509)
cdo    remapbil: Bilinear weights from lonlat (4500x3251) to lonlat (360x170) grid, with source mask (14599518)
cdo    remapbil: Bilinear weights from lonlat (4500x3251) to lonlat (360x170) grid, with source mask (14599518)
cdo    remapbil: Bilinear weights from lonlat (4500x3251) to lonlat (360x170) grid, with source mask (14599518)
cdo    remapbil: Bilinear weights from lonlat (4500x3251) to lonlat (360x170) grid, with source mask (14614509)
cdo    remapbil: Bilinear weights from lonlat (4500x3251) to lonlat (360x170) grid, with source mask (14599518)
cdo    remapbil: Bilinear weights from lonlat (4500x3251) to lonlat (360x170) grid, with source mask (14599518)
cdo    remapbil: Bilinear weights from lonlat (4500x3251) to lonlat (360x170) grid, with source mask (14599518)
cdo    remapbil: Bilinear weights from lonlat (4500x3251) to lonlat (360x170) grid, with source mask (14614509)
cdo    remapbil: Bilinear weights from lonlat (4500x3251) to lonlat (360x170) grid, with source mask (14599518)
cdo    remapbil: Bilinear weights from lonlat (4500x3251) to lonlat (360x170) grid, with source mask (14599518)
cdo    remapbil: Bilinear weights from lonlat (4500x3251) to lonlat (360x170) grid, with source mask (14599518)
cdo    remapbil: Bilinear weights from lonlat (4500x3251) to lonlat (360x170) grid, with source mask (14614509)
cdo    remapbil: Bilinear weights from lonlat (4500x3251) to lonlat (360x170) grid, with source mask (14599518)
cdo    remapbil: Bilinear weights from lonlat (4500x3251) to lonlat (360x170) grid, with source mask (14599518)
cdo    remapbil: Bilinear weights from lonlat (4500x3251) to lonlat (360x170) grid, with source mask (14599518)
cdo    remapbil: Bilinear weights from lonlat (4500x3251) to lonlat (360x170) grid, with source mask (14614509)
cdo    remapbil: Bilinear weights from lonlat (4500x3251) to lonlat (360x170) grid, with source mask (14599518)
cdo    remapbil: Bilinear weights from lonlat (4500x3251) to lonlat (360x170) grid, with source mask (14599518)
cdo    remapbil: Bilinear weights from lonlat (4500x3251) to lonlat (360x170) grid, with source mask (14599518)
cdo    remapbil: Bilinear weights from lonlat (4500x3251) to lonlat (360x170) grid, with source mask (14614509)
cdo    remapbil: Bilinear weights from lonlat (4500x3251) to lonlat (360x170) grid, with source mask (14599518)
cdo    remapbil: Bilinear weights from lonlat (4500x3251) to lonlat (360x170) grid, with source mask (14599518)
cdo    remapbil: Bilinear weights from lonlat (4500x3251) to lonlat (360x170) grid, with source mask (14599518)
cdo    remapbil: Bilinear weights from lonlat (4500x3251) to lonlat (360x170) grid, with source mask (14614509)
cdo    remapbil: Bilinear weights from lonlat (4500x3251) to lonlat (360x170) grid, with source mask (14599518)
cdo    remapbil: Bilinear weights from lonlat (4500x3251) to lonlat (360x170) grid, with source mask (14599518)
cdo    remapbil: Bilinear weights from lonlat (4500x3251) to lonlat (360x170) grid, with source mask (14599518)
cdo    remapbil: Bilinear weights from lonlat (4500x3251) to lonlat (360x170) grid, with source mask (14614509)
cdo    remapbil: Bilinear weights from lonlat (4500x3251) to lonlat (360x170) grid, with source mask (14599518)
cdo    remapbil: Bilinear weights from lonlat (4500x3251) to lonlat (360x170) grid, with source mask (14599518)
cdo    remapbil: Bilinear weights from lonlat (4500x3251) to lonlat (360x170) grid, with source mask (14599518)
cdo    remapbil: Bilinear weights from lonlat (4500x3251) to lonlat (360x170) grid, with source mask (14614509)
cdo    remapbil: Bilinear weights from lonlat (4500x3251) to lonlat (360x170) grid, with source mask (14599518)
------------------------------------------------
Interplating /work/home/acrzcyisbk/HYCOM_monthly/uv3z/degree_0083/GLBv0.08_53X_archMN.2004_01_2004_12_uv3z.nc
cdo    remapbil: Bilinear weights from lonlat (4500x3251) to lonlat (360x170) grid, with source mask (9974940)
cdo    remapbil: Bilinear weights from lonlat (4500x3251) to lonlat (360x170) grid, with source mask (11997234)
cdo    remapbil: Bilinear weights from lonlat (4500x3251) to lonlat (360x170) grid, with source mask (13313367)
cdo    remapbil: Bilinear weights from lonlat (4500x3251) to lonlat (360x170) grid, with source mask (14420588)
cdo    remapbil: Bilinear weights from lonlat (4500x3251) to lonlat (360x170) grid, with source mask (14420588)
cdo    remapbil: Bilinear weights from lonlat (4500x3251) to lonlat (360x170) grid, with source mask (14420588)
cdo    remapbil: Bilinear weights from lonlat (4500x3251) to lonlat (360x170) grid, with source mask (14525044)
cdo    remapbil: Bilinear weights from lonlat (4500x3251) to lonlat (360x170) grid, with source mask (14420588)
cdo    remapbil: Bilinear weights from lonlat (4500x3251) to lonlat (360x170) grid, with source mask (14420588)
cdo    remapbil: Bilinear weights from lonlat (4500x3251) to lonlat (360x170) grid, with source mask (14420588)
cdo    remapbil: Bilinear weights from lonlat (4500x3251) to lonlat (360x170) grid, with source mask (14525044)
cdo    remapbil: Bilinear weights from lonlat (4500x3251) to lonlat (360x170) grid, with source mask (14420588)
cdo    remapbil: Bilinear weights from lonlat (4500x3251) to lonlat (360x170) grid, with source mask (14420588)
cdo    remapbil: Bilinear weights from lonlat (4500x3251) to lonlat (360x170) grid, with source mask (14420588)
cdo    remapbil: Bilinear weights from lonlat (4500x3251) to lonlat (360x170) grid, with source mask (14525044)
cdo    remapbil: Bilinear weights from lonlat (4500x3251) to lonlat (360x170) grid, with source mask (14420588)
cdo    remapbil: Bilinear weights from lonlat (4500x3251) to lonlat (360x170) grid, with source mask (14420588)
cdo    remapbil: Bilinear weights from lonlat (4500x3251) to lonlat (360x170) grid, with source mask (14420588)
cdo    remapbil: Bilinear weights from lonlat (4500x3251) to lonlat (360x170) grid, with source mask (14525044)
cdo    remapbil: Bilinear weights from lonlat (4500x3251) to lonlat (360x170) grid, with source mask (14420588)
cdo    remapbil: Bilinear weights from lonlat (4500x3251) to lonlat (360x170) grid, with source mask (14420588)
cdo    remapbil: Bilinear weights from lonlat (4500x3251) to lonlat (360x170) grid, with source mask (14420588)
cdo    remapbil: Bilinear weights from lonlat (4500x3251) to lonlat (360x170) grid, with source mask (14525044)
cdo    remapbil: Bilinear weights from lonlat (4500x3251) to lonlat (360x170) grid, with source mask (14420588)
cdo    remapbil: Bilinear weights from lonlat (4500x3251) to lonlat (360x170) grid, with source mask (14420588)
cdo    remapbil: Bilinear weights from lonlat (4500x3251) to lonlat (360x170) grid, with source mask (14420588)
cdo    remapbil: Bilinear weights from lonlat (4500x3251) to lonlat (360x170) grid, with source mask (14525044)
cdo    remapbil: Bilinear weights from lonlat (4500x3251) to lonlat (360x170) grid, with source mask (14420588)
cdo    remapbil: Bilinear weights from lonlat (4500x3251) to lonlat (360x170) grid, with source mask (14420588)
cdo    remapbil: Bilinear weights from lonlat (4500x3251) to lonlat (360x170) grid, with source mask (14420588)
cdo    remapbil: Bilinear weights from lonlat (4500x3251) to lonlat (360x170) grid, with source mask (14525044)
cdo    remapbil: Bilinear weights from lonlat (4500x3251) to lonlat (360x170) grid, with source mask (14420588)
cdo    remapbil: Bilinear weights from lonlat (4500x3251) to lonlat (360x170) grid, with source mask (14420588)
cdo    remapbil: Bilinear weights from lonlat (4500x3251) to lonlat (360x170) grid, with source mask (14420588)
cdo    remapbil: Bilinear weights from lonlat (4500x3251) to lonlat (360x170) grid, with source mask (14525044)
cdo    remapbil: Bilinear weights from lonlat (4500x3251) to lonlat (360x170) grid, with source mask (14420588)
cdo    remapbil: Bilinear weights from lonlat (4500x3251) to lonlat (360x170) grid, with source mask (14420588)
cdo    remapbil: Bilinear weights from lonlat (4500x3251) to lonlat (360x170) grid, with source mask (14420588)
cdo    remapbil: Bilinear weights from lonlat (4500x3251) to lonlat (360x170) grid, with source mask (14525044)
cdo    remapbil: Bilinear weights from lonlat (4500x3251) to lonlat (360x170) grid, with source mask (14420588)
cdo    remapbil: Bilinear weights from lonlat (4500x3251) to lonlat (360x170) grid, with source mask (14420588)
cdo    remapbil: Bilinear weights from lonlat (4500x3251) to lonlat (360x170) grid, with source mask (14525044)
cdo    remapbil: Bilinear weights from lonlat (4500x3251) to lonlat (360x170) grid, with source mask (14574256)
cdo    remapbil: Bilinear weights from lonlat (4500x3251) to lonlat (360x170) grid, with source mask (14574256)
cdo    remapbil: Bilinear weights from lonlat (4500x3251) to lonlat (360x170) grid, with source mask (14574256)
cdo    remapbil: Bilinear weights from lonlat (4500x3251) to lonlat (360x170) grid, with source mask (14601878)
cdo    remapbil: Bilinear weights from lonlat (4500x3251) to lonlat (360x170) grid, with source mask (14574256)
cdo    remapbil: Bilinear weights from lonlat (4500x3251) to lonlat (360x170) grid, with source mask (14574256)
cdo    remapbil: Bilinear weights from lonlat (4500x3251) to lonlat (360x170) grid, with source mask (14574256)
cdo    remapbil: Bilinear weights from lonlat (4500x3251) to lonlat (360x170) grid, with source mask (14601878)
cdo    remapbil: Bilinear weights from lonlat (4500x3251) to lonlat (360x170) grid, with source mask (14574256)
cdo    remapbil: Bilinear weights from lonlat (4500x3251) to lonlat (360x170) grid, with source mask (14574256)
cdo    remapbil: Bilinear weights from lonlat (4500x3251) to lonlat (360x170) grid, with source mask (14574256)
cdo    remapbil: Bilinear weights from lonlat (4500x3251) to lonlat (360x170) grid, with source mask (14601878)
cdo    remapbil: Bilinear weights from lonlat (4500x3251) to lonlat (360x170) grid, with source mask (14574256)
cdo    remapbil: Bilinear weights from lonlat (4500x3251) to lonlat (360x170) grid, with source mask (14574256)
cdo    remapbil: Bilinear weights from lonlat (4500x3251) to lonlat (360x170) grid, with source mask (14574256)
cdo    remapbil: Bilinear weights from lonlat (4500x3251) to lonlat (360x170) grid, with source mask (14601878)
cdo    remapbil: Bilinear weights from lonlat (4500x3251) to lonlat (360x170) grid, with source mask (14574256)
cdo    remapbil: Bilinear weights from lonlat (4500x3251) to lonlat (360x170) grid, with source mask (14574256)
cdo    remapbil: Bilinear weights from lonlat (4500x3251) to lonlat (360x170) grid, with source mask (14574256)
cdo    remapbil: Bilinear weights from lonlat (4500x3251) to lonlat (360x170) grid, with source mask (14601878)
cdo    remapbil: Bilinear weights from lonlat (4500x3251) to lonlat (360x170) grid, with source mask (14574256)
cdo    remapbil: Bilinear weights from lonlat (4500x3251) to lonlat (360x170) grid, with source mask (14574256)
cdo    remapbil: Bilinear weights from lonlat (4500x3251) to lonlat (360x170) grid, with source mask (14574256)
cdo    remapbil: Bilinear weights from lonlat (4500x3251) to lonlat (360x170) grid, with source mask (14601878)
cdo    remapbil: Bilinear weights from lonlat (4500x3251) to lonlat (360x170) grid, with source mask (14574256)
cdo    remapbil: Bilinear weights from lonlat (4500x3251) to lonlat (360x170) grid, with source mask (14574256)
cdo    remapbil: Bilinear weights from lonlat (4500x3251) to lonlat (360x170) grid, with source mask (14574256)
cdo    remapbil: Bilinear weights from lonlat (4500x3251) to lonlat (360x170) grid, with source mask (14601878)
cdo    remapbil: Bilinear weights from lonlat (4500x3251) to lonlat (360x170) grid, with source mask (14574256)
cdo    remapbil: Bilinear weights from lonlat (4500x3251) to lonlat (360x170) grid, with source mask (14574256)
cdo    remapbil: Bilinear weights from lonlat (4500x3251) to lonlat (360x170) grid, with source mask (14574256)
cdo    remapbil: Bilinear weights from lonlat (4500x3251) to lonlat (360x170) grid, with source mask (14601878)
cdo    remapbil: Bilinear weights from lonlat (4500x3251) to lonlat (360x170) grid, with source mask (14574256)
cdo    remapbil: Bilinear weights from lonlat (4500x3251) to lonlat (360x170) grid, with source mask (14574256)
cdo    remapbil: Bilinear weights from lonlat (4500x3251) to lonlat (360x170) grid, with source mask (14574256)
cdo    remapbil: Bilinear weights from lonlat (4500x3251) to lonlat (360x170) grid, with source mask (14601878)
cdo    remapbil: Bilinear weights from lonlat (4500x3251) to lonlat (360x170) grid, with source mask (14574256)
------------------------------------------------
Interplating /work/home/acrzcyisbk/HYCOM_monthly/uv3z/degree_0083/GLBv0.08_53X_archMN.2005_01_uv3z.nc
cdo    remapbil: Bilinear weights from lonlat (4500x3251) to lonlat (360x170) grid, with source mask (9974940)
cdo    remapbil: Bilinear weights from lonlat (4500x3251) to lonlat (360x170) grid, with source mask (9952885)
cdo    remapbil: Bilinear weights from lonlat (4500x3251) to lonlat (360x170) grid, with source mask (9939291)
cdo    remapbil: Bilinear weights from lonlat (4500x3251) to lonlat (360x170) grid, with source mask (9925415)
cdo    remapbil: Bilinear weights from lonlat (4500x3251) to lonlat (360x170) grid, with source mask (9909528)
cdo    remapbil: Bilinear weights from lonlat (4500x3251) to lonlat (360x170) grid, with source mask (9887620)
cdo    remapbil: Bilinear weights from lonlat (4500x3251) to lonlat (360x170) grid, with source mask (9846685)
cdo    remapbil: Bilinear weights from lonlat (4500x3251) to lonlat (360x170) grid, with source mask (9804573)
cdo    remapbil: Bilinear weights from lonlat (4500x3251) to lonlat (360x170) grid, with source mask (9767299)
cdo    remapbil: Bilinear weights from lonlat (4500x3251) to lonlat (360x170) grid, with source mask (9730643)
cdo    remapbil: Bilinear weights from lonlat (4500x3251) to lonlat (360x170) grid, with source mask (9691209)
cdo    remapbil: Bilinear weights from lonlat (4500x3251) to lonlat (360x170) grid, with source mask (9648582)
cdo    remapbil: Bilinear weights from lonlat (4500x3251) to lonlat (360x170) grid, with source mask (9606865)
cdo    remapbil: Bilinear weights from lonlat (4500x3251) to lonlat (360x170) grid, with source mask (9536477)
cdo    remapbil: Bilinear weights from lonlat (4500x3251) to lonlat (360x170) grid, with source mask (9480678)
cdo    remapbil: Bilinear weights from lonlat (4500x3251) to lonlat (360x170) grid, with source mask (9430184)
cdo    remapbil: Bilinear weights from lonlat (4500x3251) to lonlat (360x170) grid, with source mask (9384784)
cdo    remapbil: Bilinear weights from lonlat (4500x3251) to lonlat (360x170) grid, with source mask (9338856)
cdo    remapbil: Bilinear weights from lonlat (4500x3251) to lonlat (360x170) grid, with source mask (9244901)
cdo    remapbil: Bilinear weights from lonlat (4500x3251) to lonlat (360x170) grid, with source mask (9167129)
cdo    remapbil: Bilinear weights from lonlat (4500x3251) to lonlat (360x170) grid, with source mask (9032413)
cdo    remapbil: Bilinear weights from lonlat (4500x3251) to lonlat (360x170) grid, with source mask (8923756)
cdo    remapbil: Bilinear weights from lonlat (4500x3251) to lonlat (360x170) grid, with source mask (8825169)
cdo    remapbil: Bilinear weights from lonlat (4500x3251) to lonlat (360x170) grid, with source mask (8741043)
cdo    remapbil: Bilinear weights from lonlat (4500x3251) to lonlat (360x170) grid, with source mask (8669422)
cdo    remapbil: Bilinear weights from lonlat (4500x3251) to lonlat (360x170) grid, with source mask (8547872)
cdo    remapbil: Bilinear weights from lonlat (4500x3251) to lonlat (360x170) grid, with source mask (8453750)
cdo    remapbil: Bilinear weights from lonlat (4500x3251) to lonlat (360x170) grid, with source mask (8387576)
cdo    remapbil: Bilinear weights from lonlat (4500x3251) to lonlat (360x170) grid, with source mask (8336479)
cdo    remapbil: Bilinear weights from lonlat (4500x3251) to lonlat (360x170) grid, with source mask (8290417)
cdo    remapbil: Bilinear weights from lonlat (4500x3251) to lonlat (360x170) grid, with source mask (8247815)
cdo    remapbil: Bilinear weights from lonlat (4500x3251) to lonlat (360x170) grid, with source mask (8128477)
cdo    remapbil: Bilinear weights from lonlat (4500x3251) to lonlat (360x170) grid, with source mask (7994116)
cdo    remapbil: Bilinear weights from lonlat (4500x3251) to lonlat (360x170) grid, with source mask (7692126)
cdo    remapbil: Bilinear weights from lonlat (4500x3251) to lonlat (360x170) grid, with source mask (7286838)
cdo    remapbil: Bilinear weights from lonlat (4500x3251) to lonlat (360x170) grid, with source mask (6658426)
cdo    remapbil: Bilinear weights from lonlat (4500x3251) to lonlat (360x170) grid, with source mask (4336945)
cdo    remapbil: Bilinear weights from lonlat (4500x3251) to lonlat (360x170) grid, with source mask (1454435)
------------------------------------------------
Interplating /work/home/acrzcyisbk/HYCOM_monthly/uv3z/degree_0083/GLBv0.08_53X_archMN.2005_03_uv3z.nc
cdo    remapbil: Bilinear weights from lonlat (4500x3251) to lonlat (360x170) grid, with source mask (9974940)
cdo    remapbil: Bilinear weights from lonlat (4500x3251) to lonlat (360x170) grid, with source mask (9952885)
cdo    remapbil: Bilinear weights from lonlat (4500x3251) to lonlat (360x170) grid, with source mask (9939291)
cdo    remapbil: Bilinear weights from lonlat (4500x3251) to lonlat (360x170) grid, with source mask (9925415)
cdo    remapbil: Bilinear weights from lonlat (4500x3251) to lonlat (360x170) grid, with source mask (9909528)
cdo    remapbil: Bilinear weights from lonlat (4500x3251) to lonlat (360x170) grid, with source mask (9887620)
cdo    remapbil: Bilinear weights from lonlat (4500x3251) to lonlat (360x170) grid, with source mask (9846685)
cdo    remapbil: Bilinear weights from lonlat (4500x3251) to lonlat (360x170) grid, with source mask (9804573)
cdo    remapbil: Bilinear weights from lonlat (4500x3251) to lonlat (360x170) grid, with source mask (9767299)
cdo    remapbil: Bilinear weights from lonlat (4500x3251) to lonlat (360x170) grid, with source mask (9730643)
cdo    remapbil: Bilinear weights from lonlat (4500x3251) to lonlat (360x170) grid, with source mask (9691209)
cdo    remapbil: Bilinear weights from lonlat (4500x3251) to lonlat (360x170) grid, with source mask (9648582)
cdo    remapbil: Bilinear weights from lonlat (4500x3251) to lonlat (360x170) grid, with source mask (9606865)
cdo    remapbil: Bilinear weights from lonlat (4500x3251) to lonlat (360x170) grid, with source mask (9536477)
cdo    remapbil: Bilinear weights from lonlat (4500x3251) to lonlat (360x170) grid, with source mask (9480678)
cdo    remapbil: Bilinear weights from lonlat (4500x3251) to lonlat (360x170) grid, with source mask (9430184)
cdo    remapbil: Bilinear weights from lonlat (4500x3251) to lonlat (360x170) grid, with source mask (9384784)
cdo    remapbil: Bilinear weights from lonlat (4500x3251) to lonlat (360x170) grid, with source mask (9338856)
cdo    remapbil: Bilinear weights from lonlat (4500x3251) to lonlat (360x170) grid, with source mask (9244901)
cdo    remapbil: Bilinear weights from lonlat (4500x3251) to lonlat (360x170) grid, with source mask (9167129)
cdo    remapbil: Bilinear weights from lonlat (4500x3251) to lonlat (360x170) grid, with source mask (9032413)
cdo    remapbil: Bilinear weights from lonlat (4500x3251) to lonlat (360x170) grid, with source mask (8923756)
cdo    remapbil: Bilinear weights from lonlat (4500x3251) to lonlat (360x170) grid, with source mask (8825169)
cdo    remapbil: Bilinear weights from lonlat (4500x3251) to lonlat (360x170) grid, with source mask (8741043)
cdo    remapbil: Bilinear weights from lonlat (4500x3251) to lonlat (360x170) grid, with source mask (8669422)
cdo    remapbil: Bilinear weights from lonlat (4500x3251) to lonlat (360x170) grid, with source mask (8547872)
cdo    remapbil: Bilinear weights from lonlat (4500x3251) to lonlat (360x170) grid, with source mask (8453750)
cdo    remapbil: Bilinear weights from lonlat (4500x3251) to lonlat (360x170) grid, with source mask (8387576)
cdo    remapbil: Bilinear weights from lonlat (4500x3251) to lonlat (360x170) grid, with source mask (8336479)
cdo    remapbil: Bilinear weights from lonlat (4500x3251) to lonlat (360x170) grid, with source mask (8290417)
cdo    remapbil: Bilinear weights from lonlat (4500x3251) to lonlat (360x170) grid, with source mask (8247815)
cdo    remapbil: Bilinear weights from lonlat (4500x3251) to lonlat (360x170) grid, with source mask (8128477)
cdo    remapbil: Bilinear weights from lonlat (4500x3251) to lonlat (360x170) grid, with source mask (7994116)
cdo    remapbil: Bilinear weights from lonlat (4500x3251) to lonlat (360x170) grid, with source mask (7692126)
cdo    remapbil: Bilinear weights from lonlat (4500x3251) to lonlat (360x170) grid, with source mask (7286838)
cdo    remapbil: Bilinear weights from lonlat (4500x3251) to lonlat (360x170) grid, with source mask (6658426)
cdo    remapbil: Bilinear weights from lonlat (4500x3251) to lonlat (360x170) grid, with source mask (4336945)
cdo    remapbil: Bilinear weights from lonlat (4500x3251) to lonlat (360x170) grid, with source mask (1454435)
------------------------------------------------
Interplating /work/home/acrzcyisbk/HYCOM_monthly/uv3z/degree_0083/GLBv0.08_53X_archMN.2006_01_2006_12_uv3z.nc
cdo    remapbil: Bilinear weights from lonlat (4500x3251) to lonlat (360x170) grid, with source mask (9974940)
cdo    remapbil: Bilinear weights from lonlat (4500x3251) to lonlat (360x170) grid, with source mask (9952885)
cdo    remapbil: Bilinear weights from lonlat (4500x3251) to lonlat (360x170) grid, with source mask (9939291)
cdo    remapbil: Bilinear weights from lonlat (4500x3251) to lonlat (360x170) grid, with source mask (9925415)
cdo    remapbil: Bilinear weights from lonlat (4500x3251) to lonlat (360x170) grid, with source mask (9909528)
cdo    remapbil: Bilinear weights from lonlat (4500x3251) to lonlat (360x170) grid, with source mask (9887620)
cdo    remapbil: Bilinear weights from lonlat (4500x3251) to lonlat (360x170) grid, with source mask (9846685)
cdo    remapbil: Bilinear weights from lonlat (4500x3251) to lonlat (360x170) grid, with source mask (9804573)
cdo    remapbil: Bilinear weights from lonlat (4500x3251) to lonlat (360x170) grid, with source mask (9767299)
cdo    remapbil: Bilinear weights from lonlat (4500x3251) to lonlat (360x170) grid, with source mask (9730643)
cdo    remapbil: Bilinear weights from lonlat (4500x3251) to lonlat (360x170) grid, with source mask (9691209)
cdo    remapbil: Bilinear weights from lonlat (4500x3251) to lonlat (360x170) grid, with source mask (9648582)
cdo    remapbil: Bilinear weights from lonlat (4500x3251) to lonlat (360x170) grid, with source mask (9606865)
cdo    remapbil: Bilinear weights from lonlat (4500x3251) to lonlat (360x170) grid, with source mask (9536477)
cdo    remapbil: Bilinear weights from lonlat (4500x3251) to lonlat (360x170) grid, with source mask (9480678)
cdo    remapbil: Bilinear weights from lonlat (4500x3251) to lonlat (360x170) grid, with source mask (9430184)
cdo    remapbil: Bilinear weights from lonlat (4500x3251) to lonlat (360x170) grid, with source mask (9384784)
cdo    remapbil: Bilinear weights from lonlat (4500x3251) to lonlat (360x170) grid, with source mask (9338856)
cdo    remapbil: Bilinear weights from lonlat (4500x3251) to lonlat (360x170) grid, with source mask (9244901)
cdo    remapbil: Bilinear weights from lonlat (4500x3251) to lonlat (360x170) grid, with source mask (9167129)
cdo    remapbil: Bilinear weights from lonlat (4500x3251) to lonlat (360x170) grid, with source mask (9032413)
cdo    remapbil: Bilinear weights from lonlat (4500x3251) to lonlat (360x170) grid, with source mask (8923756)
cdo    remapbil: Bilinear weights from lonlat (4500x3251) to lonlat (360x170) grid, with source mask (8825169)
cdo    remapbil: Bilinear weights from lonlat (4500x3251) to lonlat (360x170) grid, with source mask (8741043)
cdo    remapbil: Bilinear weights from lonlat (4500x3251) to lonlat (360x170) grid, with source mask (8669422)
cdo    remapbil: Bilinear weights from lonlat (4500x3251) to lonlat (360x170) grid, with source mask (8547872)
cdo    remapbil: Bilinear weights from lonlat (4500x3251) to lonlat (360x170) grid, with source mask (8453750)
cdo    remapbil: Bilinear weights from lonlat (4500x3251) to lonlat (360x170) grid, with source mask (8387576)
cdo    remapbil: Bilinear weights from lonlat (4500x3251) to lonlat (360x170) grid, with source mask (8336479)
cdo    remapbil: Bilinear weights from lonlat (4500x3251) to lonlat (360x170) grid, with source mask (8290417)
cdo    remapbil: Bilinear weights from lonlat (4500x3251) to lonlat (360x170) grid, with source mask (8247815)
cdo    remapbil: Bilinear weights from lonlat (4500x3251) to lonlat (360x170) grid, with source mask (8128477)
cdo    remapbil: Bilinear weights from lonlat (4500x3251) to lonlat (360x170) grid, with source mask (7994116)
cdo    remapbil: Bilinear weights from lonlat (4500x3251) to lonlat (360x170) grid, with source mask (7692126)
cdo    remapbil: Bilinear weights from lonlat (4500x3251) to lonlat (360x170) grid, with source mask (7286838)
cdo    remapbil: Bilinear weights from lonlat (4500x3251) to lonlat (360x170) grid, with source mask (6658426)
cdo    remapbil: Bilinear weights from lonlat (4500x3251) to lonlat (360x170) grid, with source mask (4336945)
cdo    remapbil: Bilinear weights from lonlat (4500x3251) to lonlat (360x170) grid, with source mask (1454435)
------------------------------------------------
Interplating /work/home/acrzcyisbk/HYCOM_monthly/uv3z/degree_0083/GLBv0.08_53X_archMN.2006_05_uv3z.nc
cdo    remapbil: Bilinear weights from lonlat (4500x3251) to lonlat (360x170) grid, with source mask (9974940)
cdo    remapbil: Bilinear weights from lonlat (4500x3251) to lonlat (360x170) grid, with source mask (9952885)
cdo    remapbil: Bilinear weights from lonlat (4500x3251) to lonlat (360x170) grid, with source mask (9939291)
cdo    remapbil: Bilinear weights from lonlat (4500x3251) to lonlat (360x170) grid, with source mask (9925415)
cdo    remapbil: Bilinear weights from lonlat (4500x3251) to lonlat (360x170) grid, with source mask (9909528)
cdo    remapbil: Bilinear weights from lonlat (4500x3251) to lonlat (360x170) grid, with source mask (9887620)
cdo    remapbil: Bilinear weights from lonlat (4500x3251) to lonlat (360x170) grid, with source mask (9846685)
cdo    remapbil: Bilinear weights from lonlat (4500x3251) to lonlat (360x170) grid, with source mask (9804573)
cdo    remapbil: Bilinear weights from lonlat (4500x3251) to lonlat (360x170) grid, with source mask (9767299)
cdo    remapbil: Bilinear weights from lonlat (4500x3251) to lonlat (360x170) grid, with source mask (9730643)
cdo    remapbil: Bilinear weights from lonlat (4500x3251) to lonlat (360x170) grid, with source mask (9691209)
cdo    remapbil: Bilinear weights from lonlat (4500x3251) to lonlat (360x170) grid, with source mask (9648582)
cdo    remapbil: Bilinear weights from lonlat (4500x3251) to lonlat (360x170) grid, with source mask (9606865)
cdo    remapbil: Bilinear weights from lonlat (4500x3251) to lonlat (360x170) grid, with source mask (9536477)
cdo    remapbil: Bilinear weights from lonlat (4500x3251) to lonlat (360x170) grid, with source mask (9480678)
cdo    remapbil: Bilinear weights from lonlat (4500x3251) to lonlat (360x170) grid, with source mask (9430184)
cdo    remapbil: Bilinear weights from lonlat (4500x3251) to lonlat (360x170) grid, with source mask (9384784)
cdo    remapbil: Bilinear weights from lonlat (4500x3251) to lonlat (360x170) grid, with source mask (9338856)
cdo    remapbil: Bilinear weights from lonlat (4500x3251) to lonlat (360x170) grid, with source mask (9244901)
cdo    remapbil: Bilinear weights from lonlat (4500x3251) to lonlat (360x170) grid, with source mask (9167129)
cdo    remapbil: Bilinear weights from lonlat (4500x3251) to lonlat (360x170) grid, with source mask (9032413)
cdo    remapbil: Bilinear weights from lonlat (4500x3251) to lonlat (360x170) grid, with source mask (8923756)
cdo    remapbil: Bilinear weights from lonlat (4500x3251) to lonlat (360x170) grid, with source mask (8825169)
cdo    remapbil: Bilinear weights from lonlat (4500x3251) to lonlat (360x170) grid, with source mask (8741043)
cdo    remapbil: Bilinear weights from lonlat (4500x3251) to lonlat (360x170) grid, with source mask (8669422)
cdo    remapbil: Bilinear weights from lonlat (4500x3251) to lonlat (360x170) grid, with source mask (8547872)
cdo    remapbil: Bilinear weights from lonlat (4500x3251) to lonlat (360x170) grid, with source mask (8453750)
cdo    remapbil: Bilinear weights from lonlat (4500x3251) to lonlat (360x170) grid, with source mask (8387576)
cdo    remapbil: Bilinear weights from lonlat (4500x3251) to lonlat (360x170) grid, with source mask (8336479)
cdo    remapbil: Bilinear weights from lonlat (4500x3251) to lonlat (360x170) grid, with source mask (8290417)
cdo    remapbil: Bilinear weights from lonlat (4500x3251) to lonlat (360x170) grid, with source mask (8247815)
cdo    remapbil: Bilinear weights from lonlat (4500x3251) to lonlat (360x170) grid, with source mask (8128477)
cdo    remapbil: Bilinear weights from lonlat (4500x3251) to lonlat (360x170) grid, with source mask (7994116)
cdo    remapbil: Bilinear weights from lonlat (4500x3251) to lonlat (360x170) grid, with source mask (7692126)
cdo    remapbil: Bilinear weights from lonlat (4500x3251) to lonlat (360x170) grid, with source mask (7286838)
cdo    remapbil: Bilinear weights from lonlat (4500x3251) to lonlat (360x170) grid, with source mask (6658426)
cdo    remapbil: Bilinear weights from lonlat (4500x3251) to lonlat (360x170) grid, with source mask (4336945)
cdo    remapbil: Bilinear weights from lonlat (4500x3251) to lonlat (360x170) grid, with source mask (1454435)
------------------------------------------------
Interplating /work/home/acrzcyisbk/HYCOM_monthly/uv3z/degree_0083/GLBv0.08_53X_archMN.2006_07_uv3z.nc
cdo    remapbil: Bilinear weights from lonlat (4500x3251) to lonlat (360x170) grid, with source mask (9974940)
cdo    remapbil: Bilinear weights from lonlat (4500x3251) to lonlat (360x170) grid, with source mask (9952885)
cdo    remapbil: Bilinear weights from lonlat (4500x3251) to lonlat (360x170) grid, with source mask (9939291)
cdo    remapbil: Bilinear weights from lonlat (4500x3251) to lonlat (360x170) grid, with source mask (9925415)
cdo    remapbil: Bilinear weights from lonlat (4500x3251) to lonlat (360x170) grid, with source mask (9909528)
cdo    remapbil: Bilinear weights from lonlat (4500x3251) to lonlat (360x170) grid, with source mask (9887620)
cdo    remapbil: Bilinear weights from lonlat (4500x3251) to lonlat (360x170) grid, with source mask (9846685)
cdo    remapbil: Bilinear weights from lonlat (4500x3251) to lonlat (360x170) grid, with source mask (9804573)
cdo    remapbil: Bilinear weights from lonlat (4500x3251) to lonlat (360x170) grid, with source mask (9767299)
cdo    remapbil: Bilinear weights from lonlat (4500x3251) to lonlat (360x170) grid, with source mask (9730643)
cdo    remapbil: Bilinear weights from lonlat (4500x3251) to lonlat (360x170) grid, with source mask (9691209)
cdo    remapbil: Bilinear weights from lonlat (4500x3251) to lonlat (360x170) grid, with source mask (9648582)
cdo    remapbil: Bilinear weights from lonlat (4500x3251) to lonlat (360x170) grid, with source mask (9606865)
cdo    remapbil: Bilinear weights from lonlat (4500x3251) to lonlat (360x170) grid, with source mask (9536477)
cdo    remapbil: Bilinear weights from lonlat (4500x3251) to lonlat (360x170) grid, with source mask (9480678)
cdo    remapbil: Bilinear weights from lonlat (4500x3251) to lonlat (360x170) grid, with source mask (9430184)
cdo    remapbil: Bilinear weights from lonlat (4500x3251) to lonlat (360x170) grid, with source mask (9384784)
cdo    remapbil: Bilinear weights from lonlat (4500x3251) to lonlat (360x170) grid, with source mask (9338856)
cdo    remapbil: Bilinear weights from lonlat (4500x3251) to lonlat (360x170) grid, with source mask (9244901)
cdo    remapbil: Bilinear weights from lonlat (4500x3251) to lonlat (360x170) grid, with source mask (9167129)
cdo    remapbil: Bilinear weights from lonlat (4500x3251) to lonlat (360x170) grid, with source mask (9032413)
cdo    remapbil: Bilinear weights from lonlat (4500x3251) to lonlat (360x170) grid, with source mask (8923756)
cdo    remapbil: Bilinear weights from lonlat (4500x3251) to lonlat (360x170) grid, with source mask (8825169)
cdo    remapbil: Bilinear weights from lonlat (4500x3251) to lonlat (360x170) grid, with source mask (8741043)
cdo    remapbil: Bilinear weights from lonlat (4500x3251) to lonlat (360x170) grid, with source mask (8669422)
cdo    remapbil: Bilinear weights from lonlat (4500x3251) to lonlat (360x170) grid, with source mask (8547872)
cdo    remapbil: Bilinear weights from lonlat (4500x3251) to lonlat (360x170) grid, with source mask (8453750)
cdo    remapbil: Bilinear weights from lonlat (4500x3251) to lonlat (360x170) grid, with source mask (8387576)
cdo    remapbil: Bilinear weights from lonlat (4500x3251) to lonlat (360x170) grid, with source mask (8336479)
cdo    remapbil: Bilinear weights from lonlat (4500x3251) to lonlat (360x170) grid, with source mask (8290417)
cdo    remapbil: Bilinear weights from lonlat (4500x3251) to lonlat (360x170) grid, with source mask (8247815)
cdo    remapbil: Bilinear weights from lonlat (4500x3251) to lonlat (360x170) grid, with source mask (8128477)
cdo    remapbil: Bilinear weights from lonlat (4500x3251) to lonlat (360x170) grid, with source mask (7994116)
cdo    remapbil: Bilinear weights from lonlat (4500x3251) to lonlat (360x170) grid, with source mask (7692126)
cdo    remapbil: Bilinear weights from lonlat (4500x3251) to lonlat (360x170) grid, with source mask (7286838)
cdo    remapbil: Bilinear weights from lonlat (4500x3251) to lonlat (360x170) grid, with source mask (6658426)
cdo    remapbil: Bilinear weights from lonlat (4500x3251) to lonlat (360x170) grid, with source mask (4336945)
cdo    remapbil: Bilinear weights from lonlat (4500x3251) to lonlat (360x170) grid, with source mask (1454435)
------------------------------------------------
Interplating /work/home/acrzcyisbk/HYCOM_monthly/uv3z/degree_0083/GLBv0.08_53X_archMN.2007_12_uv3z.nc
cdo    remapbil: Bilinear weights from lonlat (4500x3251) to lonlat (360x170) grid, with source mask (9974940)
cdo    remapbil: Bilinear weights from lonlat (4500x3251) to lonlat (360x170) grid, with source mask (9952885)
cdo    remapbil: Bilinear weights from lonlat (4500x3251) to lonlat (360x170) grid, with source mask (9939291)
cdo    remapbil: Bilinear weights from lonlat (4500x3251) to lonlat (360x170) grid, with source mask (9925415)
cdo    remapbil: Bilinear weights from lonlat (4500x3251) to lonlat (360x170) grid, with source mask (9909528)
cdo    remapbil: Bilinear weights from lonlat (4500x3251) to lonlat (360x170) grid, with source mask (9887620)
cdo    remapbil: Bilinear weights from lonlat (4500x3251) to lonlat (360x170) grid, with source mask (9846685)
cdo    remapbil: Bilinear weights from lonlat (4500x3251) to lonlat (360x170) grid, with source mask (9804573)
cdo    remapbil: Bilinear weights from lonlat (4500x3251) to lonlat (360x170) grid, with source mask (9767299)
cdo    remapbil: Bilinear weights from lonlat (4500x3251) to lonlat (360x170) grid, with source mask (9730643)
cdo    remapbil: Bilinear weights from lonlat (4500x3251) to lonlat (360x170) grid, with source mask (9691209)
cdo    remapbil: Bilinear weights from lonlat (4500x3251) to lonlat (360x170) grid, with source mask (9648582)
cdo    remapbil: Bilinear weights from lonlat (4500x3251) to lonlat (360x170) grid, with source mask (9606865)
cdo    remapbil: Bilinear weights from lonlat (4500x3251) to lonlat (360x170) grid, with source mask (9536477)
cdo    remapbil: Bilinear weights from lonlat (4500x3251) to lonlat (360x170) grid, with source mask (9480678)
cdo    remapbil: Bilinear weights from lonlat (4500x3251) to lonlat (360x170) grid, with source mask (9430184)
cdo    remapbil: Bilinear weights from lonlat (4500x3251) to lonlat (360x170) grid, with source mask (9384784)
cdo    remapbil: Bilinear weights from lonlat (4500x3251) to lonlat (360x170) grid, with source mask (9338856)
cdo    remapbil: Bilinear weights from lonlat (4500x3251) to lonlat (360x170) grid, with source mask (9244901)
cdo    remapbil: Bilinear weights from lonlat (4500x3251) to lonlat (360x170) grid, with source mask (9167129)
cdo    remapbil: Bilinear weights from lonlat (4500x3251) to lonlat (360x170) grid, with source mask (9032413)
cdo    remapbil: Bilinear weights from lonlat (4500x3251) to lonlat (360x170) grid, with source mask (8923756)
cdo    remapbil: Bilinear weights from lonlat (4500x3251) to lonlat (360x170) grid, with source mask (8825169)
cdo    remapbil: Bilinear weights from lonlat (4500x3251) to lonlat (360x170) grid, with source mask (8741043)
cdo    remapbil: Bilinear weights from lonlat (4500x3251) to lonlat (360x170) grid, with source mask (8669422)
cdo    remapbil: Bilinear weights from lonlat (4500x3251) to lonlat (360x170) grid, with source mask (8547872)
cdo    remapbil: Bilinear weights from lonlat (4500x3251) to lonlat (360x170) grid, with source mask (8453750)
cdo    remapbil: Bilinear weights from lonlat (4500x3251) to lonlat (360x170) grid, with source mask (8387576)
cdo    remapbil: Bilinear weights from lonlat (4500x3251) to lonlat (360x170) grid, with source mask (8336479)
cdo    remapbil: Bilinear weights from lonlat (4500x3251) to lonlat (360x170) grid, with source mask (8290417)
cdo    remapbil: Bilinear weights from lonlat (4500x3251) to lonlat (360x170) grid, with source mask (8247815)
cdo    remapbil: Bilinear weights from lonlat (4500x3251) to lonlat (360x170) grid, with source mask (8128477)
cdo    remapbil: Bilinear weights from lonlat (4500x3251) to lonlat (360x170) grid, with source mask (7994116)
cdo    remapbil: Bilinear weights from lonlat (4500x3251) to lonlat (360x170) grid, with source mask (7692126)
cdo    remapbil: Bilinear weights from lonlat (4500x3251) to lonlat (360x170) grid, with source mask (7286838)
cdo    remapbil: Bilinear weights from lonlat (4500x3251) to lonlat (360x170) grid, with source mask (6658426)
cdo    remapbil: Bilinear weights from lonlat (4500x3251) to lonlat (360x170) grid, with source mask (4336945)
cdo    remapbil: Bilinear weights from lonlat (4500x3251) to lonlat (360x170) grid, with source mask (1454435)
------------------------------------------------
Interplating /work/home/acrzcyisbk/HYCOM_monthly/uv3z/degree_0083/GLBv0.08_53X_archMN.2009_01_2009_12_uv3z.nc
cdo    remapbil: Bilinear weights from lonlat (4500x3251) to lonlat (360x170) grid, with source mask (9974940)
cdo    remapbil: Bilinear weights from lonlat (4500x3251) to lonlat (360x170) grid, with source mask (9952885)
cdo    remapbil: Bilinear weights from lonlat (4500x3251) to lonlat (360x170) grid, with source mask (9939291)
cdo    remapbil: Bilinear weights from lonlat (4500x3251) to lonlat (360x170) grid, with source mask (9925415)
cdo    remapbil: Bilinear weights from lonlat (4500x3251) to lonlat (360x170) grid, with source mask (9909528)
cdo    remapbil: Bilinear weights from lonlat (4500x3251) to lonlat (360x170) grid, with source mask (9887620)
cdo    remapbil: Bilinear weights from lonlat (4500x3251) to lonlat (360x170) grid, with source mask (9846685)
cdo    remapbil: Bilinear weights from lonlat (4500x3251) to lonlat (360x170) grid, with source mask (9804573)
cdo    remapbil: Bilinear weights from lonlat (4500x3251) to lonlat (360x170) grid, with source mask (9767299)
cdo    remapbil: Bilinear weights from lonlat (4500x3251) to lonlat (360x170) grid, with source mask (9730643)
cdo    remapbil: Bilinear weights from lonlat (4500x3251) to lonlat (360x170) grid, with source mask (9691209)
cdo    remapbil: Bilinear weights from lonlat (4500x3251) to lonlat (360x170) grid, with source mask (9648582)
cdo    remapbil: Bilinear weights from lonlat (4500x3251) to lonlat (360x170) grid, with source mask (9606865)
cdo    remapbil: Bilinear weights from lonlat (4500x3251) to lonlat (360x170) grid, with source mask (9536477)
cdo    remapbil: Bilinear weights from lonlat (4500x3251) to lonlat (360x170) grid, with source mask (9480678)
cdo    remapbil: Bilinear weights from lonlat (4500x3251) to lonlat (360x170) grid, with source mask (9430184)
cdo    remapbil: Bilinear weights from lonlat (4500x3251) to lonlat (360x170) grid, with source mask (9384784)
cdo    remapbil: Bilinear weights from lonlat (4500x3251) to lonlat (360x170) grid, with source mask (9338856)
cdo    remapbil: Bilinear weights from lonlat (4500x3251) to lonlat (360x170) grid, with source mask (9244901)
cdo    remapbil: Bilinear weights from lonlat (4500x3251) to lonlat (360x170) grid, with source mask (9167129)
cdo    remapbil: Bilinear weights from lonlat (4500x3251) to lonlat (360x170) grid, with source mask (9032413)
cdo    remapbil: Bilinear weights from lonlat (4500x3251) to lonlat (360x170) grid, with source mask (8923756)
cdo    remapbil: Bilinear weights from lonlat (4500x3251) to lonlat (360x170) grid, with source mask (8825169)
cdo    remapbil: Bilinear weights from lonlat (4500x3251) to lonlat (360x170) grid, with source mask (8741043)
cdo    remapbil: Bilinear weights from lonlat (4500x3251) to lonlat (360x170) grid, with source mask (8669422)
cdo    remapbil: Bilinear weights from lonlat (4500x3251) to lonlat (360x170) grid, with source mask (8547872)
cdo    remapbil: Bilinear weights from lonlat (4500x3251) to lonlat (360x170) grid, with source mask (8453750)
cdo    remapbil: Bilinear weights from lonlat (4500x3251) to lonlat (360x170) grid, with source mask (8387576)
cdo    remapbil: Bilinear weights from lonlat (4500x3251) to lonlat (360x170) grid, with source mask (8336479)
cdo    remapbil: Bilinear weights from lonlat (4500x3251) to lonlat (360x170) grid, with source mask (8290417)
cdo    remapbil: Bilinear weights from lonlat (4500x3251) to lonlat (360x170) grid, with source mask (8247815)
cdo    remapbil: Bilinear weights from lonlat (4500x3251) to lonlat (360x170) grid, with source mask (8128477)
cdo    remapbil: Bilinear weights from lonlat (4500x3251) to lonlat (360x170) grid, with source mask (7994116)
cdo    remapbil: Bilinear weights from lonlat (4500x3251) to lonlat (360x170) grid, with source mask (7692126)
cdo    remapbil: Bilinear weights from lonlat (4500x3251) to lonlat (360x170) grid, with source mask (7286838)
cdo    remapbil: Bilinear weights from lonlat (4500x3251) to lonlat (360x170) grid, with source mask (6658426)
cdo    remapbil: Bilinear weights from lonlat (4500x3251) to lonlat (360x170) grid, with source mask (4336945)
cdo    remapbil: Bilinear weights from lonlat (4500x3251) to lonlat (360x170) grid, with source mask (1454435)
------------------------------------------------
Interplating /work/home/acrzcyisbk/HYCOM_monthly/uv3z/degree_0083/GLBv0.08_53X_archMN.2009_01_uv3z.nc
cdo    remapbil: Bilinear weights from lonlat (4500x3251) to lonlat (360x170) grid, with source mask (9974940)
cdo    remapbil: Bilinear weights from lonlat (4500x3251) to lonlat (360x170) grid, with source mask (9952885)
cdo    remapbil: Bilinear weights from lonlat (4500x3251) to lonlat (360x170) grid, with source mask (9939291)
cdo    remapbil: Bilinear weights from lonlat (4500x3251) to lonlat (360x170) grid, with source mask (9925415)
cdo    remapbil: Bilinear weights from lonlat (4500x3251) to lonlat (360x170) grid, with source mask (9909528)
cdo    remapbil: Bilinear weights from lonlat (4500x3251) to lonlat (360x170) grid, with source mask (9887620)
cdo    remapbil: Bilinear weights from lonlat (4500x3251) to lonlat (360x170) grid, with source mask (9846685)
cdo    remapbil: Bilinear weights from lonlat (4500x3251) to lonlat (360x170) grid, with source mask (9804573)
cdo    remapbil: Bilinear weights from lonlat (4500x3251) to lonlat (360x170) grid, with source mask (9767299)
cdo    remapbil: Bilinear weights from lonlat (4500x3251) to lonlat (360x170) grid, with source mask (9730643)
cdo    remapbil: Bilinear weights from lonlat (4500x3251) to lonlat (360x170) grid, with source mask (9691209)
cdo    remapbil: Bilinear weights from lonlat (4500x3251) to lonlat (360x170) grid, with source mask (9648582)
cdo    remapbil: Bilinear weights from lonlat (4500x3251) to lonlat (360x170) grid, with source mask (9606865)
cdo    remapbil: Bilinear weights from lonlat (4500x3251) to lonlat (360x170) grid, with source mask (9536477)
cdo    remapbil: Bilinear weights from lonlat (4500x3251) to lonlat (360x170) grid, with source mask (9480678)
cdo    remapbil: Bilinear weights from lonlat (4500x3251) to lonlat (360x170) grid, with source mask (9430184)
cdo    remapbil: Bilinear weights from lonlat (4500x3251) to lonlat (360x170) grid, with source mask (9384784)
cdo    remapbil: Bilinear weights from lonlat (4500x3251) to lonlat (360x170) grid, with source mask (9338856)
cdo    remapbil: Bilinear weights from lonlat (4500x3251) to lonlat (360x170) grid, with source mask (9244901)
cdo    remapbil: Bilinear weights from lonlat (4500x3251) to lonlat (360x170) grid, with source mask (9167129)
cdo    remapbil: Bilinear weights from lonlat (4500x3251) to lonlat (360x170) grid, with source mask (9032413)
cdo    remapbil: Bilinear weights from lonlat (4500x3251) to lonlat (360x170) grid, with source mask (8923756)
cdo    remapbil: Bilinear weights from lonlat (4500x3251) to lonlat (360x170) grid, with source mask (8825169)
cdo    remapbil: Bilinear weights from lonlat (4500x3251) to lonlat (360x170) grid, with source mask (8741043)
cdo    remapbil: Bilinear weights from lonlat (4500x3251) to lonlat (360x170) grid, with source mask (8669422)
cdo    remapbil: Bilinear weights from lonlat (4500x3251) to lonlat (360x170) grid, with source mask (8547872)
cdo    remapbil: Bilinear weights from lonlat (4500x3251) to lonlat (360x170) grid, with source mask (8453750)
cdo    remapbil: Bilinear weights from lonlat (4500x3251) to lonlat (360x170) grid, with source mask (8387576)
cdo    remapbil: Bilinear weights from lonlat (4500x3251) to lonlat (360x170) grid, with source mask (8336479)
cdo    remapbil: Bilinear weights from lonlat (4500x3251) to lonlat (360x170) grid, with source mask (8290417)
cdo    remapbil: Bilinear weights from lonlat (4500x3251) to lonlat (360x170) grid, with source mask (8247815)
cdo    remapbil: Bilinear weights from lonlat (4500x3251) to lonlat (360x170) grid, with source mask (8128477)
cdo    remapbil: Bilinear weights from lonlat (4500x3251) to lonlat (360x170) grid, with source mask (7994116)
cdo    remapbil: Bilinear weights from lonlat (4500x3251) to lonlat (360x170) grid, with source mask (7692126)
cdo    remapbil: Bilinear weights from lonlat (4500x3251) to lonlat (360x170) grid, with source mask (7286838)
cdo    remapbil: Bilinear weights from lonlat (4500x3251) to lonlat (360x170) grid, with source mask (6658426)
cdo    remapbil: Bilinear weights from lonlat (4500x3251) to lonlat (360x170) grid, with source mask (4336945)
cdo    remapbil: Bilinear weights from lonlat (4500x3251) to lonlat (360x170) grid, with source mask (1454435)
------------------------------------------------
Interplating /work/home/acrzcyisbk/HYCOM_monthly/uv3z/degree_0083/GLBv0.08_53X_archMN.2009_03_uv3z.nc
cdo    remapbil: Bilinear weights from lonlat (4500x3251) to lonlat (360x170) grid, with source mask (9974940)
cdo    remapbil: Bilinear weights from lonlat (4500x3251) to lonlat (360x170) grid, with source mask (9952885)
cdo    remapbil: Bilinear weights from lonlat (4500x3251) to lonlat (360x170) grid, with source mask (9939291)
cdo    remapbil: Bilinear weights from lonlat (4500x3251) to lonlat (360x170) grid, with source mask (9925415)
cdo    remapbil: Bilinear weights from lonlat (4500x3251) to lonlat (360x170) grid, with source mask (9909528)
cdo    remapbil: Bilinear weights from lonlat (4500x3251) to lonlat (360x170) grid, with source mask (9887620)
cdo    remapbil: Bilinear weights from lonlat (4500x3251) to lonlat (360x170) grid, with source mask (9846685)
cdo    remapbil: Bilinear weights from lonlat (4500x3251) to lonlat (360x170) grid, with source mask (9804573)
cdo    remapbil: Bilinear weights from lonlat (4500x3251) to lonlat (360x170) grid, with source mask (9767299)
cdo    remapbil: Bilinear weights from lonlat (4500x3251) to lonlat (360x170) grid, with source mask (9730643)
cdo    remapbil: Bilinear weights from lonlat (4500x3251) to lonlat (360x170) grid, with source mask (9691209)
cdo    remapbil: Bilinear weights from lonlat (4500x3251) to lonlat (360x170) grid, with source mask (9648582)
cdo    remapbil: Bilinear weights from lonlat (4500x3251) to lonlat (360x170) grid, with source mask (9606865)
cdo    remapbil: Bilinear weights from lonlat (4500x3251) to lonlat (360x170) grid, with source mask (9536477)
cdo    remapbil: Bilinear weights from lonlat (4500x3251) to lonlat (360x170) grid, with source mask (9480678)
cdo    remapbil: Bilinear weights from lonlat (4500x3251) to lonlat (360x170) grid, with source mask (9430184)
cdo    remapbil: Bilinear weights from lonlat (4500x3251) to lonlat (360x170) grid, with source mask (9384784)
cdo    remapbil: Bilinear weights from lonlat (4500x3251) to lonlat (360x170) grid, with source mask (9338856)
cdo    remapbil: Bilinear weights from lonlat (4500x3251) to lonlat (360x170) grid, with source mask (9244901)
cdo    remapbil: Bilinear weights from lonlat (4500x3251) to lonlat (360x170) grid, with source mask (9167129)
cdo    remapbil: Bilinear weights from lonlat (4500x3251) to lonlat (360x170) grid, with source mask (9032413)
cdo    remapbil: Bilinear weights from lonlat (4500x3251) to lonlat (360x170) grid, with source mask (8923756)
cdo    remapbil: Bilinear weights from lonlat (4500x3251) to lonlat (360x170) grid, with source mask (8825169)
cdo    remapbil: Bilinear weights from lonlat (4500x3251) to lonlat (360x170) grid, with source mask (8741043)
cdo    remapbil: Bilinear weights from lonlat (4500x3251) to lonlat (360x170) grid, with source mask (8669422)
cdo    remapbil: Bilinear weights from lonlat (4500x3251) to lonlat (360x170) grid, with source mask (8547872)
cdo    remapbil: Bilinear weights from lonlat (4500x3251) to lonlat (360x170) grid, with source mask (8453750)
cdo    remapbil: Bilinear weights from lonlat (4500x3251) to lonlat (360x170) grid, with source mask (8387576)
cdo    remapbil: Bilinear weights from lonlat (4500x3251) to lonlat (360x170) grid, with source mask (8336479)
cdo    remapbil: Bilinear weights from lonlat (4500x3251) to lonlat (360x170) grid, with source mask (8290417)
cdo    remapbil: Bilinear weights from lonlat (4500x3251) to lonlat (360x170) grid, with source mask (8247815)
cdo    remapbil: Bilinear weights from lonlat (4500x3251) to lonlat (360x170) grid, with source mask (8128477)
cdo    remapbil: Bilinear weights from lonlat (4500x3251) to lonlat (360x170) grid, with source mask (7994116)
cdo    remapbil: Bilinear weights from lonlat (4500x3251) to lonlat (360x170) grid, with source mask (7692126)
cdo    remapbil: Bilinear weights from lonlat (4500x3251) to lonlat (360x170) grid, with source mask (7286838)
cdo    remapbil: Bilinear weights from lonlat (4500x3251) to lonlat (360x170) grid, with source mask (6658426)
cdo    remapbil: Bilinear weights from lonlat (4500x3251) to lonlat (360x170) grid, with source mask (4336945)
cdo    remapbil: Bilinear weights from lonlat (4500x3251) to lonlat (360x170) grid, with source mask (1454435)
------------------------------------------------
Interplating /work/home/acrzcyisbk/HYCOM_monthly/uv3z/degree_0083/GLBv0.08_53X_archMN.2010_01_2010_12_uv3z.nc
cdo    remapbil: Open failed on >/work/home/acrzcyisbk/HYCOM_monthly/uv3z/degree_0083/GLBv0.08_53X_archMN.2010_01_2010_12_uv3z.nc<
                 Unsupported file type
------------------------------------------------
Interplating /work/home/acrzcyisbk/HYCOM_monthly/uv3z/degree_0083/GLBv0.08_53X_archMN.2012_01_2012_12_uv3z.nc
cdo    remapbil: Bilinear weights from lonlat (4500x3251) to lonlat (360x170) grid, with source mask (9974940)
cdo    remapbil: Bilinear weights from lonlat (4500x3251) to lonlat (360x170) grid, with source mask (9952885)
cdo    remapbil: Bilinear weights from lonlat (4500x3251) to lonlat (360x170) grid, with source mask (9939291)
cdo    remapbil: Bilinear weights from lonlat (4500x3251) to lonlat (360x170) grid, with source mask (9925415)
cdo    remapbil: Bilinear weights from lonlat (4500x3251) to lonlat (360x170) grid, with source mask (9909528)
cdo    remapbil: Bilinear weights from lonlat (4500x3251) to lonlat (360x170) grid, with source mask (9887620)
cdo    remapbil: Bilinear weights from lonlat (4500x3251) to lonlat (360x170) grid, with source mask (9846685)
cdo    remapbil: Bilinear weights from lonlat (4500x3251) to lonlat (360x170) grid, with source mask (9804573)
cdo    remapbil: Bilinear weights from lonlat (4500x3251) to lonlat (360x170) grid, with source mask (9767299)
cdo    remapbil: Bilinear weights from lonlat (4500x3251) to lonlat (360x170) grid, with source mask (9730643)
cdo    remapbil: Bilinear weights from lonlat (4500x3251) to lonlat (360x170) grid, with source mask (9691209)
cdo    remapbil: Bilinear weights from lonlat (4500x3251) to lonlat (360x170) grid, with source mask (9648582)
cdo    remapbil: Bilinear weights from lonlat (4500x3251) to lonlat (360x170) grid, with source mask (9606865)
cdo    remapbil: Bilinear weights from lonlat (4500x3251) to lonlat (360x170) grid, with source mask (9536477)
cdo    remapbil: Bilinear weights from lonlat (4500x3251) to lonlat (360x170) grid, with source mask (9480678)
cdo    remapbil: Bilinear weights from lonlat (4500x3251) to lonlat (360x170) grid, with source mask (9430184)
cdo    remapbil: Bilinear weights from lonlat (4500x3251) to lonlat (360x170) grid, with source mask (9384784)
cdo    remapbil: Bilinear weights from lonlat (4500x3251) to lonlat (360x170) grid, with source mask (9338856)
cdo    remapbil: Bilinear weights from lonlat (4500x3251) to lonlat (360x170) grid, with source mask (9244901)
cdo    remapbil: Bilinear weights from lonlat (4500x3251) to lonlat (360x170) grid, with source mask (9167129)
cdo    remapbil: Bilinear weights from lonlat (4500x3251) to lonlat (360x170) grid, with source mask (9032413)
cdo    remapbil: Bilinear weights from lonlat (4500x3251) to lonlat (360x170) grid, with source mask (8923756)
cdo    remapbil: Bilinear weights from lonlat (4500x3251) to lonlat (360x170) grid, with source mask (8825169)
cdo    remapbil: Bilinear weights from lonlat (4500x3251) to lonlat (360x170) grid, with source mask (8741043)
cdo    remapbil: Bilinear weights from lonlat (4500x3251) to lonlat (360x170) grid, with source mask (8669422)
cdo    remapbil: Bilinear weights from lonlat (4500x3251) to lonlat (360x170) grid, with source mask (8547872)
cdo    remapbil: Bilinear weights from lonlat (4500x3251) to lonlat (360x170) grid, with source mask (8453750)
cdo    remapbil: Bilinear weights from lonlat (4500x3251) to lonlat (360x170) grid, with source mask (8387576)
cdo    remapbil: Bilinear weights from lonlat (4500x3251) to lonlat (360x170) grid, with source mask (8336479)
cdo    remapbil: Bilinear weights from lonlat (4500x3251) to lonlat (360x170) grid, with source mask (8290417)
cdo    remapbil: Bilinear weights from lonlat (4500x3251) to lonlat (360x170) grid, with source mask (8247815)
cdo    remapbil: Bilinear weights from lonlat (4500x3251) to lonlat (360x170) grid, with source mask (8128477)
cdo    remapbil: Bilinear weights from lonlat (4500x3251) to lonlat (360x170) grid, with source mask (7994116)
cdo    remapbil: Bilinear weights from lonlat (4500x3251) to lonlat (360x170) grid, with source mask (7692126)
cdo    remapbil: Bilinear weights from lonlat (4500x3251) to lonlat (360x170) grid, with source mask (7286838)
cdo    remapbil: Bilinear weights from lonlat (4500x3251) to lonlat (360x170) grid, with source mask (6658426)
cdo    remapbil: Bilinear weights from lonlat (4500x3251) to lonlat (360x170) grid, with source mask (4336945)
cdo    remapbil: Bilinear weights from lonlat (4500x3251) to lonlat (360x170) grid, with source mask (1454435)
------------------------------------------------
Interplating /work/home/acrzcyisbk/HYCOM_monthly/uv3z/degree_0083/GLBv0.08_53X_archMN.2013_01_uv3z.nc
cdo    remapbil: Bilinear weights from lonlat (4500x3251) to lonlat (360x170) grid, with source mask (9974940)
cdo    remapbil: Bilinear weights from lonlat (4500x3251) to lonlat (360x170) grid, with source mask (9952885)
cdo    remapbil: Bilinear weights from lonlat (4500x3251) to lonlat (360x170) grid, with source mask (9939291)
cdo    remapbil: Bilinear weights from lonlat (4500x3251) to lonlat (360x170) grid, with source mask (9925415)
cdo    remapbil: Bilinear weights from lonlat (4500x3251) to lonlat (360x170) grid, with source mask (9909528)
cdo    remapbil: Bilinear weights from lonlat (4500x3251) to lonlat (360x170) grid, with source mask (9887620)
cdo    remapbil: Bilinear weights from lonlat (4500x3251) to lonlat (360x170) grid, with source mask (9846685)
cdo    remapbil: Bilinear weights from lonlat (4500x3251) to lonlat (360x170) grid, with source mask (9804573)
cdo    remapbil: Bilinear weights from lonlat (4500x3251) to lonlat (360x170) grid, with source mask (9767299)
cdo    remapbil: Bilinear weights from lonlat (4500x3251) to lonlat (360x170) grid, with source mask (9730643)
cdo    remapbil: Bilinear weights from lonlat (4500x3251) to lonlat (360x170) grid, with source mask (9691209)
cdo    remapbil: Bilinear weights from lonlat (4500x3251) to lonlat (360x170) grid, with source mask (9648582)
cdo    remapbil: Bilinear weights from lonlat (4500x3251) to lonlat (360x170) grid, with source mask (9606865)
cdo    remapbil: Bilinear weights from lonlat (4500x3251) to lonlat (360x170) grid, with source mask (9536477)
cdo    remapbil: Bilinear weights from lonlat (4500x3251) to lonlat (360x170) grid, with source mask (9480678)
cdo    remapbil: Bilinear weights from lonlat (4500x3251) to lonlat (360x170) grid, with source mask (9430184)
cdo    remapbil: Bilinear weights from lonlat (4500x3251) to lonlat (360x170) grid, with source mask (9384784)
cdo    remapbil: Bilinear weights from lonlat (4500x3251) to lonlat (360x170) grid, with source mask (9338856)
cdo    remapbil: Bilinear weights from lonlat (4500x3251) to lonlat (360x170) grid, with source mask (9244901)
cdo    remapbil: Bilinear weights from lonlat (4500x3251) to lonlat (360x170) grid, with source mask (9167129)
cdo    remapbil: Bilinear weights from lonlat (4500x3251) to lonlat (360x170) grid, with source mask (9032413)
cdo    remapbil: Bilinear weights from lonlat (4500x3251) to lonlat (360x170) grid, with source mask (8923756)
cdo    remapbil: Bilinear weights from lonlat (4500x3251) to lonlat (360x170) grid, with source mask (8825169)
cdo    remapbil: Bilinear weights from lonlat (4500x3251) to lonlat (360x170) grid, with source mask (8741043)
cdo    remapbil: Bilinear weights from lonlat (4500x3251) to lonlat (360x170) grid, with source mask (8669422)
cdo    remapbil: Bilinear weights from lonlat (4500x3251) to lonlat (360x170) grid, with source mask (8547872)
cdo    remapbil: Bilinear weights from lonlat (4500x3251) to lonlat (360x170) grid, with source mask (8453750)
cdo    remapbil: Bilinear weights from lonlat (4500x3251) to lonlat (360x170) grid, with source mask (8387576)
cdo    remapbil: Bilinear weights from lonlat (4500x3251) to lonlat (360x170) grid, with source mask (8336479)
cdo    remapbil: Bilinear weights from lonlat (4500x3251) to lonlat (360x170) grid, with source mask (8290417)
cdo    remapbil: Bilinear weights from lonlat (4500x3251) to lonlat (360x170) grid, with source mask (8247815)
cdo    remapbil: Bilinear weights from lonlat (4500x3251) to lonlat (360x170) grid, with source mask (8128477)
cdo    remapbil: Bilinear weights from lonlat (4500x3251) to lonlat (360x170) grid, with source mask (7994116)
cdo    remapbil: Bilinear weights from lonlat (4500x3251) to lonlat (360x170) grid, with source mask (7692126)
cdo    remapbil: Bilinear weights from lonlat (4500x3251) to lonlat (360x170) grid, with source mask (7286838)
cdo    remapbil: Bilinear weights from lonlat (4500x3251) to lonlat (360x170) grid, with source mask (6658426)
cdo    remapbil: Bilinear weights from lonlat (4500x3251) to lonlat (360x170) grid, with source mask (4336945)
cdo    remapbil: Bilinear weights from lonlat (4500x3251) to lonlat (360x170) grid, with source mask (1454435)
------------------------------------------------
Interplating /work/home/acrzcyisbk/HYCOM_monthly/uv3z/degree_0083/GLBv0.08_53X_archMN.2013_03_uv3z.nc
cdo    remapbil: Bilinear weights from lonlat (4500x3251) to lonlat (360x170) grid, with source mask (9974940)
cdo    remapbil: Bilinear weights from lonlat (4500x3251) to lonlat (360x170) grid, with source mask (9952885)
cdo    remapbil: Bilinear weights from lonlat (4500x3251) to lonlat (360x170) grid, with source mask (9939291)
cdo    remapbil: Bilinear weights from lonlat (4500x3251) to lonlat (360x170) grid, with source mask (9925415)
cdo    remapbil: Bilinear weights from lonlat (4500x3251) to lonlat (360x170) grid, with source mask (9909528)
cdo    remapbil: Bilinear weights from lonlat (4500x3251) to lonlat (360x170) grid, with source mask (9887620)
cdo    remapbil: Bilinear weights from lonlat (4500x3251) to lonlat (360x170) grid, with source mask (9846685)
cdo    remapbil: Bilinear weights from lonlat (4500x3251) to lonlat (360x170) grid, with source mask (9804573)
cdo    remapbil: Bilinear weights from lonlat (4500x3251) to lonlat (360x170) grid, with source mask (9767299)
cdo    remapbil: Bilinear weights from lonlat (4500x3251) to lonlat (360x170) grid, with source mask (9730643)
cdo    remapbil: Bilinear weights from lonlat (4500x3251) to lonlat (360x170) grid, with source mask (9691209)
cdo    remapbil: Bilinear weights from lonlat (4500x3251) to lonlat (360x170) grid, with source mask (9648582)
cdo    remapbil: Bilinear weights from lonlat (4500x3251) to lonlat (360x170) grid, with source mask (9606865)
cdo    remapbil: Bilinear weights from lonlat (4500x3251) to lonlat (360x170) grid, with source mask (9536477)
cdo    remapbil: Bilinear weights from lonlat (4500x3251) to lonlat (360x170) grid, with source mask (9480678)
cdo    remapbil: Bilinear weights from lonlat (4500x3251) to lonlat (360x170) grid, with source mask (9430184)
cdo    remapbil: Bilinear weights from lonlat (4500x3251) to lonlat (360x170) grid, with source mask (9384784)
cdo    remapbil: Bilinear weights from lonlat (4500x3251) to lonlat (360x170) grid, with source mask (9338856)
cdo    remapbil: Bilinear weights from lonlat (4500x3251) to lonlat (360x170) grid, with source mask (9244901)
cdo    remapbil: Bilinear weights from lonlat (4500x3251) to lonlat (360x170) grid, with source mask (9167129)
cdo    remapbil: Bilinear weights from lonlat (4500x3251) to lonlat (360x170) grid, with source mask (9032413)
cdo    remapbil: Bilinear weights from lonlat (4500x3251) to lonlat (360x170) grid, with source mask (8923756)
cdo    remapbil: Bilinear weights from lonlat (4500x3251) to lonlat (360x170) grid, with source mask (8825169)
cdo    remapbil: Bilinear weights from lonlat (4500x3251) to lonlat (360x170) grid, with source mask (8741043)
cdo    remapbil: Bilinear weights from lonlat (4500x3251) to lonlat (360x170) grid, with source mask (8669422)
cdo    remapbil: Bilinear weights from lonlat (4500x3251) to lonlat (360x170) grid, with source mask (8547872)
cdo    remapbil: Bilinear weights from lonlat (4500x3251) to lonlat (360x170) grid, with source mask (8453750)
cdo    remapbil: Bilinear weights from lonlat (4500x3251) to lonlat (360x170) grid, with source mask (8387576)
cdo    remapbil: Bilinear weights from lonlat (4500x3251) to lonlat (360x170) grid, with source mask (8336479)
cdo    remapbil: Bilinear weights from lonlat (4500x3251) to lonlat (360x170) grid, with source mask (8290417)
cdo    remapbil: Bilinear weights from lonlat (4500x3251) to lonlat (360x170) grid, with source mask (8247815)
cdo    remapbil: Bilinear weights from lonlat (4500x3251) to lonlat (360x170) grid, with source mask (8128477)
cdo    remapbil: Bilinear weights from lonlat (4500x3251) to lonlat (360x170) grid, with source mask (7994116)
cdo    remapbil: Bilinear weights from lonlat (4500x3251) to lonlat (360x170) grid, with source mask (7692126)
cdo    remapbil: Bilinear weights from lonlat (4500x3251) to lonlat (360x170) grid, with source mask (7286838)
cdo    remapbil: Bilinear weights from lonlat (4500x3251) to lonlat (360x170) grid, with source mask (6658426)
cdo    remapbil: Bilinear weights from lonlat (4500x3251) to lonlat (360x170) grid, with source mask (4336945)
cdo    remapbil: Bilinear weights from lonlat (4500x3251) to lonlat (360x170) grid, with source mask (1454435)
------------------------------------------------
Interplating /work/home/acrzcyisbk/HYCOM_monthly/uv3z/degree_0083/GLBv0.08_53X_archMN.2014_05_uv3z.nc
cdo    remapbil: Bilinear weights from lonlat (4500x3251) to lonlat (360x170) grid, with source mask (9974940)
cdo    remapbil: Bilinear weights from lonlat (4500x3251) to lonlat (360x170) grid, with source mask (9952885)
cdo    remapbil: Bilinear weights from lonlat (4500x3251) to lonlat (360x170) grid, with source mask (9939291)
cdo    remapbil: Bilinear weights from lonlat (4500x3251) to lonlat (360x170) grid, with source mask (9925415)
cdo    remapbil: Bilinear weights from lonlat (4500x3251) to lonlat (360x170) grid, with source mask (9909528)
cdo    remapbil: Bilinear weights from lonlat (4500x3251) to lonlat (360x170) grid, with source mask (9887620)
cdo    remapbil: Bilinear weights from lonlat (4500x3251) to lonlat (360x170) grid, with source mask (9846685)
cdo    remapbil: Bilinear weights from lonlat (4500x3251) to lonlat (360x170) grid, with source mask (9804573)
cdo    remapbil: Bilinear weights from lonlat (4500x3251) to lonlat (360x170) grid, with source mask (9767299)
cdo    remapbil: Bilinear weights from lonlat (4500x3251) to lonlat (360x170) grid, with source mask (9730643)
cdo    remapbil: Bilinear weights from lonlat (4500x3251) to lonlat (360x170) grid, with source mask (9691209)
cdo    remapbil: Bilinear weights from lonlat (4500x3251) to lonlat (360x170) grid, with source mask (9648582)
cdo    remapbil: Bilinear weights from lonlat (4500x3251) to lonlat (360x170) grid, with source mask (9606865)
cdo    remapbil: Bilinear weights from lonlat (4500x3251) to lonlat (360x170) grid, with source mask (9536477)
cdo    remapbil: Bilinear weights from lonlat (4500x3251) to lonlat (360x170) grid, with source mask (9480678)
cdo    remapbil: Bilinear weights from lonlat (4500x3251) to lonlat (360x170) grid, with source mask (9430184)
cdo    remapbil: Bilinear weights from lonlat (4500x3251) to lonlat (360x170) grid, with source mask (9384784)
cdo    remapbil: Bilinear weights from lonlat (4500x3251) to lonlat (360x170) grid, with source mask (9338856)
cdo    remapbil: Bilinear weights from lonlat (4500x3251) to lonlat (360x170) grid, with source mask (9244901)
cdo    remapbil: Bilinear weights from lonlat (4500x3251) to lonlat (360x170) grid, with source mask (9167129)
cdo    remapbil: Bilinear weights from lonlat (4500x3251) to lonlat (360x170) grid, with source mask (9032413)
cdo    remapbil: Bilinear weights from lonlat (4500x3251) to lonlat (360x170) grid, with source mask (8923756)
cdo    remapbil: Bilinear weights from lonlat (4500x3251) to lonlat (360x170) grid, with source mask (8825169)
cdo    remapbil: Bilinear weights from lonlat (4500x3251) to lonlat (360x170) grid, with source mask (8741043)
cdo    remapbil: Bilinear weights from lonlat (4500x3251) to lonlat (360x170) grid, with source mask (8669422)
cdo    remapbil: Bilinear weights from lonlat (4500x3251) to lonlat (360x170) grid, with source mask (8547872)
cdo    remapbil: Bilinear weights from lonlat (4500x3251) to lonlat (360x170) grid, with source mask (8453750)
cdo    remapbil: Bilinear weights from lonlat (4500x3251) to lonlat (360x170) grid, with source mask (8387576)
cdo    remapbil: Bilinear weights from lonlat (4500x3251) to lonlat (360x170) grid, with source mask (8336479)
cdo    remapbil: Bilinear weights from lonlat (4500x3251) to lonlat (360x170) grid, with source mask (8290417)
cdo    remapbil: Bilinear weights from lonlat (4500x3251) to lonlat (360x170) grid, with source mask (8247815)
cdo    remapbil: Bilinear weights from lonlat (4500x3251) to lonlat (360x170) grid, with source mask (8128477)
cdo    remapbil: Bilinear weights from lonlat (4500x3251) to lonlat (360x170) grid, with source mask (7994116)
cdo    remapbil: Bilinear weights from lonlat (4500x3251) to lonlat (360x170) grid, with source mask (7692126)
cdo    remapbil: Bilinear weights from lonlat (4500x3251) to lonlat (360x170) grid, with source mask (7286838)
cdo    remapbil: Bilinear weights from lonlat (4500x3251) to lonlat (360x170) grid, with source mask (6658426)
cdo    remapbil: Bilinear weights from lonlat (4500x3251) to lonlat (360x170) grid, with source mask (4336945)
cdo    remapbil: Bilinear weights from lonlat (4500x3251) to lonlat (360x170) grid, with source mask (1454435)
------------------------------------------------
Interplating /work/home/acrzcyisbk/HYCOM_monthly/uv3z/degree_0083/GLBv0.08_53X_archMN.2014_07_uv3z.nc
cdo    remapbil: Bilinear weights from lonlat (4500x3251) to lonlat (360x170) grid, with source mask (9974940)
cdo    remapbil: Bilinear weights from lonlat (4500x3251) to lonlat (360x170) grid, with source mask (9952885)
cdo    remapbil: Bilinear weights from lonlat (4500x3251) to lonlat (360x170) grid, with source mask (9939291)
cdo    remapbil: Bilinear weights from lonlat (4500x3251) to lonlat (360x170) grid, with source mask (9925415)
cdo    remapbil: Bilinear weights from lonlat (4500x3251) to lonlat (360x170) grid, with source mask (9909528)
cdo    remapbil: Bilinear weights from lonlat (4500x3251) to lonlat (360x170) grid, with source mask (9887620)
cdo    remapbil: Bilinear weights from lonlat (4500x3251) to lonlat (360x170) grid, with source mask (9846685)
cdo    remapbil: Bilinear weights from lonlat (4500x3251) to lonlat (360x170) grid, with source mask (9804573)
cdo    remapbil: Bilinear weights from lonlat (4500x3251) to lonlat (360x170) grid, with source mask (9767299)
cdo    remapbil: Bilinear weights from lonlat (4500x3251) to lonlat (360x170) grid, with source mask (9730643)
cdo    remapbil: Bilinear weights from lonlat (4500x3251) to lonlat (360x170) grid, with source mask (9691209)
cdo    remapbil: Bilinear weights from lonlat (4500x3251) to lonlat (360x170) grid, with source mask (9648582)
cdo    remapbil: Bilinear weights from lonlat (4500x3251) to lonlat (360x170) grid, with source mask (9606865)
cdo    remapbil: Bilinear weights from lonlat (4500x3251) to lonlat (360x170) grid, with source mask (9536477)
cdo    remapbil: Bilinear weights from lonlat (4500x3251) to lonlat (360x170) grid, with source mask (9480678)
cdo    remapbil: Bilinear weights from lonlat (4500x3251) to lonlat (360x170) grid, with source mask (9430184)
cdo    remapbil: Bilinear weights from lonlat (4500x3251) to lonlat (360x170) grid, with source mask (9384784)
cdo    remapbil: Bilinear weights from lonlat (4500x3251) to lonlat (360x170) grid, with source mask (9338856)
cdo    remapbil: Bilinear weights from lonlat (4500x3251) to lonlat (360x170) grid, with source mask (9244901)
cdo    remapbil: Bilinear weights from lonlat (4500x3251) to lonlat (360x170) grid, with source mask (9167129)
cdo    remapbil: Bilinear weights from lonlat (4500x3251) to lonlat (360x170) grid, with source mask (9032413)
cdo    remapbil: Bilinear weights from lonlat (4500x3251) to lonlat (360x170) grid, with source mask (8923756)
cdo    remapbil: Bilinear weights from lonlat (4500x3251) to lonlat (360x170) grid, with source mask (8825169)
cdo    remapbil: Bilinear weights from lonlat (4500x3251) to lonlat (360x170) grid, with source mask (8741043)
cdo    remapbil: Bilinear weights from lonlat (4500x3251) to lonlat (360x170) grid, with source mask (8669422)
cdo    remapbil: Bilinear weights from lonlat (4500x3251) to lonlat (360x170) grid, with source mask (8547872)
cdo    remapbil: Bilinear weights from lonlat (4500x3251) to lonlat (360x170) grid, with source mask (8453750)
cdo    remapbil: Bilinear weights from lonlat (4500x3251) to lonlat (360x170) grid, with source mask (8387576)
cdo    remapbil: Bilinear weights from lonlat (4500x3251) to lonlat (360x170) grid, with source mask (8336479)
cdo    remapbil: Bilinear weights from lonlat (4500x3251) to lonlat (360x170) grid, with source mask (8290417)
cdo    remapbil: Bilinear weights from lonlat (4500x3251) to lonlat (360x170) grid, with source mask (8247815)
cdo    remapbil: Bilinear weights from lonlat (4500x3251) to lonlat (360x170) grid, with source mask (8128477)
cdo    remapbil: Bilinear weights from lonlat (4500x3251) to lonlat (360x170) grid, with source mask (7994116)
cdo    remapbil: Bilinear weights from lonlat (4500x3251) to lonlat (360x170) grid, with source mask (7692126)
cdo    remapbil: Bilinear weights from lonlat (4500x3251) to lonlat (360x170) grid, with source mask (7286838)
cdo    remapbil: Bilinear weights from lonlat (4500x3251) to lonlat (360x170) grid, with source mask (6658426)
cdo    remapbil: Bilinear weights from lonlat (4500x3251) to lonlat (360x170) grid, with source mask (4336945)
cdo    remapbil: Bilinear weights from lonlat (4500x3251) to lonlat (360x170) grid, with source mask (1454435)
/work/home/acrzcyisbk/HYCOM_monthly/uv3z/degree_1/GLBv0.08_53X_archMN.1994_05_uv3z.nc exists, skip
------------------------------------------------
Interplating /work/home/acrzcyisbk/HYCOM_monthly/uv3z/degree_0083/GLBv0.08_53X_archMN.1994_07_uv3z.nc
cdo    remapbil (Warning): Bilinear interpolation failed for some grid points - used a distance-weighted average instead!
cdo    remapbil: Bilinear weights from lonlat (4500x3251) to lonlat (360x170) grid
/work/home/acrzcyisbk/HYCOM_monthly/uv3z/degree_1/GLBv0.08_53X_archMN.1995_12_uv3z.nc exists, skip
/work/home/acrzcyisbk/HYCOM_monthly/uv3z/degree_1/GLBv0.08_53X_archMN.1997_01_1997_12_uv3z.nc exists, skip
/work/home/acrzcyisbk/HYCOM_monthly/uv3z/degree_1/GLBv0.08_53X_archMN.1997_01_uv3z.nc exists, skip
/work/home/acrzcyisbk/HYCOM_monthly/uv3z/degree_1/GLBv0.08_53X_archMN.1997_03_uv3z.nc exists, skip
------------------------------------------------
Interplating /work/home/acrzcyisbk/HYCOM_monthly/uv3z/degree_0083/GLBv0.08_53X_archMN.1998_05_uv3z.nc
cdo    remapbil: Bilinear weights from lonlat (4500x3251) to lonlat (360x170) grid, with source mask (9974940)
cdo    remapbil: Bilinear weights from lonlat (4500x3251) to lonlat (360x170) grid, with source mask (9952885)
cdo    remapbil: Bilinear weights from lonlat (4500x3251) to lonlat (360x170) grid, with source mask (9939291)
cdo    remapbil: Bilinear weights from lonlat (4500x3251) to lonlat (360x170) grid, with source mask (9925415)
cdo    remapbil: Bilinear weights from lonlat (4500x3251) to lonlat (360x170) grid, with source mask (9909528)
cdo    remapbil: Bilinear weights from lonlat (4500x3251) to lonlat (360x170) grid, with source mask (9887620)
cdo    remapbil: Bilinear weights from lonlat (4500x3251) to lonlat (360x170) grid, with source mask (9846685)
cdo    remapbil: Bilinear weights from lonlat (4500x3251) to lonlat (360x170) grid, with source mask (9804573)
cdo    remapbil: Bilinear weights from lonlat (4500x3251) to lonlat (360x170) grid, with source mask (9767299)
cdo    remapbil: Bilinear weights from lonlat (4500x3251) to lonlat (360x170) grid, with source mask (9730643)
cdo    remapbil: Bilinear weights from lonlat (4500x3251) to lonlat (360x170) grid, with source mask (9691209)
cdo    remapbil: Bilinear weights from lonlat (4500x3251) to lonlat (360x170) grid, with source mask (9648582)
cdo    remapbil: Bilinear weights from lonlat (4500x3251) to lonlat (360x170) grid, with source mask (9606865)
cdo    remapbil: Bilinear weights from lonlat (4500x3251) to lonlat (360x170) grid, with source mask (9536477)
cdo    remapbil: Bilinear weights from lonlat (4500x3251) to lonlat (360x170) grid, with source mask (9480678)
cdo    remapbil: Bilinear weights from lonlat (4500x3251) to lonlat (360x170) grid, with source mask (9430184)
cdo    remapbil: Bilinear weights from lonlat (4500x3251) to lonlat (360x170) grid, with source mask (9384784)
cdo    remapbil: Bilinear weights from lonlat (4500x3251) to lonlat (360x170) grid, with source mask (9338856)
cdo    remapbil: Bilinear weights from lonlat (4500x3251) to lonlat (360x170) grid, with source mask (9244901)
cdo    remapbil: Bilinear weights from lonlat (4500x3251) to lonlat (360x170) grid, with source mask (9167129)
cdo    remapbil: Bilinear weights from lonlat (4500x3251) to lonlat (360x170) grid, with source mask (9032413)
cdo    remapbil: Bilinear weights from lonlat (4500x3251) to lonlat (360x170) grid, with source mask (8923756)
cdo    remapbil: Bilinear weights from lonlat (4500x3251) to lonlat (360x170) grid, with source mask (8825169)
cdo    remapbil: Bilinear weights from lonlat (4500x3251) to lonlat (360x170) grid, with source mask (8741043)
cdo    remapbil: Bilinear weights from lonlat (4500x3251) to lonlat (360x170) grid, with source mask (8669422)
cdo    remapbil: Bilinear weights from lonlat (4500x3251) to lonlat (360x170) grid, with source mask (8547872)
cdo    remapbil: Bilinear weights from lonlat (4500x3251) to lonlat (360x170) grid, with source mask (8453750)
cdo    remapbil: Bilinear weights from lonlat (4500x3251) to lonlat (360x170) grid, with source mask (8387576)
cdo    remapbil: Bilinear weights from lonlat (4500x3251) to lonlat (360x170) grid, with source mask (8336479)
cdo    remapbil: Bilinear weights from lonlat (4500x3251) to lonlat (360x170) grid, with source mask (8290417)
cdo    remapbil: Bilinear weights from lonlat (4500x3251) to lonlat (360x170) grid, with source mask (8247815)
cdo    remapbil: Bilinear weights from lonlat (4500x3251) to lonlat (360x170) grid, with source mask (8128477)
cdo    remapbil: Bilinear weights from lonlat (4500x3251) to lonlat (360x170) grid, with source mask (7994116)
cdo    remapbil: Bilinear weights from lonlat (4500x3251) to lonlat (360x170) grid, with source mask (7692126)
cdo    remapbil: Bilinear weights from lonlat (4500x3251) to lonlat (360x170) grid, with source mask (7286838)
cdo    remapbil: Bilinear weights from lonlat (4500x3251) to lonlat (360x170) grid, with source mask (6658426)
cdo    remapbil: Bilinear weights from lonlat (4500x3251) to lonlat (360x170) grid, with source mask (4336945)
cdo    remapbil: Bilinear weights from lonlat (4500x3251) to lonlat (360x170) grid, with source mask (1454435)
------------------------------------------------
Interplating /work/home/acrzcyisbk/HYCOM_monthly/uv3z/degree_0083/GLBv0.08_53X_archMN.1998_07_uv3z.nc
cdo    remapbil: Bilinear weights from lonlat (4500x3251) to lonlat (360x170) grid, with source mask (9974940)
cdo    remapbil: Bilinear weights from lonlat (4500x3251) to lonlat (360x170) grid, with source mask (9952885)
cdo    remapbil: Bilinear weights from lonlat (4500x3251) to lonlat (360x170) grid, with source mask (9939291)
cdo    remapbil: Bilinear weights from lonlat (4500x3251) to lonlat (360x170) grid, with source mask (9925415)
cdo    remapbil: Bilinear weights from lonlat (4500x3251) to lonlat (360x170) grid, with source mask (9909528)
cdo    remapbil: Bilinear weights from lonlat (4500x3251) to lonlat (360x170) grid, with source mask (9887620)
cdo    remapbil: Bilinear weights from lonlat (4500x3251) to lonlat (360x170) grid, with source mask (9846685)
cdo    remapbil: Bilinear weights from lonlat (4500x3251) to lonlat (360x170) grid, with source mask (9804573)
cdo    remapbil: Bilinear weights from lonlat (4500x3251) to lonlat (360x170) grid, with source mask (9767299)
cdo    remapbil: Bilinear weights from lonlat (4500x3251) to lonlat (360x170) grid, with source mask (9730643)
cdo    remapbil: Bilinear weights from lonlat (4500x3251) to lonlat (360x170) grid, with source mask (9691209)
cdo    remapbil: Bilinear weights from lonlat (4500x3251) to lonlat (360x170) grid, with source mask (9648582)
cdo    remapbil: Bilinear weights from lonlat (4500x3251) to lonlat (360x170) grid, with source mask (9606865)
cdo    remapbil: Bilinear weights from lonlat (4500x3251) to lonlat (360x170) grid, with source mask (9536477)
cdo    remapbil: Bilinear weights from lonlat (4500x3251) to lonlat (360x170) grid, with source mask (9480678)
cdo    remapbil: Bilinear weights from lonlat (4500x3251) to lonlat (360x170) grid, with source mask (9430184)
cdo    remapbil: Bilinear weights from lonlat (4500x3251) to lonlat (360x170) grid, with source mask (9384784)
cdo    remapbil: Bilinear weights from lonlat (4500x3251) to lonlat (360x170) grid, with source mask (9338856)
cdo    remapbil: Bilinear weights from lonlat (4500x3251) to lonlat (360x170) grid, with source mask (9244901)
cdo    remapbil: Bilinear weights from lonlat (4500x3251) to lonlat (360x170) grid, with source mask (9167129)
cdo    remapbil: Bilinear weights from lonlat (4500x3251) to lonlat (360x170) grid, with source mask (9032413)
cdo    remapbil: Bilinear weights from lonlat (4500x3251) to lonlat (360x170) grid, with source mask (8923756)
cdo    remapbil: Bilinear weights from lonlat (4500x3251) to lonlat (360x170) grid, with source mask (8825169)
cdo    remapbil: Bilinear weights from lonlat (4500x3251) to lonlat (360x170) grid, with source mask (8741043)
cdo    remapbil: Bilinear weights from lonlat (4500x3251) to lonlat (360x170) grid, with source mask (8669422)
cdo    remapbil: Bilinear weights from lonlat (4500x3251) to lonlat (360x170) grid, with source mask (8547872)
cdo    remapbil: Bilinear weights from lonlat (4500x3251) to lonlat (360x170) grid, with source mask (8453750)
cdo    remapbil: Bilinear weights from lonlat (4500x3251) to lonlat (360x170) grid, with source mask (8387576)
cdo    remapbil: Bilinear weights from lonlat (4500x3251) to lonlat (360x170) grid, with source mask (8336479)
cdo    remapbil: Bilinear weights from lonlat (4500x3251) to lonlat (360x170) grid, with source mask (8290417)
cdo    remapbil: Bilinear weights from lonlat (4500x3251) to lonlat (360x170) grid, with source mask (8247815)
cdo    remapbil: Bilinear weights from lonlat (4500x3251) to lonlat (360x170) grid, with source mask (8128477)
cdo    remapbil: Bilinear weights from lonlat (4500x3251) to lonlat (360x170) grid, with source mask (7994116)
cdo    remapbil: Bilinear weights from lonlat (4500x3251) to lonlat (360x170) grid, with source mask (7692126)
cdo    remapbil: Bilinear weights from lonlat (4500x3251) to lonlat (360x170) grid, with source mask (7286838)
cdo    remapbil: Bilinear weights from lonlat (4500x3251) to lonlat (360x170) grid, with source mask (6658426)
cdo    remapbil: Bilinear weights from lonlat (4500x3251) to lonlat (360x170) grid, with source mask (4336945)
cdo    remapbil: Bilinear weights from lonlat (4500x3251) to lonlat (360x170) grid, with source mask (1454435)
------------------------------------------------
Interplating /work/home/acrzcyisbk/HYCOM_monthly/uv3z/degree_0083/GLBv0.08_53X_archMN.2000_05_uv3z.nc
cdo    remapbil: Bilinear weights from lonlat (4500x3251) to lonlat (360x170) grid, with source mask (9974940)
cdo    remapbil: Bilinear weights from lonlat (4500x3251) to lonlat (360x170) grid, with source mask (9952885)
cdo    remapbil: Bilinear weights from lonlat (4500x3251) to lonlat (360x170) grid, with source mask (9939291)
cdo    remapbil: Bilinear weights from lonlat (4500x3251) to lonlat (360x170) grid, with source mask (9925415)
cdo    remapbil: Bilinear weights from lonlat (4500x3251) to lonlat (360x170) grid, with source mask (9909528)
cdo    remapbil: Bilinear weights from lonlat (4500x3251) to lonlat (360x170) grid, with source mask (9887620)
cdo    remapbil: Bilinear weights from lonlat (4500x3251) to lonlat (360x170) grid, with source mask (9846685)
cdo    remapbil: Bilinear weights from lonlat (4500x3251) to lonlat (360x170) grid, with source mask (9804573)
cdo    remapbil: Bilinear weights from lonlat (4500x3251) to lonlat (360x170) grid, with source mask (9767299)
cdo    remapbil: Bilinear weights from lonlat (4500x3251) to lonlat (360x170) grid, with source mask (9730643)
cdo    remapbil: Bilinear weights from lonlat (4500x3251) to lonlat (360x170) grid, with source mask (9691209)
cdo    remapbil: Bilinear weights from lonlat (4500x3251) to lonlat (360x170) grid, with source mask (9648582)
cdo    remapbil: Bilinear weights from lonlat (4500x3251) to lonlat (360x170) grid, with source mask (9606865)
cdo    remapbil: Bilinear weights from lonlat (4500x3251) to lonlat (360x170) grid, with source mask (9536477)
cdo    remapbil: Bilinear weights from lonlat (4500x3251) to lonlat (360x170) grid, with source mask (9480678)
cdo    remapbil: Bilinear weights from lonlat (4500x3251) to lonlat (360x170) grid, with source mask (9430184)
cdo    remapbil: Bilinear weights from lonlat (4500x3251) to lonlat (360x170) grid, with source mask (9384784)
cdo    remapbil: Bilinear weights from lonlat (4500x3251) to lonlat (360x170) grid, with source mask (9338856)
cdo    remapbil: Bilinear weights from lonlat (4500x3251) to lonlat (360x170) grid, with source mask (9244901)
cdo    remapbil: Bilinear weights from lonlat (4500x3251) to lonlat (360x170) grid, with source mask (9167129)
cdo    remapbil: Bilinear weights from lonlat (4500x3251) to lonlat (360x170) grid, with source mask (9032413)
cdo    remapbil: Bilinear weights from lonlat (4500x3251) to lonlat (360x170) grid, with source mask (8923756)
cdo    remapbil: Bilinear weights from lonlat (4500x3251) to lonlat (360x170) grid, with source mask (8825169)
cdo    remapbil: Bilinear weights from lonlat (4500x3251) to lonlat (360x170) grid, with source mask (8741043)
cdo    remapbil: Bilinear weights from lonlat (4500x3251) to lonlat (360x170) grid, with source mask (8669422)
cdo    remapbil: Bilinear weights from lonlat (4500x3251) to lonlat (360x170) grid, with source mask (8547872)
cdo    remapbil: Bilinear weights from lonlat (4500x3251) to lonlat (360x170) grid, with source mask (8453750)
cdo    remapbil: Bilinear weights from lonlat (4500x3251) to lonlat (360x170) grid, with source mask (8387576)
cdo    remapbil: Bilinear weights from lonlat (4500x3251) to lonlat (360x170) grid, with source mask (8336479)
cdo    remapbil: Bilinear weights from lonlat (4500x3251) to lonlat (360x170) grid, with source mask (8290417)
cdo    remapbil: Bilinear weights from lonlat (4500x3251) to lonlat (360x170) grid, with source mask (8247815)
cdo    remapbil: Bilinear weights from lonlat (4500x3251) to lonlat (360x170) grid, with source mask (8128477)
cdo    remapbil: Bilinear weights from lonlat (4500x3251) to lonlat (360x170) grid, with source mask (7994116)
cdo    remapbil: Bilinear weights from lonlat (4500x3251) to lonlat (360x170) grid, with source mask (7692126)
cdo    remapbil: Bilinear weights from lonlat (4500x3251) to lonlat (360x170) grid, with source mask (7286838)
cdo    remapbil: Bilinear weights from lonlat (4500x3251) to lonlat (360x170) grid, with source mask (6658426)
cdo    remapbil: Bilinear weights from lonlat (4500x3251) to lonlat (360x170) grid, with source mask (4336945)
cdo    remapbil: Bilinear weights from lonlat (4500x3251) to lonlat (360x170) grid, with source mask (1454435)
------------------------------------------------
Interplating /work/home/acrzcyisbk/HYCOM_monthly/uv3z/degree_0083/GLBv0.08_53X_archMN.2000_07_uv3z.nc
cdo    remapbil: Bilinear weights from lonlat (4500x3251) to lonlat (360x170) grid, with source mask (9974940)
cdo    remapbil: Bilinear weights from lonlat (4500x3251) to lonlat (360x170) grid, with source mask (9952885)
cdo    remapbil: Bilinear weights from lonlat (4500x3251) to lonlat (360x170) grid, with source mask (9939291)
cdo    remapbil: Bilinear weights from lonlat (4500x3251) to lonlat (360x170) grid, with source mask (9925415)
cdo    remapbil: Bilinear weights from lonlat (4500x3251) to lonlat (360x170) grid, with source mask (9909528)
cdo    remapbil: Bilinear weights from lonlat (4500x3251) to lonlat (360x170) grid, with source mask (9887620)
cdo    remapbil: Bilinear weights from lonlat (4500x3251) to lonlat (360x170) grid, with source mask (9846685)
cdo    remapbil: Bilinear weights from lonlat (4500x3251) to lonlat (360x170) grid, with source mask (9804573)
cdo    remapbil: Bilinear weights from lonlat (4500x3251) to lonlat (360x170) grid, with source mask (9767299)
cdo    remapbil: Bilinear weights from lonlat (4500x3251) to lonlat (360x170) grid, with source mask (9730643)
cdo    remapbil: Bilinear weights from lonlat (4500x3251) to lonlat (360x170) grid, with source mask (9691209)
cdo    remapbil: Bilinear weights from lonlat (4500x3251) to lonlat (360x170) grid, with source mask (9648582)
cdo    remapbil: Bilinear weights from lonlat (4500x3251) to lonlat (360x170) grid, with source mask (9606865)
cdo    remapbil: Bilinear weights from lonlat (4500x3251) to lonlat (360x170) grid, with source mask (9536477)
cdo    remapbil: Bilinear weights from lonlat (4500x3251) to lonlat (360x170) grid, with source mask (9480678)
cdo    remapbil: Bilinear weights from lonlat (4500x3251) to lonlat (360x170) grid, with source mask (9430184)
cdo    remapbil: Bilinear weights from lonlat (4500x3251) to lonlat (360x170) grid, with source mask (9384784)
cdo    remapbil: Bilinear weights from lonlat (4500x3251) to lonlat (360x170) grid, with source mask (9338856)
cdo    remapbil: Bilinear weights from lonlat (4500x3251) to lonlat (360x170) grid, with source mask (9244901)
cdo    remapbil: Bilinear weights from lonlat (4500x3251) to lonlat (360x170) grid, with source mask (9167129)
cdo    remapbil: Bilinear weights from lonlat (4500x3251) to lonlat (360x170) grid, with source mask (9032413)
cdo    remapbil: Bilinear weights from lonlat (4500x3251) to lonlat (360x170) grid, with source mask (8923756)
cdo    remapbil: Bilinear weights from lonlat (4500x3251) to lonlat (360x170) grid, with source mask (8825169)
cdo    remapbil: Bilinear weights from lonlat (4500x3251) to lonlat (360x170) grid, with source mask (8741043)
cdo    remapbil: Bilinear weights from lonlat (4500x3251) to lonlat (360x170) grid, with source mask (8669422)
cdo    remapbil: Bilinear weights from lonlat (4500x3251) to lonlat (360x170) grid, with source mask (8547872)
cdo    remapbil: Bilinear weights from lonlat (4500x3251) to lonlat (360x170) grid, with source mask (8453750)
cdo    remapbil: Bilinear weights from lonlat (4500x3251) to lonlat (360x170) grid, with source mask (8387576)
cdo    remapbil: Bilinear weights from lonlat (4500x3251) to lonlat (360x170) grid, with source mask (8336479)
cdo    remapbil: Bilinear weights from lonlat (4500x3251) to lonlat (360x170) grid, with source mask (8290417)
cdo    remapbil: Bilinear weights from lonlat (4500x3251) to lonlat (360x170) grid, with source mask (8247815)
cdo    remapbil: Bilinear weights from lonlat (4500x3251) to lonlat (360x170) grid, with source mask (8128477)
cdo    remapbil: Bilinear weights from lonlat (4500x3251) to lonlat (360x170) grid, with source mask (7994116)
cdo    remapbil: Bilinear weights from lonlat (4500x3251) to lonlat (360x170) grid, with source mask (7692126)
cdo    remapbil: Bilinear weights from lonlat (4500x3251) to lonlat (360x170) grid, with source mask (7286838)
cdo    remapbil: Bilinear weights from lonlat (4500x3251) to lonlat (360x170) grid, with source mask (6658426)
cdo    remapbil: Bilinear weights from lonlat (4500x3251) to lonlat (360x170) grid, with source mask (4336945)
cdo    remapbil: Bilinear weights from lonlat (4500x3251) to lonlat (360x170) grid, with source mask (1454435)
------------------------------------------------
Interplating /work/home/acrzcyisbk/HYCOM_monthly/uv3z/degree_0083/GLBv0.08_53X_archMN.2003_01_uv3z.nc
cdo    remapbil: Bilinear weights from lonlat (4500x3251) to lonlat (360x170) grid, with source mask (9974940)
cdo    remapbil: Bilinear weights from lonlat (4500x3251) to lonlat (360x170) grid, with source mask (9952885)
cdo    remapbil: Bilinear weights from lonlat (4500x3251) to lonlat (360x170) grid, with source mask (9939291)
cdo    remapbil: Bilinear weights from lonlat (4500x3251) to lonlat (360x170) grid, with source mask (9925415)
cdo    remapbil: Bilinear weights from lonlat (4500x3251) to lonlat (360x170) grid, with source mask (9909528)
cdo    remapbil: Bilinear weights from lonlat (4500x3251) to lonlat (360x170) grid, with source mask (9887620)
cdo    remapbil: Bilinear weights from lonlat (4500x3251) to lonlat (360x170) grid, with source mask (9846685)
cdo    remapbil: Bilinear weights from lonlat (4500x3251) to lonlat (360x170) grid, with source mask (9804573)
cdo    remapbil: Bilinear weights from lonlat (4500x3251) to lonlat (360x170) grid, with source mask (9767299)
cdo    remapbil: Bilinear weights from lonlat (4500x3251) to lonlat (360x170) grid, with source mask (9730643)
cdo    remapbil: Bilinear weights from lonlat (4500x3251) to lonlat (360x170) grid, with source mask (9691209)
cdo    remapbil: Bilinear weights from lonlat (4500x3251) to lonlat (360x170) grid, with source mask (9648582)
cdo    remapbil: Bilinear weights from lonlat (4500x3251) to lonlat (360x170) grid, with source mask (9606865)
cdo    remapbil: Bilinear weights from lonlat (4500x3251) to lonlat (360x170) grid, with source mask (9536477)
cdo    remapbil: Bilinear weights from lonlat (4500x3251) to lonlat (360x170) grid, with source mask (9480678)
cdo    remapbil: Bilinear weights from lonlat (4500x3251) to lonlat (360x170) grid, with source mask (9430184)
cdo    remapbil: Bilinear weights from lonlat (4500x3251) to lonlat (360x170) grid, with source mask (9384784)
cdo    remapbil: Bilinear weights from lonlat (4500x3251) to lonlat (360x170) grid, with source mask (9338856)
cdo    remapbil: Bilinear weights from lonlat (4500x3251) to lonlat (360x170) grid, with source mask (9244901)
cdo    remapbil: Bilinear weights from lonlat (4500x3251) to lonlat (360x170) grid, with source mask (9167129)
cdo    remapbil: Bilinear weights from lonlat (4500x3251) to lonlat (360x170) grid, with source mask (9032413)
cdo    remapbil: Bilinear weights from lonlat (4500x3251) to lonlat (360x170) grid, with source mask (8923756)
cdo    remapbil: Bilinear weights from lonlat (4500x3251) to lonlat (360x170) grid, with source mask (8825169)
cdo    remapbil: Bilinear weights from lonlat (4500x3251) to lonlat (360x170) grid, with source mask (8741043)
cdo    remapbil: Bilinear weights from lonlat (4500x3251) to lonlat (360x170) grid, with source mask (8669422)
cdo    remapbil: Bilinear weights from lonlat (4500x3251) to lonlat (360x170) grid, with source mask (8547872)
cdo    remapbil: Bilinear weights from lonlat (4500x3251) to lonlat (360x170) grid, with source mask (8453750)
cdo    remapbil: Bilinear weights from lonlat (4500x3251) to lonlat (360x170) grid, with source mask (8387576)
cdo    remapbil: Bilinear weights from lonlat (4500x3251) to lonlat (360x170) grid, with source mask (8336479)
cdo    remapbil: Bilinear weights from lonlat (4500x3251) to lonlat (360x170) grid, with source mask (8290417)
cdo    remapbil: Bilinear weights from lonlat (4500x3251) to lonlat (360x170) grid, with source mask (8247815)
cdo    remapbil: Bilinear weights from lonlat (4500x3251) to lonlat (360x170) grid, with source mask (8128477)
cdo    remapbil: Bilinear weights from lonlat (4500x3251) to lonlat (360x170) grid, with source mask (7994116)
cdo    remapbil: Bilinear weights from lonlat (4500x3251) to lonlat (360x170) grid, with source mask (7692126)
cdo    remapbil: Bilinear weights from lonlat (4500x3251) to lonlat (360x170) grid, with source mask (7286838)
cdo    remapbil: Bilinear weights from lonlat (4500x3251) to lonlat (360x170) grid, with source mask (6658426)
cdo    remapbil: Bilinear weights from lonlat (4500x3251) to lonlat (360x170) grid, with source mask (4336945)
cdo    remapbil: Bilinear weights from lonlat (4500x3251) to lonlat (360x170) grid, with source mask (1454435)
------------------------------------------------
Interplating /work/home/acrzcyisbk/HYCOM_monthly/uv3z/degree_0083/GLBv0.08_53X_archMN.2003_03_uv3z.nc
cdo    remapbil: Bilinear weights from lonlat (4500x3251) to lonlat (360x170) grid, with source mask (9974940)
cdo    remapbil: Bilinear weights from lonlat (4500x3251) to lonlat (360x170) grid, with source mask (9952885)
cdo    remapbil: Bilinear weights from lonlat (4500x3251) to lonlat (360x170) grid, with source mask (9939291)
cdo    remapbil: Bilinear weights from lonlat (4500x3251) to lonlat (360x170) grid, with source mask (9925415)
cdo    remapbil: Bilinear weights from lonlat (4500x3251) to lonlat (360x170) grid, with source mask (9909528)
cdo    remapbil: Bilinear weights from lonlat (4500x3251) to lonlat (360x170) grid, with source mask (9887620)
cdo    remapbil: Bilinear weights from lonlat (4500x3251) to lonlat (360x170) grid, with source mask (9846685)
cdo    remapbil: Bilinear weights from lonlat (4500x3251) to lonlat (360x170) grid, with source mask (9804573)
cdo    remapbil: Bilinear weights from lonlat (4500x3251) to lonlat (360x170) grid, with source mask (9767299)
cdo    remapbil: Bilinear weights from lonlat (4500x3251) to lonlat (360x170) grid, with source mask (9730643)
cdo    remapbil: Bilinear weights from lonlat (4500x3251) to lonlat (360x170) grid, with source mask (9691209)
cdo    remapbil: Bilinear weights from lonlat (4500x3251) to lonlat (360x170) grid, with source mask (9648582)
cdo    remapbil: Bilinear weights from lonlat (4500x3251) to lonlat (360x170) grid, with source mask (9606865)
cdo    remapbil: Bilinear weights from lonlat (4500x3251) to lonlat (360x170) grid, with source mask (9536477)
cdo    remapbil: Bilinear weights from lonlat (4500x3251) to lonlat (360x170) grid, with source mask (9480678)
cdo    remapbil: Bilinear weights from lonlat (4500x3251) to lonlat (360x170) grid, with source mask (9430184)
cdo    remapbil: Bilinear weights from lonlat (4500x3251) to lonlat (360x170) grid, with source mask (9384784)
cdo    remapbil: Bilinear weights from lonlat (4500x3251) to lonlat (360x170) grid, with source mask (9338856)
cdo    remapbil: Bilinear weights from lonlat (4500x3251) to lonlat (360x170) grid, with source mask (9244901)
cdo    remapbil: Bilinear weights from lonlat (4500x3251) to lonlat (360x170) grid, with source mask (9167129)
cdo    remapbil: Bilinear weights from lonlat (4500x3251) to lonlat (360x170) grid, with source mask (9032413)
cdo    remapbil: Bilinear weights from lonlat (4500x3251) to lonlat (360x170) grid, with source mask (8923756)
cdo    remapbil: Bilinear weights from lonlat (4500x3251) to lonlat (360x170) grid, with source mask (8825169)
cdo    remapbil: Bilinear weights from lonlat (4500x3251) to lonlat (360x170) grid, with source mask (8741043)
cdo    remapbil: Bilinear weights from lonlat (4500x3251) to lonlat (360x170) grid, with source mask (8669422)
cdo    remapbil: Bilinear weights from lonlat (4500x3251) to lonlat (360x170) grid, with source mask (8547872)
cdo    remapbil: Bilinear weights from lonlat (4500x3251) to lonlat (360x170) grid, with source mask (8453750)
cdo    remapbil: Bilinear weights from lonlat (4500x3251) to lonlat (360x170) grid, with source mask (8387576)
cdo    remapbil: Bilinear weights from lonlat (4500x3251) to lonlat (360x170) grid, with source mask (8336479)
cdo    remapbil: Bilinear weights from lonlat (4500x3251) to lonlat (360x170) grid, with source mask (8290417)
cdo    remapbil: Bilinear weights from lonlat (4500x3251) to lonlat (360x170) grid, with source mask (8247815)
cdo    remapbil: Bilinear weights from lonlat (4500x3251) to lonlat (360x170) grid, with source mask (8128477)
cdo    remapbil: Bilinear weights from lonlat (4500x3251) to lonlat (360x170) grid, with source mask (7994116)
cdo    remapbil: Bilinear weights from lonlat (4500x3251) to lonlat (360x170) grid, with source mask (7692126)
cdo    remapbil: Bilinear weights from lonlat (4500x3251) to lonlat (360x170) grid, with source mask (7286838)
cdo    remapbil: Bilinear weights from lonlat (4500x3251) to lonlat (360x170) grid, with source mask (6658426)
cdo    remapbil: Bilinear weights from lonlat (4500x3251) to lonlat (360x170) grid, with source mask (4336945)
cdo    remapbil: Bilinear weights from lonlat (4500x3251) to lonlat (360x170) grid, with source mask (1454435)
------------------------------------------------
Interplating /work/home/acrzcyisbk/HYCOM_monthly/uv3z/degree_0083/GLBv0.08_53X_archMN.2004_05_uv3z.nc
cdo    remapbil: Bilinear weights from lonlat (4500x3251) to lonlat (360x170) grid, with source mask (9974940)
cdo    remapbil: Bilinear weights from lonlat (4500x3251) to lonlat (360x170) grid, with source mask (9952885)
cdo    remapbil: Bilinear weights from lonlat (4500x3251) to lonlat (360x170) grid, with source mask (9939291)
cdo    remapbil: Bilinear weights from lonlat (4500x3251) to lonlat (360x170) grid, with source mask (9925415)
cdo    remapbil: Bilinear weights from lonlat (4500x3251) to lonlat (360x170) grid, with source mask (9909528)
cdo    remapbil: Bilinear weights from lonlat (4500x3251) to lonlat (360x170) grid, with source mask (9887620)
cdo    remapbil: Bilinear weights from lonlat (4500x3251) to lonlat (360x170) grid, with source mask (9846685)
cdo    remapbil: Bilinear weights from lonlat (4500x3251) to lonlat (360x170) grid, with source mask (9804573)
cdo    remapbil: Bilinear weights from lonlat (4500x3251) to lonlat (360x170) grid, with source mask (9767299)
cdo    remapbil: Bilinear weights from lonlat (4500x3251) to lonlat (360x170) grid, with source mask (9730643)
cdo    remapbil: Bilinear weights from lonlat (4500x3251) to lonlat (360x170) grid, with source mask (9691209)
cdo    remapbil: Bilinear weights from lonlat (4500x3251) to lonlat (360x170) grid, with source mask (9648582)
cdo    remapbil: Bilinear weights from lonlat (4500x3251) to lonlat (360x170) grid, with source mask (9606865)
cdo    remapbil: Bilinear weights from lonlat (4500x3251) to lonlat (360x170) grid, with source mask (9536477)
cdo    remapbil: Bilinear weights from lonlat (4500x3251) to lonlat (360x170) grid, with source mask (9480678)
cdo    remapbil: Bilinear weights from lonlat (4500x3251) to lonlat (360x170) grid, with source mask (9430184)
cdo    remapbil: Bilinear weights from lonlat (4500x3251) to lonlat (360x170) grid, with source mask (9384784)
cdo    remapbil: Bilinear weights from lonlat (4500x3251) to lonlat (360x170) grid, with source mask (9338856)
cdo    remapbil: Bilinear weights from lonlat (4500x3251) to lonlat (360x170) grid, with source mask (9244901)
cdo    remapbil: Bilinear weights from lonlat (4500x3251) to lonlat (360x170) grid, with source mask (9167129)
cdo    remapbil: Bilinear weights from lonlat (4500x3251) to lonlat (360x170) grid, with source mask (9032413)
cdo    remapbil: Bilinear weights from lonlat (4500x3251) to lonlat (360x170) grid, with source mask (8923756)
cdo    remapbil: Bilinear weights from lonlat (4500x3251) to lonlat (360x170) grid, with source mask (8825169)
cdo    remapbil: Bilinear weights from lonlat (4500x3251) to lonlat (360x170) grid, with source mask (8741043)
cdo    remapbil: Bilinear weights from lonlat (4500x3251) to lonlat (360x170) grid, with source mask (8669422)
cdo    remapbil: Bilinear weights from lonlat (4500x3251) to lonlat (360x170) grid, with source mask (8547872)
cdo    remapbil: Bilinear weights from lonlat (4500x3251) to lonlat (360x170) grid, with source mask (8453750)
cdo    remapbil: Bilinear weights from lonlat (4500x3251) to lonlat (360x170) grid, with source mask (8387576)
cdo    remapbil: Bilinear weights from lonlat (4500x3251) to lonlat (360x170) grid, with source mask (8336479)
cdo    remapbil: Bilinear weights from lonlat (4500x3251) to lonlat (360x170) grid, with source mask (8290417)
cdo    remapbil: Bilinear weights from lonlat (4500x3251) to lonlat (360x170) grid, with source mask (8247815)
cdo    remapbil: Bilinear weights from lonlat (4500x3251) to lonlat (360x170) grid, with source mask (8128477)
cdo    remapbil: Bilinear weights from lonlat (4500x3251) to lonlat (360x170) grid, with source mask (7994116)
cdo    remapbil: Bilinear weights from lonlat (4500x3251) to lonlat (360x170) grid, with source mask (7692126)
cdo    remapbil: Bilinear weights from lonlat (4500x3251) to lonlat (360x170) grid, with source mask (7286838)
cdo    remapbil: Bilinear weights from lonlat (4500x3251) to lonlat (360x170) grid, with source mask (6658426)
cdo    remapbil: Bilinear weights from lonlat (4500x3251) to lonlat (360x170) grid, with source mask (4336945)
cdo    remapbil: Bilinear weights from lonlat (4500x3251) to lonlat (360x170) grid, with source mask (1454435)
------------------------------------------------
Interplating /work/home/acrzcyisbk/HYCOM_monthly/uv3z/degree_0083/GLBv0.08_53X_archMN.2004_07_uv3z.nc
cdo    remapbil: Bilinear weights from lonlat (4500x3251) to lonlat (360x170) grid, with source mask (9974940)
cdo    remapbil: Bilinear weights from lonlat (4500x3251) to lonlat (360x170) grid, with source mask (9952885)
cdo    remapbil: Bilinear weights from lonlat (4500x3251) to lonlat (360x170) grid, with source mask (9939291)
cdo    remapbil: Bilinear weights from lonlat (4500x3251) to lonlat (360x170) grid, with source mask (9925415)
cdo    remapbil: Bilinear weights from lonlat (4500x3251) to lonlat (360x170) grid, with source mask (9909528)
cdo    remapbil: Bilinear weights from lonlat (4500x3251) to lonlat (360x170) grid, with source mask (11379660)
cdo    remapbil: Bilinear weights from lonlat (4500x3251) to lonlat (360x170) grid, with source mask (14337970)
cdo    remapbil: Bilinear weights from lonlat (4500x3251) to lonlat (360x170) grid, with source mask (14337970)
cdo    remapbil: Bilinear weights from lonlat (4500x3251) to lonlat (360x170) grid, with source mask (14337970)
cdo    remapbil: Bilinear weights from lonlat (4500x3251) to lonlat (360x170) grid, with source mask (14483735)
cdo    remapbil: Bilinear weights from lonlat (4500x3251) to lonlat (360x170) grid, with source mask (14337970)
cdo    remapbil: Bilinear weights from lonlat (4500x3251) to lonlat (360x170) grid, with source mask (14337970)
cdo    remapbil: Bilinear weights from lonlat (4500x3251) to lonlat (360x170) grid, with source mask (14337970)
cdo    remapbil: Bilinear weights from lonlat (4500x3251) to lonlat (360x170) grid, with source mask (14483735)
cdo    remapbil: Bilinear weights from lonlat (4500x3251) to lonlat (360x170) grid, with source mask (14337970)
cdo    remapbil: Bilinear weights from lonlat (4500x3251) to lonlat (360x170) grid, with source mask (14337970)
cdo    remapbil: Bilinear weights from lonlat (4500x3251) to lonlat (360x170) grid, with source mask (14337970)
cdo    remapbil: Bilinear weights from lonlat (4500x3251) to lonlat (360x170) grid, with source mask (14483735)
cdo    remapbil: Bilinear weights from lonlat (4500x3251) to lonlat (360x170) grid, with source mask (14337970)
cdo    remapbil: Bilinear weights from lonlat (4500x3251) to lonlat (360x170) grid, with source mask (14337970)
cdo    remapbil: Bilinear weights from lonlat (4500x3251) to lonlat (360x170) grid, with source mask (14337970)
cdo    remapbil: Bilinear weights from lonlat (4500x3251) to lonlat (360x170) grid, with source mask (14483735)
cdo    remapbil: Bilinear weights from lonlat (4500x3251) to lonlat (360x170) grid, with source mask (14337970)
cdo    remapbil: Bilinear weights from lonlat (4500x3251) to lonlat (360x170) grid, with source mask (14337970)
cdo    remapbil: Bilinear weights from lonlat (4500x3251) to lonlat (360x170) grid, with source mask (14337970)
cdo    remapbil: Bilinear weights from lonlat (4500x3251) to lonlat (360x170) grid, with source mask (14483735)
cdo    remapbil: Bilinear weights from lonlat (4500x3251) to lonlat (360x170) grid, with source mask (14337970)
cdo    remapbil: Bilinear weights from lonlat (4500x3251) to lonlat (360x170) grid, with source mask (14337970)
cdo    remapbil: Bilinear weights from lonlat (4500x3251) to lonlat (360x170) grid, with source mask (14337970)
cdo    remapbil: Bilinear weights from lonlat (4500x3251) to lonlat (360x170) grid, with source mask (14483735)
cdo    remapbil: Bilinear weights from lonlat (4500x3251) to lonlat (360x170) grid, with source mask (14337970)
cdo    remapbil: Bilinear weights from lonlat (4500x3251) to lonlat (360x170) grid, with source mask (14337970)
cdo    remapbil: Bilinear weights from lonlat (4500x3251) to lonlat (360x170) grid, with source mask (14337970)
cdo    remapbil: Bilinear weights from lonlat (4500x3251) to lonlat (360x170) grid, with source mask (14483735)
cdo    remapbil: Bilinear weights from lonlat (4500x3251) to lonlat (360x170) grid, with source mask (14337970)
cdo    remapbil: Bilinear weights from lonlat (4500x3251) to lonlat (360x170) grid, with source mask (14337970)
cdo    remapbil: Bilinear weights from lonlat (4500x3251) to lonlat (360x170) grid, with source mask (14337970)
cdo    remapbil: Bilinear weights from lonlat (4500x3251) to lonlat (360x170) grid, with source mask (14483735)
cdo    remapbil: Bilinear weights from lonlat (4500x3251) to lonlat (360x170) grid, with source mask (14337970)
cdo    remapbil: Bilinear weights from lonlat (4500x3251) to lonlat (360x170) grid, with source mask (14337970)
cdo    remapbil: Bilinear weights from lonlat (4500x3251) to lonlat (360x170) grid, with source mask (14483735)
cdo    remapbil: Bilinear weights from lonlat (4500x3251) to lonlat (360x170) grid, with source mask (14605300)
cdo    remapbil: Bilinear weights from lonlat (4500x3251) to lonlat (360x170) grid, with source mask (14605300)
cdo    remapbil: Bilinear weights from lonlat (4500x3251) to lonlat (360x170) grid, with source mask (14605300)
cdo    remapbil: Bilinear weights from lonlat (4500x3251) to lonlat (360x170) grid, with source mask (14617400)
cdo    remapbil: Bilinear weights from lonlat (4500x3251) to lonlat (360x170) grid, with source mask (14605300)
cdo    remapbil: Bilinear weights from lonlat (4500x3251) to lonlat (360x170) grid, with source mask (14605300)
cdo    remapbil: Bilinear weights from lonlat (4500x3251) to lonlat (360x170) grid, with source mask (14605300)
cdo    remapbil: Bilinear weights from lonlat (4500x3251) to lonlat (360x170) grid, with source mask (14617400)
cdo    remapbil: Bilinear weights from lonlat (4500x3251) to lonlat (360x170) grid, with source mask (14605300)
cdo    remapbil: Bilinear weights from lonlat (4500x3251) to lonlat (360x170) grid, with source mask (14605300)
cdo    remapbil: Bilinear weights from lonlat (4500x3251) to lonlat (360x170) grid, with source mask (14605300)
cdo    remapbil: Bilinear weights from lonlat (4500x3251) to lonlat (360x170) grid, with source mask (14617400)
cdo    remapbil: Bilinear weights from lonlat (4500x3251) to lonlat (360x170) grid, with source mask (14605300)
cdo    remapbil: Bilinear weights from lonlat (4500x3251) to lonlat (360x170) grid, with source mask (14605300)
cdo    remapbil: Bilinear weights from lonlat (4500x3251) to lonlat (360x170) grid, with source mask (14605300)
cdo    remapbil: Bilinear weights from lonlat (4500x3251) to lonlat (360x170) grid, with source mask (14617400)
cdo    remapbil: Bilinear weights from lonlat (4500x3251) to lonlat (360x170) grid, with source mask (14605300)
cdo    remapbil: Bilinear weights from lonlat (4500x3251) to lonlat (360x170) grid, with source mask (14605300)
cdo    remapbil: Bilinear weights from lonlat (4500x3251) to lonlat (360x170) grid, with source mask (14605300)
cdo    remapbil: Bilinear weights from lonlat (4500x3251) to lonlat (360x170) grid, with source mask (14617400)
cdo    remapbil: Bilinear weights from lonlat (4500x3251) to lonlat (360x170) grid, with source mask (14605300)
cdo    remapbil: Bilinear weights from lonlat (4500x3251) to lonlat (360x170) grid, with source mask (14605300)
cdo    remapbil: Bilinear weights from lonlat (4500x3251) to lonlat (360x170) grid, with source mask (14605300)
cdo    remapbil: Bilinear weights from lonlat (4500x3251) to lonlat (360x170) grid, with source mask (14617400)
cdo    remapbil: Bilinear weights from lonlat (4500x3251) to lonlat (360x170) grid, with source mask (14605300)
cdo    remapbil: Bilinear weights from lonlat (4500x3251) to lonlat (360x170) grid, with source mask (14605300)
cdo    remapbil: Bilinear weights from lonlat (4500x3251) to lonlat (360x170) grid, with source mask (14605300)
cdo    remapbil: Bilinear weights from lonlat (4500x3251) to lonlat (360x170) grid, with source mask (14617400)
cdo    remapbil: Bilinear weights from lonlat (4500x3251) to lonlat (360x170) grid, with source mask (14605300)
cdo    remapbil: Bilinear weights from lonlat (4500x3251) to lonlat (360x170) grid, with source mask (14605300)
cdo    remapbil: Bilinear weights from lonlat (4500x3251) to lonlat (360x170) grid, with source mask (14605300)
cdo    remapbil: Bilinear weights from lonlat (4500x3251) to lonlat (360x170) grid, with source mask (14617400)
cdo    remapbil: Bilinear weights from lonlat (4500x3251) to lonlat (360x170) grid, with source mask (14605300)
cdo    remapbil: Bilinear weights from lonlat (4500x3251) to lonlat (360x170) grid, with source mask (14605300)
cdo    remapbil: Bilinear weights from lonlat (4500x3251) to lonlat (360x170) grid, with source mask (14605300)
cdo    remapbil: Bilinear weights from lonlat (4500x3251) to lonlat (360x170) grid, with source mask (14617400)
cdo    remapbil: Bilinear weights from lonlat (4500x3251) to lonlat (360x170) grid, with source mask (14605300)
------------------------------------------------
Interplating /work/home/acrzcyisbk/HYCOM_monthly/uv3z/degree_0083/GLBv0.08_53X_archMN.2005_01_2005_12_uv3z.nc
cdo    remapbil: Bilinear weights from lonlat (4500x3251) to lonlat (360x170) grid, with source mask (9974940)
cdo    remapbil: Bilinear weights from lonlat (4500x3251) to lonlat (360x170) grid, with source mask (9952885)
cdo    remapbil: Bilinear weights from lonlat (4500x3251) to lonlat (360x170) grid, with source mask (9939291)
cdo    remapbil: Bilinear weights from lonlat (4500x3251) to lonlat (360x170) grid, with source mask (9925415)
cdo    remapbil: Bilinear weights from lonlat (4500x3251) to lonlat (360x170) grid, with source mask (9909528)
cdo    remapbil: Bilinear weights from lonlat (4500x3251) to lonlat (360x170) grid, with source mask (9887620)
cdo    remapbil: Bilinear weights from lonlat (4500x3251) to lonlat (360x170) grid, with source mask (9846685)
cdo    remapbil: Bilinear weights from lonlat (4500x3251) to lonlat (360x170) grid, with source mask (9804573)
cdo    remapbil: Bilinear weights from lonlat (4500x3251) to lonlat (360x170) grid, with source mask (9767299)
cdo    remapbil: Bilinear weights from lonlat (4500x3251) to lonlat (360x170) grid, with source mask (9730643)
cdo    remapbil: Bilinear weights from lonlat (4500x3251) to lonlat (360x170) grid, with source mask (9691209)
cdo    remapbil: Bilinear weights from lonlat (4500x3251) to lonlat (360x170) grid, with source mask (9648582)
cdo    remapbil: Bilinear weights from lonlat (4500x3251) to lonlat (360x170) grid, with source mask (9606865)
cdo    remapbil: Bilinear weights from lonlat (4500x3251) to lonlat (360x170) grid, with source mask (9536477)
cdo    remapbil: Bilinear weights from lonlat (4500x3251) to lonlat (360x170) grid, with source mask (9480678)
cdo    remapbil: Bilinear weights from lonlat (4500x3251) to lonlat (360x170) grid, with source mask (9430184)
cdo    remapbil: Bilinear weights from lonlat (4500x3251) to lonlat (360x170) grid, with source mask (9384784)
cdo    remapbil: Bilinear weights from lonlat (4500x3251) to lonlat (360x170) grid, with source mask (9338856)
cdo    remapbil: Bilinear weights from lonlat (4500x3251) to lonlat (360x170) grid, with source mask (9244901)
cdo    remapbil: Bilinear weights from lonlat (4500x3251) to lonlat (360x170) grid, with source mask (9167129)
cdo    remapbil: Bilinear weights from lonlat (4500x3251) to lonlat (360x170) grid, with source mask (9032413)
cdo    remapbil: Bilinear weights from lonlat (4500x3251) to lonlat (360x170) grid, with source mask (8923756)
cdo    remapbil: Bilinear weights from lonlat (4500x3251) to lonlat (360x170) grid, with source mask (8825169)
cdo    remapbil: Bilinear weights from lonlat (4500x3251) to lonlat (360x170) grid, with source mask (8741043)
cdo    remapbil: Bilinear weights from lonlat (4500x3251) to lonlat (360x170) grid, with source mask (8669422)
cdo    remapbil: Bilinear weights from lonlat (4500x3251) to lonlat (360x170) grid, with source mask (8547872)
cdo    remapbil: Bilinear weights from lonlat (4500x3251) to lonlat (360x170) grid, with source mask (8453750)
cdo    remapbil: Bilinear weights from lonlat (4500x3251) to lonlat (360x170) grid, with source mask (8387576)
cdo    remapbil: Bilinear weights from lonlat (4500x3251) to lonlat (360x170) grid, with source mask (8336479)
cdo    remapbil: Bilinear weights from lonlat (4500x3251) to lonlat (360x170) grid, with source mask (8290417)
cdo    remapbil: Bilinear weights from lonlat (4500x3251) to lonlat (360x170) grid, with source mask (8247815)
cdo    remapbil: Bilinear weights from lonlat (4500x3251) to lonlat (360x170) grid, with source mask (8128477)
cdo    remapbil: Bilinear weights from lonlat (4500x3251) to lonlat (360x170) grid, with source mask (7994116)
cdo    remapbil: Bilinear weights from lonlat (4500x3251) to lonlat (360x170) grid, with source mask (7692126)
cdo    remapbil: Bilinear weights from lonlat (4500x3251) to lonlat (360x170) grid, with source mask (7286838)
cdo    remapbil: Bilinear weights from lonlat (4500x3251) to lonlat (360x170) grid, with source mask (6658426)
cdo    remapbil: Bilinear weights from lonlat (4500x3251) to lonlat (360x170) grid, with source mask (4336945)
cdo    remapbil: Bilinear weights from lonlat (4500x3251) to lonlat (360x170) grid, with source mask (1454435)
------------------------------------------------
Interplating /work/home/acrzcyisbk/HYCOM_monthly/uv3z/degree_0083/GLBv0.08_53X_archMN.2007_01_2007_12_uv3z.nc
cdo    remapbil: Bilinear weights from lonlat (4500x3251) to lonlat (360x170) grid, with source mask (9974940)
cdo    remapbil: Bilinear weights from lonlat (4500x3251) to lonlat (360x170) grid, with source mask (9952885)
cdo    remapbil: Bilinear weights from lonlat (4500x3251) to lonlat (360x170) grid, with source mask (9939291)
cdo    remapbil: Bilinear weights from lonlat (4500x3251) to lonlat (360x170) grid, with source mask (9925415)
cdo    remapbil: Bilinear weights from lonlat (4500x3251) to lonlat (360x170) grid, with source mask (9909528)
cdo    remapbil: Bilinear weights from lonlat (4500x3251) to lonlat (360x170) grid, with source mask (9887620)
cdo    remapbil: Bilinear weights from lonlat (4500x3251) to lonlat (360x170) grid, with source mask (9846685)
cdo    remapbil: Bilinear weights from lonlat (4500x3251) to lonlat (360x170) grid, with source mask (9804573)
cdo    remapbil: Bilinear weights from lonlat (4500x3251) to lonlat (360x170) grid, with source mask (9767299)
cdo    remapbil: Bilinear weights from lonlat (4500x3251) to lonlat (360x170) grid, with source mask (9730643)
cdo    remapbil: Bilinear weights from lonlat (4500x3251) to lonlat (360x170) grid, with source mask (9691209)
cdo    remapbil: Bilinear weights from lonlat (4500x3251) to lonlat (360x170) grid, with source mask (9648582)
cdo    remapbil: Bilinear weights from lonlat (4500x3251) to lonlat (360x170) grid, with source mask (9606865)
cdo    remapbil: Bilinear weights from lonlat (4500x3251) to lonlat (360x170) grid, with source mask (9536477)
cdo    remapbil: Bilinear weights from lonlat (4500x3251) to lonlat (360x170) grid, with source mask (9480678)
cdo    remapbil: Bilinear weights from lonlat (4500x3251) to lonlat (360x170) grid, with source mask (9430184)
cdo    remapbil: Bilinear weights from lonlat (4500x3251) to lonlat (360x170) grid, with source mask (9384784)
cdo    remapbil: Bilinear weights from lonlat (4500x3251) to lonlat (360x170) grid, with source mask (9338856)
cdo    remapbil: Bilinear weights from lonlat (4500x3251) to lonlat (360x170) grid, with source mask (9244901)
cdo    remapbil: Bilinear weights from lonlat (4500x3251) to lonlat (360x170) grid, with source mask (9167129)
cdo    remapbil: Bilinear weights from lonlat (4500x3251) to lonlat (360x170) grid, with source mask (9032413)
cdo    remapbil: Bilinear weights from lonlat (4500x3251) to lonlat (360x170) grid, with source mask (8923756)
cdo    remapbil: Bilinear weights from lonlat (4500x3251) to lonlat (360x170) grid, with source mask (8825169)
cdo    remapbil: Bilinear weights from lonlat (4500x3251) to lonlat (360x170) grid, with source mask (8741043)
cdo    remapbil: Bilinear weights from lonlat (4500x3251) to lonlat (360x170) grid, with source mask (8669422)
cdo    remapbil: Bilinear weights from lonlat (4500x3251) to lonlat (360x170) grid, with source mask (8547872)
cdo    remapbil: Bilinear weights from lonlat (4500x3251) to lonlat (360x170) grid, with source mask (8453750)
cdo    remapbil: Bilinear weights from lonlat (4500x3251) to lonlat (360x170) grid, with source mask (8387576)
cdo    remapbil: Bilinear weights from lonlat (4500x3251) to lonlat (360x170) grid, with source mask (8336479)
cdo    remapbil: Bilinear weights from lonlat (4500x3251) to lonlat (360x170) grid, with source mask (8290417)
cdo    remapbil: Bilinear weights from lonlat (4500x3251) to lonlat (360x170) grid, with source mask (8247815)
cdo    remapbil: Bilinear weights from lonlat (4500x3251) to lonlat (360x170) grid, with source mask (8128477)
cdo    remapbil: Bilinear weights from lonlat (4500x3251) to lonlat (360x170) grid, with source mask (7994116)
cdo    remapbil: Bilinear weights from lonlat (4500x3251) to lonlat (360x170) grid, with source mask (7692126)
cdo    remapbil: Bilinear weights from lonlat (4500x3251) to lonlat (360x170) grid, with source mask (7286838)
cdo    remapbil: Bilinear weights from lonlat (4500x3251) to lonlat (360x170) grid, with source mask (6658426)
cdo    remapbil: Bilinear weights from lonlat (4500x3251) to lonlat (360x170) grid, with source mask (4336945)
cdo    remapbil: Bilinear weights from lonlat (4500x3251) to lonlat (360x170) grid, with source mask (1454435)
------------------------------------------------
Interplating /work/home/acrzcyisbk/HYCOM_monthly/uv3z/degree_0083/GLBv0.08_53X_archMN.2007_01_uv3z.nc
cdo    remapbil: Bilinear weights from lonlat (4500x3251) to lonlat (360x170) grid, with source mask (9974940)
cdo    remapbil: Bilinear weights from lonlat (4500x3251) to lonlat (360x170) grid, with source mask (9952885)
cdo    remapbil: Bilinear weights from lonlat (4500x3251) to lonlat (360x170) grid, with source mask (9939291)
cdo    remapbil: Bilinear weights from lonlat (4500x3251) to lonlat (360x170) grid, with source mask (9925415)
cdo    remapbil: Bilinear weights from lonlat (4500x3251) to lonlat (360x170) grid, with source mask (9909528)
cdo    remapbil: Bilinear weights from lonlat (4500x3251) to lonlat (360x170) grid, with source mask (9887620)
cdo    remapbil: Bilinear weights from lonlat (4500x3251) to lonlat (360x170) grid, with source mask (9846685)
cdo    remapbil: Bilinear weights from lonlat (4500x3251) to lonlat (360x170) grid, with source mask (9804573)
cdo    remapbil: Bilinear weights from lonlat (4500x3251) to lonlat (360x170) grid, with source mask (9767299)
cdo    remapbil: Bilinear weights from lonlat (4500x3251) to lonlat (360x170) grid, with source mask (9730643)
cdo    remapbil: Bilinear weights from lonlat (4500x3251) to lonlat (360x170) grid, with source mask (9691209)
cdo    remapbil: Bilinear weights from lonlat (4500x3251) to lonlat (360x170) grid, with source mask (9648582)
cdo    remapbil: Bilinear weights from lonlat (4500x3251) to lonlat (360x170) grid, with source mask (9606865)
cdo    remapbil: Bilinear weights from lonlat (4500x3251) to lonlat (360x170) grid, with source mask (9536477)
cdo    remapbil: Bilinear weights from lonlat (4500x3251) to lonlat (360x170) grid, with source mask (9480678)
cdo    remapbil: Bilinear weights from lonlat (4500x3251) to lonlat (360x170) grid, with source mask (9430184)
cdo    remapbil: Bilinear weights from lonlat (4500x3251) to lonlat (360x170) grid, with source mask (9384784)
cdo    remapbil: Bilinear weights from lonlat (4500x3251) to lonlat (360x170) grid, with source mask (9338856)
cdo    remapbil: Bilinear weights from lonlat (4500x3251) to lonlat (360x170) grid, with source mask (9244901)
cdo    remapbil: Bilinear weights from lonlat (4500x3251) to lonlat (360x170) grid, with source mask (9167129)
cdo    remapbil: Bilinear weights from lonlat (4500x3251) to lonlat (360x170) grid, with source mask (9032413)
cdo    remapbil: Bilinear weights from lonlat (4500x3251) to lonlat (360x170) grid, with source mask (8923756)
cdo    remapbil: Bilinear weights from lonlat (4500x3251) to lonlat (360x170) grid, with source mask (8825169)
cdo    remapbil: Bilinear weights from lonlat (4500x3251) to lonlat (360x170) grid, with source mask (8741043)
cdo    remapbil: Bilinear weights from lonlat (4500x3251) to lonlat (360x170) grid, with source mask (8669422)
cdo    remapbil: Bilinear weights from lonlat (4500x3251) to lonlat (360x170) grid, with source mask (8547872)
cdo    remapbil: Bilinear weights from lonlat (4500x3251) to lonlat (360x170) grid, with source mask (8453750)
cdo    remapbil: Bilinear weights from lonlat (4500x3251) to lonlat (360x170) grid, with source mask (8387576)
cdo    remapbil: Bilinear weights from lonlat (4500x3251) to lonlat (360x170) grid, with source mask (8336479)
cdo    remapbil: Bilinear weights from lonlat (4500x3251) to lonlat (360x170) grid, with source mask (8290417)
cdo    remapbil: Bilinear weights from lonlat (4500x3251) to lonlat (360x170) grid, with source mask (8247815)
cdo    remapbil: Bilinear weights from lonlat (4500x3251) to lonlat (360x170) grid, with source mask (8128477)
cdo    remapbil: Bilinear weights from lonlat (4500x3251) to lonlat (360x170) grid, with source mask (7994116)
cdo    remapbil: Bilinear weights from lonlat (4500x3251) to lonlat (360x170) grid, with source mask (7692126)
cdo    remapbil: Bilinear weights from lonlat (4500x3251) to lonlat (360x170) grid, with source mask (7286838)
cdo    remapbil: Bilinear weights from lonlat (4500x3251) to lonlat (360x170) grid, with source mask (6658426)
cdo    remapbil: Bilinear weights from lonlat (4500x3251) to lonlat (360x170) grid, with source mask (4336945)
cdo    remapbil: Bilinear weights from lonlat (4500x3251) to lonlat (360x170) grid, with source mask (1454435)
------------------------------------------------
Interplating /work/home/acrzcyisbk/HYCOM_monthly/uv3z/degree_0083/GLBv0.08_53X_archMN.2007_03_uv3z.nc
cdo    remapbil: Bilinear weights from lonlat (4500x3251) to lonlat (360x170) grid, with source mask (9974940)
cdo    remapbil: Bilinear weights from lonlat (4500x3251) to lonlat (360x170) grid, with source mask (9952885)
cdo    remapbil: Bilinear weights from lonlat (4500x3251) to lonlat (360x170) grid, with source mask (9939291)
cdo    remapbil: Bilinear weights from lonlat (4500x3251) to lonlat (360x170) grid, with source mask (9925415)
cdo    remapbil: Bilinear weights from lonlat (4500x3251) to lonlat (360x170) grid, with source mask (9909528)
cdo    remapbil: Bilinear weights from lonlat (4500x3251) to lonlat (360x170) grid, with source mask (9887620)
cdo    remapbil: Bilinear weights from lonlat (4500x3251) to lonlat (360x170) grid, with source mask (9846685)
cdo    remapbil: Bilinear weights from lonlat (4500x3251) to lonlat (360x170) grid, with source mask (9804573)
cdo    remapbil: Bilinear weights from lonlat (4500x3251) to lonlat (360x170) grid, with source mask (9767299)
cdo    remapbil: Bilinear weights from lonlat (4500x3251) to lonlat (360x170) grid, with source mask (9730643)
cdo    remapbil: Bilinear weights from lonlat (4500x3251) to lonlat (360x170) grid, with source mask (9691209)
cdo    remapbil: Bilinear weights from lonlat (4500x3251) to lonlat (360x170) grid, with source mask (9648582)
cdo    remapbil: Bilinear weights from lonlat (4500x3251) to lonlat (360x170) grid, with source mask (9606865)
cdo    remapbil: Bilinear weights from lonlat (4500x3251) to lonlat (360x170) grid, with source mask (9536477)
cdo    remapbil: Bilinear weights from lonlat (4500x3251) to lonlat (360x170) grid, with source mask (9480678)
cdo    remapbil: Bilinear weights from lonlat (4500x3251) to lonlat (360x170) grid, with source mask (9430184)
cdo    remapbil: Bilinear weights from lonlat (4500x3251) to lonlat (360x170) grid, with source mask (9384784)
cdo    remapbil: Bilinear weights from lonlat (4500x3251) to lonlat (360x170) grid, with source mask (9338856)
cdo    remapbil: Bilinear weights from lonlat (4500x3251) to lonlat (360x170) grid, with source mask (9244901)
cdo    remapbil: Bilinear weights from lonlat (4500x3251) to lonlat (360x170) grid, with source mask (9167129)
cdo    remapbil: Bilinear weights from lonlat (4500x3251) to lonlat (360x170) grid, with source mask (9032413)
cdo    remapbil: Bilinear weights from lonlat (4500x3251) to lonlat (360x170) grid, with source mask (8923756)
cdo    remapbil: Bilinear weights from lonlat (4500x3251) to lonlat (360x170) grid, with source mask (8825169)
cdo    remapbil: Bilinear weights from lonlat (4500x3251) to lonlat (360x170) grid, with source mask (8741043)
cdo    remapbil: Bilinear weights from lonlat (4500x3251) to lonlat (360x170) grid, with source mask (8669422)
cdo    remapbil: Bilinear weights from lonlat (4500x3251) to lonlat (360x170) grid, with source mask (8547872)
cdo    remapbil: Bilinear weights from lonlat (4500x3251) to lonlat (360x170) grid, with source mask (8453750)
cdo    remapbil: Bilinear weights from lonlat (4500x3251) to lonlat (360x170) grid, with source mask (8387576)
cdo    remapbil: Bilinear weights from lonlat (4500x3251) to lonlat (360x170) grid, with source mask (8336479)
cdo    remapbil: Bilinear weights from lonlat (4500x3251) to lonlat (360x170) grid, with source mask (8290417)
cdo    remapbil: Bilinear weights from lonlat (4500x3251) to lonlat (360x170) grid, with source mask (8247815)
cdo    remapbil: Bilinear weights from lonlat (4500x3251) to lonlat (360x170) grid, with source mask (8128477)
cdo    remapbil: Bilinear weights from lonlat (4500x3251) to lonlat (360x170) grid, with source mask (7994116)
cdo    remapbil: Bilinear weights from lonlat (4500x3251) to lonlat (360x170) grid, with source mask (7692126)
cdo    remapbil: Bilinear weights from lonlat (4500x3251) to lonlat (360x170) grid, with source mask (7286838)
cdo    remapbil: Bilinear weights from lonlat (4500x3251) to lonlat (360x170) grid, with source mask (6658426)
cdo    remapbil: Bilinear weights from lonlat (4500x3251) to lonlat (360x170) grid, with source mask (4336945)
cdo    remapbil: Bilinear weights from lonlat (4500x3251) to lonlat (360x170) grid, with source mask (1454435)
------------------------------------------------
Interplating /work/home/acrzcyisbk/HYCOM_monthly/uv3z/degree_0083/GLBv0.08_53X_archMN.2008_01_2008_12_uv3z.nc
cdo    remapbil: Bilinear weights from lonlat (4500x3251) to lonlat (360x170) grid, with source mask (9974940)
cdo    remapbil: Bilinear weights from lonlat (4500x3251) to lonlat (360x170) grid, with source mask (9952885)
cdo    remapbil: Bilinear weights from lonlat (4500x3251) to lonlat (360x170) grid, with source mask (9939291)
cdo    remapbil: Bilinear weights from lonlat (4500x3251) to lonlat (360x170) grid, with source mask (9925415)
cdo    remapbil: Bilinear weights from lonlat (4500x3251) to lonlat (360x170) grid, with source mask (9909528)
cdo    remapbil: Bilinear weights from lonlat (4500x3251) to lonlat (360x170) grid, with source mask (9887620)
cdo    remapbil: Bilinear weights from lonlat (4500x3251) to lonlat (360x170) grid, with source mask (9846685)
cdo    remapbil: Bilinear weights from lonlat (4500x3251) to lonlat (360x170) grid, with source mask (9804573)
cdo    remapbil: Bilinear weights from lonlat (4500x3251) to lonlat (360x170) grid, with source mask (9767299)
cdo    remapbil: Bilinear weights from lonlat (4500x3251) to lonlat (360x170) grid, with source mask (9730643)
cdo    remapbil: Bilinear weights from lonlat (4500x3251) to lonlat (360x170) grid, with source mask (9691209)
cdo    remapbil: Bilinear weights from lonlat (4500x3251) to lonlat (360x170) grid, with source mask (9648582)
cdo    remapbil: Bilinear weights from lonlat (4500x3251) to lonlat (360x170) grid, with source mask (9606865)
cdo    remapbil: Bilinear weights from lonlat (4500x3251) to lonlat (360x170) grid, with source mask (9536477)
cdo    remapbil: Bilinear weights from lonlat (4500x3251) to lonlat (360x170) grid, with source mask (9480678)
cdo    remapbil: Bilinear weights from lonlat (4500x3251) to lonlat (360x170) grid, with source mask (9430184)
cdo    remapbil: Bilinear weights from lonlat (4500x3251) to lonlat (360x170) grid, with source mask (9384784)
cdo    remapbil: Bilinear weights from lonlat (4500x3251) to lonlat (360x170) grid, with source mask (9338856)
cdo    remapbil: Bilinear weights from lonlat (4500x3251) to lonlat (360x170) grid, with source mask (9244901)
cdo    remapbil: Bilinear weights from lonlat (4500x3251) to lonlat (360x170) grid, with source mask (9167129)
cdo    remapbil: Bilinear weights from lonlat (4500x3251) to lonlat (360x170) grid, with source mask (9032413)
cdo    remapbil: Bilinear weights from lonlat (4500x3251) to lonlat (360x170) grid, with source mask (8923756)
cdo    remapbil: Bilinear weights from lonlat (4500x3251) to lonlat (360x170) grid, with source mask (8825169)
cdo    remapbil: Bilinear weights from lonlat (4500x3251) to lonlat (360x170) grid, with source mask (8741043)
cdo    remapbil: Bilinear weights from lonlat (4500x3251) to lonlat (360x170) grid, with source mask (8669422)
cdo    remapbil: Bilinear weights from lonlat (4500x3251) to lonlat (360x170) grid, with source mask (8547872)
cdo    remapbil: Bilinear weights from lonlat (4500x3251) to lonlat (360x170) grid, with source mask (8453750)
cdo    remapbil: Bilinear weights from lonlat (4500x3251) to lonlat (360x170) grid, with source mask (8387576)
cdo    remapbil: Bilinear weights from lonlat (4500x3251) to lonlat (360x170) grid, with source mask (8336479)
cdo    remapbil: Bilinear weights from lonlat (4500x3251) to lonlat (360x170) grid, with source mask (8290417)
cdo    remapbil: Bilinear weights from lonlat (4500x3251) to lonlat (360x170) grid, with source mask (8247815)
cdo    remapbil: Bilinear weights from lonlat (4500x3251) to lonlat (360x170) grid, with source mask (8128477)
cdo    remapbil: Bilinear weights from lonlat (4500x3251) to lonlat (360x170) grid, with source mask (7994116)
cdo    remapbil: Bilinear weights from lonlat (4500x3251) to lonlat (360x170) grid, with source mask (7692126)
cdo    remapbil: Bilinear weights from lonlat (4500x3251) to lonlat (360x170) grid, with source mask (7286838)
cdo    remapbil: Bilinear weights from lonlat (4500x3251) to lonlat (360x170) grid, with source mask (6658426)
cdo    remapbil: Bilinear weights from lonlat (4500x3251) to lonlat (360x170) grid, with source mask (4336945)
cdo    remapbil: Bilinear weights from lonlat (4500x3251) to lonlat (360x170) grid, with source mask (1454435)
------------------------------------------------
Interplating /work/home/acrzcyisbk/HYCOM_monthly/uv3z/degree_0083/GLBv0.08_53X_archMN.2008_05_uv3z.nc
cdo    remapbil: Bilinear weights from lonlat (4500x3251) to lonlat (360x170) grid, with source mask (9974940)
cdo    remapbil: Bilinear weights from lonlat (4500x3251) to lonlat (360x170) grid, with source mask (9952885)
cdo    remapbil: Bilinear weights from lonlat (4500x3251) to lonlat (360x170) grid, with source mask (9939291)
cdo    remapbil: Bilinear weights from lonlat (4500x3251) to lonlat (360x170) grid, with source mask (9925415)
cdo    remapbil: Bilinear weights from lonlat (4500x3251) to lonlat (360x170) grid, with source mask (9909528)
cdo    remapbil: Bilinear weights from lonlat (4500x3251) to lonlat (360x170) grid, with source mask (9887620)
cdo    remapbil: Bilinear weights from lonlat (4500x3251) to lonlat (360x170) grid, with source mask (9846685)
cdo    remapbil: Bilinear weights from lonlat (4500x3251) to lonlat (360x170) grid, with source mask (9804573)
cdo    remapbil: Bilinear weights from lonlat (4500x3251) to lonlat (360x170) grid, with source mask (9767299)
cdo    remapbil: Bilinear weights from lonlat (4500x3251) to lonlat (360x170) grid, with source mask (9730643)
cdo    remapbil: Bilinear weights from lonlat (4500x3251) to lonlat (360x170) grid, with source mask (9691209)
cdo    remapbil: Bilinear weights from lonlat (4500x3251) to lonlat (360x170) grid, with source mask (9648582)
cdo    remapbil: Bilinear weights from lonlat (4500x3251) to lonlat (360x170) grid, with source mask (9606865)
cdo    remapbil: Bilinear weights from lonlat (4500x3251) to lonlat (360x170) grid, with source mask (9536477)
cdo    remapbil: Bilinear weights from lonlat (4500x3251) to lonlat (360x170) grid, with source mask (9480678)
cdo    remapbil: Bilinear weights from lonlat (4500x3251) to lonlat (360x170) grid, with source mask (9430184)
cdo    remapbil: Bilinear weights from lonlat (4500x3251) to lonlat (360x170) grid, with source mask (9384784)
cdo    remapbil: Bilinear weights from lonlat (4500x3251) to lonlat (360x170) grid, with source mask (9338856)
cdo    remapbil: Bilinear weights from lonlat (4500x3251) to lonlat (360x170) grid, with source mask (9244901)
cdo    remapbil: Bilinear weights from lonlat (4500x3251) to lonlat (360x170) grid, with source mask (9167129)
cdo    remapbil: Bilinear weights from lonlat (4500x3251) to lonlat (360x170) grid, with source mask (9032413)
cdo    remapbil: Bilinear weights from lonlat (4500x3251) to lonlat (360x170) grid, with source mask (8923756)
cdo    remapbil: Bilinear weights from lonlat (4500x3251) to lonlat (360x170) grid, with source mask (8825169)
cdo    remapbil: Bilinear weights from lonlat (4500x3251) to lonlat (360x170) grid, with source mask (8741043)
cdo    remapbil: Bilinear weights from lonlat (4500x3251) to lonlat (360x170) grid, with source mask (8669422)
cdo    remapbil: Bilinear weights from lonlat (4500x3251) to lonlat (360x170) grid, with source mask (8547872)
cdo    remapbil: Bilinear weights from lonlat (4500x3251) to lonlat (360x170) grid, with source mask (8453750)
cdo    remapbil: Bilinear weights from lonlat (4500x3251) to lonlat (360x170) grid, with source mask (8387576)
cdo    remapbil: Bilinear weights from lonlat (4500x3251) to lonlat (360x170) grid, with source mask (8336479)
cdo    remapbil: Bilinear weights from lonlat (4500x3251) to lonlat (360x170) grid, with source mask (8290417)
cdo    remapbil: Bilinear weights from lonlat (4500x3251) to lonlat (360x170) grid, with source mask (8247815)
cdo    remapbil: Bilinear weights from lonlat (4500x3251) to lonlat (360x170) grid, with source mask (8128477)
cdo    remapbil: Bilinear weights from lonlat (4500x3251) to lonlat (360x170) grid, with source mask (7994116)
cdo    remapbil: Bilinear weights from lonlat (4500x3251) to lonlat (360x170) grid, with source mask (7692126)
cdo    remapbil: Bilinear weights from lonlat (4500x3251) to lonlat (360x170) grid, with source mask (7286838)
cdo    remapbil: Bilinear weights from lonlat (4500x3251) to lonlat (360x170) grid, with source mask (6658426)
cdo    remapbil: Bilinear weights from lonlat (4500x3251) to lonlat (360x170) grid, with source mask (4336945)
cdo    remapbil: Bilinear weights from lonlat (4500x3251) to lonlat (360x170) grid, with source mask (1454435)
------------------------------------------------
Interplating /work/home/acrzcyisbk/HYCOM_monthly/uv3z/degree_0083/GLBv0.08_53X_archMN.2008_07_uv3z.nc
cdo    remapbil: Bilinear weights from lonlat (4500x3251) to lonlat (360x170) grid, with source mask (9974940)
cdo    remapbil: Bilinear weights from lonlat (4500x3251) to lonlat (360x170) grid, with source mask (9952885)
cdo    remapbil: Bilinear weights from lonlat (4500x3251) to lonlat (360x170) grid, with source mask (9939291)
cdo    remapbil: Bilinear weights from lonlat (4500x3251) to lonlat (360x170) grid, with source mask (9925415)
cdo    remapbil: Bilinear weights from lonlat (4500x3251) to lonlat (360x170) grid, with source mask (9909528)
cdo    remapbil: Bilinear weights from lonlat (4500x3251) to lonlat (360x170) grid, with source mask (9887620)
cdo    remapbil: Bilinear weights from lonlat (4500x3251) to lonlat (360x170) grid, with source mask (9846685)
cdo    remapbil: Bilinear weights from lonlat (4500x3251) to lonlat (360x170) grid, with source mask (9804573)
cdo    remapbil: Bilinear weights from lonlat (4500x3251) to lonlat (360x170) grid, with source mask (9767299)
cdo    remapbil: Bilinear weights from lonlat (4500x3251) to lonlat (360x170) grid, with source mask (9730643)
cdo    remapbil: Bilinear weights from lonlat (4500x3251) to lonlat (360x170) grid, with source mask (9691209)
cdo    remapbil: Bilinear weights from lonlat (4500x3251) to lonlat (360x170) grid, with source mask (9648582)
cdo    remapbil: Bilinear weights from lonlat (4500x3251) to lonlat (360x170) grid, with source mask (9606865)
cdo    remapbil: Bilinear weights from lonlat (4500x3251) to lonlat (360x170) grid, with source mask (9536477)
cdo    remapbil: Bilinear weights from lonlat (4500x3251) to lonlat (360x170) grid, with source mask (9480678)
cdo    remapbil: Bilinear weights from lonlat (4500x3251) to lonlat (360x170) grid, with source mask (9430184)
cdo    remapbil: Bilinear weights from lonlat (4500x3251) to lonlat (360x170) grid, with source mask (9384784)
cdo    remapbil: Bilinear weights from lonlat (4500x3251) to lonlat (360x170) grid, with source mask (9338856)
cdo    remapbil: Bilinear weights from lonlat (4500x3251) to lonlat (360x170) grid, with source mask (9244901)
cdo    remapbil: Bilinear weights from lonlat (4500x3251) to lonlat (360x170) grid, with source mask (9167129)
cdo    remapbil: Bilinear weights from lonlat (4500x3251) to lonlat (360x170) grid, with source mask (9032413)
cdo    remapbil: Bilinear weights from lonlat (4500x3251) to lonlat (360x170) grid, with source mask (8923756)
cdo    remapbil: Bilinear weights from lonlat (4500x3251) to lonlat (360x170) grid, with source mask (8825169)
cdo    remapbil: Bilinear weights from lonlat (4500x3251) to lonlat (360x170) grid, with source mask (8741043)
cdo    remapbil: Bilinear weights from lonlat (4500x3251) to lonlat (360x170) grid, with source mask (8669422)
cdo    remapbil: Bilinear weights from lonlat (4500x3251) to lonlat (360x170) grid, with source mask (8547872)
cdo    remapbil: Bilinear weights from lonlat (4500x3251) to lonlat (360x170) grid, with source mask (8453750)
cdo    remapbil: Bilinear weights from lonlat (4500x3251) to lonlat (360x170) grid, with source mask (8387576)
cdo    remapbil: Bilinear weights from lonlat (4500x3251) to lonlat (360x170) grid, with source mask (8336479)
cdo    remapbil: Bilinear weights from lonlat (4500x3251) to lonlat (360x170) grid, with source mask (8290417)
cdo    remapbil: Bilinear weights from lonlat (4500x3251) to lonlat (360x170) grid, with source mask (8247815)
cdo    remapbil: Bilinear weights from lonlat (4500x3251) to lonlat (360x170) grid, with source mask (8128477)
cdo    remapbil: Bilinear weights from lonlat (4500x3251) to lonlat (360x170) grid, with source mask (7994116)
cdo    remapbil: Bilinear weights from lonlat (4500x3251) to lonlat (360x170) grid, with source mask (7692126)
cdo    remapbil: Bilinear weights from lonlat (4500x3251) to lonlat (360x170) grid, with source mask (7286838)
cdo    remapbil: Bilinear weights from lonlat (4500x3251) to lonlat (360x170) grid, with source mask (6658426)
cdo    remapbil: Bilinear weights from lonlat (4500x3251) to lonlat (360x170) grid, with source mask (4336945)
cdo    remapbil: Bilinear weights from lonlat (4500x3251) to lonlat (360x170) grid, with source mask (1454435)
------------------------------------------------
Interplating /work/home/acrzcyisbk/HYCOM_monthly/uv3z/degree_0083/GLBv0.08_53X_archMN.2009_12_uv3z.nc
cdo    remapbil: Bilinear weights from lonlat (4500x3251) to lonlat (360x170) grid, with source mask (9974940)
cdo    remapbil: Bilinear weights from lonlat (4500x3251) to lonlat (360x170) grid, with source mask (9952885)
cdo    remapbil: Bilinear weights from lonlat (4500x3251) to lonlat (360x170) grid, with source mask (9939291)
cdo    remapbil: Bilinear weights from lonlat (4500x3251) to lonlat (360x170) grid, with source mask (9925415)
cdo    remapbil: Bilinear weights from lonlat (4500x3251) to lonlat (360x170) grid, with source mask (9909528)
cdo    remapbil: Bilinear weights from lonlat (4500x3251) to lonlat (360x170) grid, with source mask (9887620)
cdo    remapbil: Bilinear weights from lonlat (4500x3251) to lonlat (360x170) grid, with source mask (9846685)
cdo    remapbil: Bilinear weights from lonlat (4500x3251) to lonlat (360x170) grid, with source mask (9804573)
cdo    remapbil: Bilinear weights from lonlat (4500x3251) to lonlat (360x170) grid, with source mask (9767299)
cdo    remapbil: Bilinear weights from lonlat (4500x3251) to lonlat (360x170) grid, with source mask (9730643)
cdo    remapbil: Bilinear weights from lonlat (4500x3251) to lonlat (360x170) grid, with source mask (9691209)
cdo    remapbil: Bilinear weights from lonlat (4500x3251) to lonlat (360x170) grid, with source mask (9648582)
cdo    remapbil: Bilinear weights from lonlat (4500x3251) to lonlat (360x170) grid, with source mask (9606865)
cdo    remapbil: Bilinear weights from lonlat (4500x3251) to lonlat (360x170) grid, with source mask (9536477)
cdo    remapbil: Bilinear weights from lonlat (4500x3251) to lonlat (360x170) grid, with source mask (9480678)
cdo    remapbil: Bilinear weights from lonlat (4500x3251) to lonlat (360x170) grid, with source mask (9430184)
cdo    remapbil: Bilinear weights from lonlat (4500x3251) to lonlat (360x170) grid, with source mask (9384784)
cdo    remapbil: Bilinear weights from lonlat (4500x3251) to lonlat (360x170) grid, with source mask (9338856)
cdo    remapbil: Bilinear weights from lonlat (4500x3251) to lonlat (360x170) grid, with source mask (9244901)
cdo    remapbil: Bilinear weights from lonlat (4500x3251) to lonlat (360x170) grid, with source mask (9167129)
cdo    remapbil: Bilinear weights from lonlat (4500x3251) to lonlat (360x170) grid, with source mask (9032413)
cdo    remapbil: Bilinear weights from lonlat (4500x3251) to lonlat (360x170) grid, with source mask (8923756)
cdo    remapbil: Bilinear weights from lonlat (4500x3251) to lonlat (360x170) grid, with source mask (8825169)
cdo    remapbil: Bilinear weights from lonlat (4500x3251) to lonlat (360x170) grid, with source mask (8741043)
cdo    remapbil: Bilinear weights from lonlat (4500x3251) to lonlat (360x170) grid, with source mask (8669422)
cdo    remapbil: Bilinear weights from lonlat (4500x3251) to lonlat (360x170) grid, with source mask (8547872)
cdo    remapbil: Bilinear weights from lonlat (4500x3251) to lonlat (360x170) grid, with source mask (8453750)
cdo    remapbil: Bilinear weights from lonlat (4500x3251) to lonlat (360x170) grid, with source mask (8387576)
cdo    remapbil: Bilinear weights from lonlat (4500x3251) to lonlat (360x170) grid, with source mask (8336479)
cdo    remapbil: Bilinear weights from lonlat (4500x3251) to lonlat (360x170) grid, with source mask (8290417)
cdo    remapbil: Bilinear weights from lonlat (4500x3251) to lonlat (360x170) grid, with source mask (8247815)
cdo    remapbil: Bilinear weights from lonlat (4500x3251) to lonlat (360x170) grid, with source mask (8128477)
cdo    remapbil: Bilinear weights from lonlat (4500x3251) to lonlat (360x170) grid, with source mask (7994116)
cdo    remapbil: Bilinear weights from lonlat (4500x3251) to lonlat (360x170) grid, with source mask (7692126)
cdo    remapbil: Bilinear weights from lonlat (4500x3251) to lonlat (360x170) grid, with source mask (7286838)
cdo    remapbil: Bilinear weights from lonlat (4500x3251) to lonlat (360x170) grid, with source mask (6658426)
cdo    remapbil: Bilinear weights from lonlat (4500x3251) to lonlat (360x170) grid, with source mask (4336945)
cdo    remapbil: Bilinear weights from lonlat (4500x3251) to lonlat (360x170) grid, with source mask (1454435)
------------------------------------------------
Interplating /work/home/acrzcyisbk/HYCOM_monthly/uv3z/degree_0083/GLBv0.08_53X_archMN.2012_01_uv3z.nc
cdo    remapbil: Bilinear weights from lonlat (4500x3251) to lonlat (360x170) grid, with source mask (9974940)
cdo    remapbil: Bilinear weights from lonlat (4500x3251) to lonlat (360x170) grid, with source mask (9952885)
cdo    remapbil: Bilinear weights from lonlat (4500x3251) to lonlat (360x170) grid, with source mask (9939291)
cdo    remapbil: Bilinear weights from lonlat (4500x3251) to lonlat (360x170) grid, with source mask (9925415)
cdo    remapbil: Bilinear weights from lonlat (4500x3251) to lonlat (360x170) grid, with source mask (9909528)
cdo    remapbil: Bilinear weights from lonlat (4500x3251) to lonlat (360x170) grid, with source mask (9887620)
cdo    remapbil: Bilinear weights from lonlat (4500x3251) to lonlat (360x170) grid, with source mask (9846685)
cdo    remapbil: Bilinear weights from lonlat (4500x3251) to lonlat (360x170) grid, with source mask (9804573)
cdo    remapbil: Bilinear weights from lonlat (4500x3251) to lonlat (360x170) grid, with source mask (9767299)
cdo    remapbil: Bilinear weights from lonlat (4500x3251) to lonlat (360x170) grid, with source mask (9730643)
cdo    remapbil: Bilinear weights from lonlat (4500x3251) to lonlat (360x170) grid, with source mask (9691209)
cdo    remapbil: Bilinear weights from lonlat (4500x3251) to lonlat (360x170) grid, with source mask (9648582)
cdo    remapbil: Bilinear weights from lonlat (4500x3251) to lonlat (360x170) grid, with source mask (9606865)
cdo    remapbil: Bilinear weights from lonlat (4500x3251) to lonlat (360x170) grid, with source mask (9536477)
cdo    remapbil: Bilinear weights from lonlat (4500x3251) to lonlat (360x170) grid, with source mask (9480678)
cdo    remapbil: Bilinear weights from lonlat (4500x3251) to lonlat (360x170) grid, with source mask (9430184)
cdo    remapbil: Bilinear weights from lonlat (4500x3251) to lonlat (360x170) grid, with source mask (9384784)
cdo    remapbil: Bilinear weights from lonlat (4500x3251) to lonlat (360x170) grid, with source mask (9338856)
cdo    remapbil: Bilinear weights from lonlat (4500x3251) to lonlat (360x170) grid, with source mask (9244901)
cdo    remapbil: Bilinear weights from lonlat (4500x3251) to lonlat (360x170) grid, with source mask (9167129)
cdo    remapbil: Bilinear weights from lonlat (4500x3251) to lonlat (360x170) grid, with source mask (9032413)
cdo    remapbil: Bilinear weights from lonlat (4500x3251) to lonlat (360x170) grid, with source mask (8923756)
cdo    remapbil: Bilinear weights from lonlat (4500x3251) to lonlat (360x170) grid, with source mask (8825169)
cdo    remapbil: Bilinear weights from lonlat (4500x3251) to lonlat (360x170) grid, with source mask (8741043)
cdo    remapbil: Bilinear weights from lonlat (4500x3251) to lonlat (360x170) grid, with source mask (8669422)
cdo    remapbil: Bilinear weights from lonlat (4500x3251) to lonlat (360x170) grid, with source mask (8547872)
cdo    remapbil: Bilinear weights from lonlat (4500x3251) to lonlat (360x170) grid, with source mask (8453750)
cdo    remapbil: Bilinear weights from lonlat (4500x3251) to lonlat (360x170) grid, with source mask (8387576)
cdo    remapbil: Bilinear weights from lonlat (4500x3251) to lonlat (360x170) grid, with source mask (8336479)
cdo    remapbil: Bilinear weights from lonlat (4500x3251) to lonlat (360x170) grid, with source mask (8290417)
cdo    remapbil: Bilinear weights from lonlat (4500x3251) to lonlat (360x170) grid, with source mask (8247815)
cdo    remapbil: Bilinear weights from lonlat (4500x3251) to lonlat (360x170) grid, with source mask (8128477)
cdo    remapbil: Bilinear weights from lonlat (4500x3251) to lonlat (360x170) grid, with source mask (7994116)
cdo    remapbil: Bilinear weights from lonlat (4500x3251) to lonlat (360x170) grid, with source mask (7692126)
cdo    remapbil: Bilinear weights from lonlat (4500x3251) to lonlat (360x170) grid, with source mask (7286838)
cdo    remapbil: Bilinear weights from lonlat (4500x3251) to lonlat (360x170) grid, with source mask (6658426)
cdo    remapbil: Bilinear weights from lonlat (4500x3251) to lonlat (360x170) grid, with source mask (4336945)
cdo    remapbil: Bilinear weights from lonlat (4500x3251) to lonlat (360x170) grid, with source mask (1454435)
------------------------------------------------
Interplating /work/home/acrzcyisbk/HYCOM_monthly/uv3z/degree_0083/GLBv0.08_53X_archMN.2012_05_uv3z.nc
cdo    remapbil: Bilinear weights from lonlat (4500x3251) to lonlat (360x170) grid, with source mask (9974940)
cdo    remapbil: Bilinear weights from lonlat (4500x3251) to lonlat (360x170) grid, with source mask (9952885)
cdo    remapbil: Bilinear weights from lonlat (4500x3251) to lonlat (360x170) grid, with source mask (9939291)
cdo    remapbil: Bilinear weights from lonlat (4500x3251) to lonlat (360x170) grid, with source mask (9925415)
cdo    remapbil: Bilinear weights from lonlat (4500x3251) to lonlat (360x170) grid, with source mask (9909528)
cdo    remapbil: Bilinear weights from lonlat (4500x3251) to lonlat (360x170) grid, with source mask (9887620)
cdo    remapbil: Bilinear weights from lonlat (4500x3251) to lonlat (360x170) grid, with source mask (9846685)
cdo    remapbil: Bilinear weights from lonlat (4500x3251) to lonlat (360x170) grid, with source mask (9804573)
cdo    remapbil: Bilinear weights from lonlat (4500x3251) to lonlat (360x170) grid, with source mask (9767299)
cdo    remapbil: Bilinear weights from lonlat (4500x3251) to lonlat (360x170) grid, with source mask (9730643)
cdo    remapbil: Bilinear weights from lonlat (4500x3251) to lonlat (360x170) grid, with source mask (9691209)
cdo    remapbil: Bilinear weights from lonlat (4500x3251) to lonlat (360x170) grid, with source mask (9648582)
cdo    remapbil: Bilinear weights from lonlat (4500x3251) to lonlat (360x170) grid, with source mask (9606865)
cdo    remapbil: Bilinear weights from lonlat (4500x3251) to lonlat (360x170) grid, with source mask (9536477)
cdo    remapbil: Bilinear weights from lonlat (4500x3251) to lonlat (360x170) grid, with source mask (9480678)
cdo    remapbil: Bilinear weights from lonlat (4500x3251) to lonlat (360x170) grid, with source mask (9430184)
cdo    remapbil: Bilinear weights from lonlat (4500x3251) to lonlat (360x170) grid, with source mask (9384784)
cdo    remapbil: Bilinear weights from lonlat (4500x3251) to lonlat (360x170) grid, with source mask (9338856)
cdo    remapbil: Bilinear weights from lonlat (4500x3251) to lonlat (360x170) grid, with source mask (9244901)
cdo    remapbil: Bilinear weights from lonlat (4500x3251) to lonlat (360x170) grid, with source mask (9167129)
cdo    remapbil: Bilinear weights from lonlat (4500x3251) to lonlat (360x170) grid, with source mask (9032413)
cdo    remapbil: Bilinear weights from lonlat (4500x3251) to lonlat (360x170) grid, with source mask (8923756)
cdo    remapbil: Bilinear weights from lonlat (4500x3251) to lonlat (360x170) grid, with source mask (8825169)
cdo    remapbil: Bilinear weights from lonlat (4500x3251) to lonlat (360x170) grid, with source mask (8741043)
cdo    remapbil: Bilinear weights from lonlat (4500x3251) to lonlat (360x170) grid, with source mask (8669422)
cdo    remapbil: Bilinear weights from lonlat (4500x3251) to lonlat (360x170) grid, with source mask (8547872)
cdo    remapbil: Bilinear weights from lonlat (4500x3251) to lonlat (360x170) grid, with source mask (8453750)
cdo    remapbil: Bilinear weights from lonlat (4500x3251) to lonlat (360x170) grid, with source mask (8387576)
cdo    remapbil: Bilinear weights from lonlat (4500x3251) to lonlat (360x170) grid, with source mask (8336479)
cdo    remapbil: Bilinear weights from lonlat (4500x3251) to lonlat (360x170) grid, with source mask (8290417)
cdo    remapbil: Bilinear weights from lonlat (4500x3251) to lonlat (360x170) grid, with source mask (8247815)
cdo    remapbil: Bilinear weights from lonlat (4500x3251) to lonlat (360x170) grid, with source mask (8128477)
cdo    remapbil: Bilinear weights from lonlat (4500x3251) to lonlat (360x170) grid, with source mask (7994116)
cdo    remapbil: Bilinear weights from lonlat (4500x3251) to lonlat (360x170) grid, with source mask (7692126)
cdo    remapbil: Bilinear weights from lonlat (4500x3251) to lonlat (360x170) grid, with source mask (7286838)
cdo    remapbil: Bilinear weights from lonlat (4500x3251) to lonlat (360x170) grid, with source mask (6658426)
cdo    remapbil: Bilinear weights from lonlat (4500x3251) to lonlat (360x170) grid, with source mask (4336945)
cdo    remapbil: Bilinear weights from lonlat (4500x3251) to lonlat (360x170) grid, with source mask (1454435)
------------------------------------------------
Interplating /work/home/acrzcyisbk/HYCOM_monthly/uv3z/degree_0083/GLBv0.08_53X_archMN.2012_07_uv3z.nc
cdo    remapbil: Bilinear weights from lonlat (4500x3251) to lonlat (360x170) grid, with source mask (9974940)
cdo    remapbil: Bilinear weights from lonlat (4500x3251) to lonlat (360x170) grid, with source mask (9952885)
cdo    remapbil: Bilinear weights from lonlat (4500x3251) to lonlat (360x170) grid, with source mask (9939291)
cdo    remapbil: Bilinear weights from lonlat (4500x3251) to lonlat (360x170) grid, with source mask (9925415)
cdo    remapbil: Bilinear weights from lonlat (4500x3251) to lonlat (360x170) grid, with source mask (9909528)
cdo    remapbil: Bilinear weights from lonlat (4500x3251) to lonlat (360x170) grid, with source mask (9887620)
cdo    remapbil: Bilinear weights from lonlat (4500x3251) to lonlat (360x170) grid, with source mask (9846685)
cdo    remapbil: Bilinear weights from lonlat (4500x3251) to lonlat (360x170) grid, with source mask (9804573)
cdo    remapbil: Bilinear weights from lonlat (4500x3251) to lonlat (360x170) grid, with source mask (9767299)
cdo    remapbil: Bilinear weights from lonlat (4500x3251) to lonlat (360x170) grid, with source mask (9730643)
cdo    remapbil: Bilinear weights from lonlat (4500x3251) to lonlat (360x170) grid, with source mask (9691209)
cdo    remapbil: Bilinear weights from lonlat (4500x3251) to lonlat (360x170) grid, with source mask (9648582)
cdo    remapbil: Bilinear weights from lonlat (4500x3251) to lonlat (360x170) grid, with source mask (9606865)
cdo    remapbil: Bilinear weights from lonlat (4500x3251) to lonlat (360x170) grid, with source mask (9536477)
cdo    remapbil: Bilinear weights from lonlat (4500x3251) to lonlat (360x170) grid, with source mask (9480678)
cdo    remapbil: Bilinear weights from lonlat (4500x3251) to lonlat (360x170) grid, with source mask (9430184)
cdo    remapbil: Bilinear weights from lonlat (4500x3251) to lonlat (360x170) grid, with source mask (9384784)
cdo    remapbil: Bilinear weights from lonlat (4500x3251) to lonlat (360x170) grid, with source mask (9338856)
cdo    remapbil: Bilinear weights from lonlat (4500x3251) to lonlat (360x170) grid, with source mask (9244901)
cdo    remapbil: Bilinear weights from lonlat (4500x3251) to lonlat (360x170) grid, with source mask (9167129)
cdo    remapbil: Bilinear weights from lonlat (4500x3251) to lonlat (360x170) grid, with source mask (9032413)
cdo    remapbil: Bilinear weights from lonlat (4500x3251) to lonlat (360x170) grid, with source mask (8923756)
cdo    remapbil: Bilinear weights from lonlat (4500x3251) to lonlat (360x170) grid, with source mask (8825169)
cdo    remapbil: Bilinear weights from lonlat (4500x3251) to lonlat (360x170) grid, with source mask (8741043)
cdo    remapbil: Bilinear weights from lonlat (4500x3251) to lonlat (360x170) grid, with source mask (8669422)
cdo    remapbil: Bilinear weights from lonlat (4500x3251) to lonlat (360x170) grid, with source mask (8547872)
cdo    remapbil: Bilinear weights from lonlat (4500x3251) to lonlat (360x170) grid, with source mask (8453750)
cdo    remapbil: Bilinear weights from lonlat (4500x3251) to lonlat (360x170) grid, with source mask (8387576)
cdo    remapbil: Bilinear weights from lonlat (4500x3251) to lonlat (360x170) grid, with source mask (8336479)
cdo    remapbil: Bilinear weights from lonlat (4500x3251) to lonlat (360x170) grid, with source mask (8290417)
cdo    remapbil: Bilinear weights from lonlat (4500x3251) to lonlat (360x170) grid, with source mask (8247815)
cdo    remapbil: Bilinear weights from lonlat (4500x3251) to lonlat (360x170) grid, with source mask (8128477)
cdo    remapbil: Bilinear weights from lonlat (4500x3251) to lonlat (360x170) grid, with source mask (7994116)
cdo    remapbil: Bilinear weights from lonlat (4500x3251) to lonlat (360x170) grid, with source mask (7692126)
cdo    remapbil: Bilinear weights from lonlat (4500x3251) to lonlat (360x170) grid, with source mask (7286838)
cdo    remapbil: Bilinear weights from lonlat (4500x3251) to lonlat (360x170) grid, with source mask (6658426)
cdo    remapbil: Bilinear weights from lonlat (4500x3251) to lonlat (360x170) grid, with source mask (4336945)
cdo    remapbil: Bilinear weights from lonlat (4500x3251) to lonlat (360x170) grid, with source mask (1454435)
------------------------------------------------
Interplating /work/home/acrzcyisbk/HYCOM_monthly/uv3z/degree_0083/GLBv0.08_53X_archMN.2013_01_2013_12_uv3z.nc
cdo    remapbil: Bilinear weights from lonlat (4500x3251) to lonlat (360x170) grid, with source mask (9974940)
cdo    remapbil: Bilinear weights from lonlat (4500x3251) to lonlat (360x170) grid, with source mask (9952885)
cdo    remapbil: Bilinear weights from lonlat (4500x3251) to lonlat (360x170) grid, with source mask (9939291)
cdo    remapbil: Bilinear weights from lonlat (4500x3251) to lonlat (360x170) grid, with source mask (9925415)
cdo    remapbil: Bilinear weights from lonlat (4500x3251) to lonlat (360x170) grid, with source mask (9909528)
cdo    remapbil: Bilinear weights from lonlat (4500x3251) to lonlat (360x170) grid, with source mask (9887620)
cdo    remapbil: Bilinear weights from lonlat (4500x3251) to lonlat (360x170) grid, with source mask (9846685)
cdo    remapbil: Bilinear weights from lonlat (4500x3251) to lonlat (360x170) grid, with source mask (9804573)
cdo    remapbil: Bilinear weights from lonlat (4500x3251) to lonlat (360x170) grid, with source mask (9767299)
cdo    remapbil: Bilinear weights from lonlat (4500x3251) to lonlat (360x170) grid, with source mask (9730643)
cdo    remapbil: Bilinear weights from lonlat (4500x3251) to lonlat (360x170) grid, with source mask (9691209)
cdo    remapbil: Bilinear weights from lonlat (4500x3251) to lonlat (360x170) grid, with source mask (9648582)
cdo    remapbil: Bilinear weights from lonlat (4500x3251) to lonlat (360x170) grid, with source mask (9606865)
cdo    remapbil: Bilinear weights from lonlat (4500x3251) to lonlat (360x170) grid, with source mask (9536477)
cdo    remapbil: Bilinear weights from lonlat (4500x3251) to lonlat (360x170) grid, with source mask (9480678)
cdo    remapbil: Bilinear weights from lonlat (4500x3251) to lonlat (360x170) grid, with source mask (9430184)
cdo    remapbil: Bilinear weights from lonlat (4500x3251) to lonlat (360x170) grid, with source mask (9384784)
cdo    remapbil: Bilinear weights from lonlat (4500x3251) to lonlat (360x170) grid, with source mask (9338856)
cdo    remapbil: Bilinear weights from lonlat (4500x3251) to lonlat (360x170) grid, with source mask (9244901)
cdo    remapbil: Bilinear weights from lonlat (4500x3251) to lonlat (360x170) grid, with source mask (9167129)
cdo    remapbil: Bilinear weights from lonlat (4500x3251) to lonlat (360x170) grid, with source mask (9032413)
cdo    remapbil: Bilinear weights from lonlat (4500x3251) to lonlat (360x170) grid, with source mask (8923756)
cdo    remapbil: Bilinear weights from lonlat (4500x3251) to lonlat (360x170) grid, with source mask (8825169)
cdo    remapbil: Bilinear weights from lonlat (4500x3251) to lonlat (360x170) grid, with source mask (8741043)
cdo    remapbil: Bilinear weights from lonlat (4500x3251) to lonlat (360x170) grid, with source mask (8669422)
cdo    remapbil: Bilinear weights from lonlat (4500x3251) to lonlat (360x170) grid, with source mask (8547872)
cdo    remapbil: Bilinear weights from lonlat (4500x3251) to lonlat (360x170) grid, with source mask (8453750)
cdo    remapbil: Bilinear weights from lonlat (4500x3251) to lonlat (360x170) grid, with source mask (8387576)
cdo    remapbil: Bilinear weights from lonlat (4500x3251) to lonlat (360x170) grid, with source mask (8336479)
cdo    remapbil: Bilinear weights from lonlat (4500x3251) to lonlat (360x170) grid, with source mask (8290417)
cdo    remapbil: Bilinear weights from lonlat (4500x3251) to lonlat (360x170) grid, with source mask (8247815)
cdo    remapbil: Bilinear weights from lonlat (4500x3251) to lonlat (360x170) grid, with source mask (8128477)
cdo    remapbil: Bilinear weights from lonlat (4500x3251) to lonlat (360x170) grid, with source mask (7994116)
cdo    remapbil: Bilinear weights from lonlat (4500x3251) to lonlat (360x170) grid, with source mask (7692126)
cdo    remapbil: Bilinear weights from lonlat (4500x3251) to lonlat (360x170) grid, with source mask (7286838)
cdo    remapbil: Bilinear weights from lonlat (4500x3251) to lonlat (360x170) grid, with source mask (6658426)
cdo    remapbil: Bilinear weights from lonlat (4500x3251) to lonlat (360x170) grid, with source mask (4336945)
cdo    remapbil: Bilinear weights from lonlat (4500x3251) to lonlat (360x170) grid, with source mask (1454435)
------------------------------------------------
Interplating /work/home/acrzcyisbk/HYCOM_monthly/uv3z/degree_0083/GLBv0.08_53X_archMN.2013_12_uv3z.nc
cdo    remapbil: Bilinear weights from gaussian (4500x3251) to lonlat (360x170) grid, with source mask (9974940)
cdo    remapbil: Bilinear weights from gaussian (4500x3251) to lonlat (360x170) grid, with source mask (9952885)
cdo    remapbil: Bilinear weights from gaussian (4500x3251) to lonlat (360x170) grid, with source mask (9939291)
cdo    remapbil: Bilinear weights from gaussian (4500x3251) to lonlat (360x170) grid, with source mask (9925415)
cdo    remapbil: Bilinear weights from gaussian (4500x3251) to lonlat (360x170) grid, with source mask (9909528)
cdo    remapbil: Bilinear weights from gaussian (4500x3251) to lonlat (360x170) grid, with source mask (9887620)
cdo    remapbil: Bilinear weights from gaussian (4500x3251) to lonlat (360x170) grid, with source mask (9846685)
cdo    remapbil: Bilinear weights from gaussian (4500x3251) to lonlat (360x170) grid, with source mask (9804573)
cdo    remapbil: Bilinear weights from gaussian (4500x3251) to lonlat (360x170) grid, with source mask (9767299)
cdo    remapbil: Bilinear weights from gaussian (4500x3251) to lonlat (360x170) grid, with source mask (9730643)
cdo    remapbil: Bilinear weights from gaussian (4500x3251) to lonlat (360x170) grid, with source mask (9691209)
cdo    remapbil: Bilinear weights from gaussian (4500x3251) to lonlat (360x170) grid, with source mask (9648582)
cdo    remapbil: Bilinear weights from gaussian (4500x3251) to lonlat (360x170) grid, with source mask (9606865)
cdo    remapbil: Bilinear weights from gaussian (4500x3251) to lonlat (360x170) grid, with source mask (9536477)
cdo    remapbil: Bilinear weights from gaussian (4500x3251) to lonlat (360x170) grid, with source mask (9480678)
cdo    remapbil: Bilinear weights from gaussian (4500x3251) to lonlat (360x170) grid, with source mask (9430184)
cdo    remapbil: Bilinear weights from gaussian (4500x3251) to lonlat (360x170) grid, with source mask (9384784)
cdo    remapbil: Bilinear weights from gaussian (4500x3251) to lonlat (360x170) grid, with source mask (9338856)
cdo    remapbil: Bilinear weights from gaussian (4500x3251) to lonlat (360x170) grid, with source mask (9244901)
cdo    remapbil: Bilinear weights from gaussian (4500x3251) to lonlat (360x170) grid, with source mask (9167129)
cdo    remapbil: Bilinear weights from gaussian (4500x3251) to lonlat (360x170) grid, with source mask (9032413)
cdo    remapbil: Bilinear weights from gaussian (4500x3251) to lonlat (360x170) grid, with source mask (8923756)
cdo    remapbil: Bilinear weights from gaussian (4500x3251) to lonlat (360x170) grid, with source mask (8825169)
cdo    remapbil: Bilinear weights from gaussian (4500x3251) to lonlat (360x170) grid, with source mask (8741043)
cdo    remapbil: Bilinear weights from gaussian (4500x3251) to lonlat (360x170) grid, with source mask (8669422)
cdo    remapbil: Bilinear weights from gaussian (4500x3251) to lonlat (360x170) grid, with source mask (8547872)
cdo    remapbil: Bilinear weights from gaussian (4500x3251) to lonlat (360x170) grid, with source mask (8453750)
cdo    remapbil: Bilinear weights from gaussian (4500x3251) to lonlat (360x170) grid, with source mask (8387576)
cdo    remapbil: Bilinear weights from gaussian (4500x3251) to lonlat (360x170) grid, with source mask (8336479)
cdo    remapbil: Bilinear weights from gaussian (4500x3251) to lonlat (360x170) grid, with source mask (8290417)
cdo    remapbil: Bilinear weights from gaussian (4500x3251) to lonlat (360x170) grid, with source mask (8247815)
cdo    remapbil: Bilinear weights from gaussian (4500x3251) to lonlat (360x170) grid, with source mask (8128477)
cdo    remapbil: Bilinear weights from gaussian (4500x3251) to lonlat (360x170) grid, with source mask (7994116)
cdo    remapbil: Bilinear weights from gaussian (4500x3251) to lonlat (360x170) grid, with source mask (7692126)
cdo    remapbil: Bilinear weights from gaussian (4500x3251) to lonlat (360x170) grid, with source mask (7286838)
cdo    remapbil: Bilinear weights from gaussian (4500x3251) to lonlat (360x170) grid, with source mask (6658426)
cdo    remapbil: Bilinear weights from gaussian (4500x3251) to lonlat (360x170) grid, with source mask (4336945)
cdo    remapbil: Bilinear weights from gaussian (4500x3251) to lonlat (360x170) grid, with source mask (1454435)
/work/home/acrzcyisbk/HYCOM_monthly/uv3z/degree_1/GLBv0.08_53X_archMN.1994_01_uv3z.nc exists, skip
/work/home/acrzcyisbk/HYCOM_monthly/uv3z/degree_1/GLBv0.08_53X_archMN.1994_03_uv3z.nc exists, skip
/work/home/acrzcyisbk/HYCOM_monthly/uv3z/degree_1/GLBv0.08_53X_archMN.1995_01_1995_12_uv3z.nc exists, skip
/work/home/acrzcyisbk/HYCOM_monthly/uv3z/degree_1/GLBv0.08_53X_archMN.1996_12_uv3z.nc exists, skip
/work/home/acrzcyisbk/HYCOM_monthly/uv3z/degree_1/GLBv0.08_53X_archMN.1997_05_uv3z.nc exists, skip
/work/home/acrzcyisbk/HYCOM_monthly/uv3z/degree_1/GLBv0.08_53X_archMN.1997_07_uv3z.nc exists, skip
------------------------------------------------
Interplating /work/home/acrzcyisbk/HYCOM_monthly/uv3z/degree_0083/GLBv0.08_53X_archMN.1998_01_1998_12_uv3z.nc
cdo    remapbil: Bilinear weights from lonlat (4500x3251) to lonlat (360x170) grid, with source mask (9974940)
cdo    remapbil: Bilinear weights from lonlat (4500x3251) to lonlat (360x170) grid, with source mask (9952885)
cdo    remapbil: Bilinear weights from lonlat (4500x3251) to lonlat (360x170) grid, with source mask (9939291)
cdo    remapbil: Bilinear weights from lonlat (4500x3251) to lonlat (360x170) grid, with source mask (9925415)
cdo    remapbil: Bilinear weights from lonlat (4500x3251) to lonlat (360x170) grid, with source mask (9909528)
cdo    remapbil: Bilinear weights from lonlat (4500x3251) to lonlat (360x170) grid, with source mask (9887620)
cdo    remapbil: Bilinear weights from lonlat (4500x3251) to lonlat (360x170) grid, with source mask (9846685)
cdo    remapbil: Bilinear weights from lonlat (4500x3251) to lonlat (360x170) grid, with source mask (9804573)
cdo    remapbil: Bilinear weights from lonlat (4500x3251) to lonlat (360x170) grid, with source mask (9767299)
cdo    remapbil: Bilinear weights from lonlat (4500x3251) to lonlat (360x170) grid, with source mask (9730643)
cdo    remapbil: Bilinear weights from lonlat (4500x3251) to lonlat (360x170) grid, with source mask (9691209)
cdo    remapbil: Bilinear weights from lonlat (4500x3251) to lonlat (360x170) grid, with source mask (9648582)
cdo    remapbil: Bilinear weights from lonlat (4500x3251) to lonlat (360x170) grid, with source mask (9606865)
cdo    remapbil: Bilinear weights from lonlat (4500x3251) to lonlat (360x170) grid, with source mask (9536477)
cdo    remapbil: Bilinear weights from lonlat (4500x3251) to lonlat (360x170) grid, with source mask (9480678)
cdo    remapbil: Bilinear weights from lonlat (4500x3251) to lonlat (360x170) grid, with source mask (9430184)
cdo    remapbil: Bilinear weights from lonlat (4500x3251) to lonlat (360x170) grid, with source mask (9384784)
cdo    remapbil: Bilinear weights from lonlat (4500x3251) to lonlat (360x170) grid, with source mask (9338856)
cdo    remapbil: Bilinear weights from lonlat (4500x3251) to lonlat (360x170) grid, with source mask (9244901)
cdo    remapbil: Bilinear weights from lonlat (4500x3251) to lonlat (360x170) grid, with source mask (9167129)
cdo    remapbil: Bilinear weights from lonlat (4500x3251) to lonlat (360x170) grid, with source mask (9032413)
cdo    remapbil: Bilinear weights from lonlat (4500x3251) to lonlat (360x170) grid, with source mask (8923756)
cdo    remapbil: Bilinear weights from lonlat (4500x3251) to lonlat (360x170) grid, with source mask (8825169)
cdo    remapbil: Bilinear weights from lonlat (4500x3251) to lonlat (360x170) grid, with source mask (8741043)
cdo    remapbil: Bilinear weights from lonlat (4500x3251) to lonlat (360x170) grid, with source mask (8669422)
cdo    remapbil: Bilinear weights from lonlat (4500x3251) to lonlat (360x170) grid, with source mask (8547872)
cdo    remapbil: Bilinear weights from lonlat (4500x3251) to lonlat (360x170) grid, with source mask (8453750)
cdo    remapbil: Bilinear weights from lonlat (4500x3251) to lonlat (360x170) grid, with source mask (8387576)
cdo    remapbil: Bilinear weights from lonlat (4500x3251) to lonlat (360x170) grid, with source mask (8336479)
cdo    remapbil: Bilinear weights from lonlat (4500x3251) to lonlat (360x170) grid, with source mask (8290417)
cdo    remapbil: Bilinear weights from lonlat (4500x3251) to lonlat (360x170) grid, with source mask (8247815)
cdo    remapbil: Bilinear weights from lonlat (4500x3251) to lonlat (360x170) grid, with source mask (8128477)
cdo    remapbil: Bilinear weights from lonlat (4500x3251) to lonlat (360x170) grid, with source mask (7994116)
cdo    remapbil: Bilinear weights from lonlat (4500x3251) to lonlat (360x170) grid, with source mask (7692126)
cdo    remapbil: Bilinear weights from lonlat (4500x3251) to lonlat (360x170) grid, with source mask (7286838)
cdo    remapbil: Bilinear weights from lonlat (4500x3251) to lonlat (360x170) grid, with source mask (6658426)
cdo    remapbil: Bilinear weights from lonlat (4500x3251) to lonlat (360x170) grid, with source mask (4336945)
cdo    remapbil: Bilinear weights from lonlat (4500x3251) to lonlat (360x170) grid, with source mask (1454435)
------------------------------------------------
Interplating /work/home/acrzcyisbk/HYCOM_monthly/uv3z/degree_0083/GLBv0.08_53X_archMN.1998_01_uv3z.nc
cdo    remapbil: Bilinear weights from lonlat (4500x3251) to lonlat (360x170) grid, with source mask (9974940)
cdo    remapbil: Bilinear weights from lonlat (4500x3251) to lonlat (360x170) grid, with source mask (9952885)
cdo    remapbil: Bilinear weights from lonlat (4500x3251) to lonlat (360x170) grid, with source mask (9939291)
cdo    remapbil: Bilinear weights from lonlat (4500x3251) to lonlat (360x170) grid, with source mask (9925415)
cdo    remapbil: Bilinear weights from lonlat (4500x3251) to lonlat (360x170) grid, with source mask (9909528)
cdo    remapbil: Bilinear weights from lonlat (4500x3251) to lonlat (360x170) grid, with source mask (9887620)
cdo    remapbil: Bilinear weights from lonlat (4500x3251) to lonlat (360x170) grid, with source mask (9846685)
cdo    remapbil: Bilinear weights from lonlat (4500x3251) to lonlat (360x170) grid, with source mask (9804573)
cdo    remapbil: Bilinear weights from lonlat (4500x3251) to lonlat (360x170) grid, with source mask (9767299)
cdo    remapbil: Bilinear weights from lonlat (4500x3251) to lonlat (360x170) grid, with source mask (9730643)
cdo    remapbil: Bilinear weights from lonlat (4500x3251) to lonlat (360x170) grid, with source mask (9691209)
cdo    remapbil: Bilinear weights from lonlat (4500x3251) to lonlat (360x170) grid, with source mask (9648582)
cdo    remapbil: Bilinear weights from lonlat (4500x3251) to lonlat (360x170) grid, with source mask (9606865)
cdo    remapbil: Bilinear weights from lonlat (4500x3251) to lonlat (360x170) grid, with source mask (9536477)
cdo    remapbil: Bilinear weights from lonlat (4500x3251) to lonlat (360x170) grid, with source mask (9480678)
cdo    remapbil: Bilinear weights from lonlat (4500x3251) to lonlat (360x170) grid, with source mask (9430184)
cdo    remapbil: Bilinear weights from lonlat (4500x3251) to lonlat (360x170) grid, with source mask (9384784)
cdo    remapbil: Bilinear weights from lonlat (4500x3251) to lonlat (360x170) grid, with source mask (9338856)
cdo    remapbil: Bilinear weights from lonlat (4500x3251) to lonlat (360x170) grid, with source mask (9244901)
cdo    remapbil: Bilinear weights from lonlat (4500x3251) to lonlat (360x170) grid, with source mask (9167129)
cdo    remapbil: Bilinear weights from lonlat (4500x3251) to lonlat (360x170) grid, with source mask (9032413)
cdo    remapbil: Bilinear weights from lonlat (4500x3251) to lonlat (360x170) grid, with source mask (8923756)
cdo    remapbil: Bilinear weights from lonlat (4500x3251) to lonlat (360x170) grid, with source mask (8825169)
cdo    remapbil: Bilinear weights from lonlat (4500x3251) to lonlat (360x170) grid, with source mask (8741043)
cdo    remapbil: Bilinear weights from lonlat (4500x3251) to lonlat (360x170) grid, with source mask (8669422)
cdo    remapbil: Bilinear weights from lonlat (4500x3251) to lonlat (360x170) grid, with source mask (8547872)
cdo    remapbil: Bilinear weights from lonlat (4500x3251) to lonlat (360x170) grid, with source mask (8453750)
cdo    remapbil: Bilinear weights from lonlat (4500x3251) to lonlat (360x170) grid, with source mask (8387576)
cdo    remapbil: Bilinear weights from lonlat (4500x3251) to lonlat (360x170) grid, with source mask (8336479)
cdo    remapbil: Bilinear weights from lonlat (4500x3251) to lonlat (360x170) grid, with source mask (8290417)
cdo    remapbil: Bilinear weights from lonlat (4500x3251) to lonlat (360x170) grid, with source mask (8247815)
cdo    remapbil: Bilinear weights from lonlat (4500x3251) to lonlat (360x170) grid, with source mask (8128477)
cdo    remapbil: Bilinear weights from lonlat (4500x3251) to lonlat (360x170) grid, with source mask (7994116)
cdo    remapbil: Bilinear weights from lonlat (4500x3251) to lonlat (360x170) grid, with source mask (7692126)
cdo    remapbil: Bilinear weights from lonlat (4500x3251) to lonlat (360x170) grid, with source mask (7286838)
cdo    remapbil: Bilinear weights from lonlat (4500x3251) to lonlat (360x170) grid, with source mask (6658426)
cdo    remapbil: Bilinear weights from lonlat (4500x3251) to lonlat (360x170) grid, with source mask (4336945)
cdo    remapbil: Bilinear weights from lonlat (4500x3251) to lonlat (360x170) grid, with source mask (1454435)
------------------------------------------------
Interplating /work/home/acrzcyisbk/HYCOM_monthly/uv3z/degree_0083/GLBv0.08_53X_archMN.1998_03_uv3z.nc
cdo    remapbil: Bilinear weights from lonlat (4500x3251) to lonlat (360x170) grid, with source mask (9974940)
cdo    remapbil: Bilinear weights from lonlat (4500x3251) to lonlat (360x170) grid, with source mask (9952885)
cdo    remapbil: Bilinear weights from lonlat (4500x3251) to lonlat (360x170) grid, with source mask (9939291)
cdo    remapbil: Bilinear weights from lonlat (4500x3251) to lonlat (360x170) grid, with source mask (9925415)
cdo    remapbil: Bilinear weights from lonlat (4500x3251) to lonlat (360x170) grid, with source mask (9909528)
cdo    remapbil: Bilinear weights from lonlat (4500x3251) to lonlat (360x170) grid, with source mask (9887620)
cdo    remapbil: Bilinear weights from lonlat (4500x3251) to lonlat (360x170) grid, with source mask (9846685)
cdo    remapbil: Bilinear weights from lonlat (4500x3251) to lonlat (360x170) grid, with source mask (9804573)
cdo    remapbil: Bilinear weights from lonlat (4500x3251) to lonlat (360x170) grid, with source mask (9767299)
cdo    remapbil: Bilinear weights from lonlat (4500x3251) to lonlat (360x170) grid, with source mask (9730643)
cdo    remapbil: Bilinear weights from lonlat (4500x3251) to lonlat (360x170) grid, with source mask (9691209)
cdo    remapbil: Bilinear weights from lonlat (4500x3251) to lonlat (360x170) grid, with source mask (9648582)
cdo    remapbil: Bilinear weights from lonlat (4500x3251) to lonlat (360x170) grid, with source mask (9606865)
cdo    remapbil: Bilinear weights from lonlat (4500x3251) to lonlat (360x170) grid, with source mask (9536477)
cdo    remapbil: Bilinear weights from lonlat (4500x3251) to lonlat (360x170) grid, with source mask (9480678)
cdo    remapbil: Bilinear weights from lonlat (4500x3251) to lonlat (360x170) grid, with source mask (9430184)
cdo    remapbil: Bilinear weights from lonlat (4500x3251) to lonlat (360x170) grid, with source mask (9384784)
cdo    remapbil: Bilinear weights from lonlat (4500x3251) to lonlat (360x170) grid, with source mask (9338856)
cdo    remapbil: Bilinear weights from lonlat (4500x3251) to lonlat (360x170) grid, with source mask (9244901)
cdo    remapbil: Bilinear weights from lonlat (4500x3251) to lonlat (360x170) grid, with source mask (9167129)
cdo    remapbil: Bilinear weights from lonlat (4500x3251) to lonlat (360x170) grid, with source mask (9032413)
cdo    remapbil: Bilinear weights from lonlat (4500x3251) to lonlat (360x170) grid, with source mask (8923756)
cdo    remapbil: Bilinear weights from lonlat (4500x3251) to lonlat (360x170) grid, with source mask (8825169)
cdo    remapbil: Bilinear weights from lonlat (4500x3251) to lonlat (360x170) grid, with source mask (8741043)
cdo    remapbil: Bilinear weights from lonlat (4500x3251) to lonlat (360x170) grid, with source mask (8669422)
cdo    remapbil: Bilinear weights from lonlat (4500x3251) to lonlat (360x170) grid, with source mask (8547872)
cdo    remapbil: Bilinear weights from lonlat (4500x3251) to lonlat (360x170) grid, with source mask (8453750)
cdo    remapbil: Bilinear weights from lonlat (4500x3251) to lonlat (360x170) grid, with source mask (8387576)
cdo    remapbil: Bilinear weights from lonlat (4500x3251) to lonlat (360x170) grid, with source mask (8336479)
cdo    remapbil: Bilinear weights from lonlat (4500x3251) to lonlat (360x170) grid, with source mask (8290417)
cdo    remapbil: Bilinear weights from lonlat (4500x3251) to lonlat (360x170) grid, with source mask (8247815)
cdo    remapbil: Bilinear weights from lonlat (4500x3251) to lonlat (360x170) grid, with source mask (8128477)
cdo    remapbil: Bilinear weights from lonlat (4500x3251) to lonlat (360x170) grid, with source mask (7994116)
cdo    remapbil: Bilinear weights from lonlat (4500x3251) to lonlat (360x170) grid, with source mask (7692126)
cdo    remapbil: Bilinear weights from lonlat (4500x3251) to lonlat (360x170) grid, with source mask (7286838)
cdo    remapbil: Bilinear weights from lonlat (4500x3251) to lonlat (360x170) grid, with source mask (6658426)
cdo    remapbil: Bilinear weights from lonlat (4500x3251) to lonlat (360x170) grid, with source mask (4336945)
cdo    remapbil: Bilinear weights from lonlat (4500x3251) to lonlat (360x170) grid, with source mask (1454435)
------------------------------------------------
Interplating /work/home/acrzcyisbk/HYCOM_monthly/uv3z/degree_0083/GLBv0.08_53X_archMN.2000_01_uv3z.nc
cdo    remapbil: Bilinear weights from lonlat (4500x3251) to lonlat (360x170) grid, with source mask (9974940)
cdo    remapbil: Bilinear weights from lonlat (4500x3251) to lonlat (360x170) grid, with source mask (9952885)
cdo    remapbil: Bilinear weights from lonlat (4500x3251) to lonlat (360x170) grid, with source mask (9939291)
cdo    remapbil: Bilinear weights from lonlat (4500x3251) to lonlat (360x170) grid, with source mask (9925415)
cdo    remapbil: Bilinear weights from lonlat (4500x3251) to lonlat (360x170) grid, with source mask (9909528)
cdo    remapbil: Bilinear weights from lonlat (4500x3251) to lonlat (360x170) grid, with source mask (9887620)
cdo    remapbil: Bilinear weights from lonlat (4500x3251) to lonlat (360x170) grid, with source mask (9846685)
cdo    remapbil: Bilinear weights from lonlat (4500x3251) to lonlat (360x170) grid, with source mask (9804573)
cdo    remapbil: Bilinear weights from lonlat (4500x3251) to lonlat (360x170) grid, with source mask (9767299)
cdo    remapbil: Bilinear weights from lonlat (4500x3251) to lonlat (360x170) grid, with source mask (9730643)
cdo    remapbil: Bilinear weights from lonlat (4500x3251) to lonlat (360x170) grid, with source mask (9691209)
cdo    remapbil: Bilinear weights from lonlat (4500x3251) to lonlat (360x170) grid, with source mask (9648582)
cdo    remapbil: Bilinear weights from lonlat (4500x3251) to lonlat (360x170) grid, with source mask (9606865)
cdo    remapbil: Bilinear weights from lonlat (4500x3251) to lonlat (360x170) grid, with source mask (9536477)
cdo    remapbil: Bilinear weights from lonlat (4500x3251) to lonlat (360x170) grid, with source mask (9480678)
cdo    remapbil: Bilinear weights from lonlat (4500x3251) to lonlat (360x170) grid, with source mask (9430184)
cdo    remapbil: Bilinear weights from lonlat (4500x3251) to lonlat (360x170) grid, with source mask (9384784)
cdo    remapbil: Bilinear weights from lonlat (4500x3251) to lonlat (360x170) grid, with source mask (9338856)
cdo    remapbil: Bilinear weights from lonlat (4500x3251) to lonlat (360x170) grid, with source mask (9244901)
cdo    remapbil: Bilinear weights from lonlat (4500x3251) to lonlat (360x170) grid, with source mask (9167129)
cdo    remapbil: Bilinear weights from lonlat (4500x3251) to lonlat (360x170) grid, with source mask (9032413)
cdo    remapbil: Bilinear weights from lonlat (4500x3251) to lonlat (360x170) grid, with source mask (8923756)
cdo    remapbil: Bilinear weights from lonlat (4500x3251) to lonlat (360x170) grid, with source mask (8825169)
cdo    remapbil: Bilinear weights from lonlat (4500x3251) to lonlat (360x170) grid, with source mask (8741043)
cdo    remapbil: Bilinear weights from lonlat (4500x3251) to lonlat (360x170) grid, with source mask (8669422)
cdo    remapbil: Bilinear weights from lonlat (4500x3251) to lonlat (360x170) grid, with source mask (8547872)
cdo    remapbil: Bilinear weights from lonlat (4500x3251) to lonlat (360x170) grid, with source mask (8453750)
cdo    remapbil: Bilinear weights from lonlat (4500x3251) to lonlat (360x170) grid, with source mask (8387576)
cdo    remapbil: Bilinear weights from lonlat (4500x3251) to lonlat (360x170) grid, with source mask (8336479)
cdo    remapbil: Bilinear weights from lonlat (4500x3251) to lonlat (360x170) grid, with source mask (8290417)
cdo    remapbil: Bilinear weights from lonlat (4500x3251) to lonlat (360x170) grid, with source mask (8247815)
cdo    remapbil: Bilinear weights from lonlat (4500x3251) to lonlat (360x170) grid, with source mask (8128477)
cdo    remapbil: Bilinear weights from lonlat (4500x3251) to lonlat (360x170) grid, with source mask (7994116)
cdo    remapbil: Bilinear weights from lonlat (4500x3251) to lonlat (360x170) grid, with source mask (7692126)
cdo    remapbil: Bilinear weights from lonlat (4500x3251) to lonlat (360x170) grid, with source mask (7286838)
cdo    remapbil: Bilinear weights from lonlat (4500x3251) to lonlat (360x170) grid, with source mask (6658426)
cdo    remapbil: Bilinear weights from lonlat (4500x3251) to lonlat (360x170) grid, with source mask (4336945)
cdo    remapbil: Bilinear weights from lonlat (4500x3251) to lonlat (360x170) grid, with source mask (1454435)
------------------------------------------------
Interplating /work/home/acrzcyisbk/HYCOM_monthly/uv3z/degree_0083/GLBv0.08_53X_archMN.2000_03_uv3z.nc
cdo    remapbil: Bilinear weights from lonlat (4500x3251) to lonlat (360x170) grid, with source mask (9974940)
cdo    remapbil: Bilinear weights from lonlat (4500x3251) to lonlat (360x170) grid, with source mask (9952885)
cdo    remapbil: Bilinear weights from lonlat (4500x3251) to lonlat (360x170) grid, with source mask (9939291)
cdo    remapbil: Bilinear weights from lonlat (4500x3251) to lonlat (360x170) grid, with source mask (9925415)
cdo    remapbil: Bilinear weights from lonlat (4500x3251) to lonlat (360x170) grid, with source mask (9909528)
cdo    remapbil: Bilinear weights from lonlat (4500x3251) to lonlat (360x170) grid, with source mask (9887620)
cdo    remapbil: Bilinear weights from lonlat (4500x3251) to lonlat (360x170) grid, with source mask (9846685)
cdo    remapbil: Bilinear weights from lonlat (4500x3251) to lonlat (360x170) grid, with source mask (9804573)
cdo    remapbil: Bilinear weights from lonlat (4500x3251) to lonlat (360x170) grid, with source mask (9767299)
cdo    remapbil: Bilinear weights from lonlat (4500x3251) to lonlat (360x170) grid, with source mask (9730643)
cdo    remapbil: Bilinear weights from lonlat (4500x3251) to lonlat (360x170) grid, with source mask (9691209)
cdo    remapbil: Bilinear weights from lonlat (4500x3251) to lonlat (360x170) grid, with source mask (9648582)
cdo    remapbil: Bilinear weights from lonlat (4500x3251) to lonlat (360x170) grid, with source mask (9606865)
cdo    remapbil: Bilinear weights from lonlat (4500x3251) to lonlat (360x170) grid, with source mask (9536477)
cdo    remapbil: Bilinear weights from lonlat (4500x3251) to lonlat (360x170) grid, with source mask (9480678)
cdo    remapbil: Bilinear weights from lonlat (4500x3251) to lonlat (360x170) grid, with source mask (9430184)
cdo    remapbil: Bilinear weights from lonlat (4500x3251) to lonlat (360x170) grid, with source mask (9384784)
cdo    remapbil: Bilinear weights from lonlat (4500x3251) to lonlat (360x170) grid, with source mask (9338856)
cdo    remapbil: Bilinear weights from lonlat (4500x3251) to lonlat (360x170) grid, with source mask (9244901)
cdo    remapbil: Bilinear weights from lonlat (4500x3251) to lonlat (360x170) grid, with source mask (9167129)
cdo    remapbil: Bilinear weights from lonlat (4500x3251) to lonlat (360x170) grid, with source mask (9032413)
cdo    remapbil: Bilinear weights from lonlat (4500x3251) to lonlat (360x170) grid, with source mask (8923756)
cdo    remapbil: Bilinear weights from lonlat (4500x3251) to lonlat (360x170) grid, with source mask (8825169)
cdo    remapbil: Bilinear weights from lonlat (4500x3251) to lonlat (360x170) grid, with source mask (8741043)
cdo    remapbil: Bilinear weights from lonlat (4500x3251) to lonlat (360x170) grid, with source mask (8669422)
cdo    remapbil: Bilinear weights from lonlat (4500x3251) to lonlat (360x170) grid, with source mask (8547872)
cdo    remapbil: Bilinear weights from lonlat (4500x3251) to lonlat (360x170) grid, with source mask (8453750)
cdo    remapbil: Bilinear weights from lonlat (4500x3251) to lonlat (360x170) grid, with source mask (8387576)
cdo    remapbil: Bilinear weights from lonlat (4500x3251) to lonlat (360x170) grid, with source mask (8336479)
cdo    remapbil: Bilinear weights from lonlat (4500x3251) to lonlat (360x170) grid, with source mask (8290417)
cdo    remapbil: Bilinear weights from lonlat (4500x3251) to lonlat (360x170) grid, with source mask (8247815)
cdo    remapbil: Bilinear weights from lonlat (4500x3251) to lonlat (360x170) grid, with source mask (8128477)
cdo    remapbil: Bilinear weights from lonlat (4500x3251) to lonlat (360x170) grid, with source mask (7994116)
cdo    remapbil: Bilinear weights from lonlat (4500x3251) to lonlat (360x170) grid, with source mask (7692126)
cdo    remapbil: Bilinear weights from lonlat (4500x3251) to lonlat (360x170) grid, with source mask (7286838)
cdo    remapbil: Bilinear weights from lonlat (4500x3251) to lonlat (360x170) grid, with source mask (6658426)
cdo    remapbil: Bilinear weights from lonlat (4500x3251) to lonlat (360x170) grid, with source mask (4336945)
cdo    remapbil: Bilinear weights from lonlat (4500x3251) to lonlat (360x170) grid, with source mask (1454435)
------------------------------------------------
Interplating /work/home/acrzcyisbk/HYCOM_monthly/uv3z/degree_0083/GLBv0.08_53X_archMN.2001_01_2001_12_uv3z.nc
cdo    remapbil: Bilinear weights from lonlat (4500x3251) to lonlat (360x170) grid, with source mask (9974940)
cdo    remapbil: Bilinear weights from lonlat (4500x3251) to lonlat (360x170) grid, with source mask (9952885)
cdo    remapbil: Bilinear weights from lonlat (4500x3251) to lonlat (360x170) grid, with source mask (9939291)
cdo    remapbil: Bilinear weights from lonlat (4500x3251) to lonlat (360x170) grid, with source mask (9925415)
cdo    remapbil: Bilinear weights from lonlat (4500x3251) to lonlat (360x170) grid, with source mask (9909528)
cdo    remapbil: Bilinear weights from lonlat (4500x3251) to lonlat (360x170) grid, with source mask (9887620)
cdo    remapbil: Bilinear weights from lonlat (4500x3251) to lonlat (360x170) grid, with source mask (9846685)
cdo    remapbil: Bilinear weights from lonlat (4500x3251) to lonlat (360x170) grid, with source mask (9804573)
cdo    remapbil: Bilinear weights from lonlat (4500x3251) to lonlat (360x170) grid, with source mask (9767299)
cdo    remapbil: Bilinear weights from lonlat (4500x3251) to lonlat (360x170) grid, with source mask (9730643)
cdo    remapbil: Bilinear weights from lonlat (4500x3251) to lonlat (360x170) grid, with source mask (9691209)
cdo    remapbil: Bilinear weights from lonlat (4500x3251) to lonlat (360x170) grid, with source mask (9648582)
cdo    remapbil: Bilinear weights from lonlat (4500x3251) to lonlat (360x170) grid, with source mask (9606865)
cdo    remapbil: Bilinear weights from lonlat (4500x3251) to lonlat (360x170) grid, with source mask (9536477)
cdo    remapbil: Bilinear weights from lonlat (4500x3251) to lonlat (360x170) grid, with source mask (9480678)
cdo    remapbil: Bilinear weights from lonlat (4500x3251) to lonlat (360x170) grid, with source mask (9430184)
cdo    remapbil: Bilinear weights from lonlat (4500x3251) to lonlat (360x170) grid, with source mask (9384784)
cdo    remapbil: Bilinear weights from lonlat (4500x3251) to lonlat (360x170) grid, with source mask (9338856)
cdo    remapbil: Bilinear weights from lonlat (4500x3251) to lonlat (360x170) grid, with source mask (9244901)
cdo    remapbil: Bilinear weights from lonlat (4500x3251) to lonlat (360x170) grid, with source mask (9167129)
cdo    remapbil: Bilinear weights from lonlat (4500x3251) to lonlat (360x170) grid, with source mask (9032413)
cdo    remapbil: Bilinear weights from lonlat (4500x3251) to lonlat (360x170) grid, with source mask (8923756)
cdo    remapbil: Bilinear weights from lonlat (4500x3251) to lonlat (360x170) grid, with source mask (8825169)
cdo    remapbil: Bilinear weights from lonlat (4500x3251) to lonlat (360x170) grid, with source mask (8741043)
cdo    remapbil: Bilinear weights from lonlat (4500x3251) to lonlat (360x170) grid, with source mask (8669422)
cdo    remapbil: Bilinear weights from lonlat (4500x3251) to lonlat (360x170) grid, with source mask (8547872)
cdo    remapbil: Bilinear weights from lonlat (4500x3251) to lonlat (360x170) grid, with source mask (8453750)
cdo    remapbil: Bilinear weights from lonlat (4500x3251) to lonlat (360x170) grid, with source mask (8387576)
cdo    remapbil: Bilinear weights from lonlat (4500x3251) to lonlat (360x170) grid, with source mask (8336479)
cdo    remapbil: Bilinear weights from lonlat (4500x3251) to lonlat (360x170) grid, with source mask (8290417)
cdo    remapbil: Bilinear weights from lonlat (4500x3251) to lonlat (360x170) grid, with source mask (8247815)
cdo    remapbil: Bilinear weights from lonlat (4500x3251) to lonlat (360x170) grid, with source mask (8128477)
cdo    remapbil: Bilinear weights from lonlat (4500x3251) to lonlat (360x170) grid, with source mask (7994116)
cdo    remapbil: Bilinear weights from lonlat (4500x3251) to lonlat (360x170) grid, with source mask (7692126)
cdo    remapbil: Bilinear weights from lonlat (4500x3251) to lonlat (360x170) grid, with source mask (7286838)
cdo    remapbil: Bilinear weights from lonlat (4500x3251) to lonlat (360x170) grid, with source mask (6658426)
cdo    remapbil: Bilinear weights from lonlat (4500x3251) to lonlat (360x170) grid, with source mask (4336945)
cdo    remapbil: Bilinear weights from lonlat (4500x3251) to lonlat (360x170) grid, with source mask (1454435)
------------------------------------------------
Interplating /work/home/acrzcyisbk/HYCOM_monthly/uv3z/degree_0083/GLBv0.08_53X_archMN.2003_01_2003_12_uv3z.nc
cdo    remapbil: Bilinear weights from lonlat (4500x3251) to lonlat (360x170) grid, with source mask (9974940)
cdo    remapbil: Bilinear weights from lonlat (4500x3251) to lonlat (360x170) grid, with source mask (9952885)
cdo    remapbil: Bilinear weights from lonlat (4500x3251) to lonlat (360x170) grid, with source mask (9939291)
cdo    remapbil: Bilinear weights from lonlat (4500x3251) to lonlat (360x170) grid, with source mask (9925415)
cdo    remapbil: Bilinear weights from lonlat (4500x3251) to lonlat (360x170) grid, with source mask (9909528)
cdo    remapbil: Bilinear weights from lonlat (4500x3251) to lonlat (360x170) grid, with source mask (9887620)
cdo    remapbil: Bilinear weights from lonlat (4500x3251) to lonlat (360x170) grid, with source mask (9846685)
cdo    remapbil: Bilinear weights from lonlat (4500x3251) to lonlat (360x170) grid, with source mask (9804573)
cdo    remapbil: Bilinear weights from lonlat (4500x3251) to lonlat (360x170) grid, with source mask (9767299)
cdo    remapbil: Bilinear weights from lonlat (4500x3251) to lonlat (360x170) grid, with source mask (9730643)
cdo    remapbil: Bilinear weights from lonlat (4500x3251) to lonlat (360x170) grid, with source mask (9691209)
cdo    remapbil: Bilinear weights from lonlat (4500x3251) to lonlat (360x170) grid, with source mask (9648582)
cdo    remapbil: Bilinear weights from lonlat (4500x3251) to lonlat (360x170) grid, with source mask (9606865)
cdo    remapbil: Bilinear weights from lonlat (4500x3251) to lonlat (360x170) grid, with source mask (9536477)
cdo    remapbil: Bilinear weights from lonlat (4500x3251) to lonlat (360x170) grid, with source mask (9480678)
cdo    remapbil: Bilinear weights from lonlat (4500x3251) to lonlat (360x170) grid, with source mask (9430184)
cdo    remapbil: Bilinear weights from lonlat (4500x3251) to lonlat (360x170) grid, with source mask (9384784)
cdo    remapbil: Bilinear weights from lonlat (4500x3251) to lonlat (360x170) grid, with source mask (9338856)
cdo    remapbil: Bilinear weights from lonlat (4500x3251) to lonlat (360x170) grid, with source mask (9244901)
cdo    remapbil: Bilinear weights from lonlat (4500x3251) to lonlat (360x170) grid, with source mask (9167129)
cdo    remapbil: Bilinear weights from lonlat (4500x3251) to lonlat (360x170) grid, with source mask (9032413)
cdo    remapbil: Bilinear weights from lonlat (4500x3251) to lonlat (360x170) grid, with source mask (8923756)
cdo    remapbil: Bilinear weights from lonlat (4500x3251) to lonlat (360x170) grid, with source mask (8825169)
cdo    remapbil: Bilinear weights from lonlat (4500x3251) to lonlat (360x170) grid, with source mask (8741043)
cdo    remapbil: Bilinear weights from lonlat (4500x3251) to lonlat (360x170) grid, with source mask (8669422)
cdo    remapbil: Bilinear weights from lonlat (4500x3251) to lonlat (360x170) grid, with source mask (8547872)
cdo    remapbil: Bilinear weights from lonlat (4500x3251) to lonlat (360x170) grid, with source mask (8453750)
cdo    remapbil: Bilinear weights from lonlat (4500x3251) to lonlat (360x170) grid, with source mask (8387576)
cdo    remapbil: Bilinear weights from lonlat (4500x3251) to lonlat (360x170) grid, with source mask (8336479)
cdo    remapbil: Bilinear weights from lonlat (4500x3251) to lonlat (360x170) grid, with source mask (8290417)
cdo    remapbil: Bilinear weights from lonlat (4500x3251) to lonlat (360x170) grid, with source mask (8247815)
cdo    remapbil: Bilinear weights from lonlat (4500x3251) to lonlat (360x170) grid, with source mask (8128477)
cdo    remapbil: Bilinear weights from lonlat (4500x3251) to lonlat (360x170) grid, with source mask (7994116)
cdo    remapbil: Bilinear weights from lonlat (4500x3251) to lonlat (360x170) grid, with source mask (7692126)
cdo    remapbil: Bilinear weights from lonlat (4500x3251) to lonlat (360x170) grid, with source mask (7286838)
cdo    remapbil: Bilinear weights from lonlat (4500x3251) to lonlat (360x170) grid, with source mask (6658426)
cdo    remapbil: Bilinear weights from lonlat (4500x3251) to lonlat (360x170) grid, with source mask (4336945)
cdo    remapbil: Bilinear weights from lonlat (4500x3251) to lonlat (360x170) grid, with source mask (1454435)
------------------------------------------------
Interplating /work/home/acrzcyisbk/HYCOM_monthly/uv3z/degree_0083/GLBv0.08_53X_archMN.2004_01_uv3z.nc
cdo    remapbil: Bilinear weights from lonlat (4500x3251) to lonlat (360x170) grid, with source mask (9974940)
cdo    remapbil: Bilinear weights from lonlat (4500x3251) to lonlat (360x170) grid, with source mask (9952885)
cdo    remapbil: Bilinear weights from lonlat (4500x3251) to lonlat (360x170) grid, with source mask (9939291)
cdo    remapbil: Bilinear weights from lonlat (4500x3251) to lonlat (360x170) grid, with source mask (9925415)
cdo    remapbil: Bilinear weights from lonlat (4500x3251) to lonlat (360x170) grid, with source mask (9909528)
cdo    remapbil: Bilinear weights from lonlat (4500x3251) to lonlat (360x170) grid, with source mask (9887620)
cdo    remapbil: Bilinear weights from lonlat (4500x3251) to lonlat (360x170) grid, with source mask (9846685)
cdo    remapbil: Bilinear weights from lonlat (4500x3251) to lonlat (360x170) grid, with source mask (9804573)
cdo    remapbil: Bilinear weights from lonlat (4500x3251) to lonlat (360x170) grid, with source mask (9767299)
cdo    remapbil: Bilinear weights from lonlat (4500x3251) to lonlat (360x170) grid, with source mask (9730643)
cdo    remapbil: Bilinear weights from lonlat (4500x3251) to lonlat (360x170) grid, with source mask (9691209)
cdo    remapbil: Bilinear weights from lonlat (4500x3251) to lonlat (360x170) grid, with source mask (9648582)
cdo    remapbil: Bilinear weights from lonlat (4500x3251) to lonlat (360x170) grid, with source mask (9606865)
cdo    remapbil: Bilinear weights from lonlat (4500x3251) to lonlat (360x170) grid, with source mask (9536477)
cdo    remapbil: Bilinear weights from lonlat (4500x3251) to lonlat (360x170) grid, with source mask (9480678)
cdo    remapbil: Bilinear weights from lonlat (4500x3251) to lonlat (360x170) grid, with source mask (9430184)
cdo    remapbil: Bilinear weights from lonlat (4500x3251) to lonlat (360x170) grid, with source mask (9384784)
cdo    remapbil: Bilinear weights from lonlat (4500x3251) to lonlat (360x170) grid, with source mask (9338856)
cdo    remapbil: Bilinear weights from lonlat (4500x3251) to lonlat (360x170) grid, with source mask (9244901)
cdo    remapbil: Bilinear weights from lonlat (4500x3251) to lonlat (360x170) grid, with source mask (9167129)
cdo    remapbil: Bilinear weights from lonlat (4500x3251) to lonlat (360x170) grid, with source mask (9032413)
cdo    remapbil: Bilinear weights from lonlat (4500x3251) to lonlat (360x170) grid, with source mask (8923756)
cdo    remapbil: Bilinear weights from lonlat (4500x3251) to lonlat (360x170) grid, with source mask (8825169)
cdo    remapbil: Bilinear weights from lonlat (4500x3251) to lonlat (360x170) grid, with source mask (8741043)
cdo    remapbil: Bilinear weights from lonlat (4500x3251) to lonlat (360x170) grid, with source mask (8669422)
cdo    remapbil: Bilinear weights from lonlat (4500x3251) to lonlat (360x170) grid, with source mask (8547872)
cdo    remapbil: Bilinear weights from lonlat (4500x3251) to lonlat (360x170) grid, with source mask (8453750)
cdo    remapbil: Bilinear weights from lonlat (4500x3251) to lonlat (360x170) grid, with source mask (8387576)
cdo    remapbil: Bilinear weights from lonlat (4500x3251) to lonlat (360x170) grid, with source mask (8336479)
cdo    remapbil: Bilinear weights from lonlat (4500x3251) to lonlat (360x170) grid, with source mask (8290417)
cdo    remapbil: Bilinear weights from lonlat (4500x3251) to lonlat (360x170) grid, with source mask (8247815)
cdo    remapbil: Bilinear weights from lonlat (4500x3251) to lonlat (360x170) grid, with source mask (8128477)
cdo    remapbil: Bilinear weights from lonlat (4500x3251) to lonlat (360x170) grid, with source mask (7994116)
cdo    remapbil: Bilinear weights from lonlat (4500x3251) to lonlat (360x170) grid, with source mask (7692126)
cdo    remapbil: Bilinear weights from lonlat (4500x3251) to lonlat (360x170) grid, with source mask (7286838)
cdo    remapbil: Bilinear weights from lonlat (4500x3251) to lonlat (360x170) grid, with source mask (6658426)
cdo    remapbil: Bilinear weights from lonlat (4500x3251) to lonlat (360x170) grid, with source mask (4336945)
cdo    remapbil: Bilinear weights from lonlat (4500x3251) to lonlat (360x170) grid, with source mask (1454435)
------------------------------------------------
Interplating /work/home/acrzcyisbk/HYCOM_monthly/uv3z/degree_0083/GLBv0.08_53X_archMN.2004_03_uv3z.nc
cdo    remapbil: Bilinear weights from lonlat (4500x3251) to lonlat (360x170) grid, with source mask (9974940)
cdo    remapbil: Bilinear weights from lonlat (4500x3251) to lonlat (360x170) grid, with source mask (9952885)
cdo    remapbil: Bilinear weights from lonlat (4500x3251) to lonlat (360x170) grid, with source mask (9939291)
cdo    remapbil: Bilinear weights from lonlat (4500x3251) to lonlat (360x170) grid, with source mask (9925415)
cdo    remapbil: Bilinear weights from lonlat (4500x3251) to lonlat (360x170) grid, with source mask (9909528)
cdo    remapbil: Bilinear weights from lonlat (4500x3251) to lonlat (360x170) grid, with source mask (9887620)
cdo    remapbil: Bilinear weights from lonlat (4500x3251) to lonlat (360x170) grid, with source mask (9846685)
cdo    remapbil: Bilinear weights from lonlat (4500x3251) to lonlat (360x170) grid, with source mask (9804573)
cdo    remapbil: Bilinear weights from lonlat (4500x3251) to lonlat (360x170) grid, with source mask (9767299)
cdo    remapbil: Bilinear weights from lonlat (4500x3251) to lonlat (360x170) grid, with source mask (9730643)
cdo    remapbil: Bilinear weights from lonlat (4500x3251) to lonlat (360x170) grid, with source mask (9691209)
cdo    remapbil: Bilinear weights from lonlat (4500x3251) to lonlat (360x170) grid, with source mask (9648582)
cdo    remapbil: Bilinear weights from lonlat (4500x3251) to lonlat (360x170) grid, with source mask (9606865)
cdo    remapbil: Bilinear weights from lonlat (4500x3251) to lonlat (360x170) grid, with source mask (9536477)
cdo    remapbil: Bilinear weights from lonlat (4500x3251) to lonlat (360x170) grid, with source mask (9480678)
cdo    remapbil: Bilinear weights from lonlat (4500x3251) to lonlat (360x170) grid, with source mask (9430184)
cdo    remapbil: Bilinear weights from lonlat (4500x3251) to lonlat (360x170) grid, with source mask (9384784)
cdo    remapbil: Bilinear weights from lonlat (4500x3251) to lonlat (360x170) grid, with source mask (9338856)
cdo    remapbil: Bilinear weights from lonlat (4500x3251) to lonlat (360x170) grid, with source mask (9244901)
cdo    remapbil: Bilinear weights from lonlat (4500x3251) to lonlat (360x170) grid, with source mask (9167129)
cdo    remapbil: Bilinear weights from lonlat (4500x3251) to lonlat (360x170) grid, with source mask (9032413)
cdo    remapbil: Bilinear weights from lonlat (4500x3251) to lonlat (360x170) grid, with source mask (8923756)
cdo    remapbil: Bilinear weights from lonlat (4500x3251) to lonlat (360x170) grid, with source mask (8825169)
cdo    remapbil: Bilinear weights from lonlat (4500x3251) to lonlat (360x170) grid, with source mask (8741043)
cdo    remapbil: Bilinear weights from lonlat (4500x3251) to lonlat (360x170) grid, with source mask (8669422)
cdo    remapbil: Bilinear weights from lonlat (4500x3251) to lonlat (360x170) grid, with source mask (8547872)
cdo    remapbil: Bilinear weights from lonlat (4500x3251) to lonlat (360x170) grid, with source mask (8453750)
cdo    remapbil: Bilinear weights from lonlat (4500x3251) to lonlat (360x170) grid, with source mask (8387576)
cdo    remapbil: Bilinear weights from lonlat (4500x3251) to lonlat (360x170) grid, with source mask (8336479)
cdo    remapbil: Bilinear weights from lonlat (4500x3251) to lonlat (360x170) grid, with source mask (8290417)
cdo    remapbil: Bilinear weights from lonlat (4500x3251) to lonlat (360x170) grid, with source mask (8247815)
cdo    remapbil: Bilinear weights from lonlat (4500x3251) to lonlat (360x170) grid, with source mask (8128477)
cdo    remapbil: Bilinear weights from lonlat (4500x3251) to lonlat (360x170) grid, with source mask (7994116)
cdo    remapbil: Bilinear weights from lonlat (4500x3251) to lonlat (360x170) grid, with source mask (7692126)
cdo    remapbil: Bilinear weights from lonlat (4500x3251) to lonlat (360x170) grid, with source mask (7286838)
cdo    remapbil: Bilinear weights from lonlat (4500x3251) to lonlat (360x170) grid, with source mask (6658426)
cdo    remapbil: Bilinear weights from lonlat (4500x3251) to lonlat (360x170) grid, with source mask (4336945)
cdo    remapbil: Bilinear weights from lonlat (4500x3251) to lonlat (360x170) grid, with source mask (1454435)
------------------------------------------------
Interplating /work/home/acrzcyisbk/HYCOM_monthly/uv3z/degree_0083/GLBv0.08_53X_archMN.2006_12_uv3z.nc
cdo    remapbil: Bilinear weights from lonlat (4500x3251) to lonlat (360x170) grid, with source mask (9974940)
cdo    remapbil: Bilinear weights from lonlat (4500x3251) to lonlat (360x170) grid, with source mask (9952885)
cdo    remapbil: Bilinear weights from lonlat (4500x3251) to lonlat (360x170) grid, with source mask (9939291)
cdo    remapbil: Bilinear weights from lonlat (4500x3251) to lonlat (360x170) grid, with source mask (9925415)
cdo    remapbil: Bilinear weights from lonlat (4500x3251) to lonlat (360x170) grid, with source mask (9909528)
cdo    remapbil: Bilinear weights from lonlat (4500x3251) to lonlat (360x170) grid, with source mask (9887620)
cdo    remapbil: Bilinear weights from lonlat (4500x3251) to lonlat (360x170) grid, with source mask (9846685)
cdo    remapbil: Bilinear weights from lonlat (4500x3251) to lonlat (360x170) grid, with source mask (9804573)
cdo    remapbil: Bilinear weights from lonlat (4500x3251) to lonlat (360x170) grid, with source mask (9767299)
cdo    remapbil: Bilinear weights from lonlat (4500x3251) to lonlat (360x170) grid, with source mask (9730643)
cdo    remapbil: Bilinear weights from lonlat (4500x3251) to lonlat (360x170) grid, with source mask (9691209)
cdo    remapbil: Bilinear weights from lonlat (4500x3251) to lonlat (360x170) grid, with source mask (9648582)
cdo    remapbil: Bilinear weights from lonlat (4500x3251) to lonlat (360x170) grid, with source mask (9606865)
cdo    remapbil: Bilinear weights from lonlat (4500x3251) to lonlat (360x170) grid, with source mask (9536477)
cdo    remapbil: Bilinear weights from lonlat (4500x3251) to lonlat (360x170) grid, with source mask (9480678)
cdo    remapbil: Bilinear weights from lonlat (4500x3251) to lonlat (360x170) grid, with source mask (9430184)
cdo    remapbil: Bilinear weights from lonlat (4500x3251) to lonlat (360x170) grid, with source mask (9384784)
cdo    remapbil: Bilinear weights from lonlat (4500x3251) to lonlat (360x170) grid, with source mask (9338856)
cdo    remapbil: Bilinear weights from lonlat (4500x3251) to lonlat (360x170) grid, with source mask (9244901)
cdo    remapbil: Bilinear weights from lonlat (4500x3251) to lonlat (360x170) grid, with source mask (9167129)
cdo    remapbil: Bilinear weights from lonlat (4500x3251) to lonlat (360x170) grid, with source mask (9032413)
cdo    remapbil: Bilinear weights from lonlat (4500x3251) to lonlat (360x170) grid, with source mask (8923756)
cdo    remapbil: Bilinear weights from lonlat (4500x3251) to lonlat (360x170) grid, with source mask (8825169)
cdo    remapbil: Bilinear weights from lonlat (4500x3251) to lonlat (360x170) grid, with source mask (8741043)
cdo    remapbil: Bilinear weights from lonlat (4500x3251) to lonlat (360x170) grid, with source mask (8669422)
cdo    remapbil: Bilinear weights from lonlat (4500x3251) to lonlat (360x170) grid, with source mask (8547872)
cdo    remapbil: Bilinear weights from lonlat (4500x3251) to lonlat (360x170) grid, with source mask (8453750)
cdo    remapbil: Bilinear weights from lonlat (4500x3251) to lonlat (360x170) grid, with source mask (8387576)
cdo    remapbil: Bilinear weights from lonlat (4500x3251) to lonlat (360x170) grid, with source mask (8336479)
cdo    remapbil: Bilinear weights from lonlat (4500x3251) to lonlat (360x170) grid, with source mask (8290417)
cdo    remapbil: Bilinear weights from lonlat (4500x3251) to lonlat (360x170) grid, with source mask (8247815)
cdo    remapbil: Bilinear weights from lonlat (4500x3251) to lonlat (360x170) grid, with source mask (8128477)
cdo    remapbil: Bilinear weights from lonlat (4500x3251) to lonlat (360x170) grid, with source mask (7994116)
cdo    remapbil: Bilinear weights from lonlat (4500x3251) to lonlat (360x170) grid, with source mask (7692126)
cdo    remapbil: Bilinear weights from lonlat (4500x3251) to lonlat (360x170) grid, with source mask (7286838)
cdo    remapbil: Bilinear weights from lonlat (4500x3251) to lonlat (360x170) grid, with source mask (6658426)
cdo    remapbil: Bilinear weights from lonlat (4500x3251) to lonlat (360x170) grid, with source mask (4336945)
cdo    remapbil: Bilinear weights from lonlat (4500x3251) to lonlat (360x170) grid, with source mask (1454435)
------------------------------------------------
Interplating /work/home/acrzcyisbk/HYCOM_monthly/uv3z/degree_0083/GLBv0.08_53X_archMN.2007_05_uv3z.nc
cdo    remapbil: Bilinear weights from lonlat (4500x3251) to lonlat (360x170) grid, with source mask (9974940)
cdo    remapbil: Bilinear weights from lonlat (4500x3251) to lonlat (360x170) grid, with source mask (9952885)
cdo    remapbil: Bilinear weights from lonlat (4500x3251) to lonlat (360x170) grid, with source mask (9939291)
cdo    remapbil: Bilinear weights from lonlat (4500x3251) to lonlat (360x170) grid, with source mask (9925415)
cdo    remapbil: Bilinear weights from lonlat (4500x3251) to lonlat (360x170) grid, with source mask (9909528)
cdo    remapbil: Bilinear weights from lonlat (4500x3251) to lonlat (360x170) grid, with source mask (9887620)
cdo    remapbil: Bilinear weights from lonlat (4500x3251) to lonlat (360x170) grid, with source mask (9846685)
cdo    remapbil: Bilinear weights from lonlat (4500x3251) to lonlat (360x170) grid, with source mask (9804573)
cdo    remapbil: Bilinear weights from lonlat (4500x3251) to lonlat (360x170) grid, with source mask (9767299)
cdo    remapbil: Bilinear weights from lonlat (4500x3251) to lonlat (360x170) grid, with source mask (9730643)
cdo    remapbil: Bilinear weights from lonlat (4500x3251) to lonlat (360x170) grid, with source mask (9691209)
cdo    remapbil: Bilinear weights from lonlat (4500x3251) to lonlat (360x170) grid, with source mask (9648582)
cdo    remapbil: Bilinear weights from lonlat (4500x3251) to lonlat (360x170) grid, with source mask (9606865)
cdo    remapbil: Bilinear weights from lonlat (4500x3251) to lonlat (360x170) grid, with source mask (9536477)
cdo    remapbil: Bilinear weights from lonlat (4500x3251) to lonlat (360x170) grid, with source mask (9480678)
cdo    remapbil: Bilinear weights from lonlat (4500x3251) to lonlat (360x170) grid, with source mask (9430184)
cdo    remapbil: Bilinear weights from lonlat (4500x3251) to lonlat (360x170) grid, with source mask (9384784)
cdo    remapbil: Bilinear weights from lonlat (4500x3251) to lonlat (360x170) grid, with source mask (9338856)
cdo    remapbil: Bilinear weights from lonlat (4500x3251) to lonlat (360x170) grid, with source mask (9244901)
cdo    remapbil: Bilinear weights from lonlat (4500x3251) to lonlat (360x170) grid, with source mask (9167129)
cdo    remapbil: Bilinear weights from lonlat (4500x3251) to lonlat (360x170) grid, with source mask (9032413)
cdo    remapbil: Bilinear weights from lonlat (4500x3251) to lonlat (360x170) grid, with source mask (8923756)
cdo    remapbil: Bilinear weights from lonlat (4500x3251) to lonlat (360x170) grid, with source mask (8825169)
cdo    remapbil: Bilinear weights from lonlat (4500x3251) to lonlat (360x170) grid, with source mask (8741043)
cdo    remapbil: Bilinear weights from lonlat (4500x3251) to lonlat (360x170) grid, with source mask (8669422)
cdo    remapbil: Bilinear weights from lonlat (4500x3251) to lonlat (360x170) grid, with source mask (8547872)
cdo    remapbil: Bilinear weights from lonlat (4500x3251) to lonlat (360x170) grid, with source mask (8453750)
cdo    remapbil: Bilinear weights from lonlat (4500x3251) to lonlat (360x170) grid, with source mask (8387576)
cdo    remapbil: Bilinear weights from lonlat (4500x3251) to lonlat (360x170) grid, with source mask (8336479)
cdo    remapbil: Bilinear weights from lonlat (4500x3251) to lonlat (360x170) grid, with source mask (8290417)
cdo    remapbil: Bilinear weights from lonlat (4500x3251) to lonlat (360x170) grid, with source mask (8247815)
cdo    remapbil: Bilinear weights from lonlat (4500x3251) to lonlat (360x170) grid, with source mask (8128477)
cdo    remapbil: Bilinear weights from lonlat (4500x3251) to lonlat (360x170) grid, with source mask (7994116)
cdo    remapbil: Bilinear weights from lonlat (4500x3251) to lonlat (360x170) grid, with source mask (7692126)
cdo    remapbil: Bilinear weights from lonlat (4500x3251) to lonlat (360x170) grid, with source mask (7286838)
cdo    remapbil: Bilinear weights from lonlat (4500x3251) to lonlat (360x170) grid, with source mask (6658426)
cdo    remapbil: Bilinear weights from lonlat (4500x3251) to lonlat (360x170) grid, with source mask (4336945)
cdo    remapbil: Bilinear weights from lonlat (4500x3251) to lonlat (360x170) grid, with source mask (1454435)
------------------------------------------------
Interplating /work/home/acrzcyisbk/HYCOM_monthly/uv3z/degree_0083/GLBv0.08_53X_archMN.2007_07_uv3z.nc
cdo    remapbil: Bilinear weights from lonlat (4500x3251) to lonlat (360x170) grid, with source mask (9974940)
cdo    remapbil: Bilinear weights from lonlat (4500x3251) to lonlat (360x170) grid, with source mask (9952885)
cdo    remapbil: Bilinear weights from lonlat (4500x3251) to lonlat (360x170) grid, with source mask (9939291)
cdo    remapbil: Bilinear weights from lonlat (4500x3251) to lonlat (360x170) grid, with source mask (9925415)
cdo    remapbil: Bilinear weights from lonlat (4500x3251) to lonlat (360x170) grid, with source mask (9909528)
cdo    remapbil: Bilinear weights from lonlat (4500x3251) to lonlat (360x170) grid, with source mask (9887620)
cdo    remapbil: Bilinear weights from lonlat (4500x3251) to lonlat (360x170) grid, with source mask (9846685)
cdo    remapbil: Bilinear weights from lonlat (4500x3251) to lonlat (360x170) grid, with source mask (9804573)
cdo    remapbil: Bilinear weights from lonlat (4500x3251) to lonlat (360x170) grid, with source mask (9767299)
cdo    remapbil: Bilinear weights from lonlat (4500x3251) to lonlat (360x170) grid, with source mask (9730643)
cdo    remapbil: Bilinear weights from lonlat (4500x3251) to lonlat (360x170) grid, with source mask (9691209)
cdo    remapbil: Bilinear weights from lonlat (4500x3251) to lonlat (360x170) grid, with source mask (9648582)
cdo    remapbil: Bilinear weights from lonlat (4500x3251) to lonlat (360x170) grid, with source mask (9606865)
cdo    remapbil: Bilinear weights from lonlat (4500x3251) to lonlat (360x170) grid, with source mask (9536477)
cdo    remapbil: Bilinear weights from lonlat (4500x3251) to lonlat (360x170) grid, with source mask (9480678)
cdo    remapbil: Bilinear weights from lonlat (4500x3251) to lonlat (360x170) grid, with source mask (9430184)
cdo    remapbil: Bilinear weights from lonlat (4500x3251) to lonlat (360x170) grid, with source mask (9384784)
cdo    remapbil: Bilinear weights from lonlat (4500x3251) to lonlat (360x170) grid, with source mask (9338856)
cdo    remapbil: Bilinear weights from lonlat (4500x3251) to lonlat (360x170) grid, with source mask (9244901)
cdo    remapbil: Bilinear weights from lonlat (4500x3251) to lonlat (360x170) grid, with source mask (9167129)
cdo    remapbil: Bilinear weights from lonlat (4500x3251) to lonlat (360x170) grid, with source mask (9032413)
cdo    remapbil: Bilinear weights from lonlat (4500x3251) to lonlat (360x170) grid, with source mask (8923756)
cdo    remapbil: Bilinear weights from lonlat (4500x3251) to lonlat (360x170) grid, with source mask (8825169)
cdo    remapbil: Bilinear weights from lonlat (4500x3251) to lonlat (360x170) grid, with source mask (8741043)
cdo    remapbil: Bilinear weights from lonlat (4500x3251) to lonlat (360x170) grid, with source mask (8669422)
cdo    remapbil: Bilinear weights from lonlat (4500x3251) to lonlat (360x170) grid, with source mask (8547872)
cdo    remapbil: Bilinear weights from lonlat (4500x3251) to lonlat (360x170) grid, with source mask (8453750)
cdo    remapbil: Bilinear weights from lonlat (4500x3251) to lonlat (360x170) grid, with source mask (8387576)
cdo    remapbil: Bilinear weights from lonlat (4500x3251) to lonlat (360x170) grid, with source mask (8336479)
cdo    remapbil: Bilinear weights from lonlat (4500x3251) to lonlat (360x170) grid, with source mask (8290417)
cdo    remapbil: Bilinear weights from lonlat (4500x3251) to lonlat (360x170) grid, with source mask (8247815)
cdo    remapbil: Bilinear weights from lonlat (4500x3251) to lonlat (360x170) grid, with source mask (8128477)
cdo    remapbil: Bilinear weights from lonlat (4500x3251) to lonlat (360x170) grid, with source mask (7994116)
cdo    remapbil: Bilinear weights from lonlat (4500x3251) to lonlat (360x170) grid, with source mask (7692126)
cdo    remapbil: Bilinear weights from lonlat (4500x3251) to lonlat (360x170) grid, with source mask (7286838)
cdo    remapbil: Bilinear weights from lonlat (4500x3251) to lonlat (360x170) grid, with source mask (6658426)
cdo    remapbil: Bilinear weights from lonlat (4500x3251) to lonlat (360x170) grid, with source mask (4336945)
cdo    remapbil: Bilinear weights from lonlat (4500x3251) to lonlat (360x170) grid, with source mask (1454435)
------------------------------------------------
Interplating /work/home/acrzcyisbk/HYCOM_monthly/uv3z/degree_0083/GLBv0.08_53X_archMN.2008_01_uv3z.nc
cdo    remapbil: Bilinear weights from lonlat (4500x3251) to lonlat (360x170) grid, with source mask (9974940)
cdo    remapbil: Bilinear weights from lonlat (4500x3251) to lonlat (360x170) grid, with source mask (9952885)
cdo    remapbil: Bilinear weights from lonlat (4500x3251) to lonlat (360x170) grid, with source mask (9939291)
cdo    remapbil: Bilinear weights from lonlat (4500x3251) to lonlat (360x170) grid, with source mask (9925415)
cdo    remapbil: Bilinear weights from lonlat (4500x3251) to lonlat (360x170) grid, with source mask (9909528)
cdo    remapbil: Bilinear weights from lonlat (4500x3251) to lonlat (360x170) grid, with source mask (9887620)
cdo    remapbil: Bilinear weights from lonlat (4500x3251) to lonlat (360x170) grid, with source mask (9846685)
cdo    remapbil: Bilinear weights from lonlat (4500x3251) to lonlat (360x170) grid, with source mask (9804573)
cdo    remapbil: Bilinear weights from lonlat (4500x3251) to lonlat (360x170) grid, with source mask (9767299)
cdo    remapbil: Bilinear weights from lonlat (4500x3251) to lonlat (360x170) grid, with source mask (9730643)
cdo    remapbil: Bilinear weights from lonlat (4500x3251) to lonlat (360x170) grid, with source mask (9691209)
cdo    remapbil: Bilinear weights from lonlat (4500x3251) to lonlat (360x170) grid, with source mask (9648582)
cdo    remapbil: Bilinear weights from lonlat (4500x3251) to lonlat (360x170) grid, with source mask (9606865)
cdo    remapbil: Bilinear weights from lonlat (4500x3251) to lonlat (360x170) grid, with source mask (9536477)
cdo    remapbil: Bilinear weights from lonlat (4500x3251) to lonlat (360x170) grid, with source mask (9480678)
cdo    remapbil: Bilinear weights from lonlat (4500x3251) to lonlat (360x170) grid, with source mask (9430184)
cdo    remapbil: Bilinear weights from lonlat (4500x3251) to lonlat (360x170) grid, with source mask (9384784)
cdo    remapbil: Bilinear weights from lonlat (4500x3251) to lonlat (360x170) grid, with source mask (9338856)
cdo    remapbil: Bilinear weights from lonlat (4500x3251) to lonlat (360x170) grid, with source mask (9244901)
cdo    remapbil: Bilinear weights from lonlat (4500x3251) to lonlat (360x170) grid, with source mask (9167129)
cdo    remapbil: Bilinear weights from lonlat (4500x3251) to lonlat (360x170) grid, with source mask (9032413)
cdo    remapbil: Bilinear weights from lonlat (4500x3251) to lonlat (360x170) grid, with source mask (8923756)
cdo    remapbil: Bilinear weights from lonlat (4500x3251) to lonlat (360x170) grid, with source mask (8825169)
cdo    remapbil: Bilinear weights from lonlat (4500x3251) to lonlat (360x170) grid, with source mask (8741043)
cdo    remapbil: Bilinear weights from lonlat (4500x3251) to lonlat (360x170) grid, with source mask (8669422)
cdo    remapbil: Bilinear weights from lonlat (4500x3251) to lonlat (360x170) grid, with source mask (8547872)
cdo    remapbil: Bilinear weights from lonlat (4500x3251) to lonlat (360x170) grid, with source mask (8453750)
cdo    remapbil: Bilinear weights from lonlat (4500x3251) to lonlat (360x170) grid, with source mask (8387576)
cdo    remapbil: Bilinear weights from lonlat (4500x3251) to lonlat (360x170) grid, with source mask (8336479)
cdo    remapbil: Bilinear weights from lonlat (4500x3251) to lonlat (360x170) grid, with source mask (8290417)
cdo    remapbil: Bilinear weights from lonlat (4500x3251) to lonlat (360x170) grid, with source mask (8247815)
cdo    remapbil: Bilinear weights from lonlat (4500x3251) to lonlat (360x170) grid, with source mask (8128477)
cdo    remapbil: Bilinear weights from lonlat (4500x3251) to lonlat (360x170) grid, with source mask (7994116)
cdo    remapbil: Bilinear weights from lonlat (4500x3251) to lonlat (360x170) grid, with source mask (7692126)
cdo    remapbil: Bilinear weights from lonlat (4500x3251) to lonlat (360x170) grid, with source mask (7286838)
cdo    remapbil: Bilinear weights from lonlat (4500x3251) to lonlat (360x170) grid, with source mask (6658426)
cdo    remapbil: Bilinear weights from lonlat (4500x3251) to lonlat (360x170) grid, with source mask (4336945)
cdo    remapbil: Bilinear weights from lonlat (4500x3251) to lonlat (360x170) grid, with source mask (1454435)
------------------------------------------------
Interplating /work/home/acrzcyisbk/HYCOM_monthly/uv3z/degree_0083/GLBv0.08_53X_archMN.2008_03_uv3z.nc
cdo    remapbil: Bilinear weights from lonlat (4500x3251) to lonlat (360x170) grid, with source mask (9974940)
cdo    remapbil: Bilinear weights from lonlat (4500x3251) to lonlat (360x170) grid, with source mask (9952885)
cdo    remapbil: Bilinear weights from lonlat (4500x3251) to lonlat (360x170) grid, with source mask (9939291)
cdo    remapbil: Bilinear weights from lonlat (4500x3251) to lonlat (360x170) grid, with source mask (9925415)
cdo    remapbil: Bilinear weights from lonlat (4500x3251) to lonlat (360x170) grid, with source mask (9909528)
cdo    remapbil: Bilinear weights from lonlat (4500x3251) to lonlat (360x170) grid, with source mask (9887620)
cdo    remapbil: Bilinear weights from lonlat (4500x3251) to lonlat (360x170) grid, with source mask (9846685)
cdo    remapbil: Bilinear weights from lonlat (4500x3251) to lonlat (360x170) grid, with source mask (9804573)
cdo    remapbil: Bilinear weights from lonlat (4500x3251) to lonlat (360x170) grid, with source mask (9767299)
cdo    remapbil: Bilinear weights from lonlat (4500x3251) to lonlat (360x170) grid, with source mask (9730643)
cdo    remapbil: Bilinear weights from lonlat (4500x3251) to lonlat (360x170) grid, with source mask (9691209)
cdo    remapbil: Bilinear weights from lonlat (4500x3251) to lonlat (360x170) grid, with source mask (9648582)
cdo    remapbil: Bilinear weights from lonlat (4500x3251) to lonlat (360x170) grid, with source mask (9606865)
cdo    remapbil: Bilinear weights from lonlat (4500x3251) to lonlat (360x170) grid, with source mask (9536477)
cdo    remapbil: Bilinear weights from lonlat (4500x3251) to lonlat (360x170) grid, with source mask (9480678)
cdo    remapbil: Bilinear weights from lonlat (4500x3251) to lonlat (360x170) grid, with source mask (9430184)
cdo    remapbil: Bilinear weights from lonlat (4500x3251) to lonlat (360x170) grid, with source mask (9384784)
cdo    remapbil: Bilinear weights from lonlat (4500x3251) to lonlat (360x170) grid, with source mask (9338856)
cdo    remapbil: Bilinear weights from lonlat (4500x3251) to lonlat (360x170) grid, with source mask (9244901)
cdo    remapbil: Bilinear weights from lonlat (4500x3251) to lonlat (360x170) grid, with source mask (9167129)
cdo    remapbil: Bilinear weights from lonlat (4500x3251) to lonlat (360x170) grid, with source mask (9032413)
cdo    remapbil: Bilinear weights from lonlat (4500x3251) to lonlat (360x170) grid, with source mask (8923756)
cdo    remapbil: Bilinear weights from lonlat (4500x3251) to lonlat (360x170) grid, with source mask (8825169)
cdo    remapbil: Bilinear weights from lonlat (4500x3251) to lonlat (360x170) grid, with source mask (8741043)
cdo    remapbil: Bilinear weights from lonlat (4500x3251) to lonlat (360x170) grid, with source mask (8669422)
cdo    remapbil: Bilinear weights from lonlat (4500x3251) to lonlat (360x170) grid, with source mask (8547872)
cdo    remapbil: Bilinear weights from lonlat (4500x3251) to lonlat (360x170) grid, with source mask (8453750)
cdo    remapbil: Bilinear weights from lonlat (4500x3251) to lonlat (360x170) grid, with source mask (8387576)
cdo    remapbil: Bilinear weights from lonlat (4500x3251) to lonlat (360x170) grid, with source mask (8336479)
cdo    remapbil: Bilinear weights from lonlat (4500x3251) to lonlat (360x170) grid, with source mask (8290417)
cdo    remapbil: Bilinear weights from lonlat (4500x3251) to lonlat (360x170) grid, with source mask (8247815)
cdo    remapbil: Bilinear weights from lonlat (4500x3251) to lonlat (360x170) grid, with source mask (8128477)
cdo    remapbil: Bilinear weights from lonlat (4500x3251) to lonlat (360x170) grid, with source mask (7994116)
cdo    remapbil: Bilinear weights from lonlat (4500x3251) to lonlat (360x170) grid, with source mask (7692126)
cdo    remapbil: Bilinear weights from lonlat (4500x3251) to lonlat (360x170) grid, with source mask (7286838)
cdo    remapbil: Bilinear weights from lonlat (4500x3251) to lonlat (360x170) grid, with source mask (6658426)
cdo    remapbil: Bilinear weights from lonlat (4500x3251) to lonlat (360x170) grid, with source mask (4336945)
cdo    remapbil: Bilinear weights from lonlat (4500x3251) to lonlat (360x170) grid, with source mask (1454435)
------------------------------------------------
Interplating /work/home/acrzcyisbk/HYCOM_monthly/uv3z/degree_0083/GLBv0.08_53X_archMN.2012_03_uv3z.nc
cdo    remapbil: Bilinear weights from lonlat (4500x3251) to lonlat (360x170) grid, with source mask (9974940)
cdo    remapbil: Bilinear weights from lonlat (4500x3251) to lonlat (360x170) grid, with source mask (9952885)
cdo    remapbil: Bilinear weights from lonlat (4500x3251) to lonlat (360x170) grid, with source mask (9939291)
cdo    remapbil: Bilinear weights from lonlat (4500x3251) to lonlat (360x170) grid, with source mask (9925415)
cdo    remapbil: Bilinear weights from lonlat (4500x3251) to lonlat (360x170) grid, with source mask (9909528)
cdo    remapbil: Bilinear weights from lonlat (4500x3251) to lonlat (360x170) grid, with source mask (9887620)
cdo    remapbil: Bilinear weights from lonlat (4500x3251) to lonlat (360x170) grid, with source mask (9846685)
cdo    remapbil: Bilinear weights from lonlat (4500x3251) to lonlat (360x170) grid, with source mask (9804573)
cdo    remapbil: Bilinear weights from lonlat (4500x3251) to lonlat (360x170) grid, with source mask (9767299)
cdo    remapbil: Bilinear weights from lonlat (4500x3251) to lonlat (360x170) grid, with source mask (9730643)
cdo    remapbil: Bilinear weights from lonlat (4500x3251) to lonlat (360x170) grid, with source mask (9691209)
cdo    remapbil: Bilinear weights from lonlat (4500x3251) to lonlat (360x170) grid, with source mask (9648582)
cdo    remapbil: Bilinear weights from lonlat (4500x3251) to lonlat (360x170) grid, with source mask (9606865)
cdo    remapbil: Bilinear weights from lonlat (4500x3251) to lonlat (360x170) grid, with source mask (9536477)
cdo    remapbil: Bilinear weights from lonlat (4500x3251) to lonlat (360x170) grid, with source mask (9480678)
cdo    remapbil: Bilinear weights from lonlat (4500x3251) to lonlat (360x170) grid, with source mask (9430184)
cdo    remapbil: Bilinear weights from lonlat (4500x3251) to lonlat (360x170) grid, with source mask (9384784)
cdo    remapbil: Bilinear weights from lonlat (4500x3251) to lonlat (360x170) grid, with source mask (9338856)
cdo    remapbil: Bilinear weights from lonlat (4500x3251) to lonlat (360x170) grid, with source mask (9244901)
cdo    remapbil: Bilinear weights from lonlat (4500x3251) to lonlat (360x170) grid, with source mask (9167129)
cdo    remapbil: Bilinear weights from lonlat (4500x3251) to lonlat (360x170) grid, with source mask (9032413)
cdo    remapbil: Bilinear weights from lonlat (4500x3251) to lonlat (360x170) grid, with source mask (8923756)
cdo    remapbil: Bilinear weights from lonlat (4500x3251) to lonlat (360x170) grid, with source mask (8825169)
cdo    remapbil: Bilinear weights from lonlat (4500x3251) to lonlat (360x170) grid, with source mask (8741043)
cdo    remapbil: Bilinear weights from lonlat (4500x3251) to lonlat (360x170) grid, with source mask (8669422)
cdo    remapbil: Bilinear weights from lonlat (4500x3251) to lonlat (360x170) grid, with source mask (8547872)
cdo    remapbil: Bilinear weights from lonlat (4500x3251) to lonlat (360x170) grid, with source mask (8453750)
cdo    remapbil: Bilinear weights from lonlat (4500x3251) to lonlat (360x170) grid, with source mask (8387576)
cdo    remapbil: Bilinear weights from lonlat (4500x3251) to lonlat (360x170) grid, with source mask (8336479)
cdo    remapbil: Bilinear weights from lonlat (4500x3251) to lonlat (360x170) grid, with source mask (8290417)
cdo    remapbil: Bilinear weights from lonlat (4500x3251) to lonlat (360x170) grid, with source mask (8247815)
cdo    remapbil: Bilinear weights from lonlat (4500x3251) to lonlat (360x170) grid, with source mask (8128477)
cdo    remapbil: Bilinear weights from lonlat (4500x3251) to lonlat (360x170) grid, with source mask (7994116)
cdo    remapbil: Bilinear weights from lonlat (4500x3251) to lonlat (360x170) grid, with source mask (7692126)
cdo    remapbil: Bilinear weights from lonlat (4500x3251) to lonlat (360x170) grid, with source mask (7286838)
cdo    remapbil: Bilinear weights from lonlat (4500x3251) to lonlat (360x170) grid, with source mask (6658426)
cdo    remapbil: Bilinear weights from lonlat (4500x3251) to lonlat (360x170) grid, with source mask (4336945)
cdo    remapbil: Bilinear weights from lonlat (4500x3251) to lonlat (360x170) grid, with source mask (1454435)
------------------------------------------------
Interplating /work/home/acrzcyisbk/HYCOM_monthly/uv3z/degree_0083/GLBv0.08_53X_archMN.2014_12_uv3z.nc
cdo    remapbil: Bilinear weights from lonlat (4500x3251) to lonlat (360x170) grid, with source mask (9974940)
cdo    remapbil: Bilinear weights from lonlat (4500x3251) to lonlat (360x170) grid, with source mask (9952885)
cdo    remapbil: Bilinear weights from lonlat (4500x3251) to lonlat (360x170) grid, with source mask (9939291)
cdo    remapbil: Bilinear weights from lonlat (4500x3251) to lonlat (360x170) grid, with source mask (9925415)
cdo    remapbil: Bilinear weights from lonlat (4500x3251) to lonlat (360x170) grid, with source mask (9909528)
cdo    remapbil: Bilinear weights from lonlat (4500x3251) to lonlat (360x170) grid, with source mask (9887620)
cdo    remapbil: Bilinear weights from lonlat (4500x3251) to lonlat (360x170) grid, with source mask (9846685)
cdo    remapbil: Bilinear weights from lonlat (4500x3251) to lonlat (360x170) grid, with source mask (9804573)
cdo    remapbil: Bilinear weights from lonlat (4500x3251) to lonlat (360x170) grid, with source mask (9767299)
cdo    remapbil: Bilinear weights from lonlat (4500x3251) to lonlat (360x170) grid, with source mask (9730643)
cdo    remapbil: Bilinear weights from lonlat (4500x3251) to lonlat (360x170) grid, with source mask (9691209)
cdo    remapbil: Bilinear weights from lonlat (4500x3251) to lonlat (360x170) grid, with source mask (9648582)
cdo    remapbil: Bilinear weights from lonlat (4500x3251) to lonlat (360x170) grid, with source mask (9606865)
cdo    remapbil: Bilinear weights from lonlat (4500x3251) to lonlat (360x170) grid, with source mask (9536477)
cdo    remapbil: Bilinear weights from lonlat (4500x3251) to lonlat (360x170) grid, with source mask (9480678)
cdo    remapbil: Bilinear weights from lonlat (4500x3251) to lonlat (360x170) grid, with source mask (9430184)
cdo    remapbil: Bilinear weights from lonlat (4500x3251) to lonlat (360x170) grid, with source mask (9384784)
cdo    remapbil: Bilinear weights from lonlat (4500x3251) to lonlat (360x170) grid, with source mask (9338856)
cdo    remapbil: Bilinear weights from lonlat (4500x3251) to lonlat (360x170) grid, with source mask (9244901)
cdo    remapbil: Bilinear weights from lonlat (4500x3251) to lonlat (360x170) grid, with source mask (9167129)
cdo    remapbil: Bilinear weights from lonlat (4500x3251) to lonlat (360x170) grid, with source mask (9032413)
cdo    remapbil: Bilinear weights from lonlat (4500x3251) to lonlat (360x170) grid, with source mask (8923756)
cdo    remapbil: Bilinear weights from lonlat (4500x3251) to lonlat (360x170) grid, with source mask (8825169)
cdo    remapbil: Bilinear weights from lonlat (4500x3251) to lonlat (360x170) grid, with source mask (8741043)
cdo    remapbil: Bilinear weights from lonlat (4500x3251) to lonlat (360x170) grid, with source mask (8669422)
cdo    remapbil: Bilinear weights from lonlat (4500x3251) to lonlat (360x170) grid, with source mask (8547872)
cdo    remapbil: Bilinear weights from lonlat (4500x3251) to lonlat (360x170) grid, with source mask (8453750)
cdo    remapbil: Bilinear weights from lonlat (4500x3251) to lonlat (360x170) grid, with source mask (8387576)
cdo    remapbil: Bilinear weights from lonlat (4500x3251) to lonlat (360x170) grid, with source mask (8336479)
cdo    remapbil: Bilinear weights from lonlat (4500x3251) to lonlat (360x170) grid, with source mask (8290417)
cdo    remapbil: Bilinear weights from lonlat (4500x3251) to lonlat (360x170) grid, with source mask (8247815)
cdo    remapbil: Bilinear weights from lonlat (4500x3251) to lonlat (360x170) grid, with source mask (8128477)
cdo    remapbil: Bilinear weights from lonlat (4500x3251) to lonlat (360x170) grid, with source mask (7994116)
cdo    remapbil: Bilinear weights from lonlat (4500x3251) to lonlat (360x170) grid, with source mask (7692126)
cdo    remapbil: Bilinear weights from lonlat (4500x3251) to lonlat (360x170) grid, with source mask (7286838)
cdo    remapbil: Bilinear weights from lonlat (4500x3251) to lonlat (360x170) grid, with source mask (6658426)
cdo    remapbil: Bilinear weights from lonlat (4500x3251) to lonlat (360x170) grid, with source mask (4336945)
cdo    remapbil: Bilinear weights from lonlat (4500x3251) to lonlat (360x170) grid, with source mask (1454435)
