master_addr is only used for static rdzv_backend and when rdzv_endpoint is not specified.
paraai-n32-h-01-agent-101
paraai-n32-h-01-agent-101
0
------------------ Configuration ------------------  /home/bingxing2/home/scx6115/Ocean_AI_model/config/Model_2.yaml
0
------------------ Configuration ------------------  /home/bingxing2/home/scx6115/Ocean_AI_model/config/Model_2.yaml
paraai-n32-h-01-agent-101
0
------------------ Configuration ------------------  /home/bingxing2/home/scx6115/Ocean_AI_model/config/Model_2.yaml
paraai-n32-h-01-agent-101
0
------------------ Configuration ------------------  /home/bingxing2/home/scx6115/Ocean_AI_model/config/Model_2.yaml
nettype Masked_AE_Ocean
log_to_wandb True
lr 0.001
batch_size 32
max_epochs 150
scheduler CosineAnnealingLR
fusion_3d_2d False
in_channels [0, 1, 2, 3, 4, 5, 6, 7, 8, 9, 10, 11, 12, 13, 14, 15, 16, 17, 18, 19, 20, 21, 22, 23, 24, 25, 26, 27, 28, 29, 30, 31, 32, 33, 34, 35, 36, 37, 38, 39, 40, 41, 42, 43, 44, 45, 46, 47, 48, 49, 50, 51, 52, 53, 54, 55, 56, 57, 58, 59, 60, 61, 62, 63, 64, 65]
out_channels [0, 1, 2, 3, 4, 5, 6, 7, 8, 9, 10, 11, 12, 13, 14, 15, 16, 17, 18, 19, 20, 21, 22, 23, 24, 25, 26, 27, 28, 29, 30, 31, 32, 33, 34, 35, 36, 37, 38, 39, 40, 41, 42, 43, 44, 45, 46, 47, 48, 49, 50, 51, 52, 53, 54, 55, 56, 57, 58, 59, 60]
N_in_channels 66
N_out_channels 61
img_size_h 720
img_size_w 1440
patch_size_h 8
patch_size_w 8
mlp_ratio 4.0
embed_dim 1024
depth 16
num_heads 16
decoder_embed_dim 512
decoder_depth 8
decoder_num_heads 16
koopman_depth 2
modes_h_ratio 1
modes_w_ratio 0.8
drop_rate 0.0
drop_path_rate 0.0
sparsity_threshold 0.01
hard_thresholding_fraction 1.0
num_blocks 8
loss l2
num_data_workers 0
dt 1
n_history 0
prediction_type iterative
prediction_length 41
n_initial_conditions 5
ics_type default
date_strings ['2018-09-14 00:00:00']
save_raw_forecasts True
save_channel False
masked_acc False
maskpath None
perturb False
add_grid False
N_grid_channels 0
gridtype sinusoidal
roll False
enable_nhwc False
optimizer_type FusedAdam
exp_dir ./exp_15_levels
patch_size 8
width 56
modes 32
target default
train_data_path /home/bingxing2/home/scx6115/Ocean_AI_model/sample_01/train
valid_data_path /home/bingxing2/home/scx6115/Ocean_AI_model/sample_01/valid
test_data_path /home/bingxing2/home/scx6115/Ocean_AI_model/sample_01/test
land_mask True
land_mask_path /home/bingxing2/home/scx6115/Ocean_AI_model/sample_01/land_mask.h5
normalize True
normalization zscore
global_mins_path /home/bingxing2/home/scx6115/Ocean_AI_model/sample_01/train/global_mins.npy
global_maxs_path /home/bingxing2/home/scx6115/Ocean_AI_model/sample_01/train/global_maxs.npy
global_means_path /home/bingxing2/home/scx6115/Ocean_AI_model/sample_01/train/global_means.npy
global_stds_path /home/bingxing2/home/scx6115/Ocean_AI_model/sample_01/train/global_stds.npy
orography True
orography_norm_zscore_path /home/bingxing2/home/scx6115/Ocean_AI_model/sample_01/orography_norm_zscore.h5
orography_norm_maxmin_path /home/bingxing2/home/scx6115/Ocean_AI_model/sample_01/orography_norm_maxmin.h5
add_noise False
noise_std 0
crop_size_x None
crop_size_y None
log_to_screen True
save_checkpoint True
plot_animations False
---------------------------------------------------
world_size : 16
Initialize distributed process group...
nettype Masked_AE_Ocean
log_to_wandb True
lr 0.001
batch_size 32
max_epochs 150
scheduler CosineAnnealingLR
fusion_3d_2d False
in_channels [0, 1, 2, 3, 4, 5, 6, 7, 8, 9, 10, 11, 12, 13, 14, 15, 16, 17, 18, 19, 20, 21, 22, 23, 24, 25, 26, 27, 28, 29, 30, 31, 32, 33, 34, 35, 36, 37, 38, 39, 40, 41, 42, 43, 44, 45, 46, 47, 48, 49, 50, 51, 52, 53, 54, 55, 56, 57, 58, 59, 60, 61, 62, 63, 64, 65]
out_channels [0, 1, 2, 3, 4, 5, 6, 7, 8, 9, 10, 11, 12, 13, 14, 15, 16, 17, 18, 19, 20, 21, 22, 23, 24, 25, 26, 27, 28, 29, 30, 31, 32, 33, 34, 35, 36, 37, 38, 39, 40, 41, 42, 43, 44, 45, 46, 47, 48, 49, 50, 51, 52, 53, 54, 55, 56, 57, 58, 59, 60]
N_in_channels 66
N_out_channels 61
img_size_h 720
img_size_w 1440
patch_size_h 8
patch_size_w 8
mlp_ratio 4.0
embed_dim 1024
depth 16
num_heads 16
decoder_embed_dim 512
decoder_depth 8
decoder_num_heads 16
koopman_depth 2
modes_h_ratio 1
modes_w_ratio 0.8
drop_rate 0.0
drop_path_rate 0.0
sparsity_threshold 0.01
hard_thresholding_fraction 1.0
num_blocks 8
loss l2
num_data_workers 0
dt 1
n_history 0
prediction_type iterative
prediction_length 41
n_initial_conditions 5
ics_type default
date_strings ['2018-09-14 00:00:00']
save_raw_forecasts True
save_channel False
masked_acc False
maskpath None
perturb False
add_grid False
N_grid_channels 0
gridtype sinusoidal
roll False
enable_nhwc False
optimizer_type FusedAdam
exp_dir ./exp_15_levels
patch_size 8
width 56
modes 32
target default
train_data_path /home/bingxing2/home/scx6115/Ocean_AI_model/sample_01/train
valid_data_path /home/bingxing2/home/scx6115/Ocean_AI_model/sample_01/valid
test_data_path /home/bingxing2/home/scx6115/Ocean_AI_model/sample_01/test
land_mask True
land_mask_path /home/bingxing2/home/scx6115/Ocean_AI_model/sample_01/land_mask.h5
normalize True
normalization zscore
global_mins_path /home/bingxing2/home/scx6115/Ocean_AI_model/sample_01/train/global_mins.npy
global_maxs_path /home/bingxing2/home/scx6115/Ocean_AI_model/sample_01/train/global_maxs.npy
global_means_path /home/bingxing2/home/scx6115/Ocean_AI_model/sample_01/train/global_means.npy
global_stds_path /home/bingxing2/home/scx6115/Ocean_AI_model/sample_01/train/global_stds.npy
orography True
orography_norm_zscore_path /home/bingxing2/home/scx6115/Ocean_AI_model/sample_01/orography_norm_zscore.h5
orography_norm_maxmin_path /home/bingxing2/home/scx6115/Ocean_AI_model/sample_01/orography_norm_maxmin.h5
add_noise False
noise_std 0
crop_size_x None
crop_size_y None
log_to_screen True
save_checkpoint True
plot_animations False
---------------------------------------------------
world_size : 16
Initialize distributed process group...
nettype Masked_AE_Ocean
log_to_wandb True
lr 0.001
batch_size 32
max_epochs 150
scheduler CosineAnnealingLR
fusion_3d_2d False
in_channels [0, 1, 2, 3, 4, 5, 6, 7, 8, 9, 10, 11, 12, 13, 14, 15, 16, 17, 18, 19, 20, 21, 22, 23, 24, 25, 26, 27, 28, 29, 30, 31, 32, 33, 34, 35, 36, 37, 38, 39, 40, 41, 42, 43, 44, 45, 46, 47, 48, 49, 50, 51, 52, 53, 54, 55, 56, 57, 58, 59, 60, 61, 62, 63, 64, 65]
out_channels [0, 1, 2, 3, 4, 5, 6, 7, 8, 9, 10, 11, 12, 13, 14, 15, 16, 17, 18, 19, 20, 21, 22, 23, 24, 25, 26, 27, 28, 29, 30, 31, 32, 33, 34, 35, 36, 37, 38, 39, 40, 41, 42, 43, 44, 45, 46, 47, 48, 49, 50, 51, 52, 53, 54, 55, 56, 57, 58, 59, 60]
N_in_channels 66
N_out_channels 61
img_size_h 720
img_size_w 1440
patch_size_h 8
patch_size_w 8
mlp_ratio 4.0
embed_dim 1024
depth 16
num_heads 16
decoder_embed_dim 512
decoder_depth 8
decoder_num_heads 16
koopman_depth 2
modes_h_ratio 1
modes_w_ratio 0.8
drop_rate 0.0
drop_path_rate 0.0
sparsity_threshold 0.01
hard_thresholding_fraction 1.0
num_blocks 8
loss l2
num_data_workers 0
dt 1
n_history 0
prediction_type iterative
prediction_length 41
n_initial_conditions 5
ics_type default
date_strings ['2018-09-14 00:00:00']
save_raw_forecasts True
save_channel False
masked_acc False
maskpath None
perturb False
add_grid False
N_grid_channels 0
gridtype sinusoidal
roll False
enable_nhwc False
optimizer_type FusedAdam
exp_dir ./exp_15_levels
patch_size 8
width 56
modes 32
target default
train_data_path /home/bingxing2/home/scx6115/Ocean_AI_model/sample_01/train
valid_data_path /home/bingxing2/home/scx6115/Ocean_AI_model/sample_01/valid
test_data_path /home/bingxing2/home/scx6115/Ocean_AI_model/sample_01/test
land_mask True
land_mask_path /home/bingxing2/home/scx6115/Ocean_AI_model/sample_01/land_mask.h5
normalize True
normalization zscore
global_mins_path /home/bingxing2/home/scx6115/Ocean_AI_model/sample_01/train/global_mins.npy
global_maxs_path /home/bingxing2/home/scx6115/Ocean_AI_model/sample_01/train/global_maxs.npy
global_means_path /home/bingxing2/home/scx6115/Ocean_AI_model/sample_01/train/global_means.npy
global_stds_path /home/bingxing2/home/scx6115/Ocean_AI_model/sample_01/train/global_stds.npy
orography True
orography_norm_zscore_path /home/bingxing2/home/scx6115/Ocean_AI_model/sample_01/orography_norm_zscore.h5
orography_norm_maxmin_path /home/bingxing2/home/scx6115/Ocean_AI_model/sample_01/orography_norm_maxmin.h5
add_noise nettypeFalse
 noise_std Masked_AE_Ocean0

crop_size_x None
log_to_wandbcrop_size_y  NoneTrue

log_to_screen Truelr
 save_checkpoint 0.001True

plot_animations batch_sizeFalse 
32
max_epochs 150
scheduler CosineAnnealingLR
fusion_3d_2d False
in_channels [0, 1, 2, 3, 4, 5, 6, 7, 8, 9, 10, 11, 12, 13, 14, 15, 16, 17, 18, 19, 20, 21, 22, 23, 24, 25, 26, 27, 28, 29, 30, 31, 32, 33, 34, 35, 36, 37, 38, 39, 40, 41, 42, 43, 44, 45, 46, 47, 48, 49, 50, 51, 52, 53, 54, 55, 56, 57, 58, 59, 60, 61, 62, 63, 64, 65]
out_channels [0, 1, 2, 3, 4, 5, 6, 7, 8, 9, 10, 11, 12, 13, 14, 15, 16, 17, 18, 19, 20, 21, 22, 23, 24, 25, 26, 27, 28, 29, 30, 31, 32, 33, 34, 35, 36, 37, 38, 39, 40, 41, 42, 43, 44, 45, 46, 47, 48, 49, 50, 51, 52, 53, 54, 55, 56, 57, 58, 59, 60]
---------------------------------------------------N_in_channels
 66
N_out_channels 61
img_size_h 720
world_size :img_size_w  1440
16
patch_size_h Initialize distributed process group...8

patch_size_w 8
mlp_ratio 4.0
embed_dim 1024
depth 16
num_heads 16
decoder_embed_dim 512
decoder_depth 8
decoder_num_heads 16
koopman_depth 2
modes_h_ratio 1
modes_w_ratio 0.8
drop_rate 0.0
drop_path_rate 0.0
sparsity_threshold 0.01
hard_thresholding_fraction 1.0
num_blocks 8
loss l2
num_data_workers 0
dt 1
n_history 0
prediction_type iterative
prediction_length 41
n_initial_conditions 5
ics_type default
date_strings ['2018-09-14 00:00:00']
save_raw_forecasts True
save_channel False
masked_acc False
maskpath None
perturb False
add_grid False
N_grid_channels 0
gridtype sinusoidal
roll False
enable_nhwc False
optimizer_type FusedAdam
exp_dir ./exp_15_levels
patch_size 8
width 56
modes 32
target default
train_data_path /home/bingxing2/home/scx6115/Ocean_AI_model/sample_01/train
valid_data_path /home/bingxing2/home/scx6115/Ocean_AI_model/sample_01/valid
test_data_path /home/bingxing2/home/scx6115/Ocean_AI_model/sample_01/test
land_mask True
land_mask_path /home/bingxing2/home/scx6115/Ocean_AI_model/sample_01/land_mask.h5
normalize True
normalization zscore
global_mins_path /home/bingxing2/home/scx6115/Ocean_AI_model/sample_01/train/global_mins.npy
global_maxs_path /home/bingxing2/home/scx6115/Ocean_AI_model/sample_01/train/global_maxs.npy
global_means_path /home/bingxing2/home/scx6115/Ocean_AI_model/sample_01/train/global_means.npy
global_stds_path /home/bingxing2/home/scx6115/Ocean_AI_model/sample_01/train/global_stds.npy
orography True
orography_norm_zscore_path /home/bingxing2/home/scx6115/Ocean_AI_model/sample_01/orography_norm_zscore.h5
orography_norm_maxmin_path /home/bingxing2/home/scx6115/Ocean_AI_model/sample_01/orography_norm_maxmin.h5
add_noise False
noise_std 0
crop_size_x None
crop_size_y None
log_to_screen True
save_checkpoint True
plot_animations False
---------------------------------------------------
world_size : 16
Initialize distributed process group...
2023-06-29 22:27:38,535 - torch.distributed.distributed_c10d - INFO - Added key: store_based_barrier_key:1 to store for rank: 2
2023-06-29 22:27:38,536 - torch.distributed.distributed_c10d - INFO - Added key: store_based_barrier_key:1 to store for rank: 3
2023-06-29 22:27:38,536 - torch.distributed.distributed_c10d - INFO - Added key: store_based_barrier_key:1 to store for rank: 1
2023-06-29 22:27:39,525 - torch.distributed.distributed_c10d - INFO - Added key: store_based_barrier_key:1 to store for rank: 0
2023-06-29 22:27:39,525 - torch.distributed.distributed_c10d - INFO - Rank 0: Completed store-based barrier for key:store_based_barrier_key:1 with 16 nodes.
2023-06-29 22:27:39,533 - torch.distributed.distributed_c10d - INFO - Rank 2: Completed store-based barrier for key:store_based_barrier_key:1 with 16 nodes.
2023-06-29 22:27:39,535 - torch.distributed.distributed_c10d - INFO - Rank 1: Completed store-based barrier for key:store_based_barrier_key:1 with 16 nodes.
2023-06-29 22:27:39,535 - torch.distributed.distributed_c10d - INFO - Rank 3: Completed store-based barrier for key:store_based_barrier_key:1 with 16 nodes.
2023-06-29 22:27:39,584 - root - INFO - device: cuda:2
2023-06-29 22:27:39,584 - root - INFO - rank 2, begin data loader init
2023-06-29 22:27:39,589 - root - INFO - device: cuda:3
2023-06-29 22:27:39,589 - root - INFO - rank 3, begin data loader init
2023-06-29 22:27:39,590 - root - INFO - device: cuda:1
2023-06-29 22:27:39,590 - root - INFO - rank 1, begin data loader init
2023-06-29 22:27:39,631 - root - INFO - Getting file stats from /home/bingxing2/home/scx6115/Ocean_AI_model/sample_01/train/2000.h5
2023-06-29 22:27:39,631 - root - INFO - Getting file stats from /home/bingxing2/home/scx6115/Ocean_AI_model/sample_01/train/2000.h5
2023-06-29 22:27:39,631 - root - INFO - Getting file stats from /home/bingxing2/home/scx6115/Ocean_AI_model/sample_01/train/2000.h5
2023-06-29 22:27:39,632 - root - INFO - Number of samples per year: 365
2023-06-29 22:27:39,632 - root - INFO - Found data at path /home/bingxing2/home/scx6115/Ocean_AI_model/sample_01/train. Number of examples: 4015. Image Shape: 720 x 1440 x 66
2023-06-29 22:27:39,632 - root - INFO - Delta t: 1 days
2023-06-29 22:27:39,632 - root - INFO - Number of samples per year: 365
2023-06-29 22:27:39,632 - root - INFO - Including 0 days of past history in training at a frequency of 1 days
2023-06-29 22:27:39,632 - root - INFO - Found data at path /home/bingxing2/home/scx6115/Ocean_AI_model/sample_01/train. Number of examples: 4015. Image Shape: 720 x 1440 x 66
2023-06-29 22:27:39,632 - root - INFO - Number of samples per year: 365
2023-06-29 22:27:39,632 - root - INFO - Delta t: 1 days
2023-06-29 22:27:39,632 - root - INFO - Found data at path /home/bingxing2/home/scx6115/Ocean_AI_model/sample_01/train. Number of examples: 4015. Image Shape: 720 x 1440 x 66
2023-06-29 22:27:39,632 - root - INFO - Including 0 days of past history in training at a frequency of 1 days
2023-06-29 22:27:39,632 - root - INFO - Delta t: 1 days
2023-06-29 22:27:39,632 - root - INFO - Including 0 days of past history in training at a frequency of 1 days
2023-06-29 22:27:39,677 - root - INFO - Getting file stats from /home/bingxing2/home/scx6115/Ocean_AI_model/sample_01/valid/2011.h5
2023-06-29 22:27:39,677 - root - INFO - Getting file stats from /home/bingxing2/home/scx6115/Ocean_AI_model/sample_01/valid/2011.h5
2023-06-29 22:27:39,677 - root - INFO - Getting file stats from /home/bingxing2/home/scx6115/Ocean_AI_model/sample_01/valid/2011.h5
2023-06-29 22:27:39,678 - root - INFO - Number of samples per year: 364
2023-06-29 22:27:39,678 - root - INFO - Found data at path /home/bingxing2/home/scx6115/Ocean_AI_model/sample_01/valid. Number of examples: 364. Image Shape: 720 x 1440 x 66
2023-06-29 22:27:39,678 - root - INFO - Delta t: 1 days
2023-06-29 22:27:39,678 - root - INFO - Number of samples per year: 364
2023-06-29 22:27:39,678 - root - INFO - Number of samples per year: 364
2023-06-29 22:27:39,678 - root - INFO - Including 0 days of past history in training at a frequency of 1 days
2023-06-29 22:27:39,678 - root - INFO - Found data at path /home/bingxing2/home/scx6115/Ocean_AI_model/sample_01/valid. Number of examples: 364. Image Shape: 720 x 1440 x 66
2023-06-29 22:27:39,678 - root - INFO - Found data at path /home/bingxing2/home/scx6115/Ocean_AI_model/sample_01/valid. Number of examples: 364. Image Shape: 720 x 1440 x 66
2023-06-29 22:27:39,678 - root - INFO - Delta t: 1 days
2023-06-29 22:27:39,678 - root - INFO - Delta t: 1 days
2023-06-29 22:27:39,678 - root - INFO - Including 0 days of past history in training at a frequency of 1 days
2023-06-29 22:27:39,678 - root - INFO - Including 0 days of past history in training at a frequency of 1 days
2023-06-29 22:27:39,678 - root - INFO - rank 2, data loader initialized
2023-06-29 22:27:39,678 - root - INFO - rank 3, data loader initialized
2023-06-29 22:27:39,678 - root - INFO - rank 1, data loader initialized
2023-06-29 22:27:39,706 - root - INFO - ------------------ Configuration ------------------
2023-06-29 22:27:39,709 - root - INFO - Configuration file: /home/bingxing2/home/scx6115/Ocean_AI_model/config/Model_2.yaml
2023-06-29 22:27:39,709 - root - INFO - Configuration name: Masked_AE_Ocean
2023-06-29 22:27:39,709 - root - INFO - nettype Masked_AE_Ocean
2023-06-29 22:27:39,709 - root - INFO - log_to_wandb True
2023-06-29 22:27:39,709 - root - INFO - lr 0.001
2023-06-29 22:27:39,709 - root - INFO - batch_size 2
2023-06-29 22:27:39,710 - root - INFO - max_epochs 150
2023-06-29 22:27:39,710 - root - INFO - scheduler CosineAnnealingLR
2023-06-29 22:27:39,710 - root - INFO - fusion_3d_2d False
2023-06-29 22:27:39,710 - root - INFO - in_channels [0, 1, 2, 3, 4, 5, 6, 7, 8, 9, 10, 11, 12, 13, 14, 15, 16, 17, 18, 19, 20, 21, 22, 23, 24, 25, 26, 27, 28, 29, 30, 31, 32, 33, 34, 35, 36, 37, 38, 39, 40, 41, 42, 43, 44, 45, 46, 47, 48, 49, 50, 51, 52, 53, 54, 55, 56, 57, 58, 59, 60, 61, 62, 63, 64, 65]
2023-06-29 22:27:39,710 - root - INFO - out_channels [0, 1, 2, 3, 4, 5, 6, 7, 8, 9, 10, 11, 12, 13, 14, 15, 16, 17, 18, 19, 20, 21, 22, 23, 24, 25, 26, 27, 28, 29, 30, 31, 32, 33, 34, 35, 36, 37, 38, 39, 40, 41, 42, 43, 44, 45, 46, 47, 48, 49, 50, 51, 52, 53, 54, 55, 56, 57, 58, 59, 60]
2023-06-29 22:27:39,710 - root - INFO - N_in_channels 66
2023-06-29 22:27:39,710 - root - INFO - N_out_channels 61
2023-06-29 22:27:39,710 - root - INFO - img_size_h 720
2023-06-29 22:27:39,710 - root - INFO - img_size_w 1440
2023-06-29 22:27:39,710 - root - INFO - patch_size_h 8
2023-06-29 22:27:39,710 - root - INFO - patch_size_w 8
2023-06-29 22:27:39,710 - root - INFO - mlp_ratio 4.0
2023-06-29 22:27:39,710 - root - INFO - embed_dim 1024
2023-06-29 22:27:39,710 - root - INFO - depth 16
2023-06-29 22:27:39,711 - root - INFO - num_heads 16
2023-06-29 22:27:39,711 - root - INFO - decoder_embed_dim 512
2023-06-29 22:27:39,711 - root - INFO - decoder_depth 8
2023-06-29 22:27:39,711 - root - INFO - decoder_num_heads 16
2023-06-29 22:27:39,711 - root - INFO - koopman_depth 2
2023-06-29 22:27:39,711 - root - INFO - modes_h_ratio 1
2023-06-29 22:27:39,711 - root - INFO - modes_w_ratio 0.8
2023-06-29 22:27:39,711 - root - INFO - drop_rate 0.0
2023-06-29 22:27:39,711 - root - INFO - drop_path_rate 0.0
2023-06-29 22:27:39,711 - root - INFO - sparsity_threshold 0.01
2023-06-29 22:27:39,711 - root - INFO - hard_thresholding_fraction 1.0
2023-06-29 22:27:39,711 - root - INFO - num_blocks 8
2023-06-29 22:27:39,711 - root - INFO - loss l2
2023-06-29 22:27:39,711 - root - INFO - num_data_workers 0
2023-06-29 22:27:39,712 - root - INFO - dt 1
2023-06-29 22:27:39,712 - root - INFO - n_history 0
2023-06-29 22:27:39,712 - root - INFO - prediction_type iterative
2023-06-29 22:27:39,712 - root - INFO - prediction_length 41
2023-06-29 22:27:39,712 - root - INFO - n_initial_conditions 5
2023-06-29 22:27:39,712 - root - INFO - ics_type default
2023-06-29 22:27:39,712 - root - INFO - date_strings ['2018-09-14 00:00:00']
2023-06-29 22:27:39,712 - root - INFO - save_raw_forecasts True
2023-06-29 22:27:39,712 - root - INFO - save_channel False
2023-06-29 22:27:39,712 - root - INFO - masked_acc False
2023-06-29 22:27:39,712 - root - INFO - maskpath None
2023-06-29 22:27:39,712 - root - INFO - perturb False
2023-06-29 22:27:39,712 - root - INFO - add_grid False
2023-06-29 22:27:39,712 - root - INFO - N_grid_channels 0
2023-06-29 22:27:39,712 - root - INFO - gridtype sinusoidal
2023-06-29 22:27:39,713 - root - INFO - roll False
2023-06-29 22:27:39,713 - root - INFO - enable_nhwc False
2023-06-29 22:27:39,713 - root - INFO - optimizer_type FusedAdam
2023-06-29 22:27:39,713 - root - INFO - exp_dir ./exp_15_levels
2023-06-29 22:27:39,713 - root - INFO - patch_size 8
2023-06-29 22:27:39,713 - root - INFO - width 56
2023-06-29 22:27:39,713 - root - INFO - modes 32
2023-06-29 22:27:39,713 - root - INFO - target default
2023-06-29 22:27:39,713 - root - INFO - train_data_path /home/bingxing2/home/scx6115/Ocean_AI_model/sample_01/train
2023-06-29 22:27:39,713 - root - INFO - valid_data_path /home/bingxing2/home/scx6115/Ocean_AI_model/sample_01/valid
2023-06-29 22:27:39,713 - root - INFO - test_data_path /home/bingxing2/home/scx6115/Ocean_AI_model/sample_01/test
2023-06-29 22:27:39,713 - root - INFO - land_mask True
2023-06-29 22:27:39,713 - root - INFO - land_mask_path /home/bingxing2/home/scx6115/Ocean_AI_model/sample_01/land_mask.h5
2023-06-29 22:27:39,713 - root - INFO - normalize True
2023-06-29 22:27:39,714 - root - INFO - normalization zscore
2023-06-29 22:27:39,714 - root - INFO - global_mins_path /home/bingxing2/home/scx6115/Ocean_AI_model/sample_01/train/global_mins.npy
2023-06-29 22:27:39,714 - root - INFO - global_maxs_path /home/bingxing2/home/scx6115/Ocean_AI_model/sample_01/train/global_maxs.npy
2023-06-29 22:27:39,714 - root - INFO - global_means_path /home/bingxing2/home/scx6115/Ocean_AI_model/sample_01/train/global_means.npy
2023-06-29 22:27:39,714 - root - INFO - global_stds_path /home/bingxing2/home/scx6115/Ocean_AI_model/sample_01/train/global_stds.npy
2023-06-29 22:27:39,714 - root - INFO - orography True
2023-06-29 22:27:39,714 - root - INFO - orography_norm_zscore_path /home/bingxing2/home/scx6115/Ocean_AI_model/sample_01/orography_norm_zscore.h5
2023-06-29 22:27:39,714 - root - INFO - orography_norm_maxmin_path /home/bingxing2/home/scx6115/Ocean_AI_model/sample_01/orography_norm_maxmin.h5
2023-06-29 22:27:39,714 - root - INFO - add_noise False
2023-06-29 22:27:39,714 - root - INFO - noise_std 0
2023-06-29 22:27:39,714 - root - INFO - crop_size_x None
2023-06-29 22:27:39,714 - root - INFO - crop_size_y None
2023-06-29 22:27:39,714 - root - INFO - log_to_screen True
2023-06-29 22:27:39,714 - root - INFO - save_checkpoint True
2023-06-29 22:27:39,714 - root - INFO - plot_animations False
2023-06-29 22:27:39,715 - root - INFO - epsilon_factor 0
2023-06-29 22:27:39,715 - root - INFO - world_size 16
2023-06-29 22:27:39,715 - root - INFO - local_rank 0
2023-06-29 22:27:39,715 - root - INFO - global_batch_size 32
2023-06-29 22:27:39,715 - root - INFO - enable_amp True
2023-06-29 22:27:39,715 - root - INFO - experiment_dir /home/bingxing2/home/scx6115/Ocean_AI_model/exp_15_levels/Masked_AE_Ocean/20230629-222717
2023-06-29 22:27:39,715 - root - INFO - checkpoint_path ./exp_15_levels/Masked_AE_Ocean/20230629-222717/training_checkpoints/ckpt.tar
2023-06-29 22:27:39,715 - root - INFO - best_checkpoint_path ./exp_15_levels/Masked_AE_Ocean/20230629-222717/training_checkpoints/best_ckpt.tar
2023-06-29 22:27:39,715 - root - INFO - resuming False
2023-06-29 22:27:39,715 - root - INFO - entity ocean_ai_model
2023-06-29 22:27:39,715 - root - INFO - project ai4science
2023-06-29 22:27:39,715 - root - INFO - group 025_daily_15_levels
2023-06-29 22:27:39,715 - root - INFO - name Masked_AE_Ocean_20230629-222717
2023-06-29 22:27:39,715 - root - INFO - ---------------------------------------------------
wandb: Tracking run with wandb version 0.15.3
wandb: W&B syncing is set to `offline` in this directory.  
wandb: Run `wandb online` or set WANDB_MODE=online to enable cloud syncing.
2023-06-29 22:27:49,940 - root - INFO - device: cuda:0
2023-06-29 22:27:49,940 - root - INFO - rank 0, begin data loader init
2023-06-29 22:27:49,943 - root - INFO - Getting file stats from /home/bingxing2/home/scx6115/Ocean_AI_model/sample_01/train/2000.h5
2023-06-29 22:27:49,944 - root - INFO - Number of samples per year: 365
2023-06-29 22:27:49,944 - root - INFO - Found data at path /home/bingxing2/home/scx6115/Ocean_AI_model/sample_01/train. Number of examples: 4015. Image Shape: 720 x 1440 x 66
2023-06-29 22:27:49,944 - root - INFO - Delta t: 1 days
2023-06-29 22:27:49,944 - root - INFO - Including 0 days of past history in training at a frequency of 1 days
2023-06-29 22:27:49,982 - root - INFO - Getting file stats from /home/bingxing2/home/scx6115/Ocean_AI_model/sample_01/valid/2011.h5
2023-06-29 22:27:49,983 - root - INFO - Number of samples per year: 364
2023-06-29 22:27:49,983 - root - INFO - Found data at path /home/bingxing2/home/scx6115/Ocean_AI_model/sample_01/valid. Number of examples: 364. Image Shape: 720 x 1440 x 66
2023-06-29 22:27:49,983 - root - INFO - Delta t: 1 days
2023-06-29 22:27:49,984 - root - INFO - Including 0 days of past history in training at a frequency of 1 days
2023-06-29 22:27:49,984 - root - INFO - rank 0, data loader initialized
paraai-n32-h-01-agent-101:654274:654274 [0] NCCL INFO Bootstrap : Using eth0:172.16.5.98<0>
paraai-n32-h-01-agent-101:654274:654274 [0] NCCL INFO NET/Plugin : No plugin found (libnccl-net.so), using internal implementation
paraai-n32-h-01-agent-101:654275:654275 [1] NCCL INFO cudaDriverVersion 11060
paraai-n32-h-01-agent-101:654274:654274 [0] NCCL INFO cudaDriverVersion 11060
paraai-n32-h-01-agent-101:654276:654276 [2] NCCL INFO cudaDriverVersion 11060
NCCL version 2.14.3+cuda11.7
paraai-n32-h-01-agent-101:654277:654277 [3] NCCL INFO cudaDriverVersion 11060
paraai-n32-h-01-agent-101:654276:654276 [2] NCCL INFO Bootstrap : Using eth0:172.16.5.98<0>
paraai-n32-h-01-agent-101:654275:654275 [1] NCCL INFO Bootstrap : Using eth0:172.16.5.98<0>
paraai-n32-h-01-agent-101:654277:654277 [3] NCCL INFO Bootstrap : Using eth0:172.16.5.98<0>
paraai-n32-h-01-agent-101:654276:654276 [2] NCCL INFO NET/Plugin : No plugin found (libnccl-net.so), using internal implementation
paraai-n32-h-01-agent-101:654275:654275 [1] NCCL INFO NET/Plugin : No plugin found (libnccl-net.so), using internal implementation
paraai-n32-h-01-agent-101:654277:654277 [3] NCCL INFO NET/Plugin : No plugin found (libnccl-net.so), using internal implementation
paraai-n32-h-01-agent-101:654274:655209 [0] NCCL INFO NET/IB : Using [0]mlx5_0:1/RoCE [1]mlx5_2:1/RoCE [RO]; OOB eth0:172.16.5.98<0>
paraai-n32-h-01-agent-101:654274:655209 [0] NCCL INFO Using network IB
paraai-n32-h-01-agent-101:654276:655211 [2] NCCL INFO NET/IB : Using [0]mlx5_0:1/RoCE [1]mlx5_2:1/RoCE [RO]; OOB eth0:172.16.5.98<0>
paraai-n32-h-01-agent-101:654276:655211 [2] NCCL INFO Using network IB
paraai-n32-h-01-agent-101:654275:655212 [1] NCCL INFO NET/IB : Using [0]mlx5_0:1/RoCE [1]mlx5_2:1/RoCE [RO]; OOB eth0:172.16.5.98<0>
paraai-n32-h-01-agent-101:654275:655212 [1] NCCL INFO Using network IB
paraai-n32-h-01-agent-101:654277:655213 [3] NCCL INFO NET/IB : Using [0]mlx5_0:1/RoCE [1]mlx5_2:1/RoCE [RO]; OOB eth0:172.16.5.98<0>
paraai-n32-h-01-agent-101:654277:655213 [3] NCCL INFO Using network IB
paraai-n32-h-01-agent-101:654276:655211 [2] NCCL INFO Setting affinity for GPU 2 to ffffffff,00000000,00000000
paraai-n32-h-01-agent-101:654274:655209 [0] NCCL INFO Setting affinity for GPU 0 to ffffffff
paraai-n32-h-01-agent-101:654275:655212 [1] NCCL INFO Setting affinity for GPU 1 to ffffffff
paraai-n32-h-01-agent-101:654277:655213 [3] NCCL INFO Setting affinity for GPU 3 to ffffffff,00000000,00000000
paraai-n32-h-01-agent-101:654277:655213 [3] NCCL INFO NCCL_MAX_NCHANNELS set by environment to 16.
paraai-n32-h-01-agent-101:654277:655213 [3] NCCL INFO NCCL_MIN_NCHANNELS set by environment to 16.
paraai-n32-h-01-agent-101:654276:655211 [2] NCCL INFO NCCL_MAX_NCHANNELS set by environment to 16.
paraai-n32-h-01-agent-101:654277:655213 [3] NCCL INFO Trees [0] -1/-1/-1->3->2 [1] 0/-1/-1->3->2 [2] -1/-1/-1->3->2 [3] 0/-1/-1->3->2 [4] -1/-1/-1->3->2 [5] 0/-1/-1->3->2 [6] -1/-1/-1->3->2 [7] 0/-1/-1->3->2 [8] -1/-1/-1->3->2 [9] 0/-1/-1->3->2 [10] -1/-1/-1->3->2 [11] 0/-1/-1->3->2 [12] -1/-1/-1->3->2 [13] 0/-1/-1->3->2 [14] -1/-1/-1->3->2 [15] 0/-1/-1->3->2
paraai-n32-h-01-agent-101:654276:655211 [2] NCCL INFO NCCL_MIN_NCHANNELS set by environment to 16.
paraai-n32-h-01-agent-101:654276:655211 [2] NCCL INFO Trees [0] 3/-1/-1->2->1 [1] 3/10/-1->2->-1 [2] 3/-1/-1->2->1 [3] 3/-1/-1->2->6 [4] 3/-1/-1->2->1 [5] 3/10/-1->2->-1 [6] 3/-1/-1->2->1 [7] 3/-1/-1->2->6 [8] 3/-1/-1->2->1 [9] 3/10/-1->2->-1 [10] 3/-1/-1->2->1 [11] 3/-1/-1->2->6 [12] 3/-1/-1->2->1 [13] 3/10/-1->2->-1 [14] 3/-1/-1->2->1 [15] 3/-1/-1->2->6
paraai-n32-h-01-agent-101:654275:655212 [1] NCCL INFO NCCL_MAX_NCHANNELS set by environment to 16.
paraai-n32-h-01-agent-101:654274:655209 [0] NCCL INFO NCCL_MAX_NCHANNELS set by environment to 16.
paraai-n32-h-01-agent-101:654275:655212 [1] NCCL INFO NCCL_MIN_NCHANNELS set by environment to 16.
paraai-n32-h-01-agent-101:654274:655209 [0] NCCL INFO NCCL_MIN_NCHANNELS set by environment to 16.
paraai-n32-h-01-agent-101:654274:655209 [0] NCCL INFO Channel 00/16 :    0   1   2   3   4   5   6   7   8   9  10  11  12  13  14  15
paraai-n32-h-01-agent-101:654274:655209 [0] NCCL INFO Channel 01/16 :    0   6   7   5   4  10  11   9   8  14  15  13  12   2   3   1
paraai-n32-h-01-agent-101:654275:655212 [1] NCCL INFO Trees [0] 2/-1/-1->1->0 [1] -1/-1/-1->1->0 [2] 2/-1/-1->1->0 [3] -1/-1/-1->1->0 [4] 2/-1/-1->1->0 [5] -1/-1/-1->1->0 [6] 2/-1/-1->1->0 [7] -1/-1/-1->1->0 [8] 2/-1/-1->1->0 [9] -1/-1/-1->1->0 [10] 2/-1/-1->1->0 [11] -1/-1/-1->1->0 [12] 2/-1/-1->1->0 [13] -1/-1/-1->1->0 [14] 2/-1/-1->1->0 [15] -1/-1/-1->1->0
paraai-n32-h-01-agent-101:654274:655209 [0] NCCL INFO Channel 02/16 :    0   1   2   3   4   5   6   7   8   9  10  11  12  13  14  15
paraai-n32-h-01-agent-101:654274:655209 [0] NCCL INFO Channel 03/16 :    0   6   7   5   4  10  11   9   8  14  15  13  12   2   3   1
paraai-n32-h-01-agent-101:654274:655209 [0] NCCL INFO Channel 04/16 :    0   1   2   3   4   5   6   7   8   9  10  11  12  13  14  15
paraai-n32-h-01-agent-101:654274:655209 [0] NCCL INFO Channel 05/16 :    0   6   7   5   4  10  11   9   8  14  15  13  12   2   3   1
paraai-n32-h-01-agent-101:654274:655209 [0] NCCL INFO Channel 06/16 :    0   1   2   3   4   5   6   7   8   9  10  11  12  13  14  15
paraai-n32-h-01-agent-101:654274:655209 [0] NCCL INFO Channel 07/16 :    0   6   7   5   4  10  11   9   8  14  15  13  12   2   3   1
paraai-n32-h-01-agent-101:654274:655209 [0] NCCL INFO Channel 08/16 :    0   1   2   3   4   5   6   7   8   9  10  11  12  13  14  15
paraai-n32-h-01-agent-101:654274:655209 [0] NCCL INFO Channel 09/16 :    0   6   7   5   4  10  11   9   8  14  15  13  12   2   3   1
paraai-n32-h-01-agent-101:654274:655209 [0] NCCL INFO Channel 10/16 :    0   1   2   3   4   5   6   7   8   9  10  11  12  13  14  15
paraai-n32-h-01-agent-101:654274:655209 [0] NCCL INFO Channel 11/16 :    0   6   7   5   4  10  11   9   8  14  15  13  12   2   3   1
paraai-n32-h-01-agent-101:654274:655209 [0] NCCL INFO Channel 12/16 :    0   1   2   3   4   5   6   7   8   9  10  11  12  13  14  15
paraai-n32-h-01-agent-101:654274:655209 [0] NCCL INFO Channel 13/16 :    0   6   7   5   4  10  11   9   8  14  15  13  12   2   3   1
paraai-n32-h-01-agent-101:654274:655209 [0] NCCL INFO Channel 14/16 :    0   1   2   3   4   5   6   7   8   9  10  11  12  13  14  15
paraai-n32-h-01-agent-101:654274:655209 [0] NCCL INFO Channel 15/16 :    0   6   7   5   4  10  11   9   8  14  15  13  12   2   3   1
paraai-n32-h-01-agent-101:654274:655209 [0] NCCL INFO Trees [0] 1/8/-1->0->-1 [1] 1/-1/-1->0->3 [2] 1/-1/-1->0->4 [3] 1/-1/-1->0->3 [4] 1/8/-1->0->-1 [5] 1/-1/-1->0->3 [6] 1/-1/-1->0->4 [7] 1/-1/-1->0->3 [8] 1/8/-1->0->-1 [9] 1/-1/-1->0->3 [10] 1/-1/-1->0->4 [11] 1/-1/-1->0->3 [12] 1/8/-1->0->-1 [13] 1/-1/-1->0->3 [14] 1/-1/-1->0->4 [15] 1/-1/-1->0->3
paraai-n32-h-01-agent-101:654274:655209 [0] NCCL INFO Channel 00/0 : 15[82000] -> 0[1000] [receive] via NET/IB/0
paraai-n32-h-01-agent-101:654276:655211 [2] NCCL INFO Channel 00 : 2[81000] -> 3[82000] via SHM/direct/direct
paraai-n32-h-01-agent-101:654275:655212 [1] NCCL INFO Channel 00 : 1[2000] -> 2[81000] via SHM/direct/direct
paraai-n32-h-01-agent-101:654276:655211 [2] NCCL INFO Channel 01 : 2[81000] -> 3[82000] via SHM/direct/direct
paraai-n32-h-01-agent-101:654275:655212 [1] NCCL INFO Channel 02 : 1[2000] -> 2[81000] via SHM/direct/direct
paraai-n32-h-01-agent-101:654276:655211 [2] NCCL INFO Channel 02 : 2[81000] -> 3[82000] via SHM/direct/direct
paraai-n32-h-01-agent-101:654275:655212 [1] NCCL INFO Channel 04 : 1[2000] -> 2[81000] via SHM/direct/direct
paraai-n32-h-01-agent-101:654276:655211 [2] NCCL INFO Channel 03 : 2[81000] -> 3[82000] via SHM/direct/direct
paraai-n32-h-01-agent-101:654275:655212 [1] NCCL INFO Channel 06 : 1[2000] -> 2[81000] via SHM/direct/direct
paraai-n32-h-01-agent-101:654276:655211 [2] NCCL INFO Channel 04 : 2[81000] -> 3[82000] via SHM/direct/direct
paraai-n32-h-01-agent-101:654275:655212 [1] NCCL INFO Channel 08 : 1[2000] -> 2[81000] via SHM/direct/direct
paraai-n32-h-01-agent-101:654276:655211 [2] NCCL INFO Channel 05 : 2[81000] -> 3[82000] via SHM/direct/direct
paraai-n32-h-01-agent-101:654275:655212 [1] NCCL INFO Channel 10 : 1[2000] -> 2[81000] via SHM/direct/direct
paraai-n32-h-01-agent-101:654276:655211 [2] NCCL INFO Channel 06 : 2[81000] -> 3[82000] via SHM/direct/direct
paraai-n32-h-01-agent-101:654275:655212 [1] NCCL INFO Channel 12 : 1[2000] -> 2[81000] via SHM/direct/direct
paraai-n32-h-01-agent-101:654276:655211 [2] NCCL INFO Channel 07 : 2[81000] -> 3[82000] via SHM/direct/direct
paraai-n32-h-01-agent-101:654275:655212 [1] NCCL INFO Channel 14 : 1[2000] -> 2[81000] via SHM/direct/direct
paraai-n32-h-01-agent-101:654276:655211 [2] NCCL INFO Channel 08 : 2[81000] -> 3[82000] via SHM/direct/direct
paraai-n32-h-01-agent-101:654276:655211 [2] NCCL INFO Channel 09 : 2[81000] -> 3[82000] via SHM/direct/direct
paraai-n32-h-01-agent-101:654276:655211 [2] NCCL INFO Channel 10 : 2[81000] -> 3[82000] via SHM/direct/direct
paraai-n32-h-01-agent-101:654276:655211 [2] NCCL INFO Channel 11 : 2[81000] -> 3[82000] via SHM/direct/direct
paraai-n32-h-01-agent-101:654276:655211 [2] NCCL INFO Channel 12 : 2[81000] -> 3[82000] via SHM/direct/direct
paraai-n32-h-01-agent-101:654276:655211 [2] NCCL INFO Channel 13 : 2[81000] -> 3[82000] via SHM/direct/direct
paraai-n32-h-01-agent-101:654276:655211 [2] NCCL INFO Channel 14 : 2[81000] -> 3[82000] via SHM/direct/direct
paraai-n32-h-01-agent-101:654276:655211 [2] NCCL INFO Channel 15 : 2[81000] -> 3[82000] via SHM/direct/direct
paraai-n32-h-01-agent-101:654277:655213 [3] NCCL INFO Channel 00/0 : 3[82000] -> 4[1000] [send] via NET/IB/1
paraai-n32-h-01-agent-101:654274:655209 [0] NCCL INFO Channel 02/0 : 15[82000] -> 0[1000] [receive] via NET/IB/0
paraai-n32-h-01-agent-101:654277:655213 [3] NCCL INFO Channel 02/0 : 3[82000] -> 4[1000] [send] via NET/IB/1
paraai-n32-h-01-agent-101:654274:655209 [0] NCCL INFO Channel 04/0 : 15[82000] -> 0[1000] [receive] via NET/IB/0
paraai-n32-h-01-agent-101:654277:655213 [3] NCCL INFO Channel 04/0 : 3[82000] -> 4[1000] [send] via NET/IB/1
paraai-n32-h-01-agent-101:654274:655209 [0] NCCL INFO Channel 06/0 : 15[82000] -> 0[1000] [receive] via NET/IB/0
paraai-n32-h-01-agent-101:654277:655213 [3] NCCL INFO Channel 06/0 : 3[82000] -> 4[1000] [send] via NET/IB/1
paraai-n32-h-01-agent-101:654274:655209 [0] NCCL INFO Channel 08/0 : 15[82000] -> 0[1000] [receive] via NET/IB/0
paraai-n32-h-01-agent-101:654277:655213 [3] NCCL INFO Channel 08/0 : 3[82000] -> 4[1000] [send] via NET/IB/1
paraai-n32-h-01-agent-101:654274:655209 [0] NCCL INFO Channel 10/0 : 15[82000] -> 0[1000] [receive] via NET/IB/0
paraai-n32-h-01-agent-101:654277:655213 [3] NCCL INFO Channel 10/0 : 3[82000] -> 4[1000] [send] via NET/IB/1
paraai-n32-h-01-agent-101:654274:655209 [0] NCCL INFO Channel 12/0 : 15[82000] -> 0[1000] [receive] via NET/IB/0
paraai-n32-h-01-agent-101:654277:655213 [3] NCCL INFO Channel 12/0 : 3[82000] -> 4[1000] [send] via NET/IB/1
paraai-n32-h-01-agent-101:654274:655209 [0] NCCL INFO Channel 14/0 : 15[82000] -> 0[1000] [receive] via NET/IB/0
paraai-n32-h-01-agent-101:654274:655209 [0] NCCL INFO Channel 00 : 0[1000] -> 1[2000] via SHM/direct/direct
paraai-n32-h-01-agent-101:654274:655209 [0] NCCL INFO Channel 02 : 0[1000] -> 1[2000] via SHM/direct/direct
paraai-n32-h-01-agent-101:654274:655209 [0] NCCL INFO Channel 04 : 0[1000] -> 1[2000] via SHM/direct/direct
paraai-n32-h-01-agent-101:654274:655209 [0] NCCL INFO Channel 06 : 0[1000] -> 1[2000] via SHM/direct/direct
paraai-n32-h-01-agent-101:654274:655209 [0] NCCL INFO Channel 08 : 0[1000] -> 1[2000] via SHM/direct/direct
paraai-n32-h-01-agent-101:654274:655209 [0] NCCL INFO Channel 10 : 0[1000] -> 1[2000] via SHM/direct/direct
paraai-n32-h-01-agent-101:654274:655209 [0] NCCL INFO Channel 12 : 0[1000] -> 1[2000] via SHM/direct/direct
paraai-n32-h-01-agent-101:654274:655209 [0] NCCL INFO Channel 14 : 0[1000] -> 1[2000] via SHM/direct/direct
paraai-n32-h-01-agent-101:654277:655213 [3] NCCL INFO Channel 14/0 : 3[82000] -> 4[1000] [send] via NET/IB/1
paraai-n32-h-01-agent-101:654274:655223 [0] NCCL INFO NCCL_IB_GID_INDEX set by environment to 3.
paraai-n32-h-01-agent-101:654276:655211 [2] NCCL INFO Channel 01/0 : 12[1000] -> 2[81000] [receive] via NET/IB/1
paraai-n32-h-01-agent-101:654276:655211 [2] NCCL INFO Channel 03/0 : 12[1000] -> 2[81000] [receive] via NET/IB/1
paraai-n32-h-01-agent-101:654277:655224 [3] NCCL INFO NCCL_IB_GID_INDEX set by environment to 3.
paraai-n32-h-01-agent-101:654276:655211 [2] NCCL INFO Channel 05/0 : 12[1000] -> 2[81000] [receive] via NET/IB/1
paraai-n32-h-01-agent-101:654274:655209 [0] NCCL INFO Channel 01/0 : 0[1000] -> 6[81000] [send] via NET/IB/0
paraai-n32-h-01-agent-101:654276:655211 [2] NCCL INFO Channel 07/0 : 12[1000] -> 2[81000] [receive] via NET/IB/1
paraai-n32-h-01-agent-101:654274:655209 [0] NCCL INFO Channel 03/0 : 0[1000] -> 6[81000] [send] via NET/IB/0
paraai-n32-h-01-agent-101:654274:655209 [0] NCCL INFO Channel 05/0 : 0[1000] -> 6[81000] [send] via NET/IB/0
paraai-n32-h-01-agent-101:654277:655213 [3] NCCL INFO Channel 01 : 3[82000] -> 1[2000] via SHM/direct/direct
paraai-n32-h-01-agent-101:654277:655213 [3] NCCL INFO Channel 03 : 3[82000] -> 1[2000] via SHM/direct/direct
paraai-n32-h-01-agent-101:654277:655213 [3] NCCL INFO Channel 05 : 3[82000] -> 1[2000] via SHM/direct/direct
paraai-n32-h-01-agent-101:654277:655213 [3] NCCL INFO Channel 07 : 3[82000] -> 1[2000] via SHM/direct/direct
paraai-n32-h-01-agent-101:654277:655213 [3] NCCL INFO Channel 09 : 3[82000] -> 1[2000] via SHM/direct/direct
paraai-n32-h-01-agent-101:654277:655213 [3] NCCL INFO Channel 11 : 3[82000] -> 1[2000] via SHM/direct/direct
paraai-n32-h-01-agent-101:654277:655213 [3] NCCL INFO Channel 13 : 3[82000] -> 1[2000] via SHM/direct/direct
paraai-n32-h-01-agent-101:654277:655213 [3] NCCL INFO Channel 15 : 3[82000] -> 1[2000] via SHM/direct/direct
paraai-n32-h-01-agent-101:654275:655212 [1] NCCL INFO Channel 01 : 1[2000] -> 0[1000] via SHM/direct/direct
paraai-n32-h-01-agent-101:654275:655212 [1] NCCL INFO Channel 03 : 1[2000] -> 0[1000] via SHM/direct/direct
paraai-n32-h-01-agent-101:654275:655212 [1] NCCL INFO Channel 05 : 1[2000] -> 0[1000] via SHM/direct/direct
paraai-n32-h-01-agent-101:654275:655212 [1] NCCL INFO Channel 07 : 1[2000] -> 0[1000] via SHM/direct/direct
paraai-n32-h-01-agent-101:654275:655212 [1] NCCL INFO Channel 09 : 1[2000] -> 0[1000] via SHM/direct/direct
paraai-n32-h-01-agent-101:654275:655212 [1] NCCL INFO Channel 11 : 1[2000] -> 0[1000] via SHM/direct/direct
paraai-n32-h-01-agent-101:654275:655212 [1] NCCL INFO Channel 13 : 1[2000] -> 0[1000] via SHM/direct/direct
paraai-n32-h-01-agent-101:654275:655212 [1] NCCL INFO Channel 15 : 1[2000] -> 0[1000] via SHM/direct/direct
paraai-n32-h-01-agent-101:654277:655213 [3] NCCL INFO Connected all rings
paraai-n32-h-01-agent-101:654274:655209 [0] NCCL INFO Channel 07/0 : 0[1000] -> 6[81000] [send] via NET/IB/0
paraai-n32-h-01-agent-101:654276:655211 [2] NCCL INFO Channel 09/0 : 12[1000] -> 2[81000] [receive] via NET/IB/1
paraai-n32-h-01-agent-101:654274:655209 [0] NCCL INFO Channel 09/0 : 0[1000] -> 6[81000] [send] via NET/IB/0
paraai-n32-h-01-agent-101:654276:655211 [2] NCCL INFO Channel 11/0 : 12[1000] -> 2[81000] [receive] via NET/IB/1
paraai-n32-h-01-agent-101:654274:655209 [0] NCCL INFO Channel 11/0 : 0[1000] -> 6[81000] [send] via NET/IB/0
paraai-n32-h-01-agent-101:654276:655211 [2] NCCL INFO Channel 13/0 : 12[1000] -> 2[81000] [receive] via NET/IB/1
paraai-n32-h-01-agent-101:654274:655209 [0] NCCL INFO Channel 13/0 : 0[1000] -> 6[81000] [send] via NET/IB/0
paraai-n32-h-01-agent-101:654276:655211 [2] NCCL INFO Channel 15/0 : 12[1000] -> 2[81000] [receive] via NET/IB/1
paraai-n32-h-01-agent-101:654274:655209 [0] NCCL INFO Channel 15/0 : 0[1000] -> 6[81000] [send] via NET/IB/0
paraai-n32-h-01-agent-101:654274:655209 [0] NCCL INFO Connected all rings
paraai-n32-h-01-agent-101:654274:655209 [0] NCCL INFO Channel 01 : 0[1000] -> 1[2000] via SHM/direct/direct
paraai-n32-h-01-agent-101:654274:655209 [0] NCCL INFO Channel 03 : 0[1000] -> 1[2000] via SHM/direct/direct
paraai-n32-h-01-agent-101:654274:655209 [0] NCCL INFO Channel 05 : 0[1000] -> 1[2000] via SHM/direct/direct
paraai-n32-h-01-agent-101:654274:655209 [0] NCCL INFO Channel 07 : 0[1000] -> 1[2000] via SHM/direct/direct
paraai-n32-h-01-agent-101:654274:655209 [0] NCCL INFO Channel 09 : 0[1000] -> 1[2000] via SHM/direct/direct
paraai-n32-h-01-agent-101:654274:655209 [0] NCCL INFO Channel 11 : 0[1000] -> 1[2000] via SHM/direct/direct
paraai-n32-h-01-agent-101:654274:655209 [0] NCCL INFO Channel 13 : 0[1000] -> 1[2000] via SHM/direct/direct
paraai-n32-h-01-agent-101:654274:655209 [0] NCCL INFO Channel 15 : 0[1000] -> 1[2000] via SHM/direct/direct
paraai-n32-h-01-agent-101:654275:655212 [1] NCCL INFO Connected all rings
paraai-n32-h-01-agent-101:654274:655209 [0] NCCL INFO Channel 01 : 0[1000] -> 3[82000] via SHM/direct/direct
paraai-n32-h-01-agent-101:654274:655209 [0] NCCL INFO Channel 03 : 0[1000] -> 3[82000] via SHM/direct/direct
paraai-n32-h-01-agent-101:654274:655209 [0] NCCL INFO Channel 05 : 0[1000] -> 3[82000] via SHM/direct/direct
paraai-n32-h-01-agent-101:654274:655209 [0] NCCL INFO Channel 07 : 0[1000] -> 3[82000] via SHM/direct/direct
paraai-n32-h-01-agent-101:654274:655209 [0] NCCL INFO Channel 09 : 0[1000] -> 3[82000] via SHM/direct/direct
paraai-n32-h-01-agent-101:654274:655209 [0] NCCL INFO Channel 11 : 0[1000] -> 3[82000] via SHM/direct/direct
paraai-n32-h-01-agent-101:654274:655209 [0] NCCL INFO Channel 13 : 0[1000] -> 3[82000] via SHM/direct/direct
paraai-n32-h-01-agent-101:654274:655209 [0] NCCL INFO Channel 15 : 0[1000] -> 3[82000] via SHM/direct/direct
paraai-n32-h-01-agent-101:654277:655213 [3] NCCL INFO Channel 01 : 3[82000] -> 0[1000] via SHM/direct/direct
paraai-n32-h-01-agent-101:654277:655213 [3] NCCL INFO Channel 03 : 3[82000] -> 0[1000] via SHM/direct/direct
paraai-n32-h-01-agent-101:654277:655213 [3] NCCL INFO Channel 05 : 3[82000] -> 0[1000] via SHM/direct/direct
paraai-n32-h-01-agent-101:654277:655213 [3] NCCL INFO Channel 07 : 3[82000] -> 0[1000] via SHM/direct/direct
paraai-n32-h-01-agent-101:654277:655213 [3] NCCL INFO Channel 09 : 3[82000] -> 0[1000] via SHM/direct/direct
paraai-n32-h-01-agent-101:654277:655213 [3] NCCL INFO Channel 11 : 3[82000] -> 0[1000] via SHM/direct/direct
paraai-n32-h-01-agent-101:654277:655213 [3] NCCL INFO Channel 13 : 3[82000] -> 0[1000] via SHM/direct/direct
paraai-n32-h-01-agent-101:654277:655213 [3] NCCL INFO Channel 15 : 3[82000] -> 0[1000] via SHM/direct/direct
paraai-n32-h-01-agent-101:654275:655212 [1] NCCL INFO Channel 00 : 1[2000] -> 0[1000] via SHM/direct/direct
paraai-n32-h-01-agent-101:654275:655212 [1] NCCL INFO Channel 02 : 1[2000] -> 0[1000] via SHM/direct/direct
paraai-n32-h-01-agent-101:654275:655212 [1] NCCL INFO Channel 04 : 1[2000] -> 0[1000] via SHM/direct/direct
paraai-n32-h-01-agent-101:654275:655212 [1] NCCL INFO Channel 06 : 1[2000] -> 0[1000] via SHM/direct/direct
paraai-n32-h-01-agent-101:654275:655212 [1] NCCL INFO Channel 08 : 1[2000] -> 0[1000] via SHM/direct/direct
paraai-n32-h-01-agent-101:654275:655212 [1] NCCL INFO Channel 10 : 1[2000] -> 0[1000] via SHM/direct/direct
paraai-n32-h-01-agent-101:654275:655212 [1] NCCL INFO Channel 12 : 1[2000] -> 0[1000] via SHM/direct/direct
paraai-n32-h-01-agent-101:654275:655212 [1] NCCL INFO Channel 14 : 1[2000] -> 0[1000] via SHM/direct/direct
paraai-n32-h-01-agent-101:654274:655209 [0] NCCL INFO Channel 02/0 : 0[1000] -> 4[1000] [send] via NET/IB/0
paraai-n32-h-01-agent-101:654274:655209 [0] NCCL INFO Channel 06/0 : 0[1000] -> 4[1000] [send] via NET/IB/0
paraai-n32-h-01-agent-101:654274:655209 [0] NCCL INFO Channel 10/0 : 0[1000] -> 4[1000] [send] via NET/IB/0
paraai-n32-h-01-agent-101:654276:655222 [2] NCCL INFO NCCL_IB_GID_INDEX set by environment to 3.
paraai-n32-h-01-agent-101:654276:655211 [2] NCCL INFO Connected all rings
paraai-n32-h-01-agent-101:654274:655209 [0] NCCL INFO Channel 14/0 : 0[1000] -> 4[1000] [send] via NET/IB/0
paraai-n32-h-01-agent-101:654276:655211 [2] NCCL INFO Channel 03/0 : 2[81000] -> 6[81000] [send] via NET/IB/1
paraai-n32-h-01-agent-101:654276:655211 [2] NCCL INFO Channel 07/0 : 2[81000] -> 6[81000] [send] via NET/IB/1
paraai-n32-h-01-agent-101:654276:655211 [2] NCCL INFO Channel 11/0 : 2[81000] -> 6[81000] [send] via NET/IB/1
paraai-n32-h-01-agent-101:654276:655211 [2] NCCL INFO Channel 15/0 : 2[81000] -> 6[81000] [send] via NET/IB/1
paraai-n32-h-01-agent-101:654274:655209 [0] NCCL INFO Channel 00/0 : 8[1000] -> 0[1000] [receive] via NET/IB/0
paraai-n32-h-01-agent-101:654276:655211 [2] NCCL INFO Channel 01/0 : 10[81000] -> 2[81000] [receive] via NET/IB/1
paraai-n32-h-01-agent-101:654274:655209 [0] NCCL INFO Channel 04/0 : 8[1000] -> 0[1000] [receive] via NET/IB/0
paraai-n32-h-01-agent-101:654276:655211 [2] NCCL INFO Channel 05/0 : 10[81000] -> 2[81000] [receive] via NET/IB/1
paraai-n32-h-01-agent-101:654274:655209 [0] NCCL INFO Channel 08/0 : 8[1000] -> 0[1000] [receive] via NET/IB/0
paraai-n32-h-01-agent-101:654276:655211 [2] NCCL INFO Channel 09/0 : 10[81000] -> 2[81000] [receive] via NET/IB/1
paraai-n32-h-01-agent-101:654274:655209 [0] NCCL INFO Channel 12/0 : 8[1000] -> 0[1000] [receive] via NET/IB/0
paraai-n32-h-01-agent-101:654276:655211 [2] NCCL INFO Channel 13/0 : 10[81000] -> 2[81000] [receive] via NET/IB/1
paraai-n32-h-01-agent-101:654274:655209 [0] NCCL INFO Channel 00/0 : 0[1000] -> 8[1000] [send] via NET/IB/0
paraai-n32-h-01-agent-101:654276:655211 [2] NCCL INFO Channel 01/0 : 2[81000] -> 10[81000] [send] via NET/IB/1
paraai-n32-h-01-agent-101:654274:655209 [0] NCCL INFO Channel 04/0 : 0[1000] -> 8[1000] [send] via NET/IB/0
paraai-n32-h-01-agent-101:654276:655211 [2] NCCL INFO Channel 05/0 : 2[81000] -> 10[81000] [send] via NET/IB/1
paraai-n32-h-01-agent-101:654274:655209 [0] NCCL INFO Channel 08/0 : 0[1000] -> 8[1000] [send] via NET/IB/0
paraai-n32-h-01-agent-101:654276:655211 [2] NCCL INFO Channel 09/0 : 2[81000] -> 10[81000] [send] via NET/IB/1
paraai-n32-h-01-agent-101:654274:655209 [0] NCCL INFO Channel 12/0 : 0[1000] -> 8[1000] [send] via NET/IB/0
paraai-n32-h-01-agent-101:654276:655211 [2] NCCL INFO Channel 13/0 : 2[81000] -> 10[81000] [send] via NET/IB/1
paraai-n32-h-01-agent-101:654276:655211 [2] NCCL INFO Channel 03/0 : 6[81000] -> 2[81000] [receive] via NET/IB/1
paraai-n32-h-01-agent-101:654276:655211 [2] NCCL INFO Channel 07/0 : 6[81000] -> 2[81000] [receive] via NET/IB/1
paraai-n32-h-01-agent-101:654276:655211 [2] NCCL INFO Channel 11/0 : 6[81000] -> 2[81000] [receive] via NET/IB/1
paraai-n32-h-01-agent-101:654276:655211 [2] NCCL INFO Channel 15/0 : 6[81000] -> 2[81000] [receive] via NET/IB/1
paraai-n32-h-01-agent-101:654274:655209 [0] NCCL INFO Channel 02/0 : 4[1000] -> 0[1000] [receive] via NET/IB/0
paraai-n32-h-01-agent-101:654274:655209 [0] NCCL INFO Channel 06/0 : 4[1000] -> 0[1000] [receive] via NET/IB/0
paraai-n32-h-01-agent-101:654274:655209 [0] NCCL INFO Channel 10/0 : 4[1000] -> 0[1000] [receive] via NET/IB/0
paraai-n32-h-01-agent-101:654274:655209 [0] NCCL INFO Channel 14/0 : 4[1000] -> 0[1000] [receive] via NET/IB/0
paraai-n32-h-01-agent-101:654276:655211 [2] NCCL INFO Channel 00 : 2[81000] -> 1[2000] via SHM/direct/direct
paraai-n32-h-01-agent-101:654276:655211 [2] NCCL INFO Channel 02 : 2[81000] -> 1[2000] via SHM/direct/direct
paraai-n32-h-01-agent-101:654276:655211 [2] NCCL INFO Channel 04 : 2[81000] -> 1[2000] via SHM/direct/direct
paraai-n32-h-01-agent-101:654276:655211 [2] NCCL INFO Channel 06 : 2[81000] -> 1[2000] via SHM/direct/direct
paraai-n32-h-01-agent-101:654276:655211 [2] NCCL INFO Channel 08 : 2[81000] -> 1[2000] via SHM/direct/direct
paraai-n32-h-01-agent-101:654276:655211 [2] NCCL INFO Channel 10 : 2[81000] -> 1[2000] via SHM/direct/direct
paraai-n32-h-01-agent-101:654276:655211 [2] NCCL INFO Channel 12 : 2[81000] -> 1[2000] via SHM/direct/direct
paraai-n32-h-01-agent-101:654276:655211 [2] NCCL INFO Channel 14 : 2[81000] -> 1[2000] via SHM/direct/direct
paraai-n32-h-01-agent-101:654277:655213 [3] NCCL INFO Channel 00 : 3[82000] -> 2[81000] via SHM/direct/direct
paraai-n32-h-01-agent-101:654277:655213 [3] NCCL INFO Channel 01 : 3[82000] -> 2[81000] via SHM/direct/direct
paraai-n32-h-01-agent-101:654277:655213 [3] NCCL INFO Channel 02 : 3[82000] -> 2[81000] via SHM/direct/direct
paraai-n32-h-01-agent-101:654277:655213 [3] NCCL INFO Channel 03 : 3[82000] -> 2[81000] via SHM/direct/direct
paraai-n32-h-01-agent-101:654277:655213 [3] NCCL INFO Channel 04 : 3[82000] -> 2[81000] via SHM/direct/direct
paraai-n32-h-01-agent-101:654277:655213 [3] NCCL INFO Channel 05 : 3[82000] -> 2[81000] via SHM/direct/direct
paraai-n32-h-01-agent-101:654277:655213 [3] NCCL INFO Channel 06 : 3[82000] -> 2[81000] via SHM/direct/direct
paraai-n32-h-01-agent-101:654277:655213 [3] NCCL INFO Channel 07 : 3[82000] -> 2[81000] via SHM/direct/direct
paraai-n32-h-01-agent-101:654277:655213 [3] NCCL INFO Channel 08 : 3[82000] -> 2[81000] via SHM/direct/direct
paraai-n32-h-01-agent-101:654277:655213 [3] NCCL INFO Channel 09 : 3[82000] -> 2[81000] via SHM/direct/direct
paraai-n32-h-01-agent-101:654277:655213 [3] NCCL INFO Channel 10 : 3[82000] -> 2[81000] via SHM/direct/direct
paraai-n32-h-01-agent-101:654277:655213 [3] NCCL INFO Channel 11 : 3[82000] -> 2[81000] via SHM/direct/direct
paraai-n32-h-01-agent-101:654277:655213 [3] NCCL INFO Channel 12 : 3[82000] -> 2[81000] via SHM/direct/direct
paraai-n32-h-01-agent-101:654277:655213 [3] NCCL INFO Channel 13 : 3[82000] -> 2[81000] via SHM/direct/direct
paraai-n32-h-01-agent-101:654277:655213 [3] NCCL INFO Channel 14 : 3[82000] -> 2[81000] via SHM/direct/direct
paraai-n32-h-01-agent-101:654277:655213 [3] NCCL INFO Channel 15 : 3[82000] -> 2[81000] via SHM/direct/direct
paraai-n32-h-01-agent-101:654274:655209 [0] NCCL INFO Connected all trees
paraai-n32-h-01-agent-101:654274:655209 [0] NCCL INFO threadThresholds 8/8/64 | 128/8/64 | 512 | 512
paraai-n32-h-01-agent-101:654274:655209 [0] NCCL INFO 16 coll channels, 16 p2p channels, 2 p2p channels per peer
paraai-n32-h-01-agent-101:654275:655212 [1] NCCL INFO Connected all trees
paraai-n32-h-01-agent-101:654276:655211 [2] NCCL INFO Connected all trees
paraai-n32-h-01-agent-101:654276:655211 [2] NCCL INFO threadThresholds 8/8/64 | 128/8/64 | 512 | 512
paraai-n32-h-01-agent-101:654275:655212 [1] NCCL INFO threadThresholds 8/8/64 | 128/8/64 | 512 | 512
paraai-n32-h-01-agent-101:654276:655211 [2] NCCL INFO 16 coll channels, 16 p2p channels, 2 p2p channels per peer
paraai-n32-h-01-agent-101:654275:655212 [1] NCCL INFO 16 coll channels, 16 p2p channels, 2 p2p channels per peer
paraai-n32-h-01-agent-101:654277:655213 [3] NCCL INFO Connected all trees
paraai-n32-h-01-agent-101:654277:655213 [3] NCCL INFO threadThresholds 8/8/64 | 128/8/64 | 512 | 512
paraai-n32-h-01-agent-101:654277:655213 [3] NCCL INFO 16 coll channels, 16 p2p channels, 2 p2p channels per peer
paraai-n32-h-01-agent-101:654276:655211 [2] NCCL INFO comm 0x1ec5cd00 rank 2 nranks 16 cudaDev 2 busId 81000 - Init COMPLETE
paraai-n32-h-01-agent-101:654277:655213 [3] NCCL INFO comm 0x5331ad60 rank 3 nranks 16 cudaDev 3 busId 82000 - Init COMPLETE
paraai-n32-h-01-agent-101:654275:655212 [1] NCCL INFO comm 0x2f72e600 rank 1 nranks 16 cudaDev 1 busId 2000 - Init COMPLETE
paraai-n32-h-01-agent-101:654274:655209 [0] NCCL INFO comm 0x823c5300 rank 0 nranks 16 cudaDev 0 busId 1000 - Init COMPLETE
2023-06-29 22:27:57,795 - root - INFO - Number of trainable model parameters: 167619645
2023-06-29 22:27:57,796 - root - INFO - Starting Training Loop...
2023-06-29 22:41:37,676 - root - INFO - Val loss improved from 1000000.0 to 0.4995749294757843
2023-06-29 22:41:39,865 - root - INFO - Time taken for epoch 1 is 822.069043636322 sec
2023-06-29 22:41:39,866 - root - INFO - train data time=33.459590911865234, train step time=179.79652285575867, valid step time=64.05729246139526
2023-06-29 22:41:39,866 - root - INFO - Train loss: 0.4806753098964691. Valid loss: 0.4995749294757843
2023-06-29 22:55:12,767 - root - INFO - Val loss improved from 0.4995749294757843 to 0.41491177678108215
2023-06-29 22:55:15,136 - root - INFO - Time taken for epoch 2 is 815.2696437835693 sec
2023-06-29 22:55:15,137 - root - INFO - train data time=30.249059200286865, train step time=179.15770506858826, valid step time=63.03581357002258
2023-06-29 22:55:15,137 - root - INFO - Train loss: 0.40858322381973267. Valid loss: 0.41491177678108215
2023-06-29 23:08:51,401 - root - INFO - Val loss improved from 0.41491177678108215 to 0.39148083329200745
2023-06-29 23:08:53,847 - root - INFO - Time taken for epoch 3 is 818.709689617157 sec
2023-06-29 23:08:53,848 - root - INFO - train data time=33.79529142379761, train step time=177.4910044670105, valid step time=63.32510757446289
2023-06-29 23:08:53,848 - root - INFO - Train loss: 0.3743812143802643. Valid loss: 0.39148083329200745
2023-06-29 23:22:30,288 - root - INFO - Val loss improved from 0.39148083329200745 to 0.3522452116012573
2023-06-29 23:22:32,489 - root - INFO - Time taken for epoch 4 is 818.6408121585846 sec
2023-06-29 23:22:32,491 - root - INFO - train data time=40.8467698097229, train step time=180.12597823143005, valid step time=62.25469493865967
2023-06-29 23:22:32,491 - root - INFO - Train loss: 0.34556934237480164. Valid loss: 0.3522452116012573
2023-06-29 23:36:09,924 - root - INFO - Val loss improved from 0.3522452116012573 to 0.3414193391799927
2023-06-29 23:36:12,446 - root - INFO - Time taken for epoch 5 is 819.9542994499207 sec
2023-06-29 23:36:12,446 - root - INFO - train data time=41.58371663093567, train step time=186.35694909095764, valid step time=63.40908622741699
2023-06-29 23:36:12,447 - root - INFO - Train loss: 0.3347818851470947. Valid loss: 0.3414193391799927
2023-06-29 23:49:55,839 - root - INFO - Time taken for epoch 6 is 823.3917260169983 sec
2023-06-29 23:49:55,839 - root - INFO - train data time=42.73755764961243, train step time=180.14168238639832, valid step time=63.616793632507324
2023-06-29 23:49:55,840 - root - INFO - Train loss: 0.3300764262676239. Valid loss: 0.34515684843063354
2023-06-30 00:03:30,579 - root - INFO - Val loss improved from 0.3414193391799927 to 0.32384565472602844
2023-06-30 00:03:32,887 - root - INFO - Time taken for epoch 7 is 817.0469057559967 sec
2023-06-30 00:03:32,888 - root - INFO - train data time=40.05226707458496, train step time=180.04955530166626, valid step time=62.844072580337524
2023-06-30 00:03:32,888 - root - INFO - Train loss: 0.31833064556121826. Valid loss: 0.32384565472602844
2023-06-30 00:17:11,027 - root - INFO - Val loss improved from 0.32384565472602844 to 0.31636884808540344
2023-06-30 00:17:13,519 - root - INFO - Time taken for epoch 8 is 820.6304650306702 sec
2023-06-30 00:17:13,520 - root - INFO - train data time=39.59873366355896, train step time=180.5178027153015, valid step time=62.646549701690674
2023-06-30 00:17:13,520 - root - INFO - Train loss: 0.3162606954574585. Valid loss: 0.31636884808540344
2023-06-30 00:30:45,615 - root - INFO - Val loss improved from 0.31636884808540344 to 0.3078186810016632
2023-06-30 00:30:47,842 - root - INFO - Time taken for epoch 9 is 814.3213295936584 sec
2023-06-30 00:30:47,842 - root - INFO - train data time=30.873989582061768, train step time=167.43187427520752, valid step time=63.38513469696045
2023-06-30 00:30:47,843 - root - INFO - Train loss: 0.3035323917865753. Valid loss: 0.3078186810016632
2023-06-30 00:44:26,025 - root - INFO - Val loss improved from 0.3078186810016632 to 0.30268293619155884
2023-06-30 00:44:28,567 - root - INFO - Time taken for epoch 10 is 820.7240769863129 sec
2023-06-30 00:44:28,568 - root - INFO - train data time=33.27618408203125, train step time=168.5760064125061, valid step time=63.16798186302185
2023-06-30 00:44:28,568 - root - INFO - Train loss: 0.29323244094848633. Valid loss: 0.30268293619155884
2023-06-30 00:58:08,932 - root - INFO - Val loss improved from 0.30268293619155884 to 0.2981337904930115
2023-06-30 00:58:11,186 - root - INFO - Time taken for epoch 11 is 822.6181981563568 sec
2023-06-30 00:58:11,187 - root - INFO - train data time=43.095688581466675, train step time=178.27392148971558, valid step time=62.50144982337952
2023-06-30 00:58:11,188 - root - INFO - Train loss: 0.2917071580886841. Valid loss: 0.2981337904930115
2023-06-30 01:11:47,079 - root - INFO - Val loss improved from 0.2981337904930115 to 0.2936437427997589
2023-06-30 01:11:49,420 - root - INFO - Time taken for epoch 12 is 818.2322897911072 sec
2023-06-30 01:11:49,421 - root - INFO - train data time=43.203577280044556, train step time=180.28158831596375, valid step time=63.1634578704834
2023-06-30 01:11:49,422 - root - INFO - Train loss: 0.2870384454727173. Valid loss: 0.2936437427997589
2023-06-30 01:25:26,408 - root - INFO - Val loss improved from 0.2936437427997589 to 0.28967854380607605
2023-06-30 01:25:28,900 - root - INFO - Time taken for epoch 13 is 819.4775202274323 sec
2023-06-30 01:25:28,901 - root - INFO - train data time=37.73758101463318, train step time=170.05901980400085, valid step time=62.70468544960022
2023-06-30 01:25:28,901 - root - INFO - Train loss: 0.28488245606422424. Valid loss: 0.28967854380607605
2023-06-30 01:39:03,509 - root - INFO - Val loss improved from 0.28967854380607605 to 0.2856067419052124
2023-06-30 01:39:05,986 - root - INFO - Time taken for epoch 14 is 817.0847046375275 sec
2023-06-30 01:39:05,986 - root - INFO - train data time=29.661041975021362, train step time=169.56900024414062, valid step time=62.80862283706665
2023-06-30 01:39:05,987 - root - INFO - Train loss: 0.2790532112121582. Valid loss: 0.2856067419052124
2023-06-30 01:52:38,041 - root - INFO - Val loss improved from 0.2856067419052124 to 0.2814362645149231
2023-06-30 01:52:40,263 - root - INFO - Time taken for epoch 15 is 814.2764122486115 sec
2023-06-30 01:52:40,264 - root - INFO - train data time=33.10381841659546, train step time=163.71786093711853, valid step time=63.37846803665161
2023-06-30 01:52:40,264 - root - INFO - Train loss: 0.27682167291641235. Valid loss: 0.2814362645149231
2023-06-30 02:06:15,168 - root - INFO - Val loss improved from 0.2814362645149231 to 0.280619740486145
2023-06-30 02:06:17,585 - root - INFO - Time taken for epoch 16 is 817.3208281993866 sec
2023-06-30 02:06:17,586 - root - INFO - train data time=30.32916235923767, train step time=170.2773575782776, valid step time=62.34701156616211
2023-06-30 02:06:17,586 - root - INFO - Train loss: 0.2716093063354492. Valid loss: 0.280619740486145
2023-06-30 02:19:55,141 - root - INFO - Time taken for epoch 17 is 817.5542674064636 sec
2023-06-30 02:19:55,142 - root - INFO - train data time=34.4923210144043, train step time=168.4205904006958, valid step time=63.128392934799194
2023-06-30 02:19:55,142 - root - INFO - Train loss: 0.2692359685897827. Valid loss: 0.28091415762901306
2023-06-30 02:33:29,579 - root - INFO - Val loss improved from 0.280619740486145 to 0.2758863568305969
2023-06-30 02:33:31,526 - root - INFO - Time taken for epoch 18 is 816.3842189311981 sec
2023-06-30 02:33:31,527 - root - INFO - train data time=31.11323046684265, train step time=171.26915001869202, valid step time=62.65583348274231
2023-06-30 02:33:31,527 - root - INFO - Train loss: 0.2811833322048187. Valid loss: 0.2758863568305969
2023-06-30 02:47:07,813 - root - INFO - Val loss improved from 0.2758863568305969 to 0.2742316424846649
2023-06-30 02:47:10,282 - root - INFO - Time taken for epoch 19 is 818.7550570964813 sec
2023-06-30 02:47:10,283 - root - INFO - train data time=40.913243770599365, train step time=170.4963915348053, valid step time=62.02618145942688
2023-06-30 02:47:10,283 - root - INFO - Train loss: 0.2618342936038971. Valid loss: 0.2742316424846649
2023-06-30 03:00:42,505 - root - INFO - Val loss improved from 0.2742316424846649 to 0.2727065086364746
2023-06-30 03:00:44,929 - root - INFO - Time taken for epoch 20 is 814.6454696655273 sec
2023-06-30 03:00:44,930 - root - INFO - train data time=32.316086530685425, train step time=166.78335666656494, valid step time=62.35745358467102
2023-06-30 03:00:44,930 - root - INFO - Train loss: 0.2624232769012451. Valid loss: 0.2727065086364746
2023-06-30 03:14:22,631 - root - INFO - Val loss improved from 0.2727065086364746 to 0.267843633890152
2023-06-30 03:14:25,057 - root - INFO - Time taken for epoch 21 is 820.1266207695007 sec
2023-06-30 03:14:25,058 - root - INFO - train data time=30.782118558883667, train step time=173.23420095443726, valid step time=62.68332767486572
2023-06-30 03:14:25,058 - root - INFO - Train loss: 0.26085329055786133. Valid loss: 0.267843633890152
2023-06-30 03:27:57,577 - root - INFO - Time taken for epoch 22 is 812.5185432434082 sec
2023-06-30 03:27:57,578 - root - INFO - train data time=32.34359884262085, train step time=164.11199593544006, valid step time=64.14001655578613
2023-06-30 03:27:57,579 - root - INFO - Train loss: 0.25822940468788147. Valid loss: 0.26950258016586304
2023-06-30 03:41:33,551 - root - INFO - Val loss improved from 0.267843633890152 to 0.2670189142227173
2023-06-30 03:41:35,573 - root - INFO - Time taken for epoch 23 is 817.994696855545 sec
2023-06-30 03:41:35,574 - root - INFO - train data time=33.227110147476196, train step time=171.96316075325012, valid step time=63.20432114601135
2023-06-30 03:41:35,574 - root - INFO - Train loss: 0.2549481987953186. Valid loss: 0.2670189142227173
2023-06-30 03:55:07,839 - root - INFO - Val loss improved from 0.2670189142227173 to 0.26600581407546997
2023-06-30 03:55:10,260 - root - INFO - Time taken for epoch 24 is 814.6851682662964 sec
2023-06-30 03:55:10,260 - root - INFO - train data time=33.33053493499756, train step time=167.58692860603333, valid step time=62.91078782081604
2023-06-30 03:55:10,260 - root - INFO - Train loss: 0.253958135843277. Valid loss: 0.26600581407546997
2023-06-30 04:08:50,467 - root - INFO - Val loss improved from 0.26600581407546997 to 0.2638186514377594
2023-06-30 04:08:52,665 - root - INFO - Time taken for epoch 25 is 822.4042322635651 sec
2023-06-30 04:08:52,665 - root - INFO - train data time=34.4281530380249, train step time=175.6821587085724, valid step time=63.237178802490234
2023-06-30 04:08:52,666 - root - INFO - Train loss: 0.24835841357707977. Valid loss: 0.2638186514377594
2023-06-30 04:22:30,394 - root - INFO - Val loss improved from 0.2638186514377594 to 0.26348745822906494
2023-06-30 04:22:33,187 - root - INFO - Time taken for epoch 26 is 820.5207147598267 sec
2023-06-30 04:22:33,188 - root - INFO - train data time=31.05281901359558, train step time=177.96224451065063, valid step time=62.26775574684143
2023-06-30 04:22:33,188 - root - INFO - Train loss: 0.24914968013763428. Valid loss: 0.26348745822906494
2023-06-30 04:36:07,002 - root - INFO - Time taken for epoch 27 is 813.8140218257904 sec
2023-06-30 04:36:07,003 - root - INFO - train data time=36.902743101119995, train step time=175.5463683605194, valid step time=62.773972511291504
2023-06-30 04:36:07,004 - root - INFO - Train loss: 0.2979709506034851. Valid loss: 0.31662875413894653
2023-06-30 04:49:40,690 - root - INFO - Val loss improved from 0.26348745822906494 to 0.2611156702041626
2023-06-30 04:49:43,271 - root - INFO - Time taken for epoch 28 is 816.2671723365784 sec
2023-06-30 04:49:43,272 - root - INFO - train data time=38.486687421798706, train step time=176.77869367599487, valid step time=63.278443813323975
2023-06-30 04:49:43,272 - root - INFO - Train loss: 0.24084389209747314. Valid loss: 0.2611156702041626
2023-06-30 05:03:17,798 - root - INFO - Time taken for epoch 29 is 814.5252914428711 sec
2023-06-30 05:03:17,798 - root - INFO - train data time=44.262858867645264, train step time=185.4811770915985, valid step time=62.61138582229614
2023-06-30 05:03:17,798 - root - INFO - Train loss: 0.24488162994384766. Valid loss: 0.26150190830230713
2023-06-30 05:16:53,233 - root - INFO - Val loss improved from 0.2611156702041626 to 0.2606137990951538
2023-06-30 05:16:56,179 - root - INFO - Time taken for epoch 30 is 818.3800809383392 sec
2023-06-30 05:16:56,179 - root - INFO - train data time=43.33558225631714, train step time=176.42801213264465, valid step time=63.22741341590881
2023-06-30 05:16:56,180 - root - INFO - Train loss: 0.23831310868263245. Valid loss: 0.2606137990951538
2023-06-30 05:30:33,142 - root - INFO - Val loss improved from 0.2606137990951538 to 0.2599921226501465
2023-06-30 05:30:35,307 - root - INFO - Time taken for epoch 31 is 819.1274421215057 sec
2023-06-30 05:30:35,308 - root - INFO - train data time=42.685532569885254, train step time=185.74017024040222, valid step time=63.59530305862427
2023-06-30 05:30:35,308 - root - INFO - Train loss: 0.23569653928279877. Valid loss: 0.2599921226501465
2023-06-30 05:44:12,047 - root - INFO - Val loss improved from 0.2599921226501465 to 0.2572217583656311
2023-06-30 05:44:14,500 - root - INFO - Time taken for epoch 32 is 819.1910898685455 sec
2023-06-30 05:44:14,500 - root - INFO - train data time=35.76791071891785, train step time=178.10257625579834, valid step time=62.32162356376648
2023-06-30 05:44:14,501 - root - INFO - Train loss: 0.236188143491745. Valid loss: 0.2572217583656311
2023-06-30 05:57:46,150 - root - INFO - Time taken for epoch 33 is 811.6493179798126 sec
2023-06-30 05:57:46,151 - root - INFO - train data time=41.67418384552002, train step time=185.04597163200378, valid step time=63.01320195198059
2023-06-30 05:57:46,151 - root - INFO - Train loss: 0.23412032425403595. Valid loss: 0.25789621472358704
2023-06-30 06:11:19,732 - root - INFO - Time taken for epoch 34 is 813.5809831619263 sec
2023-06-30 06:11:19,733 - root - INFO - train data time=43.36653923988342, train step time=176.37798500061035, valid step time=63.035593032836914
2023-06-30 06:11:19,733 - root - INFO - Train loss: 0.23377475142478943. Valid loss: 0.2580839991569519
2023-06-30 06:24:46,268 - root - INFO - Time taken for epoch 35 is 806.534677028656 sec
2023-06-30 06:24:46,269 - root - INFO - train data time=36.747339487075806, train step time=171.96485352516174, valid step time=62.12541389465332
2023-06-30 06:24:46,269 - root - INFO - Train loss: 0.240736186504364. Valid loss: 0.25737637281417847
2023-06-30 06:38:24,903 - root - INFO - Val loss improved from 0.2572217583656311 to 0.25580140948295593
2023-06-30 06:38:27,211 - root - INFO - Time taken for epoch 36 is 820.9418215751648 sec
2023-06-30 06:38:27,212 - root - INFO - train data time=31.34021496772766, train step time=174.81569528579712, valid step time=63.69031500816345
2023-06-30 06:38:27,212 - root - INFO - Train loss: 0.2313745766878128. Valid loss: 0.25580140948295593
2023-06-30 06:52:02,225 - root - INFO - Time taken for epoch 37 is 815.0129547119141 sec
2023-06-30 06:52:02,226 - root - INFO - train data time=38.27226209640503, train step time=174.1548147201538, valid step time=63.10865592956543
2023-06-30 06:52:02,226 - root - INFO - Train loss: 0.22822095453739166. Valid loss: 0.2563835084438324
2023-06-30 07:05:36,968 - root - INFO - Val loss improved from 0.25580140948295593 to 0.2553052604198456
2023-06-30 07:05:39,456 - root - INFO - Time taken for epoch 38 is 817.229089975357 sec
2023-06-30 07:05:39,456 - root - INFO - train data time=29.417786359786987, train step time=175.29744601249695, valid step time=62.195744037628174
2023-06-30 07:05:39,456 - root - INFO - Train loss: 0.22759537398815155. Valid loss: 0.2553052604198456
2023-06-30 07:19:17,420 - root - INFO - Time taken for epoch 39 is 817.9631609916687 sec
2023-06-30 07:19:17,420 - root - INFO - train data time=33.49285101890564, train step time=173.8738670349121, valid step time=62.582955837249756
2023-06-30 07:19:17,421 - root - INFO - Train loss: 0.22435438632965088. Valid loss: 0.25543004274368286
2023-06-30 07:32:55,530 - root - INFO - Val loss improved from 0.2553052604198456 to 0.25524139404296875
2023-06-30 07:32:57,627 - root - INFO - Time taken for epoch 40 is 820.206080198288 sec
2023-06-30 07:32:57,627 - root - INFO - train data time=30.209580421447754, train step time=179.61277747154236, valid step time=63.11855506896973
2023-06-30 07:32:57,628 - root - INFO - Train loss: 0.23175330460071564. Valid loss: 0.25524139404296875
2023-06-30 07:46:30,165 - root - INFO - Val loss improved from 0.25524139404296875 to 0.25410452485084534
2023-06-30 07:46:32,143 - root - INFO - Time taken for epoch 41 is 814.5150701999664 sec
2023-06-30 07:46:32,144 - root - INFO - train data time=32.12653827667236, train step time=168.3646731376648, valid step time=63.05490803718567
2023-06-30 07:46:32,144 - root - INFO - Train loss: 0.22209548950195312. Valid loss: 0.25410452485084534
2023-06-30 08:00:08,735 - root - INFO - Val loss improved from 0.25410452485084534 to 0.25376641750335693
2023-06-30 08:00:10,845 - root - INFO - Time taken for epoch 42 is 818.7011771202087 sec
2023-06-30 08:00:10,846 - root - INFO - train data time=30.08336305618286, train step time=176.97341203689575, valid step time=62.223817348480225
2023-06-30 08:00:10,846 - root - INFO - Train loss: 0.2453749179840088. Valid loss: 0.25376641750335693
2023-06-30 08:13:52,726 - root - INFO - Val loss improved from 0.25376641750335693 to 0.2537217438220978
2023-06-30 08:13:55,011 - root - INFO - Time taken for epoch 43 is 824.1641602516174 sec
2023-06-30 08:13:55,011 - root - INFO - train data time=32.01989793777466, train step time=176.0866665840149, valid step time=63.411564350128174
2023-06-30 08:13:55,011 - root - INFO - Train loss: 0.22602686285972595. Valid loss: 0.2537217438220978
2023-06-30 08:27:32,428 - root - INFO - Val loss improved from 0.2537217438220978 to 0.25295642018318176
2023-06-30 08:27:34,758 - root - INFO - Time taken for epoch 44 is 819.7466747760773 sec
2023-06-30 08:27:34,759 - root - INFO - train data time=41.573883295059204, train step time=178.25450611114502, valid step time=63.29854488372803
2023-06-30 08:27:34,759 - root - INFO - Train loss: 0.2200009673833847. Valid loss: 0.25295642018318176
2023-06-30 08:41:13,181 - root - INFO - Time taken for epoch 45 is 818.4217712879181 sec
2023-06-30 08:41:13,182 - root - INFO - train data time=42.134454011917114, train step time=193.59396362304688, valid step time=62.41174507141113
2023-06-30 08:41:13,183 - root - INFO - Train loss: 0.22235040366649628. Valid loss: 0.2533123195171356
2023-06-30 08:54:45,575 - root - INFO - Time taken for epoch 46 is 812.3920300006866 sec
2023-06-30 08:54:45,575 - root - INFO - train data time=39.84644675254822, train step time=183.83318209648132, valid step time=62.8457088470459
2023-06-30 08:54:45,576 - root - INFO - Train loss: 0.22343000769615173. Valid loss: 0.2529601454734802
2023-06-30 09:08:21,153 - root - INFO - Val loss improved from 0.25295642018318176 to 0.2514173686504364
2023-06-30 09:08:23,660 - root - INFO - Time taken for epoch 47 is 818.0839760303497 sec
2023-06-30 09:08:23,661 - root - INFO - train data time=45.063963890075684, train step time=187.66151571273804, valid step time=63.19864869117737
2023-06-30 09:08:23,661 - root - INFO - Train loss: 0.21625877916812897. Valid loss: 0.2514173686504364
2023-06-30 09:21:58,010 - root - INFO - Val loss improved from 0.2514173686504364 to 0.25073811411857605
2023-06-30 09:22:00,346 - root - INFO - Time taken for epoch 48 is 816.6849398612976 sec
2023-06-30 09:22:00,347 - root - INFO - train data time=42.16708970069885, train step time=181.75006365776062, valid step time=63.252079486846924
2023-06-30 09:22:00,347 - root - INFO - Train loss: 0.21950289607048035. Valid loss: 0.25073811411857605
2023-06-30 09:35:36,103 - root - INFO - Time taken for epoch 49 is 815.755646944046 sec
2023-06-30 09:35:36,104 - root - INFO - train data time=39.80636548995972, train step time=186.27539467811584, valid step time=62.786367416381836
2023-06-30 09:35:36,104 - root - INFO - Train loss: 0.2184896171092987. Valid loss: 0.2528703808784485
2023-06-30 09:49:10,450 - root - INFO - Time taken for epoch 50 is 814.3462133407593 sec
2023-06-30 09:49:10,451 - root - INFO - train data time=40.85615658760071, train step time=181.97938704490662, valid step time=63.402854919433594
2023-06-30 09:49:10,452 - root - INFO - Train loss: 0.21712690591812134. Valid loss: 0.2513696849346161
2023-06-30 10:02:42,056 - root - INFO - Val loss improved from 0.25073811411857605 to 0.2501833438873291
2023-06-30 10:02:44,469 - root - INFO - Time taken for epoch 51 is 814.017192363739 sec
2023-06-30 10:02:44,470 - root - INFO - train data time=42.466792345047, train step time=182.08455443382263, valid step time=61.660468339920044
2023-06-30 10:02:44,470 - root - INFO - Train loss: 0.21838802099227905. Valid loss: 0.2501833438873291
2023-06-30 10:16:20,852 - root - INFO - Val loss improved from 0.2501833438873291 to 0.24976760149002075
2023-06-30 10:16:22,902 - root - INFO - Time taken for epoch 52 is 818.4314892292023 sec
2023-06-30 10:16:22,902 - root - INFO - train data time=34.76037645339966, train step time=176.1126251220703, valid step time=62.57721304893494
2023-06-30 10:16:22,903 - root - INFO - Train loss: 0.212620347738266. Valid loss: 0.24976760149002075
2023-06-30 10:29:53,370 - root - INFO - Time taken for epoch 53 is 810.4666171073914 sec
2023-06-30 10:29:53,372 - root - INFO - train data time=32.460654735565186, train step time=167.12303256988525, valid step time=64.57800436019897
2023-06-30 10:29:53,372 - root - INFO - Train loss: 0.2157803773880005. Valid loss: 0.2555813789367676
2023-06-30 10:43:26,757 - root - INFO - Time taken for epoch 54 is 813.3847732543945 sec
2023-06-30 10:43:26,758 - root - INFO - train data time=32.680747270584106, train step time=173.6552939414978, valid step time=62.422465085983276
2023-06-30 10:43:26,758 - root - INFO - Train loss: 0.21341700851917267. Valid loss: 0.25356119871139526
2023-06-30 10:56:59,532 - root - INFO - Time taken for epoch 55 is 812.7732336521149 sec
2023-06-30 10:56:59,532 - root - INFO - train data time=30.832982778549194, train step time=172.46863269805908, valid step time=62.9743926525116
2023-06-30 10:56:59,533 - root - INFO - Train loss: 0.21568699181079865. Valid loss: 0.2510027587413788
2023-06-30 11:10:37,907 - root - INFO - Val loss improved from 0.24976760149002075 to 0.24932833015918732
2023-06-30 11:10:40,229 - root - INFO - Time taken for epoch 56 is 820.6956894397736 sec
2023-06-30 11:10:40,229 - root - INFO - train data time=31.69343090057373, train step time=170.13361382484436, valid step time=62.82545065879822
2023-06-30 11:10:40,230 - root - INFO - Train loss: 0.20800407230854034. Valid loss: 0.24932833015918732
2023-06-30 11:24:16,764 - root - INFO - Val loss improved from 0.24932833015918732 to 0.2490747570991516
2023-06-30 11:24:19,308 - root - INFO - Time taken for epoch 57 is 819.0780158042908 sec
2023-06-30 11:24:19,309 - root - INFO - train data time=32.6557297706604, train step time=174.3128833770752, valid step time=62.33852171897888
2023-06-30 11:24:19,309 - root - INFO - Train loss: 0.20608018338680267. Valid loss: 0.2490747570991516
2023-06-30 11:37:53,461 - root - INFO - Val loss improved from 0.2490747570991516 to 0.2483271062374115
2023-06-30 11:37:56,063 - root - INFO - Time taken for epoch 58 is 816.7539856433868 sec
2023-06-30 11:37:56,064 - root - INFO - train data time=38.79442381858826, train step time=178.5443811416626, valid step time=62.19312286376953
2023-06-30 11:37:56,064 - root - INFO - Train loss: 0.20647777616977692. Valid loss: 0.2483271062374115
2023-06-30 11:51:30,967 - root - INFO - Time taken for epoch 59 is 814.9029552936554 sec
2023-06-30 11:51:30,969 - root - INFO - train data time=37.13647174835205, train step time=175.71215867996216, valid step time=63.91999101638794
2023-06-30 11:51:30,969 - root - INFO - Train loss: 0.2048448920249939. Valid loss: 0.2494441419839859
2023-06-30 12:05:05,639 - root - INFO - Time taken for epoch 60 is 814.6703674793243 sec
2023-06-30 12:05:05,640 - root - INFO - train data time=31.84920907020569, train step time=171.75958800315857, valid step time=63.11348867416382
2023-06-30 12:05:05,640 - root - INFO - Train loss: 0.20924261212348938. Valid loss: 0.25103244185447693
2023-06-30 12:18:43,539 - root - INFO - Time taken for epoch 61 is 817.8981387615204 sec
2023-06-30 12:18:43,540 - root - INFO - train data time=31.979087114334106, train step time=174.49863243103027, valid step time=62.47915244102478
2023-06-30 12:18:43,540 - root - INFO - Train loss: 0.21072052419185638. Valid loss: 0.25211140513420105
2023-06-30 12:32:22,236 - root - INFO - Val loss improved from 0.2483271062374115 to 0.2479432076215744
2023-06-30 12:32:24,342 - root - INFO - Time taken for epoch 62 is 820.8014762401581 sec
2023-06-30 12:32:24,342 - root - INFO - train data time=34.78862452507019, train step time=182.72943472862244, valid step time=62.93815636634827
2023-06-30 12:32:24,342 - root - INFO - Train loss: 0.20446470379829407. Valid loss: 0.2479432076215744
2023-06-30 12:45:59,343 - root - INFO - Time taken for epoch 63 is 815.0001382827759 sec
2023-06-30 12:45:59,343 - root - INFO - train data time=32.88782358169556, train step time=174.28195881843567, valid step time=63.30375051498413
2023-06-30 12:45:59,344 - root - INFO - Train loss: 0.20949707925319672. Valid loss: 0.2499774545431137
2023-06-30 12:59:34,608 - root - INFO - Time taken for epoch 64 is 815.2643418312073 sec
2023-06-30 12:59:34,609 - root - INFO - train data time=32.51053047180176, train step time=170.3519253730774, valid step time=63.282806634902954
2023-06-30 12:59:34,609 - root - INFO - Train loss: 0.20413823425769806. Valid loss: 0.25207191705703735
2023-06-30 13:13:07,229 - root - INFO - Val loss improved from 0.2479432076215744 to 0.24788156151771545
2023-06-30 13:13:09,335 - root - INFO - Time taken for epoch 65 is 814.7258050441742 sec
2023-06-30 13:13:09,336 - root - INFO - train data time=35.62477135658264, train step time=170.88511967658997, valid step time=62.330814838409424
2023-06-30 13:13:09,336 - root - INFO - Train loss: 0.2027692347764969. Valid loss: 0.24788156151771545
2023-06-30 13:26:46,785 - root - INFO - Time taken for epoch 66 is 817.4487879276276 sec
2023-06-30 13:26:46,786 - root - INFO - train data time=34.93949007987976, train step time=173.3410520553589, valid step time=62.68589186668396
2023-06-30 13:26:46,786 - root - INFO - Train loss: 0.20151656866073608. Valid loss: 0.2487584948539734
2023-06-30 13:40:21,578 - root - INFO - Val loss improved from 0.24788156151771545 to 0.24770556390285492
2023-06-30 13:40:23,924 - root - INFO - Time taken for epoch 67 is 817.1372480392456 sec
2023-06-30 13:40:23,924 - root - INFO - train data time=32.506754636764526, train step time=174.92298936843872, valid step time=62.91282391548157
2023-06-30 13:40:23,924 - root - INFO - Train loss: 0.20088452100753784. Valid loss: 0.24770556390285492
2023-06-30 13:54:00,510 - root - INFO - Time taken for epoch 68 is 816.585798740387 sec
2023-06-30 13:54:00,511 - root - INFO - train data time=29.567758321762085, train step time=182.79983472824097, valid step time=62.209227323532104
2023-06-30 13:54:00,511 - root - INFO - Train loss: 0.19872871041297913. Valid loss: 0.24816931784152985
2023-06-30 14:07:35,154 - root - INFO - Val loss improved from 0.24770556390285492 to 0.2476755529642105
2023-06-30 14:07:37,854 - root - INFO - Time taken for epoch 69 is 817.3425567150116 sec
2023-06-30 14:07:37,855 - root - INFO - train data time=32.8536159992218, train step time=169.2235209941864, valid step time=62.841468334198
2023-06-30 14:07:37,855 - root - INFO - Train loss: 0.20129191875457764. Valid loss: 0.2476755529642105
2023-06-30 14:21:09,908 - root - INFO - Val loss improved from 0.2476755529642105 to 0.2475666105747223
2023-06-30 14:21:12,322 - root - INFO - Time taken for epoch 70 is 814.4661736488342 sec
2023-06-30 14:21:12,322 - root - INFO - train data time=33.49648714065552, train step time=168.44824624061584, valid step time=62.62796378135681
2023-06-30 14:21:12,322 - root - INFO - Train loss: 0.19762970507144928. Valid loss: 0.2475666105747223
2023-06-30 14:34:45,305 - root - INFO - Time taken for epoch 71 is 812.9821543693542 sec
2023-06-30 14:34:45,305 - root - INFO - train data time=39.533159017562866, train step time=177.22644138336182, valid step time=62.394476652145386
2023-06-30 14:34:45,306 - root - INFO - Train loss: 0.207224503159523. Valid loss: 0.24972094595432281
2023-06-30 14:48:17,726 - root - INFO - Val loss improved from 0.2475666105747223 to 0.24752627313137054
2023-06-30 14:48:20,025 - root - INFO - Time taken for epoch 72 is 814.7190282344818 sec
2023-06-30 14:48:20,026 - root - INFO - train data time=43.343873500823975, train step time=185.6902437210083, valid step time=63.435739040374756
2023-06-30 14:48:20,026 - root - INFO - Train loss: 0.19776546955108643. Valid loss: 0.24752627313137054
2023-06-30 15:01:49,619 - root - INFO - Val loss improved from 0.24752627313137054 to 0.24745489656925201
2023-06-30 15:01:51,972 - root - INFO - Time taken for epoch 73 is 811.9460051059723 sec
2023-06-30 15:01:51,973 - root - INFO - train data time=37.82614207267761, train step time=174.6831591129303, valid step time=62.501847982406616
2023-06-30 15:01:51,973 - root - INFO - Train loss: 0.1950145661830902. Valid loss: 0.24745489656925201
2023-06-30 15:15:28,216 - root - INFO - Time taken for epoch 74 is 816.2432050704956 sec
2023-06-30 15:15:28,217 - root - INFO - train data time=32.23879909515381, train step time=176.07294011116028, valid step time=62.47687005996704
2023-06-30 15:15:28,217 - root - INFO - Train loss: 0.1994146704673767. Valid loss: 0.24754543602466583
2023-06-30 15:29:01,515 - root - INFO - Time taken for epoch 75 is 813.2972021102905 sec
2023-06-30 15:29:01,515 - root - INFO - train data time=30.908229112625122, train step time=174.72010326385498, valid step time=62.949402809143066
2023-06-30 15:29:01,516 - root - INFO - Train loss: 0.1955077201128006. Valid loss: 0.24784642457962036
2023-06-30 15:42:39,571 - root - INFO - Time taken for epoch 76 is 818.0547544956207 sec
2023-06-30 15:42:39,571 - root - INFO - train data time=41.676093101501465, train step time=178.20782136917114, valid step time=62.9065477848053
2023-06-30 15:42:39,572 - root - INFO - Train loss: 0.19572174549102783. Valid loss: 0.24778318405151367
2023-06-30 15:56:13,044 - root - INFO - Val loss improved from 0.24745489656925201 to 0.24729804694652557
2023-06-30 15:56:15,967 - root - INFO - Time taken for epoch 77 is 816.394882440567 sec
2023-06-30 15:56:15,967 - root - INFO - train data time=43.17062783241272, train step time=183.88806653022766, valid step time=63.3942596912384
2023-06-30 15:56:15,968 - root - INFO - Train loss: 0.22212259471416473. Valid loss: 0.24729804694652557
2023-06-30 16:09:50,037 - root - INFO - Val loss improved from 0.24729804694652557 to 0.24694184958934784
2023-06-30 16:09:53,086 - root - INFO - Time taken for epoch 78 is 817.1175622940063 sec
2023-06-30 16:09:53,086 - root - INFO - train data time=40.78200554847717, train step time=179.55654168128967, valid step time=61.79310607910156
2023-06-30 16:09:53,086 - root - INFO - Train loss: 0.19249789416790009. Valid loss: 0.24694184958934784
2023-06-30 16:23:27,419 - root - INFO - Time taken for epoch 79 is 814.3323175907135 sec
2023-06-30 16:23:27,420 - root - INFO - train data time=41.61204123497009, train step time=186.60981822013855, valid step time=63.68108773231506
2023-06-30 16:23:27,421 - root - INFO - Train loss: 0.19502019882202148. Valid loss: 0.2476673573255539
2023-06-30 16:37:07,853 - root - INFO - Time taken for epoch 80 is 820.4324264526367 sec
2023-06-30 16:37:07,854 - root - INFO - train data time=41.65838670730591, train step time=185.28772068023682, valid step time=64.21946978569031
2023-06-30 16:37:07,854 - root - INFO - Train loss: 0.19230417907238007. Valid loss: 0.2473001927137375
2023-06-30 16:50:38,529 - root - INFO - Time taken for epoch 81 is 810.6746587753296 sec
2023-06-30 16:50:38,530 - root - INFO - train data time=41.15880274772644, train step time=178.43228483200073, valid step time=62.84146046638489
2023-06-30 16:50:38,530 - root - INFO - Train loss: 0.19309476017951965. Valid loss: 0.24759522080421448
2023-06-30 17:04:13,245 - root - INFO - Time taken for epoch 82 is 814.7147498130798 sec
2023-06-30 17:04:13,246 - root - INFO - train data time=42.1860671043396, train step time=189.55617952346802, valid step time=62.649378299713135
2023-06-30 17:04:13,247 - root - INFO - Train loss: 0.19880835711956024. Valid loss: 0.247591033577919
2023-06-30 17:17:50,190 - root - INFO - Time taken for epoch 83 is 816.9429681301117 sec
2023-06-30 17:17:50,190 - root - INFO - train data time=42.674030780792236, train step time=190.0586097240448, valid step time=63.08892107009888
2023-06-30 17:17:50,191 - root - INFO - Train loss: 0.1931757628917694. Valid loss: 0.24732188880443573
2023-06-30 17:31:22,569 - root - INFO - Time taken for epoch 84 is 812.3775992393494 sec
2023-06-30 17:31:22,569 - root - INFO - train data time=37.66602611541748, train step time=172.75367856025696, valid step time=62.788447856903076
2023-06-30 17:31:22,569 - root - INFO - Train loss: 0.1901153177022934. Valid loss: 0.24703526496887207
2023-06-30 17:45:00,715 - root - INFO - Time taken for epoch 85 is 818.1450734138489 sec
2023-06-30 17:45:00,715 - root - INFO - train data time=42.756081104278564, train step time=185.79140162467957, valid step time=62.340548276901245
2023-06-30 17:45:00,716 - root - INFO - Train loss: 0.19227351248264313. Valid loss: 0.24775566160678864
2023-06-30 17:58:33,899 - root - INFO - Time taken for epoch 86 is 813.1826996803284 sec
2023-06-30 17:58:33,899 - root - INFO - train data time=44.71199345588684, train step time=183.8760712146759, valid step time=62.260801553726196
2023-06-30 17:58:33,900 - root - INFO - Train loss: 0.1904049962759018. Valid loss: 0.2479625791311264
2023-06-30 18:12:08,639 - root - INFO - Time taken for epoch 87 is 814.7393906116486 sec
2023-06-30 18:12:08,640 - root - INFO - train data time=44.2683482170105, train step time=185.4498474597931, valid step time=62.882944107055664
2023-06-30 18:12:08,640 - root - INFO - Train loss: 0.19350291788578033. Valid loss: 0.24801824986934662
2023-06-30 18:25:47,860 - root - INFO - Time taken for epoch 88 is 819.2196781635284 sec
2023-06-30 18:25:47,860 - root - INFO - train data time=43.5832998752594, train step time=194.150249004364, valid step time=62.85733485221863
2023-06-30 18:25:47,861 - root - INFO - Train loss: 0.20038019120693207. Valid loss: 0.24741487205028534
2023-06-30 18:39:23,961 - root - INFO - Time taken for epoch 89 is 816.0996732711792 sec
2023-06-30 18:39:23,961 - root - INFO - train data time=43.270402908325195, train step time=181.81845092773438, valid step time=62.71065068244934
2023-06-30 18:39:23,962 - root - INFO - Train loss: 0.1887204498052597. Valid loss: 0.2473124861717224
2023-06-30 18:52:59,134 - root - INFO - Time taken for epoch 90 is 815.1720633506775 sec
2023-06-30 18:52:59,135 - root - INFO - train data time=44.37235379219055, train step time=181.04859972000122, valid step time=62.8637421131134
2023-06-30 18:52:59,135 - root - INFO - Train loss: 0.18767870962619781. Valid loss: 0.24736954271793365
2023-06-30 19:06:37,984 - root - INFO - Time taken for epoch 91 is 818.8489820957184 sec
2023-06-30 19:06:37,985 - root - INFO - train data time=43.70051169395447, train step time=185.2392122745514, valid step time=63.44529175758362
2023-06-30 19:06:37,985 - root - INFO - Train loss: 0.18727687001228333. Valid loss: 0.24703289568424225
2023-06-30 19:20:17,241 - root - INFO - Time taken for epoch 92 is 819.2561981678009 sec
2023-06-30 19:20:17,242 - root - INFO - train data time=42.334930419921875, train step time=187.35395741462708, valid step time=62.83183002471924
2023-06-30 19:20:17,243 - root - INFO - Train loss: 0.18923206627368927. Valid loss: 0.2476877123117447
2023-06-30 19:33:51,827 - root - INFO - Time taken for epoch 93 is 814.5837619304657 sec
2023-06-30 19:33:51,827 - root - INFO - train data time=40.86947989463806, train step time=185.98307752609253, valid step time=63.03690695762634
2023-06-30 19:33:51,828 - root - INFO - Train loss: 0.18820969760417938. Valid loss: 0.24755391478538513
2023-06-30 19:47:33,126 - root - INFO - Time taken for epoch 94 is 821.2979373931885 sec
2023-06-30 19:47:33,128 - root - INFO - train data time=42.82483434677124, train step time=194.7250382900238, valid step time=63.08864068984985
2023-06-30 19:47:33,129 - root - INFO - Train loss: 0.18756140768527985. Valid loss: 0.24742890894412994
2023-06-30 20:01:13,170 - root - INFO - Time taken for epoch 95 is 820.0411305427551 sec
2023-06-30 20:01:13,171 - root - INFO - train data time=43.642295598983765, train step time=189.64457297325134, valid step time=62.90683388710022
2023-06-30 20:01:13,171 - root - INFO - Train loss: 0.18721279501914978. Valid loss: 0.2474169135093689
2023-06-30 20:14:48,315 - root - INFO - Time taken for epoch 96 is 815.1433844566345 sec
2023-06-30 20:14:48,316 - root - INFO - train data time=36.68897247314453, train step time=175.87390041351318, valid step time=62.559606313705444
2023-06-30 20:14:48,316 - root - INFO - Train loss: 0.1851651966571808. Valid loss: 0.2480495125055313
2023-06-30 20:28:25,773 - root - INFO - Time taken for epoch 97 is 817.4565138816833 sec
2023-06-30 20:28:25,773 - root - INFO - train data time=42.93364143371582, train step time=185.7926061153412, valid step time=62.91725993156433
2023-06-30 20:28:25,774 - root - INFO - Train loss: 0.18668459355831146. Valid loss: 0.24798555672168732
2023-06-30 20:42:06,836 - root - INFO - Time taken for epoch 98 is 821.0620374679565 sec
2023-06-30 20:42:06,837 - root - INFO - train data time=45.25469779968262, train step time=190.60876035690308, valid step time=63.63513541221619
2023-06-30 20:42:06,837 - root - INFO - Train loss: 0.18611089885234833. Valid loss: 0.24745994806289673
2023-06-30 20:55:43,626 - root - INFO - Time taken for epoch 99 is 816.7880935668945 sec
2023-06-30 20:55:43,626 - root - INFO - train data time=44.21037554740906, train step time=189.1925413608551, valid step time=63.60438799858093
2023-06-30 20:55:43,627 - root - INFO - Train loss: 0.1860067993402481. Valid loss: 0.2482549101114273
2023-06-30 21:09:21,134 - root - INFO - Time taken for epoch 100 is 817.5068604946136 sec
2023-06-30 21:09:21,134 - root - INFO - train data time=43.54990577697754, train step time=187.4868471622467, valid step time=62.93476390838623
2023-06-30 21:09:21,135 - root - INFO - Train loss: 0.18523916602134705. Valid loss: 0.24851344525814056
2023-06-30 21:22:54,791 - root - INFO - Val loss improved from 0.24694184958934784 to 0.24646848440170288
2023-06-30 21:22:57,339 - root - INFO - Time taken for epoch 101 is 816.2036936283112 sec
2023-06-30 21:22:57,339 - root - INFO - train data time=33.488526821136475, train step time=167.49383783340454, valid step time=63.25891137123108
2023-06-30 21:22:57,339 - root - INFO - Train loss: 0.18619169294834137. Valid loss: 0.24646848440170288
2023-06-30 21:36:33,457 - root - INFO - Time taken for epoch 102 is 816.1174945831299 sec
2023-06-30 21:36:33,458 - root - INFO - train data time=35.02408814430237, train step time=168.8405523300171, valid step time=63.78294229507446
2023-06-30 21:36:33,458 - root - INFO - Train loss: 0.18683840334415436. Valid loss: 0.2484150379896164
2023-06-30 21:50:05,136 - root - INFO - Time taken for epoch 103 is 811.6770842075348 sec
2023-06-30 21:50:05,137 - root - INFO - train data time=34.548696994781494, train step time=167.36678075790405, valid step time=62.61512017250061
2023-06-30 21:50:05,137 - root - INFO - Train loss: 0.18430301547050476. Valid loss: 0.24822363257408142
2023-06-30 22:03:42,842 - root - INFO - Time taken for epoch 104 is 817.7044024467468 sec
2023-06-30 22:03:42,842 - root - INFO - train data time=41.944838762283325, train step time=188.13315176963806, valid step time=63.57652497291565
2023-06-30 22:03:42,843 - root - INFO - Train loss: 0.18402573466300964. Valid loss: 0.24846167862415314
2023-06-30 22:17:17,937 - root - INFO - Time taken for epoch 105 is 815.0946197509766 sec
2023-06-30 22:17:17,938 - root - INFO - train data time=42.155481576919556, train step time=184.58588862419128, valid step time=63.00459837913513
2023-06-30 22:17:17,938 - root - INFO - Train loss: 0.19870205223560333. Valid loss: 0.24965620040893555
2023-06-30 22:30:58,792 - root - INFO - Time taken for epoch 106 is 820.853678226471 sec
2023-06-30 22:30:58,793 - root - INFO - train data time=44.25920605659485, train step time=183.65461206436157, valid step time=65.2099974155426
2023-06-30 22:30:58,793 - root - INFO - Train loss: 0.1849556565284729. Valid loss: 0.2489563375711441
2023-06-30 22:44:35,268 - root - INFO - Time taken for epoch 107 is 816.4748950004578 sec
2023-06-30 22:44:35,270 - root - INFO - train data time=43.10977053642273, train step time=178.78284668922424, valid step time=63.3465735912323
2023-06-30 22:44:35,271 - root - INFO - Train loss: 0.18406647443771362. Valid loss: 0.24923305213451385
2023-06-30 22:58:12,725 - root - INFO - Time taken for epoch 108 is 817.453840970993 sec
2023-06-30 22:58:12,725 - root - INFO - train data time=43.901066303253174, train step time=186.88602876663208, valid step time=65.94810080528259
2023-06-30 22:58:12,726 - root - INFO - Train loss: 0.18287041783332825. Valid loss: 0.24935787916183472
2023-06-30 23:11:51,247 - root - INFO - Time taken for epoch 109 is 818.5209708213806 sec
2023-06-30 23:11:51,248 - root - INFO - train data time=30.733225107192993, train step time=176.183687210083, valid step time=63.833356857299805
2023-06-30 23:11:51,248 - root - INFO - Train loss: 0.1832013577222824. Valid loss: 0.24944144487380981
2023-06-30 23:25:22,551 - root - INFO - Time taken for epoch 110 is 811.3032026290894 sec
2023-06-30 23:25:22,552 - root - INFO - train data time=40.994054079055786, train step time=180.5054178237915, valid step time=63.04987955093384
2023-06-30 23:25:22,552 - root - INFO - Train loss: 0.1839202344417572. Valid loss: 0.24943552911281586
2023-06-30 23:38:57,090 - root - INFO - Time taken for epoch 111 is 814.5371768474579 sec
2023-06-30 23:38:57,090 - root - INFO - train data time=39.03600454330444, train step time=183.65673851966858, valid step time=63.19842195510864
2023-06-30 23:38:57,091 - root - INFO - Train loss: 0.18435731530189514. Valid loss: 0.24902254343032837
2023-06-30 23:52:36,462 - root - INFO - Time taken for epoch 112 is 819.3707571029663 sec
2023-06-30 23:52:36,462 - root - INFO - train data time=41.66433644294739, train step time=184.9048354625702, valid step time=62.59538555145264
2023-06-30 23:52:36,463 - root - INFO - Train loss: 0.183144673705101. Valid loss: 0.24957150220870972
2023-07-01 00:06:12,989 - root - INFO - Time taken for epoch 113 is 816.5258085727692 sec
2023-07-01 00:06:12,989 - root - INFO - train data time=44.28952884674072, train step time=191.516539812088, valid step time=63.89593553543091
2023-07-01 00:06:12,990 - root - INFO - Train loss: 0.1824607104063034. Valid loss: 0.24941596388816833
2023-07-01 00:19:52,735 - root - INFO - Time taken for epoch 114 is 819.7451503276825 sec
2023-07-01 00:19:52,736 - root - INFO - train data time=42.571603536605835, train step time=197.20679759979248, valid step time=61.995649576187134
2023-07-01 00:19:52,736 - root - INFO - Train loss: 0.1834591031074524. Valid loss: 0.24976283311843872
2023-07-01 00:33:24,847 - root - INFO - Time taken for epoch 115 is 812.1102769374847 sec
2023-07-01 00:33:24,847 - root - INFO - train data time=39.82342576980591, train step time=181.73352026939392, valid step time=62.86983776092529
2023-07-01 00:33:24,847 - root - INFO - Train loss: 0.18094870448112488. Valid loss: 0.250156044960022
2023-07-01 00:46:58,632 - root - INFO - Time taken for epoch 116 is 813.7842953205109 sec
2023-07-01 00:46:58,633 - root - INFO - train data time=30.85643982887268, train step time=172.45214653015137, valid step time=62.614990234375
2023-07-01 00:46:58,634 - root - INFO - Train loss: 0.1810746043920517. Valid loss: 0.24989143013954163
2023-07-01 01:00:32,519 - root - INFO - Time taken for epoch 117 is 813.8851437568665 sec
2023-07-01 01:00:32,520 - root - INFO - train data time=31.591551780700684, train step time=174.55264353752136, valid step time=62.7616503238678
2023-07-01 01:00:32,520 - root - INFO - Train loss: 0.18153174221515656. Valid loss: 0.25013646483421326
2023-07-01 01:14:10,613 - root - INFO - Time taken for epoch 118 is 818.0924646854401 sec
2023-07-01 01:14:10,614 - root - INFO - train data time=30.6869900226593, train step time=176.57169842720032, valid step time=62.980191230773926
2023-07-01 01:14:10,614 - root - INFO - Train loss: 0.18170490860939026. Valid loss: 0.2503244876861572
2023-07-01 01:27:55,660 - root - INFO - Time taken for epoch 119 is 825.0457055568695 sec
2023-07-01 01:27:55,661 - root - INFO - train data time=34.757081270217896, train step time=177.44284415245056, valid step time=65.01741743087769
2023-07-01 01:27:55,661 - root - INFO - Train loss: 0.18198516964912415. Valid loss: 0.2504287362098694
2023-07-01 01:41:30,873 - root - INFO - Time taken for epoch 120 is 815.2116844654083 sec
2023-07-01 01:41:30,874 - root - INFO - train data time=41.74806308746338, train step time=187.97033524513245, valid step time=61.9070770740509
2023-07-01 01:41:30,874 - root - INFO - Train loss: 0.1815015971660614. Valid loss: 0.24951043725013733
2023-07-01 01:55:03,186 - root - INFO - Time taken for epoch 121 is 812.3114829063416 sec
2023-07-01 01:55:03,187 - root - INFO - train data time=40.55791449546814, train step time=185.64192128181458, valid step time=63.28420281410217
2023-07-01 01:55:03,187 - root - INFO - Train loss: 0.1810663938522339. Valid loss: 0.25064241886138916
2023-07-01 02:08:35,458 - root - INFO - Time taken for epoch 122 is 812.2706224918365 sec
2023-07-01 02:08:35,459 - root - INFO - train data time=41.27878165245056, train step time=182.25362610816956, valid step time=62.46406602859497
2023-07-01 02:08:35,459 - root - INFO - Train loss: 0.1803082823753357. Valid loss: 0.25075289607048035
2023-07-01 02:22:13,480 - root - INFO - Time taken for epoch 123 is 818.020694732666 sec
2023-07-01 02:22:13,481 - root - INFO - train data time=41.44410443305969, train step time=187.98387122154236, valid step time=63.31906080245972
2023-07-01 02:22:13,481 - root - INFO - Train loss: 0.18158309161663055. Valid loss: 0.25085851550102234
2023-07-01 02:35:43,520 - root - INFO - Time taken for epoch 124 is 810.0388481616974 sec
2023-07-01 02:35:43,521 - root - INFO - train data time=42.66568875312805, train step time=183.245689868927, valid step time=63.075607776641846
2023-07-01 02:35:43,521 - root - INFO - Train loss: 0.18217281997203827. Valid loss: 0.2508663237094879
2023-07-01 02:49:16,527 - root - INFO - Time taken for epoch 125 is 813.0056374073029 sec
2023-07-01 02:49:16,528 - root - INFO - train data time=34.97470474243164, train step time=177.59639263153076, valid step time=62.110888957977295
2023-07-01 02:49:16,528 - root - INFO - Train loss: 0.18112428486347198. Valid loss: 0.2512228488922119
2023-07-01 03:02:50,411 - root - INFO - Time taken for epoch 126 is 813.882741689682 sec
2023-07-01 03:02:50,412 - root - INFO - train data time=31.134056568145752, train step time=169.88052940368652, valid step time=63.78389382362366
2023-07-01 03:02:50,412 - root - INFO - Train loss: 0.1821567714214325. Valid loss: 0.2511599361896515
2023-07-01 03:16:22,270 - root - INFO - Time taken for epoch 127 is 811.8571801185608 sec
2023-07-01 03:16:22,270 - root - INFO - train data time=30.122732400894165, train step time=169.15286111831665, valid step time=63.01366853713989
2023-07-01 03:16:22,271 - root - INFO - Train loss: 0.17820291221141815. Valid loss: 0.2509469985961914
2023-07-01 03:29:56,767 - root - INFO - Time taken for epoch 128 is 814.4960300922394 sec
2023-07-01 03:29:56,767 - root - INFO - train data time=31.35505747795105, train step time=174.45917868614197, valid step time=63.45504951477051
2023-07-01 03:29:56,768 - root - INFO - Train loss: 0.17915482819080353. Valid loss: 0.2490696907043457
2023-07-01 03:43:35,141 - root - INFO - Time taken for epoch 129 is 818.3730874061584 sec
2023-07-01 03:43:35,142 - root - INFO - train data time=35.396488666534424, train step time=179.40728116035461, valid step time=61.845134258270264
2023-07-01 03:43:35,142 - root - INFO - Train loss: 0.1792312115430832. Valid loss: 0.2512330710887909
2023-07-01 03:57:10,388 - root - INFO - Time taken for epoch 130 is 815.2452340126038 sec
2023-07-01 03:57:10,388 - root - INFO - train data time=35.119378089904785, train step time=166.80325961112976, valid step time=63.261146068573
2023-07-01 03:57:10,389 - root - INFO - Train loss: 0.1789957731962204. Valid loss: 0.25168102979660034
2023-07-01 04:10:49,825 - root - INFO - Time taken for epoch 131 is 819.4357063770294 sec
2023-07-01 04:10:49,825 - root - INFO - train data time=36.393505334854126, train step time=177.63554763793945, valid step time=63.54611539840698
2023-07-01 04:10:49,826 - root - INFO - Train loss: 0.18149635195732117. Valid loss: 0.25179463624954224
2023-07-01 04:24:22,379 - root - INFO - Time taken for epoch 132 is 812.5532596111298 sec
2023-07-01 04:24:22,380 - root - INFO - train data time=43.26146626472473, train step time=182.63826847076416, valid step time=62.19776630401611
2023-07-01 04:24:22,380 - root - INFO - Train loss: 0.18041303753852844. Valid loss: 0.2516897916793823
2023-07-01 04:38:00,299 - root - INFO - Time taken for epoch 133 is 817.9190814495087 sec
2023-07-01 04:38:00,300 - root - INFO - train data time=40.53255343437195, train step time=177.04435801506042, valid step time=64.06417179107666
2023-07-01 04:38:00,300 - root - INFO - Train loss: 0.18151648342609406. Valid loss: 0.25148916244506836
2023-07-01 04:51:35,333 - root - INFO - Time taken for epoch 134 is 815.0327217578888 sec
2023-07-01 04:51:35,335 - root - INFO - train data time=42.78659987449646, train step time=181.1162006855011, valid step time=63.60303544998169
2023-07-01 04:51:35,335 - root - INFO - Train loss: 0.17906194925308228. Valid loss: 0.2520267367362976
2023-07-01 05:05:09,445 - root - INFO - Time taken for epoch 135 is 814.109748840332 sec
2023-07-01 05:05:09,446 - root - INFO - train data time=42.18472695350647, train step time=184.56872653961182, valid step time=63.38075852394104
2023-07-01 05:05:09,446 - root - INFO - Train loss: 0.17796385288238525. Valid loss: 0.2519581913948059
2023-07-01 05:18:46,390 - root - INFO - Time taken for epoch 136 is 816.9437344074249 sec
2023-07-01 05:18:46,390 - root - INFO - train data time=42.340574741363525, train step time=179.67139101028442, valid step time=63.27802848815918
2023-07-01 05:18:46,391 - root - INFO - Train loss: 0.17875036597251892. Valid loss: 0.25197088718414307
2023-07-01 05:32:21,401 - root - INFO - Time taken for epoch 137 is 815.0101029872894 sec
2023-07-01 05:32:21,402 - root - INFO - train data time=43.175698041915894, train step time=177.99609923362732, valid step time=63.2267644405365
2023-07-01 05:32:21,402 - root - INFO - Train loss: 0.179255872964859. Valid loss: 0.2520383596420288
2023-07-01 05:45:57,151 - root - INFO - Time taken for epoch 138 is 815.7486052513123 sec
2023-07-01 05:45:57,151 - root - INFO - train data time=40.32735562324524, train step time=182.27591276168823, valid step time=62.53465414047241
2023-07-01 05:45:57,152 - root - INFO - Train loss: 0.18028725683689117. Valid loss: 0.25217610597610474
2023-07-01 05:59:34,270 - root - INFO - Time taken for epoch 139 is 817.1182312965393 sec
2023-07-01 05:59:34,271 - root - INFO - train data time=37.23389005661011, train step time=180.89920163154602, valid step time=63.339492321014404
2023-07-01 05:59:34,272 - root - INFO - Train loss: 0.1799933761358261. Valid loss: 0.2517128586769104
2023-07-01 06:13:09,762 - root - INFO - Time taken for epoch 140 is 815.4895298480988 sec
2023-07-01 06:13:09,762 - root - INFO - train data time=41.96588897705078, train step time=182.4145631790161, valid step time=63.334999561309814
2023-07-01 06:13:09,762 - root - INFO - Train loss: 0.18021853268146515. Valid loss: 0.2521473169326782
2023-07-01 06:26:51,238 - root - INFO - Time taken for epoch 141 is 821.4750289916992 sec
2023-07-01 06:26:51,239 - root - INFO - train data time=43.5458664894104, train step time=191.771888256073, valid step time=62.65935254096985
2023-07-01 06:26:51,239 - root - INFO - Train loss: 0.17942939698696136. Valid loss: 0.252017617225647
2023-07-01 06:40:29,648 - root - INFO - Time taken for epoch 142 is 818.4087283611298 sec
2023-07-01 06:40:29,649 - root - INFO - train data time=43.03321409225464, train step time=186.86448287963867, valid step time=63.11877918243408
2023-07-01 06:40:29,649 - root - INFO - Train loss: 0.17792993783950806. Valid loss: 0.25220975279808044
2023-07-01 06:54:07,575 - root - INFO - Time taken for epoch 143 is 817.9253764152527 sec
2023-07-01 06:54:07,575 - root - INFO - train data time=41.231173038482666, train step time=184.21727991104126, valid step time=63.42068338394165
2023-07-01 06:54:07,576 - root - INFO - Train loss: 0.18133722245693207. Valid loss: 0.25245949625968933
2023-07-01 07:07:46,073 - root - INFO - Time taken for epoch 144 is 818.4972453117371 sec
2023-07-01 07:07:46,074 - root - INFO - train data time=38.929839849472046, train step time=185.8533055782318, valid step time=62.18698835372925
2023-07-01 07:07:46,074 - root - INFO - Train loss: 0.17913053929805756. Valid loss: 0.25250163674354553
2023-07-01 07:21:19,376 - root - INFO - Time taken for epoch 145 is 813.3009173870087 sec
2023-07-01 07:21:19,376 - root - INFO - train data time=39.212687730789185, train step time=178.81503748893738, valid step time=62.639100074768066
2023-07-01 07:21:19,377 - root - INFO - Train loss: 0.1794588565826416. Valid loss: 0.25241565704345703
2023-07-01 07:34:56,143 - root - INFO - Time taken for epoch 146 is 816.7656173706055 sec
2023-07-01 07:34:56,143 - root - INFO - train data time=33.61428165435791, train step time=173.46912336349487, valid step time=62.602843046188354
2023-07-01 07:34:56,144 - root - INFO - Train loss: 0.18001271784305573. Valid loss: 0.25239214301109314
2023-07-01 07:48:31,554 - root - INFO - Time taken for epoch 147 is 815.4103207588196 sec
2023-07-01 07:48:31,555 - root - INFO - train data time=31.15207815170288, train step time=172.97180223464966, valid step time=62.27710199356079
2023-07-01 07:48:31,555 - root - INFO - Train loss: 0.18318894505500793. Valid loss: 0.25213557481765747
2023-07-01 08:02:03,970 - root - INFO - Time taken for epoch 148 is 812.4146199226379 sec
2023-07-01 08:02:03,970 - root - INFO - train data time=31.76997971534729, train step time=174.42198634147644, valid step time=62.85005021095276
2023-07-01 08:02:03,971 - root - INFO - Train loss: 0.17868220806121826. Valid loss: 0.2523525357246399
2023-07-01 08:15:42,239 - root - INFO - Time taken for epoch 149 is 818.2681972980499 sec
2023-07-01 08:15:42,240 - root - INFO - train data time=32.04423785209656, train step time=175.01846575737, valid step time=62.188905239105225
2023-07-01 08:15:42,240 - root - INFO - Train loss: 0.18040671944618225. Valid loss: 0.2524019479751587
2023-07-01 08:29:10,057 - root - INFO - Terminating training after reaching params.max_epochs while LR scheduler is set to CosineAnnealingLR
2023-07-01 08:29:10,058 - root - INFO - Terminating training after reaching params.max_epochs while LR scheduler is set to CosineAnnealingLR
2023-07-01 08:29:10,058 - root - INFO - Terminating training after reaching params.max_epochs while LR scheduler is set to CosineAnnealingLR
2023-07-01 08:29:10,058 - root - INFO - Terminating training after reaching params.max_epochs while LR scheduler is set to CosineAnnealingLR
wandb: Waiting for W&B process to finish... (success).
paraai-n32-h-01-agent-101:654275:655225 [1] NCCL INFO [Service thread] Connection closed by localRank 1
paraai-n32-h-01-agent-101:654277:655224 [3] NCCL INFO [Service thread] Connection closed by localRank 3
paraai-n32-h-01-agent-101:654276:655222 [2] NCCL INFO [Service thread] Connection closed by localRank 2
paraai-n32-h-01-agent-101:654275:654275 [1] NCCL INFO comm 0x2f72e600 rank 1 nranks 16 cudaDev 1 busId 2000 - Abort COMPLETE
paraai-n32-h-01-agent-101:654277:654277 [3] NCCL INFO comm 0x5331ad60 rank 3 nranks 16 cudaDev 3 busId 82000 - Abort COMPLETE
paraai-n32-h-01-agent-101:654276:654276 [2] NCCL INFO comm 0x1ec5cd00 rank 2 nranks 16 cudaDev 2 busId 81000 - Abort COMPLETE
wandb: 
wandb: Run history:
wandb:         lr ███████▇▇▇▇▇▆▆▆▆▆▅▅▅▄▄▄▄▃▃▃▃▂▂▂▂▂▂▁▁▁▁▁▁
wandb: train_loss █▆▅▄▄▄▃▃▃▃▃▃▂▂▂▂▂▂▂▂▂▁▁▂▁▁▁▁▁▁▁▁▁▁▁▁▁▁▁▁
wandb:   valid_l1 █▅▄▃▂▂▂▂▁▂▁▁▁▁▁▁▁▁▁▁▁▁▁▁▁▁▁▁▁▁▁▁▁▁▁▁▁▁▁▁
wandb: valid_loss █▅▄▃▂▂▂▂▁▁▁▁▁▁▁▁▁▁▁▁▁▁▁▁▁▁▁▁▁▁▁▁▁▁▁▁▁▁▁▁
wandb: 
wandb: Run summary:
wandb:         lr 0.0
wandb: train_loss 0.18059
wandb:   valid_l1 0.09955
wandb: valid_loss 0.25209
wandb: 
wandb: You can sync this run to the cloud by running:
wandb: wandb sync /home/bingxing2/home/scx6115/Ocean_AI_model/wandb/offline-run-20230629_222741-qibpatvv
wandb: Find logs at: ./wandb/offline-run-20230629_222741-qibpatvv/logs
paraai-n32-h-01-agent-101:654274:655223 [0] NCCL INFO [Service thread] Connection closed by localRank 0
paraai-n32-h-01-agent-101:654274:654274 [0] NCCL INFO comm 0x823c5300 rank 0 nranks 16 cudaDev 0 busId 1000 - Abort COMPLETE
