master_addr is only used for static rdzv_backend and when rdzv_endpoint is not specified.
paraai-n32-h-01-agent-101
0
------------------ Configuration ------------------  /home/bingxing2/home/scx6115/Ocean_AI_model/config/Model_2.yaml
paraai-n32-h-01-agent-101
0
------------------ Configuration ------------------  /home/bingxing2/home/scx6115/Ocean_AI_model/config/Model_2.yaml
paraai-n32-h-01-agent-101
0
------------------ Configuration ------------------  /home/bingxing2/home/scx6115/Ocean_AI_model/config/Model_2.yaml
paraai-n32-h-01-agent-101
0
------------------ Configuration ------------------  /home/bingxing2/home/scx6115/Ocean_AI_model/config/Model_2.yaml
nettype Masked_AE_Ocean
log_to_wandb True
lr 0.001
batch_size 32
max_epochs 150
scheduler CosineAnnealingLR
fusion_3d_2d False
in_channels [0, 1, 2, 3, 4, 5, 6, 7, 8, 9, 10, 11, 12, 13, 14, 15, 16, 17, 18, 19, 20, 21, 22, 23, 24, 25, 26, 27, 28, 29, 30, 31, 32, 33, 34, 35, 36, 37, 38, 39, 40, 41, 42, 43, 44, 45, 46, 47, 48, 49, 50, 51, 52, 53, 54, 55, 56, 57, 58, 59, 60, 61, 62, 63, 64, 65]
out_channels [0, 1, 2, 3, 4, 5, 6, 7, 8, 9, 10, 11, 12, 13, 14, 15, 16, 17, 18, 19, 20, 21, 22, 23, 24, 25, 26, 27, 28, 29, 30, 31, 32, 33, 34, 35, 36, 37, 38, 39, 40, 41, 42, 43, 44, 45, 46, 47, 48, 49, 50, 51, 52, 53, 54, 55, 56, 57, 58, 59, 60]
N_in_channels 66
N_out_channels 61
img_size_h 720
img_size_w 1440
patch_size_h 8
patch_size_w 8
mlp_ratio 4.0
embed_dim 512
depth 12
num_heads 16
decoder_embed_dim 1024
decoder_depth 8
decoder_num_heads 16
koopman_depth 2
modes_h_ratio 1
modes_w_ratio 0.8
drop_rate 0.0
drop_path_rate 0.0
sparsity_threshold 0.01
hard_thresholding_fraction 1.0
num_blocks 8
loss l2
num_data_workers 0
dt 1
n_history 0
prediction_type iterative
prediction_length 41
n_initial_conditions 5
ics_type default
date_strings ['2018-09-14 00:00:00']
save_raw_forecasts True
save_channel False
masked_acc False
maskpath None
perturb False
add_grid False
N_grid_channels 0
gridtype sinusoidal
roll False
enable_nhwc False
optimizer_type FusedAdam
exp_dir ./exp_15_levels
patch_size 8
width 56
modes 32
target default
train_data_path /home/bingxing2/home/scx6115/Ocean_AI_model/sample_01/train
valid_data_path /home/bingxing2/home/scx6115/Ocean_AI_model/sample_01/valid
test_data_path /home/bingxing2/home/scx6115/Ocean_AI_model/sample_01/test
land_mask True
land_mask_path /home/bingxing2/home/scx6115/Ocean_AI_model/sample_01/land_mask.h5
normalize True
normalization zscore
global_mins_path /home/bingxing2/home/scx6115/Ocean_AI_model/sample_01/train/global_mins.npy
global_maxs_path /home/bingxing2/home/scx6115/Ocean_AI_model/sample_01/train/global_maxs.npy
global_means_path /home/bingxing2/home/scx6115/Ocean_AI_model/sample_01/train/global_means.npy
global_stds_path /home/bingxing2/home/scx6115/Ocean_AI_model/sample_01/train/global_stds.npy
orography True
orography_norm_zscore_path /home/bingxing2/home/scx6115/Ocean_AI_model/sample_01/orography_norm_zscore.h5
orography_norm_maxmin_path /home/bingxing2/home/scx6115/Ocean_AI_model/sample_01/orography_norm_maxmin.h5
add_noise False
noise_std 0
crop_size_x None
crop_size_y None
log_to_screen True
save_checkpoint True
plot_animations False
---------------------------------------------------
world_size : 16
Initialize distributed process group...
nettype Masked_AE_Ocean
log_to_wandb True
lr 0.001
batch_size 32
max_epochs 150
scheduler CosineAnnealingLR
fusion_3d_2d False
in_channels [0, 1, 2, 3, 4, 5, 6, 7, 8, 9, 10, 11, 12, 13, 14, 15, 16, 17, 18, 19, 20, 21, 22, 23, 24, 25, 26, 27, 28, 29, 30, 31, 32, 33, 34, 35, 36, 37, 38, 39, 40, 41, 42, 43, 44, 45, 46, 47, 48, 49, 50, 51, 52, 53, 54, 55, 56, 57, 58, 59, 60, 61, 62, 63, 64, 65]
out_channels [0, 1, 2, 3, 4, 5, 6, 7, 8, 9, 10, 11, 12, 13, 14, 15, 16, 17, 18, 19, 20, 21, 22, 23, 24, 25, 26, 27, 28, 29, 30, 31, 32, 33, 34, 35, 36, 37, 38, 39, 40, 41, 42, 43, 44, 45, 46, 47, 48, 49, 50, 51, 52, 53, 54, 55, 56, 57, 58, 59, 60]
N_in_channels 66
N_out_channels 61
img_size_h 720
img_size_w 1440
patch_size_h 8
patch_size_w 8
mlp_ratio 4.0
embed_dim 512
depth 12
num_heads 16
decoder_embed_dim 1024
decoder_depth 8
decoder_num_heads 16
koopman_depth 2
modes_h_ratio 1
modes_w_ratio 0.8
drop_rate 0.0
drop_path_rate 0.0
sparsity_threshold 0.01
hard_thresholding_fraction 1.0
num_blocks 8
loss l2
num_data_workers 0
dt 1
n_history 0
prediction_type iterative
prediction_length 41
n_initial_conditions 5
ics_type default
date_strings ['2018-09-14 00:00:00']
save_raw_forecasts True
save_channel False
masked_acc False
maskpath None
perturb False
add_grid False
N_grid_channels 0
gridtype sinusoidal
roll False
enable_nhwc False
optimizer_type FusedAdam
exp_dir ./exp_15_levels
patch_size 8
width 56
modes 32
target default
train_data_path /home/bingxing2/home/scx6115/Ocean_AI_model/sample_01/train
valid_data_path /home/bingxing2/home/scx6115/Ocean_AI_model/sample_01/valid
test_data_path /home/bingxing2/home/scx6115/Ocean_AI_model/sample_01/test
land_mask True
land_mask_path /home/bingxing2/home/scx6115/Ocean_AI_model/sample_01/land_mask.h5
normalize True
normalization zscore
global_mins_path /home/bingxing2/home/scx6115/Ocean_AI_model/sample_01/train/global_mins.npy
global_maxs_path /home/bingxing2/home/scx6115/Ocean_AI_model/sample_01/train/global_maxs.npy
global_means_path /home/bingxing2/home/scx6115/Ocean_AI_model/sample_01/train/global_means.npy
global_stds_path /home/bingxing2/home/scx6115/Ocean_AI_model/sample_01/train/global_stds.npy
orography True
orography_norm_zscore_path /home/bingxing2/home/scx6115/Ocean_AI_model/sample_01/orography_norm_zscore.h5
orography_norm_maxmin_path /home/bingxing2/home/scx6115/Ocean_AI_model/sample_01/orography_norm_maxmin.h5
add_noise False
noise_std 0
crop_size_x None
crop_size_y None
log_to_screen True
save_checkpoint True
plot_animations False
---------------------------------------------------
world_size : 16
Initialize distributed process group...
nettype Masked_AE_Ocean
log_to_wandb True
lr 0.001
batch_size 32
max_epochs 150
scheduler CosineAnnealingLR
fusion_3d_2d False
in_channels [0, 1, 2, 3, 4, 5, 6, 7, 8, 9, 10, 11, 12, 13, 14, 15, 16, 17, 18, 19, 20, 21, 22, 23, 24, 25, 26, 27, 28, 29, 30, 31, 32, 33, 34, 35, 36, 37, 38, 39, 40, 41, 42, 43, 44, 45, 46, 47, 48, 49, 50, 51, 52, 53, 54, 55, 56, 57, 58, 59, 60, 61, 62, 63, 64, 65]
out_channels [0, 1, 2, 3, 4, 5, 6, 7, 8, 9, 10, 11, 12, 13, 14, 15, 16, 17, 18, 19, 20, 21, 22, 23, 24, 25, 26, 27, 28, 29, 30, 31, 32, 33, 34, 35, 36, 37, 38, 39, 40, 41, 42, 43, 44, 45, 46, 47, 48, 49, 50, 51, 52, 53, 54, 55, 56, 57, 58, 59, 60]
N_in_channels 66
N_out_channels 61
img_size_h 720
img_size_w 1440
patch_size_h 8
patch_size_w 8
mlp_ratio 4.0
embed_dim 512
depth 12
num_heads 16
decoder_embed_dim 1024
decoder_depth 8
decoder_num_heads 16
koopman_depth 2
modes_h_ratio 1
modes_w_ratio 0.8
drop_rate 0.0
drop_path_rate 0.0
sparsity_threshold 0.01
hard_thresholding_fraction 1.0
num_blocks 8
loss l2
num_data_workers 0
dt 1
n_history 0
prediction_type iterative
prediction_length 41
n_initial_conditions 5
ics_type default
date_strings ['2018-09-14 00:00:00']
save_raw_forecasts True
save_channel False
masked_acc False
maskpath None
perturb False
add_grid False
N_grid_channels 0
gridtype sinusoidal
roll False
enable_nhwc False
optimizer_type FusedAdam
exp_dir ./exp_15_levels
patch_size 8
width 56
modes 32
target default
train_data_path /home/bingxing2/home/scx6115/Ocean_AI_model/sample_01/train
valid_data_path /home/bingxing2/home/scx6115/Ocean_AI_model/sample_01/valid
test_data_path /home/bingxing2/home/scx6115/Ocean_AI_model/sample_01/test
land_mask True
land_mask_path /home/bingxing2/home/scx6115/Ocean_AI_model/sample_01/land_mask.h5
normalize True
normalization zscore
global_mins_path /home/bingxing2/home/scx6115/Ocean_AI_model/sample_01/train/global_mins.npy
global_maxs_path /home/bingxing2/home/scx6115/Ocean_AI_model/sample_01/train/global_maxs.npy
global_means_path /home/bingxing2/home/scx6115/Ocean_AI_model/sample_01/train/global_means.npy
global_stds_path /home/bingxing2/home/scx6115/Ocean_AI_model/sample_01/train/global_stds.npy
orography True
orography_norm_zscore_path /home/bingxing2/home/scx6115/Ocean_AI_model/sample_01/orography_norm_zscore.h5
orography_norm_maxmin_path /home/bingxing2/home/scx6115/Ocean_AI_model/sample_01/orography_norm_maxmin.h5
add_noise False
noise_std 0
crop_size_x None
crop_size_y None
log_to_screen True
save_checkpoint True
plot_animations False
---------------------------------------------------
world_size : 16
Initialize distributed process group...
nettype Masked_AE_Ocean
log_to_wandb True
lr 0.001
batch_size 32
max_epochs 150
scheduler CosineAnnealingLR
fusion_3d_2d False
in_channels [0, 1, 2, 3, 4, 5, 6, 7, 8, 9, 10, 11, 12, 13, 14, 15, 16, 17, 18, 19, 20, 21, 22, 23, 24, 25, 26, 27, 28, 29, 30, 31, 32, 33, 34, 35, 36, 37, 38, 39, 40, 41, 42, 43, 44, 45, 46, 47, 48, 49, 50, 51, 52, 53, 54, 55, 56, 57, 58, 59, 60, 61, 62, 63, 64, 65]
out_channels [0, 1, 2, 3, 4, 5, 6, 7, 8, 9, 10, 11, 12, 13, 14, 15, 16, 17, 18, 19, 20, 21, 22, 23, 24, 25, 26, 27, 28, 29, 30, 31, 32, 33, 34, 35, 36, 37, 38, 39, 40, 41, 42, 43, 44, 45, 46, 47, 48, 49, 50, 51, 52, 53, 54, 55, 56, 57, 58, 59, 60]
N_in_channels 66
N_out_channels 61
img_size_h 720
img_size_w 1440
patch_size_h 8
patch_size_w 8
mlp_ratio 4.0
embed_dim 512
depth 12
num_heads 16
decoder_embed_dim 1024
decoder_depth 8
decoder_num_heads 16
koopman_depth 2
modes_h_ratio 1
modes_w_ratio 0.8
drop_rate 0.0
drop_path_rate 0.0
sparsity_threshold 0.01
hard_thresholding_fraction 1.0
num_blocks 8
loss l2
num_data_workers 0
dt 1
n_history 0
prediction_type iterative
prediction_length 41
n_initial_conditions 5
ics_type default
date_strings ['2018-09-14 00:00:00']
save_raw_forecasts True
save_channel False
masked_acc False
maskpath None
perturb False
add_grid False
N_grid_channels 0
gridtype sinusoidal
roll False
enable_nhwc False
optimizer_type FusedAdam
exp_dir ./exp_15_levels
patch_size 8
width 56
modes 32
target default
train_data_path /home/bingxing2/home/scx6115/Ocean_AI_model/sample_01/train
valid_data_path /home/bingxing2/home/scx6115/Ocean_AI_model/sample_01/valid
test_data_path /home/bingxing2/home/scx6115/Ocean_AI_model/sample_01/test
land_mask True
land_mask_path /home/bingxing2/home/scx6115/Ocean_AI_model/sample_01/land_mask.h5
normalize True
normalization zscore
global_mins_path /home/bingxing2/home/scx6115/Ocean_AI_model/sample_01/train/global_mins.npy
global_maxs_path /home/bingxing2/home/scx6115/Ocean_AI_model/sample_01/train/global_maxs.npy
global_means_path /home/bingxing2/home/scx6115/Ocean_AI_model/sample_01/train/global_means.npy
global_stds_path /home/bingxing2/home/scx6115/Ocean_AI_model/sample_01/train/global_stds.npy
orography True
orography_norm_zscore_path /home/bingxing2/home/scx6115/Ocean_AI_model/sample_01/orography_norm_zscore.h5
orography_norm_maxmin_path /home/bingxing2/home/scx6115/Ocean_AI_model/sample_01/orography_norm_maxmin.h5
add_noise False
noise_std 0
crop_size_x None
crop_size_y None
log_to_screen True
save_checkpoint True
plot_animations False
---------------------------------------------------
world_size : 16
Initialize distributed process group...
2023-07-01 22:02:49,776 - torch.distributed.distributed_c10d - INFO - Added key: store_based_barrier_key:1 to store for rank: 1
2023-07-01 22:02:49,809 - torch.distributed.distributed_c10d - INFO - Added key: store_based_barrier_key:1 to store for rank: 2
2023-07-01 22:02:49,835 - torch.distributed.distributed_c10d - INFO - Added key: store_based_barrier_key:1 to store for rank: 3
2023-07-01 22:02:51,649 - torch.distributed.distributed_c10d - INFO - Added key: store_based_barrier_key:1 to store for rank: 0
2023-07-01 22:02:51,649 - torch.distributed.distributed_c10d - INFO - Rank 0: Completed store-based barrier for key:store_based_barrier_key:1 with 16 nodes.
2023-07-01 22:02:51,651 - torch.distributed.distributed_c10d - INFO - Rank 3: Completed store-based barrier for key:store_based_barrier_key:1 with 16 nodes.
2023-07-01 22:02:51,654 - torch.distributed.distributed_c10d - INFO - Rank 1: Completed store-based barrier for key:store_based_barrier_key:1 with 16 nodes.
2023-07-01 22:02:51,654 - torch.distributed.distributed_c10d - INFO - Rank 2: Completed store-based barrier for key:store_based_barrier_key:1 with 16 nodes.
2023-07-01 22:02:51,706 - root - INFO - device: cuda:1
2023-07-01 22:02:51,706 - root - INFO - rank 1, begin data loader init
2023-07-01 22:02:51,708 - root - INFO - device: cuda:3
2023-07-01 22:02:51,708 - root - INFO - rank 3, begin data loader init
2023-07-01 22:02:51,711 - root - INFO - Getting file stats from /home/bingxing2/home/scx6115/Ocean_AI_model/sample_01/train/2000.h5
2023-07-01 22:02:51,711 - root - INFO - Getting file stats from /home/bingxing2/home/scx6115/Ocean_AI_model/sample_01/train/2000.h5
2023-07-01 22:02:51,712 - root - INFO - Number of samples per year: 365
2023-07-01 22:02:51,712 - root - INFO - Found data at path /home/bingxing2/home/scx6115/Ocean_AI_model/sample_01/train. Number of examples: 4015. Image Shape: 720 x 1440 x 66
2023-07-01 22:02:51,712 - root - INFO - Number of samples per year: 365
2023-07-01 22:02:51,712 - root - INFO - Delta t: 1 days
2023-07-01 22:02:51,712 - root - INFO - Found data at path /home/bingxing2/home/scx6115/Ocean_AI_model/sample_01/train. Number of examples: 4015. Image Shape: 720 x 1440 x 66
2023-07-01 22:02:51,712 - root - INFO - Including 0 days of past history in training at a frequency of 1 days
2023-07-01 22:02:51,712 - root - INFO - Delta t: 1 days
2023-07-01 22:02:51,712 - root - INFO - Including 0 days of past history in training at a frequency of 1 days
2023-07-01 22:02:51,716 - root - INFO - Getting file stats from /home/bingxing2/home/scx6115/Ocean_AI_model/sample_01/valid/2011.h5
2023-07-01 22:02:51,716 - root - INFO - Getting file stats from /home/bingxing2/home/scx6115/Ocean_AI_model/sample_01/valid/2011.h5
2023-07-01 22:02:51,715 - root - INFO - device: cuda:2
2023-07-01 22:02:51,716 - root - INFO - rank 2, begin data loader init
2023-07-01 22:02:51,717 - root - INFO - Number of samples per year: 364
2023-07-01 22:02:51,717 - root - INFO - Number of samples per year: 364
2023-07-01 22:02:51,717 - root - INFO - Found data at path /home/bingxing2/home/scx6115/Ocean_AI_model/sample_01/valid. Number of examples: 364. Image Shape: 720 x 1440 x 66
2023-07-01 22:02:51,717 - root - INFO - Found data at path /home/bingxing2/home/scx6115/Ocean_AI_model/sample_01/valid. Number of examples: 364. Image Shape: 720 x 1440 x 66
2023-07-01 22:02:51,717 - root - INFO - Delta t: 1 days
2023-07-01 22:02:51,717 - root - INFO - Delta t: 1 days
2023-07-01 22:02:51,717 - root - INFO - Including 0 days of past history in training at a frequency of 1 days
2023-07-01 22:02:51,717 - root - INFO - Including 0 days of past history in training at a frequency of 1 days
2023-07-01 22:02:51,717 - root - INFO - rank 3, data loader initialized
2023-07-01 22:02:51,717 - root - INFO - rank 1, data loader initialized
2023-07-01 22:02:51,721 - root - INFO - Getting file stats from /home/bingxing2/home/scx6115/Ocean_AI_model/sample_01/train/2000.h5
2023-07-01 22:02:51,723 - root - INFO - Number of samples per year: 365
2023-07-01 22:02:51,723 - root - INFO - Found data at path /home/bingxing2/home/scx6115/Ocean_AI_model/sample_01/train. Number of examples: 4015. Image Shape: 720 x 1440 x 66
2023-07-01 22:02:51,723 - root - INFO - Delta t: 1 days
2023-07-01 22:02:51,723 - root - INFO - Including 0 days of past history in training at a frequency of 1 days
2023-07-01 22:02:51,726 - root - INFO - Getting file stats from /home/bingxing2/home/scx6115/Ocean_AI_model/sample_01/valid/2011.h5
2023-07-01 22:02:51,727 - root - INFO - Number of samples per year: 364
2023-07-01 22:02:51,727 - root - INFO - Found data at path /home/bingxing2/home/scx6115/Ocean_AI_model/sample_01/valid. Number of examples: 364. Image Shape: 720 x 1440 x 66
2023-07-01 22:02:51,727 - root - INFO - Delta t: 1 days
2023-07-01 22:02:51,727 - root - INFO - Including 0 days of past history in training at a frequency of 1 days
2023-07-01 22:02:51,727 - root - INFO - rank 2, data loader initialized
2023-07-01 22:02:51,780 - root - INFO - ------------------ Configuration ------------------
2023-07-01 22:02:51,781 - root - INFO - Configuration file: /home/bingxing2/home/scx6115/Ocean_AI_model/config/Model_2.yaml
2023-07-01 22:02:51,781 - root - INFO - Configuration name: Masked_AE_Ocean
2023-07-01 22:02:51,781 - root - INFO - nettype Masked_AE_Ocean
2023-07-01 22:02:51,781 - root - INFO - log_to_wandb True
2023-07-01 22:02:51,781 - root - INFO - lr 0.001
2023-07-01 22:02:51,781 - root - INFO - batch_size 2
2023-07-01 22:02:51,781 - root - INFO - max_epochs 150
2023-07-01 22:02:51,781 - root - INFO - scheduler CosineAnnealingLR
2023-07-01 22:02:51,781 - root - INFO - fusion_3d_2d False
2023-07-01 22:02:51,781 - root - INFO - in_channels [0, 1, 2, 3, 4, 5, 6, 7, 8, 9, 10, 11, 12, 13, 14, 15, 16, 17, 18, 19, 20, 21, 22, 23, 24, 25, 26, 27, 28, 29, 30, 31, 32, 33, 34, 35, 36, 37, 38, 39, 40, 41, 42, 43, 44, 45, 46, 47, 48, 49, 50, 51, 52, 53, 54, 55, 56, 57, 58, 59, 60, 61, 62, 63, 64, 65]
2023-07-01 22:02:51,781 - root - INFO - out_channels [0, 1, 2, 3, 4, 5, 6, 7, 8, 9, 10, 11, 12, 13, 14, 15, 16, 17, 18, 19, 20, 21, 22, 23, 24, 25, 26, 27, 28, 29, 30, 31, 32, 33, 34, 35, 36, 37, 38, 39, 40, 41, 42, 43, 44, 45, 46, 47, 48, 49, 50, 51, 52, 53, 54, 55, 56, 57, 58, 59, 60]
2023-07-01 22:02:51,781 - root - INFO - N_in_channels 66
2023-07-01 22:02:51,782 - root - INFO - N_out_channels 61
2023-07-01 22:02:51,782 - root - INFO - img_size_h 720
2023-07-01 22:02:51,782 - root - INFO - img_size_w 1440
2023-07-01 22:02:51,782 - root - INFO - patch_size_h 8
2023-07-01 22:02:51,782 - root - INFO - patch_size_w 8
2023-07-01 22:02:51,782 - root - INFO - mlp_ratio 4.0
2023-07-01 22:02:51,782 - root - INFO - embed_dim 512
2023-07-01 22:02:51,782 - root - INFO - depth 12
2023-07-01 22:02:51,782 - root - INFO - num_heads 16
2023-07-01 22:02:51,782 - root - INFO - decoder_embed_dim 1024
2023-07-01 22:02:51,782 - root - INFO - decoder_depth 8
2023-07-01 22:02:51,782 - root - INFO - decoder_num_heads 16
2023-07-01 22:02:51,782 - root - INFO - koopman_depth 2
2023-07-01 22:02:51,782 - root - INFO - modes_h_ratio 1
2023-07-01 22:02:51,783 - root - INFO - modes_w_ratio 0.8
2023-07-01 22:02:51,783 - root - INFO - drop_rate 0.0
2023-07-01 22:02:51,783 - root - INFO - drop_path_rate 0.0
2023-07-01 22:02:51,783 - root - INFO - sparsity_threshold 0.01
2023-07-01 22:02:51,783 - root - INFO - hard_thresholding_fraction 1.0
2023-07-01 22:02:51,783 - root - INFO - num_blocks 8
2023-07-01 22:02:51,783 - root - INFO - loss l2
2023-07-01 22:02:51,783 - root - INFO - num_data_workers 0
2023-07-01 22:02:51,783 - root - INFO - dt 1
2023-07-01 22:02:51,783 - root - INFO - n_history 0
2023-07-01 22:02:51,783 - root - INFO - prediction_type iterative
2023-07-01 22:02:51,783 - root - INFO - prediction_length 41
2023-07-01 22:02:51,783 - root - INFO - n_initial_conditions 5
2023-07-01 22:02:51,783 - root - INFO - ics_type default
2023-07-01 22:02:51,783 - root - INFO - date_strings ['2018-09-14 00:00:00']
2023-07-01 22:02:51,784 - root - INFO - save_raw_forecasts True
2023-07-01 22:02:51,784 - root - INFO - save_channel False
2023-07-01 22:02:51,784 - root - INFO - masked_acc False
2023-07-01 22:02:51,784 - root - INFO - maskpath None
2023-07-01 22:02:51,784 - root - INFO - perturb False
2023-07-01 22:02:51,784 - root - INFO - add_grid False
2023-07-01 22:02:51,784 - root - INFO - N_grid_channels 0
2023-07-01 22:02:51,784 - root - INFO - gridtype sinusoidal
2023-07-01 22:02:51,784 - root - INFO - roll False
2023-07-01 22:02:51,784 - root - INFO - enable_nhwc False
2023-07-01 22:02:51,784 - root - INFO - optimizer_type FusedAdam
2023-07-01 22:02:51,784 - root - INFO - exp_dir ./exp_15_levels
2023-07-01 22:02:51,784 - root - INFO - patch_size 8
2023-07-01 22:02:51,784 - root - INFO - width 56
2023-07-01 22:02:51,785 - root - INFO - modes 32
2023-07-01 22:02:51,785 - root - INFO - target default
2023-07-01 22:02:51,785 - root - INFO - train_data_path /home/bingxing2/home/scx6115/Ocean_AI_model/sample_01/train
2023-07-01 22:02:51,785 - root - INFO - valid_data_path /home/bingxing2/home/scx6115/Ocean_AI_model/sample_01/valid
2023-07-01 22:02:51,785 - root - INFO - test_data_path /home/bingxing2/home/scx6115/Ocean_AI_model/sample_01/test
2023-07-01 22:02:51,785 - root - INFO - land_mask True
2023-07-01 22:02:51,785 - root - INFO - land_mask_path /home/bingxing2/home/scx6115/Ocean_AI_model/sample_01/land_mask.h5
2023-07-01 22:02:51,785 - root - INFO - normalize True
2023-07-01 22:02:51,785 - root - INFO - normalization zscore
2023-07-01 22:02:51,785 - root - INFO - global_mins_path /home/bingxing2/home/scx6115/Ocean_AI_model/sample_01/train/global_mins.npy
2023-07-01 22:02:51,785 - root - INFO - global_maxs_path /home/bingxing2/home/scx6115/Ocean_AI_model/sample_01/train/global_maxs.npy
2023-07-01 22:02:51,785 - root - INFO - global_means_path /home/bingxing2/home/scx6115/Ocean_AI_model/sample_01/train/global_means.npy
2023-07-01 22:02:51,785 - root - INFO - global_stds_path /home/bingxing2/home/scx6115/Ocean_AI_model/sample_01/train/global_stds.npy
2023-07-01 22:02:51,785 - root - INFO - orography True
2023-07-01 22:02:51,785 - root - INFO - orography_norm_zscore_path /home/bingxing2/home/scx6115/Ocean_AI_model/sample_01/orography_norm_zscore.h5
2023-07-01 22:02:51,786 - root - INFO - orography_norm_maxmin_path /home/bingxing2/home/scx6115/Ocean_AI_model/sample_01/orography_norm_maxmin.h5
2023-07-01 22:02:51,786 - root - INFO - add_noise False
2023-07-01 22:02:51,786 - root - INFO - noise_std 0
2023-07-01 22:02:51,786 - root - INFO - crop_size_x None
2023-07-01 22:02:51,786 - root - INFO - crop_size_y None
2023-07-01 22:02:51,786 - root - INFO - log_to_screen True
2023-07-01 22:02:51,786 - root - INFO - save_checkpoint True
2023-07-01 22:02:51,786 - root - INFO - plot_animations False
2023-07-01 22:02:51,786 - root - INFO - epsilon_factor 0
2023-07-01 22:02:51,786 - root - INFO - multi_steps_finetune 1
2023-07-01 22:02:51,786 - root - INFO - finetune_max_epochs 50
2023-07-01 22:02:51,786 - root - INFO - world_size 16
2023-07-01 22:02:51,786 - root - INFO - local_rank 0
2023-07-01 22:02:51,786 - root - INFO - global_batch_size 32
2023-07-01 22:02:51,786 - root - INFO - enable_amp True
2023-07-01 22:02:51,787 - root - INFO - experiment_dir /home/bingxing2/home/scx6115/Ocean_AI_model/exp_15_levels/Masked_AE_Ocean/20230701-220232
2023-07-01 22:02:51,787 - root - INFO - checkpoint_path ./exp_15_levels/Masked_AE_Ocean/20230701-220232/training_checkpoints/ckpt.tar
2023-07-01 22:02:51,787 - root - INFO - best_checkpoint_path ./exp_15_levels/Masked_AE_Ocean/20230701-220232/training_checkpoints/best_ckpt.tar
2023-07-01 22:02:51,787 - root - INFO - resuming False
2023-07-01 22:02:51,787 - root - INFO - entity ocean_ai_model
2023-07-01 22:02:51,787 - root - INFO - project ai4science
2023-07-01 22:02:51,787 - root - INFO - group 025_daily_15_levels
2023-07-01 22:02:51,787 - root - INFO - name Masked_AE_Ocean_20230701-220232
2023-07-01 22:02:51,787 - root - INFO - ---------------------------------------------------
wandb: Tracking run with wandb version 0.15.3
wandb: W&B syncing is set to `offline` in this directory.  
wandb: Run `wandb online` or set WANDB_MODE=online to enable cloud syncing.
2023-07-01 22:02:59,679 - root - INFO - device: cuda:0
2023-07-01 22:02:59,680 - root - INFO - rank 0, begin data loader init
2023-07-01 22:02:59,682 - root - INFO - Getting file stats from /home/bingxing2/home/scx6115/Ocean_AI_model/sample_01/train/2000.h5
2023-07-01 22:02:59,683 - root - INFO - Number of samples per year: 365
2023-07-01 22:02:59,684 - root - INFO - Found data at path /home/bingxing2/home/scx6115/Ocean_AI_model/sample_01/train. Number of examples: 4015. Image Shape: 720 x 1440 x 66
2023-07-01 22:02:59,684 - root - INFO - Delta t: 1 days
2023-07-01 22:02:59,684 - root - INFO - Including 0 days of past history in training at a frequency of 1 days
2023-07-01 22:02:59,686 - root - INFO - Getting file stats from /home/bingxing2/home/scx6115/Ocean_AI_model/sample_01/valid/2011.h5
2023-07-01 22:02:59,687 - root - INFO - Number of samples per year: 364
2023-07-01 22:02:59,687 - root - INFO - Found data at path /home/bingxing2/home/scx6115/Ocean_AI_model/sample_01/valid. Number of examples: 364. Image Shape: 720 x 1440 x 66
2023-07-01 22:02:59,688 - root - INFO - Delta t: 1 days
2023-07-01 22:02:59,688 - root - INFO - Including 0 days of past history in training at a frequency of 1 days
2023-07-01 22:02:59,688 - root - INFO - rank 0, data loader initialized
paraai-n32-h-01-agent-101:2372648:2372648 [0] NCCL INFO Bootstrap : Using eth0:172.16.5.98<0>
paraai-n32-h-01-agent-101:2372648:2372648 [0] NCCL INFO NET/Plugin : No plugin found (libnccl-net.so), using internal implementation
paraai-n32-h-01-agent-101:2372648:2372648 [0] NCCL INFO cudaDriverVersion 11060
NCCL version 2.14.3+cuda11.7
paraai-n32-h-01-agent-101:2372651:2372651 [3] NCCL INFO cudaDriverVersion 11060
paraai-n32-h-01-agent-101:2372649:2372649 [1] NCCL INFO cudaDriverVersion 11060
paraai-n32-h-01-agent-101:2372650:2372650 [2] NCCL INFO cudaDriverVersion 11060
paraai-n32-h-01-agent-101:2372651:2372651 [3] NCCL INFO Bootstrap : Using eth0:172.16.5.98<0>
paraai-n32-h-01-agent-101:2372649:2372649 [1] NCCL INFO Bootstrap : Using eth0:172.16.5.98<0>
paraai-n32-h-01-agent-101:2372650:2372650 [2] NCCL INFO Bootstrap : Using eth0:172.16.5.98<0>
paraai-n32-h-01-agent-101:2372651:2372651 [3] NCCL INFO NET/Plugin : No plugin found (libnccl-net.so), using internal implementation
paraai-n32-h-01-agent-101:2372649:2372649 [1] NCCL INFO NET/Plugin : No plugin found (libnccl-net.so), using internal implementation
paraai-n32-h-01-agent-101:2372650:2372650 [2] NCCL INFO NET/Plugin : No plugin found (libnccl-net.so), using internal implementation
paraai-n32-h-01-agent-101:2372648:2374261 [0] NCCL INFO NET/IB : Using [0]mlx5_0:1/RoCE [1]mlx5_2:1/RoCE [RO]; OOB eth0:172.16.5.98<0>
paraai-n32-h-01-agent-101:2372648:2374261 [0] NCCL INFO Using network IB
paraai-n32-h-01-agent-101:2372651:2374275 [3] NCCL INFO NET/IB : Using [0]mlx5_0:1/RoCE [1]mlx5_2:1/RoCE [RO]; OOB eth0:172.16.5.98<0>
paraai-n32-h-01-agent-101:2372651:2374275 [3] NCCL INFO Using network IB
paraai-n32-h-01-agent-101:2372649:2374276 [1] NCCL INFO NET/IB : Using [0]mlx5_0:1/RoCE [1]mlx5_2:1/RoCE [RO]; OOB eth0:172.16.5.98<0>
paraai-n32-h-01-agent-101:2372649:2374276 [1] NCCL INFO Using network IB
paraai-n32-h-01-agent-101:2372650:2374277 [2] NCCL INFO NET/IB : Using [0]mlx5_0:1/RoCE [1]mlx5_2:1/RoCE [RO]; OOB eth0:172.16.5.98<0>
paraai-n32-h-01-agent-101:2372650:2374277 [2] NCCL INFO Using network IB
paraai-n32-h-01-agent-101:2372648:2374261 [0] NCCL INFO Setting affinity for GPU 0 to ffffffff
paraai-n32-h-01-agent-101:2372651:2374275 [3] NCCL INFO Setting affinity for GPU 3 to ffffffff,00000000,00000000
paraai-n32-h-01-agent-101:2372649:2374276 [1] NCCL INFO Setting affinity for GPU 1 to ffffffff
paraai-n32-h-01-agent-101:2372650:2374277 [2] NCCL INFO Setting affinity for GPU 2 to ffffffff,00000000,00000000
paraai-n32-h-01-agent-101:2372648:2374261 [0] NCCL INFO NCCL_MAX_NCHANNELS set by environment to 16.
paraai-n32-h-01-agent-101:2372648:2374261 [0] NCCL INFO NCCL_MIN_NCHANNELS set by environment to 16.
paraai-n32-h-01-agent-101:2372648:2374261 [0] NCCL INFO Channel 00/16 :    0   1   2   3   4   5   6   7   8   9  10  11  12  13  14  15
paraai-n32-h-01-agent-101:2372648:2374261 [0] NCCL INFO Channel 01/16 :    0   6   7   5   4  10  11   9   8  14  15  13  12   2   3   1
paraai-n32-h-01-agent-101:2372648:2374261 [0] NCCL INFO Channel 02/16 :    0   1   2   3   4   5   6   7   8   9  10  11  12  13  14  15
paraai-n32-h-01-agent-101:2372648:2374261 [0] NCCL INFO Channel 03/16 :    0   6   7   5   4  10  11   9   8  14  15  13  12   2   3   1
paraai-n32-h-01-agent-101:2372648:2374261 [0] NCCL INFO Channel 04/16 :    0   1   2   3   4   5   6   7   8   9  10  11  12  13  14  15
paraai-n32-h-01-agent-101:2372648:2374261 [0] NCCL INFO Channel 05/16 :    0   6   7   5   4  10  11   9   8  14  15  13  12   2   3   1
paraai-n32-h-01-agent-101:2372648:2374261 [0] NCCL INFO Channel 06/16 :    0   1   2   3   4   5   6   7   8   9  10  11  12  13  14  15
paraai-n32-h-01-agent-101:2372648:2374261 [0] NCCL INFO Channel 07/16 :    0   6   7   5   4  10  11   9   8  14  15  13  12   2   3   1
paraai-n32-h-01-agent-101:2372648:2374261 [0] NCCL INFO Channel 08/16 :    0   1   2   3   4   5   6   7   8   9  10  11  12  13  14  15
paraai-n32-h-01-agent-101:2372648:2374261 [0] NCCL INFO Channel 09/16 :    0   6   7   5   4  10  11   9   8  14  15  13  12   2   3   1
paraai-n32-h-01-agent-101:2372648:2374261 [0] NCCL INFO Channel 10/16 :    0   1   2   3   4   5   6   7   8   9  10  11  12  13  14  15
paraai-n32-h-01-agent-101:2372648:2374261 [0] NCCL INFO Channel 11/16 :    0   6   7   5   4  10  11   9   8  14  15  13  12   2   3   1
paraai-n32-h-01-agent-101:2372648:2374261 [0] NCCL INFO Channel 12/16 :    0   1   2   3   4   5   6   7   8   9  10  11  12  13  14  15
paraai-n32-h-01-agent-101:2372648:2374261 [0] NCCL INFO Channel 13/16 :    0   6   7   5   4  10  11   9   8  14  15  13  12   2   3   1
paraai-n32-h-01-agent-101:2372648:2374261 [0] NCCL INFO Channel 14/16 :    0   1   2   3   4   5   6   7   8   9  10  11  12  13  14  15
paraai-n32-h-01-agent-101:2372648:2374261 [0] NCCL INFO Channel 15/16 :    0   6   7   5   4  10  11   9   8  14  15  13  12   2   3   1
paraai-n32-h-01-agent-101:2372648:2374261 [0] NCCL INFO Trees [0] 1/8/-1->0->-1 [1] 1/-1/-1->0->3 [2] 1/-1/-1->0->4 [3] 1/-1/-1->0->3 [4] 1/8/-1->0->-1 [5] 1/-1/-1->0->3 [6] 1/-1/-1->0->4 [7] 1/-1/-1->0->3 [8] 1/8/-1->0->-1 [9] 1/-1/-1->0->3 [10] 1/-1/-1->0->4 [11] 1/-1/-1->0->3 [12] 1/8/-1->0->-1 [13] 1/-1/-1->0->3 [14] 1/-1/-1->0->4 [15] 1/-1/-1->0->3
paraai-n32-h-01-agent-101:2372651:2374275 [3] NCCL INFO NCCL_MAX_NCHANNELS set by environment to 16.
paraai-n32-h-01-agent-101:2372650:2374277 [2] NCCL INFO NCCL_MAX_NCHANNELS set by environment to 16.
paraai-n32-h-01-agent-101:2372649:2374276 [1] NCCL INFO NCCL_MAX_NCHANNELS set by environment to 16.
paraai-n32-h-01-agent-101:2372651:2374275 [3] NCCL INFO NCCL_MIN_NCHANNELS set by environment to 16.
paraai-n32-h-01-agent-101:2372650:2374277 [2] NCCL INFO NCCL_MIN_NCHANNELS set by environment to 16.
paraai-n32-h-01-agent-101:2372649:2374276 [1] NCCL INFO NCCL_MIN_NCHANNELS set by environment to 16.
paraai-n32-h-01-agent-101:2372650:2374277 [2] NCCL INFO Trees [0] 3/-1/-1->2->1 [1] 3/10/-1->2->-1 [2] 3/-1/-1->2->1 [3] 3/-1/-1->2->6 [4] 3/-1/-1->2->1 [5] 3/10/-1->2->-1 [6] 3/-1/-1->2->1 [7] 3/-1/-1->2->6 [8] 3/-1/-1->2->1 [9] 3/10/-1->2->-1 [10] 3/-1/-1->2->1 [11] 3/-1/-1->2->6 [12] 3/-1/-1->2->1 [13] 3/10/-1->2->-1 [14] 3/-1/-1->2->1 [15] 3/-1/-1->2->6
paraai-n32-h-01-agent-101:2372651:2374275 [3] NCCL INFO Trees [0] -1/-1/-1->3->2 [1] 0/-1/-1->3->2 [2] -1/-1/-1->3->2 [3] 0/-1/-1->3->2 [4] -1/-1/-1->3->2 [5] 0/-1/-1->3->2 [6] -1/-1/-1->3->2 [7] 0/-1/-1->3->2 [8] -1/-1/-1->3->2 [9] 0/-1/-1->3->2 [10] -1/-1/-1->3->2 [11] 0/-1/-1->3->2 [12] -1/-1/-1->3->2 [13] 0/-1/-1->3->2 [14] -1/-1/-1->3->2 [15] 0/-1/-1->3->2
paraai-n32-h-01-agent-101:2372649:2374276 [1] NCCL INFO Trees [0] 2/-1/-1->1->0 [1] -1/-1/-1->1->0 [2] 2/-1/-1->1->0 [3] -1/-1/-1->1->0 [4] 2/-1/-1->1->0 [5] -1/-1/-1->1->0 [6] 2/-1/-1->1->0 [7] -1/-1/-1->1->0 [8] 2/-1/-1->1->0 [9] -1/-1/-1->1->0 [10] 2/-1/-1->1->0 [11] -1/-1/-1->1->0 [12] 2/-1/-1->1->0 [13] -1/-1/-1->1->0 [14] 2/-1/-1->1->0 [15] -1/-1/-1->1->0
paraai-n32-h-01-agent-101:2372648:2374261 [0] NCCL INFO Channel 00/0 : 15[82000] -> 0[1000] [receive] via NET/IB/0
paraai-n32-h-01-agent-101:2372649:2374276 [1] NCCL INFO Channel 00 : 1[2000] -> 2[81000] via SHM/direct/direct
paraai-n32-h-01-agent-101:2372649:2374276 [1] NCCL INFO Channel 02 : 1[2000] -> 2[81000] via SHM/direct/direct
paraai-n32-h-01-agent-101:2372649:2374276 [1] NCCL INFO Channel 04 : 1[2000] -> 2[81000] via SHM/direct/direct
paraai-n32-h-01-agent-101:2372649:2374276 [1] NCCL INFO Channel 06 : 1[2000] -> 2[81000] via SHM/direct/direct
paraai-n32-h-01-agent-101:2372649:2374276 [1] NCCL INFO Channel 08 : 1[2000] -> 2[81000] via SHM/direct/direct
paraai-n32-h-01-agent-101:2372649:2374276 [1] NCCL INFO Channel 10 : 1[2000] -> 2[81000] via SHM/direct/direct
paraai-n32-h-01-agent-101:2372649:2374276 [1] NCCL INFO Channel 12 : 1[2000] -> 2[81000] via SHM/direct/direct
paraai-n32-h-01-agent-101:2372649:2374276 [1] NCCL INFO Channel 14 : 1[2000] -> 2[81000] via SHM/direct/direct
paraai-n32-h-01-agent-101:2372648:2374261 [0] NCCL INFO Channel 02/0 : 15[82000] -> 0[1000] [receive] via NET/IB/0
paraai-n32-h-01-agent-101:2372650:2374277 [2] NCCL INFO Channel 00 : 2[81000] -> 3[82000] via SHM/direct/direct
paraai-n32-h-01-agent-101:2372650:2374277 [2] NCCL INFO Channel 01 : 2[81000] -> 3[82000] via SHM/direct/direct
paraai-n32-h-01-agent-101:2372650:2374277 [2] NCCL INFO Channel 02 : 2[81000] -> 3[82000] via SHM/direct/direct
paraai-n32-h-01-agent-101:2372650:2374277 [2] NCCL INFO Channel 03 : 2[81000] -> 3[82000] via SHM/direct/direct
paraai-n32-h-01-agent-101:2372650:2374277 [2] NCCL INFO Channel 04 : 2[81000] -> 3[82000] via SHM/direct/direct
paraai-n32-h-01-agent-101:2372650:2374277 [2] NCCL INFO Channel 05 : 2[81000] -> 3[82000] via SHM/direct/direct
paraai-n32-h-01-agent-101:2372650:2374277 [2] NCCL INFO Channel 06 : 2[81000] -> 3[82000] via SHM/direct/direct
paraai-n32-h-01-agent-101:2372650:2374277 [2] NCCL INFO Channel 07 : 2[81000] -> 3[82000] via SHM/direct/direct
paraai-n32-h-01-agent-101:2372650:2374277 [2] NCCL INFO Channel 08 : 2[81000] -> 3[82000] via SHM/direct/direct
paraai-n32-h-01-agent-101:2372650:2374277 [2] NCCL INFO Channel 09 : 2[81000] -> 3[82000] via SHM/direct/direct
paraai-n32-h-01-agent-101:2372650:2374277 [2] NCCL INFO Channel 10 : 2[81000] -> 3[82000] via SHM/direct/direct
paraai-n32-h-01-agent-101:2372650:2374277 [2] NCCL INFO Channel 11 : 2[81000] -> 3[82000] via SHM/direct/direct
paraai-n32-h-01-agent-101:2372650:2374277 [2] NCCL INFO Channel 12 : 2[81000] -> 3[82000] via SHM/direct/direct
paraai-n32-h-01-agent-101:2372650:2374277 [2] NCCL INFO Channel 13 : 2[81000] -> 3[82000] via SHM/direct/direct
paraai-n32-h-01-agent-101:2372650:2374277 [2] NCCL INFO Channel 14 : 2[81000] -> 3[82000] via SHM/direct/direct
paraai-n32-h-01-agent-101:2372650:2374277 [2] NCCL INFO Channel 15 : 2[81000] -> 3[82000] via SHM/direct/direct
paraai-n32-h-01-agent-101:2372651:2374275 [3] NCCL INFO Channel 00/0 : 3[82000] -> 4[1000] [send] via NET/IB/1
paraai-n32-h-01-agent-101:2372648:2374261 [0] NCCL INFO Channel 04/0 : 15[82000] -> 0[1000] [receive] via NET/IB/0
paraai-n32-h-01-agent-101:2372651:2374275 [3] NCCL INFO Channel 02/0 : 3[82000] -> 4[1000] [send] via NET/IB/1
paraai-n32-h-01-agent-101:2372648:2374261 [0] NCCL INFO Channel 06/0 : 15[82000] -> 0[1000] [receive] via NET/IB/0
paraai-n32-h-01-agent-101:2372651:2374275 [3] NCCL INFO Channel 04/0 : 3[82000] -> 4[1000] [send] via NET/IB/1
paraai-n32-h-01-agent-101:2372651:2374275 [3] NCCL INFO Channel 06/0 : 3[82000] -> 4[1000] [send] via NET/IB/1
paraai-n32-h-01-agent-101:2372648:2374261 [0] NCCL INFO Channel 08/0 : 15[82000] -> 0[1000] [receive] via NET/IB/0
paraai-n32-h-01-agent-101:2372651:2374275 [3] NCCL INFO Channel 08/0 : 3[82000] -> 4[1000] [send] via NET/IB/1
paraai-n32-h-01-agent-101:2372648:2374261 [0] NCCL INFO Channel 10/0 : 15[82000] -> 0[1000] [receive] via NET/IB/0
paraai-n32-h-01-agent-101:2372651:2374275 [3] NCCL INFO Channel 10/0 : 3[82000] -> 4[1000] [send] via NET/IB/1
paraai-n32-h-01-agent-101:2372648:2374261 [0] NCCL INFO Channel 12/0 : 15[82000] -> 0[1000] [receive] via NET/IB/0
paraai-n32-h-01-agent-101:2372651:2374275 [3] NCCL INFO Channel 12/0 : 3[82000] -> 4[1000] [send] via NET/IB/1
paraai-n32-h-01-agent-101:2372648:2374261 [0] NCCL INFO Channel 14/0 : 15[82000] -> 0[1000] [receive] via NET/IB/0
paraai-n32-h-01-agent-101:2372648:2374261 [0] NCCL INFO Channel 00 : 0[1000] -> 1[2000] via SHM/direct/direct
paraai-n32-h-01-agent-101:2372648:2374261 [0] NCCL INFO Channel 02 : 0[1000] -> 1[2000] via SHM/direct/direct
paraai-n32-h-01-agent-101:2372648:2374261 [0] NCCL INFO Channel 04 : 0[1000] -> 1[2000] via SHM/direct/direct
paraai-n32-h-01-agent-101:2372648:2374261 [0] NCCL INFO Channel 06 : 0[1000] -> 1[2000] via SHM/direct/direct
paraai-n32-h-01-agent-101:2372648:2374261 [0] NCCL INFO Channel 08 : 0[1000] -> 1[2000] via SHM/direct/direct
paraai-n32-h-01-agent-101:2372648:2374261 [0] NCCL INFO Channel 10 : 0[1000] -> 1[2000] via SHM/direct/direct
paraai-n32-h-01-agent-101:2372648:2374261 [0] NCCL INFO Channel 12 : 0[1000] -> 1[2000] via SHM/direct/direct
paraai-n32-h-01-agent-101:2372648:2374261 [0] NCCL INFO Channel 14 : 0[1000] -> 1[2000] via SHM/direct/direct
paraai-n32-h-01-agent-101:2372648:2374482 [0] NCCL INFO NCCL_IB_GID_INDEX set by environment to 3.
paraai-n32-h-01-agent-101:2372651:2374275 [3] NCCL INFO Channel 14/0 : 3[82000] -> 4[1000] [send] via NET/IB/1
paraai-n32-h-01-agent-101:2372650:2374277 [2] NCCL INFO Channel 01/0 : 12[1000] -> 2[81000] [receive] via NET/IB/1
paraai-n32-h-01-agent-101:2372650:2374277 [2] NCCL INFO Channel 03/0 : 12[1000] -> 2[81000] [receive] via NET/IB/1
paraai-n32-h-01-agent-101:2372651:2374483 [3] NCCL INFO NCCL_IB_GID_INDEX set by environment to 3.
paraai-n32-h-01-agent-101:2372648:2374261 [0] NCCL INFO Channel 01/0 : 0[1000] -> 6[81000] [send] via NET/IB/0
paraai-n32-h-01-agent-101:2372650:2374277 [2] NCCL INFO Channel 05/0 : 12[1000] -> 2[81000] [receive] via NET/IB/1
paraai-n32-h-01-agent-101:2372648:2374261 [0] NCCL INFO Channel 03/0 : 0[1000] -> 6[81000] [send] via NET/IB/0
paraai-n32-h-01-agent-101:2372650:2374277 [2] NCCL INFO Channel 07/0 : 12[1000] -> 2[81000] [receive] via NET/IB/1
paraai-n32-h-01-agent-101:2372648:2374261 [0] NCCL INFO Channel 05/0 : 0[1000] -> 6[81000] [send] via NET/IB/0
paraai-n32-h-01-agent-101:2372651:2374275 [3] NCCL INFO Channel 01 : 3[82000] -> 1[2000] via SHM/direct/direct
paraai-n32-h-01-agent-101:2372651:2374275 [3] NCCL INFO Channel 03 : 3[82000] -> 1[2000] via SHM/direct/direct
paraai-n32-h-01-agent-101:2372651:2374275 [3] NCCL INFO Channel 05 : 3[82000] -> 1[2000] via SHM/direct/direct
paraai-n32-h-01-agent-101:2372651:2374275 [3] NCCL INFO Channel 07 : 3[82000] -> 1[2000] via SHM/direct/direct
paraai-n32-h-01-agent-101:2372651:2374275 [3] NCCL INFO Channel 09 : 3[82000] -> 1[2000] via SHM/direct/direct
paraai-n32-h-01-agent-101:2372651:2374275 [3] NCCL INFO Channel 11 : 3[82000] -> 1[2000] via SHM/direct/direct
paraai-n32-h-01-agent-101:2372651:2374275 [3] NCCL INFO Channel 13 : 3[82000] -> 1[2000] via SHM/direct/direct
paraai-n32-h-01-agent-101:2372651:2374275 [3] NCCL INFO Channel 15 : 3[82000] -> 1[2000] via SHM/direct/direct
paraai-n32-h-01-agent-101:2372649:2374276 [1] NCCL INFO Channel 01 : 1[2000] -> 0[1000] via SHM/direct/direct
paraai-n32-h-01-agent-101:2372649:2374276 [1] NCCL INFO Channel 03 : 1[2000] -> 0[1000] via SHM/direct/direct
paraai-n32-h-01-agent-101:2372649:2374276 [1] NCCL INFO Channel 05 : 1[2000] -> 0[1000] via SHM/direct/direct
paraai-n32-h-01-agent-101:2372649:2374276 [1] NCCL INFO Channel 07 : 1[2000] -> 0[1000] via SHM/direct/direct
paraai-n32-h-01-agent-101:2372649:2374276 [1] NCCL INFO Channel 09 : 1[2000] -> 0[1000] via SHM/direct/direct
paraai-n32-h-01-agent-101:2372649:2374276 [1] NCCL INFO Channel 11 : 1[2000] -> 0[1000] via SHM/direct/direct
paraai-n32-h-01-agent-101:2372649:2374276 [1] NCCL INFO Channel 13 : 1[2000] -> 0[1000] via SHM/direct/direct
paraai-n32-h-01-agent-101:2372649:2374276 [1] NCCL INFO Channel 15 : 1[2000] -> 0[1000] via SHM/direct/direct
paraai-n32-h-01-agent-101:2372651:2374275 [3] NCCL INFO Connected all rings
paraai-n32-h-01-agent-101:2372648:2374261 [0] NCCL INFO Channel 07/0 : 0[1000] -> 6[81000] [send] via NET/IB/0
paraai-n32-h-01-agent-101:2372648:2374261 [0] NCCL INFO Channel 09/0 : 0[1000] -> 6[81000] [send] via NET/IB/0
paraai-n32-h-01-agent-101:2372650:2374277 [2] NCCL INFO Channel 09/0 : 12[1000] -> 2[81000] [receive] via NET/IB/1
paraai-n32-h-01-agent-101:2372648:2374261 [0] NCCL INFO Channel 11/0 : 0[1000] -> 6[81000] [send] via NET/IB/0
paraai-n32-h-01-agent-101:2372650:2374277 [2] NCCL INFO Channel 11/0 : 12[1000] -> 2[81000] [receive] via NET/IB/1
paraai-n32-h-01-agent-101:2372648:2374261 [0] NCCL INFO Channel 13/0 : 0[1000] -> 6[81000] [send] via NET/IB/0
paraai-n32-h-01-agent-101:2372650:2374277 [2] NCCL INFO Channel 13/0 : 12[1000] -> 2[81000] [receive] via NET/IB/1
paraai-n32-h-01-agent-101:2372648:2374261 [0] NCCL INFO Channel 15/0 : 0[1000] -> 6[81000] [send] via NET/IB/0
paraai-n32-h-01-agent-101:2372650:2374277 [2] NCCL INFO Channel 15/0 : 12[1000] -> 2[81000] [receive] via NET/IB/1
paraai-n32-h-01-agent-101:2372648:2374261 [0] NCCL INFO Connected all rings
paraai-n32-h-01-agent-101:2372648:2374261 [0] NCCL INFO Channel 01 : 0[1000] -> 1[2000] via SHM/direct/direct
paraai-n32-h-01-agent-101:2372648:2374261 [0] NCCL INFO Channel 03 : 0[1000] -> 1[2000] via SHM/direct/direct
paraai-n32-h-01-agent-101:2372648:2374261 [0] NCCL INFO Channel 05 : 0[1000] -> 1[2000] via SHM/direct/direct
paraai-n32-h-01-agent-101:2372648:2374261 [0] NCCL INFO Channel 07 : 0[1000] -> 1[2000] via SHM/direct/direct
paraai-n32-h-01-agent-101:2372648:2374261 [0] NCCL INFO Channel 09 : 0[1000] -> 1[2000] via SHM/direct/direct
paraai-n32-h-01-agent-101:2372648:2374261 [0] NCCL INFO Channel 11 : 0[1000] -> 1[2000] via SHM/direct/direct
paraai-n32-h-01-agent-101:2372648:2374261 [0] NCCL INFO Channel 13 : 0[1000] -> 1[2000] via SHM/direct/direct
paraai-n32-h-01-agent-101:2372648:2374261 [0] NCCL INFO Channel 15 : 0[1000] -> 1[2000] via SHM/direct/direct
paraai-n32-h-01-agent-101:2372649:2374276 [1] NCCL INFO Connected all rings
paraai-n32-h-01-agent-101:2372648:2374261 [0] NCCL INFO Channel 01 : 0[1000] -> 3[82000] via SHM/direct/direct
paraai-n32-h-01-agent-101:2372648:2374261 [0] NCCL INFO Channel 03 : 0[1000] -> 3[82000] via SHM/direct/direct
paraai-n32-h-01-agent-101:2372648:2374261 [0] NCCL INFO Channel 05 : 0[1000] -> 3[82000] via SHM/direct/direct
paraai-n32-h-01-agent-101:2372648:2374261 [0] NCCL INFO Channel 07 : 0[1000] -> 3[82000] via SHM/direct/direct
paraai-n32-h-01-agent-101:2372648:2374261 [0] NCCL INFO Channel 09 : 0[1000] -> 3[82000] via SHM/direct/direct
paraai-n32-h-01-agent-101:2372648:2374261 [0] NCCL INFO Channel 11 : 0[1000] -> 3[82000] via SHM/direct/direct
paraai-n32-h-01-agent-101:2372648:2374261 [0] NCCL INFO Channel 13 : 0[1000] -> 3[82000] via SHM/direct/direct
paraai-n32-h-01-agent-101:2372648:2374261 [0] NCCL INFO Channel 15 : 0[1000] -> 3[82000] via SHM/direct/direct
paraai-n32-h-01-agent-101:2372649:2374276 [1] NCCL INFO Channel 00 : 1[2000] -> 0[1000] via SHM/direct/direct
paraai-n32-h-01-agent-101:2372649:2374276 [1] NCCL INFO Channel 02 : 1[2000] -> 0[1000] via SHM/direct/direct
paraai-n32-h-01-agent-101:2372649:2374276 [1] NCCL INFO Channel 04 : 1[2000] -> 0[1000] via SHM/direct/direct
paraai-n32-h-01-agent-101:2372649:2374276 [1] NCCL INFO Channel 06 : 1[2000] -> 0[1000] via SHM/direct/direct
paraai-n32-h-01-agent-101:2372649:2374276 [1] NCCL INFO Channel 08 : 1[2000] -> 0[1000] via SHM/direct/direct
paraai-n32-h-01-agent-101:2372649:2374276 [1] NCCL INFO Channel 10 : 1[2000] -> 0[1000] via SHM/direct/direct
paraai-n32-h-01-agent-101:2372649:2374276 [1] NCCL INFO Channel 12 : 1[2000] -> 0[1000] via SHM/direct/direct
paraai-n32-h-01-agent-101:2372649:2374276 [1] NCCL INFO Channel 14 : 1[2000] -> 0[1000] via SHM/direct/direct
paraai-n32-h-01-agent-101:2372651:2374275 [3] NCCL INFO Channel 01 : 3[82000] -> 0[1000] via SHM/direct/direct
paraai-n32-h-01-agent-101:2372651:2374275 [3] NCCL INFO Channel 03 : 3[82000] -> 0[1000] via SHM/direct/direct
paraai-n32-h-01-agent-101:2372651:2374275 [3] NCCL INFO Channel 05 : 3[82000] -> 0[1000] via SHM/direct/direct
paraai-n32-h-01-agent-101:2372651:2374275 [3] NCCL INFO Channel 07 : 3[82000] -> 0[1000] via SHM/direct/direct
paraai-n32-h-01-agent-101:2372651:2374275 [3] NCCL INFO Channel 09 : 3[82000] -> 0[1000] via SHM/direct/direct
paraai-n32-h-01-agent-101:2372651:2374275 [3] NCCL INFO Channel 11 : 3[82000] -> 0[1000] via SHM/direct/direct
paraai-n32-h-01-agent-101:2372651:2374275 [3] NCCL INFO Channel 13 : 3[82000] -> 0[1000] via SHM/direct/direct
paraai-n32-h-01-agent-101:2372651:2374275 [3] NCCL INFO Channel 15 : 3[82000] -> 0[1000] via SHM/direct/direct
paraai-n32-h-01-agent-101:2372648:2374261 [0] NCCL INFO Channel 02/0 : 0[1000] -> 4[1000] [send] via NET/IB/0
paraai-n32-h-01-agent-101:2372650:2374484 [2] NCCL INFO NCCL_IB_GID_INDEX set by environment to 3.
paraai-n32-h-01-agent-101:2372650:2374277 [2] NCCL INFO Connected all rings
paraai-n32-h-01-agent-101:2372648:2374261 [0] NCCL INFO Channel 06/0 : 0[1000] -> 4[1000] [send] via NET/IB/0
paraai-n32-h-01-agent-101:2372650:2374277 [2] NCCL INFO Channel 03/0 : 2[81000] -> 6[81000] [send] via NET/IB/1
paraai-n32-h-01-agent-101:2372648:2374261 [0] NCCL INFO Channel 10/0 : 0[1000] -> 4[1000] [send] via NET/IB/0
paraai-n32-h-01-agent-101:2372650:2374277 [2] NCCL INFO Channel 07/0 : 2[81000] -> 6[81000] [send] via NET/IB/1
paraai-n32-h-01-agent-101:2372648:2374261 [0] NCCL INFO Channel 14/0 : 0[1000] -> 4[1000] [send] via NET/IB/0
paraai-n32-h-01-agent-101:2372650:2374277 [2] NCCL INFO Channel 11/0 : 2[81000] -> 6[81000] [send] via NET/IB/1
paraai-n32-h-01-agent-101:2372648:2374261 [0] NCCL INFO Channel 00/0 : 8[1000] -> 0[1000] [receive] via NET/IB/0
paraai-n32-h-01-agent-101:2372650:2374277 [2] NCCL INFO Channel 15/0 : 2[81000] -> 6[81000] [send] via NET/IB/1
paraai-n32-h-01-agent-101:2372648:2374261 [0] NCCL INFO Channel 04/0 : 8[1000] -> 0[1000] [receive] via NET/IB/0
paraai-n32-h-01-agent-101:2372650:2374277 [2] NCCL INFO Channel 01/0 : 10[81000] -> 2[81000] [receive] via NET/IB/1
paraai-n32-h-01-agent-101:2372648:2374261 [0] NCCL INFO Channel 08/0 : 8[1000] -> 0[1000] [receive] via NET/IB/0
paraai-n32-h-01-agent-101:2372650:2374277 [2] NCCL INFO Channel 05/0 : 10[81000] -> 2[81000] [receive] via NET/IB/1
paraai-n32-h-01-agent-101:2372648:2374261 [0] NCCL INFO Channel 12/0 : 8[1000] -> 0[1000] [receive] via NET/IB/0
paraai-n32-h-01-agent-101:2372650:2374277 [2] NCCL INFO Channel 09/0 : 10[81000] -> 2[81000] [receive] via NET/IB/1
paraai-n32-h-01-agent-101:2372648:2374261 [0] NCCL INFO Channel 00/0 : 0[1000] -> 8[1000] [send] via NET/IB/0
paraai-n32-h-01-agent-101:2372650:2374277 [2] NCCL INFO Channel 13/0 : 10[81000] -> 2[81000] [receive] via NET/IB/1
paraai-n32-h-01-agent-101:2372648:2374261 [0] NCCL INFO Channel 04/0 : 0[1000] -> 8[1000] [send] via NET/IB/0
paraai-n32-h-01-agent-101:2372650:2374277 [2] NCCL INFO Channel 01/0 : 2[81000] -> 10[81000] [send] via NET/IB/1
paraai-n32-h-01-agent-101:2372648:2374261 [0] NCCL INFO Channel 08/0 : 0[1000] -> 8[1000] [send] via NET/IB/0
paraai-n32-h-01-agent-101:2372650:2374277 [2] NCCL INFO Channel 05/0 : 2[81000] -> 10[81000] [send] via NET/IB/1
paraai-n32-h-01-agent-101:2372648:2374261 [0] NCCL INFO Channel 12/0 : 0[1000] -> 8[1000] [send] via NET/IB/0
paraai-n32-h-01-agent-101:2372650:2374277 [2] NCCL INFO Channel 09/0 : 2[81000] -> 10[81000] [send] via NET/IB/1
paraai-n32-h-01-agent-101:2372650:2374277 [2] NCCL INFO Channel 13/0 : 2[81000] -> 10[81000] [send] via NET/IB/1
paraai-n32-h-01-agent-101:2372650:2374277 [2] NCCL INFO Channel 03/0 : 6[81000] -> 2[81000] [receive] via NET/IB/1
paraai-n32-h-01-agent-101:2372650:2374277 [2] NCCL INFO Channel 07/0 : 6[81000] -> 2[81000] [receive] via NET/IB/1
paraai-n32-h-01-agent-101:2372650:2374277 [2] NCCL INFO Channel 11/0 : 6[81000] -> 2[81000] [receive] via NET/IB/1
paraai-n32-h-01-agent-101:2372650:2374277 [2] NCCL INFO Channel 15/0 : 6[81000] -> 2[81000] [receive] via NET/IB/1
paraai-n32-h-01-agent-101:2372648:2374261 [0] NCCL INFO Channel 02/0 : 4[1000] -> 0[1000] [receive] via NET/IB/0
paraai-n32-h-01-agent-101:2372648:2374261 [0] NCCL INFO Channel 06/0 : 4[1000] -> 0[1000] [receive] via NET/IB/0
paraai-n32-h-01-agent-101:2372648:2374261 [0] NCCL INFO Channel 10/0 : 4[1000] -> 0[1000] [receive] via NET/IB/0
paraai-n32-h-01-agent-101:2372648:2374261 [0] NCCL INFO Channel 14/0 : 4[1000] -> 0[1000] [receive] via NET/IB/0
paraai-n32-h-01-agent-101:2372651:2374275 [3] NCCL INFO Channel 00 : 3[82000] -> 2[81000] via SHM/direct/direct
paraai-n32-h-01-agent-101:2372651:2374275 [3] NCCL INFO Channel 01 : 3[82000] -> 2[81000] via SHM/direct/direct
paraai-n32-h-01-agent-101:2372651:2374275 [3] NCCL INFO Channel 02 : 3[82000] -> 2[81000] via SHM/direct/direct
paraai-n32-h-01-agent-101:2372651:2374275 [3] NCCL INFO Channel 03 : 3[82000] -> 2[81000] via SHM/direct/direct
paraai-n32-h-01-agent-101:2372651:2374275 [3] NCCL INFO Channel 04 : 3[82000] -> 2[81000] via SHM/direct/direct
paraai-n32-h-01-agent-101:2372651:2374275 [3] NCCL INFO Channel 05 : 3[82000] -> 2[81000] via SHM/direct/direct
paraai-n32-h-01-agent-101:2372651:2374275 [3] NCCL INFO Channel 06 : 3[82000] -> 2[81000] via SHM/direct/direct
paraai-n32-h-01-agent-101:2372651:2374275 [3] NCCL INFO Channel 07 : 3[82000] -> 2[81000] via SHM/direct/direct
paraai-n32-h-01-agent-101:2372651:2374275 [3] NCCL INFO Channel 08 : 3[82000] -> 2[81000] via SHM/direct/direct
paraai-n32-h-01-agent-101:2372651:2374275 [3] NCCL INFO Channel 09 : 3[82000] -> 2[81000] via SHM/direct/direct
paraai-n32-h-01-agent-101:2372651:2374275 [3] NCCL INFO Channel 10 : 3[82000] -> 2[81000] via SHM/direct/direct
paraai-n32-h-01-agent-101:2372651:2374275 [3] NCCL INFO Channel 11 : 3[82000] -> 2[81000] via SHM/direct/direct
paraai-n32-h-01-agent-101:2372651:2374275 [3] NCCL INFO Channel 12 : 3[82000] -> 2[81000] via SHM/direct/direct
paraai-n32-h-01-agent-101:2372651:2374275 [3] NCCL INFO Channel 13 : 3[82000] -> 2[81000] via SHM/direct/direct
paraai-n32-h-01-agent-101:2372651:2374275 [3] NCCL INFO Channel 14 : 3[82000] -> 2[81000] via SHM/direct/direct
paraai-n32-h-01-agent-101:2372651:2374275 [3] NCCL INFO Channel 15 : 3[82000] -> 2[81000] via SHM/direct/direct
paraai-n32-h-01-agent-101:2372648:2374261 [0] NCCL INFO Connected all trees
paraai-n32-h-01-agent-101:2372648:2374261 [0] NCCL INFO threadThresholds 8/8/64 | 128/8/64 | 512 | 512
paraai-n32-h-01-agent-101:2372648:2374261 [0] NCCL INFO 16 coll channels, 16 p2p channels, 2 p2p channels per peer
paraai-n32-h-01-agent-101:2372650:2374277 [2] NCCL INFO Channel 00 : 2[81000] -> 1[2000] via SHM/direct/direct
paraai-n32-h-01-agent-101:2372650:2374277 [2] NCCL INFO Channel 02 : 2[81000] -> 1[2000] via SHM/direct/direct
paraai-n32-h-01-agent-101:2372650:2374277 [2] NCCL INFO Channel 04 : 2[81000] -> 1[2000] via SHM/direct/direct
paraai-n32-h-01-agent-101:2372650:2374277 [2] NCCL INFO Channel 06 : 2[81000] -> 1[2000] via SHM/direct/direct
paraai-n32-h-01-agent-101:2372650:2374277 [2] NCCL INFO Channel 08 : 2[81000] -> 1[2000] via SHM/direct/direct
paraai-n32-h-01-agent-101:2372650:2374277 [2] NCCL INFO Channel 10 : 2[81000] -> 1[2000] via SHM/direct/direct
paraai-n32-h-01-agent-101:2372650:2374277 [2] NCCL INFO Channel 12 : 2[81000] -> 1[2000] via SHM/direct/direct
paraai-n32-h-01-agent-101:2372650:2374277 [2] NCCL INFO Channel 14 : 2[81000] -> 1[2000] via SHM/direct/direct
paraai-n32-h-01-agent-101:2372651:2374275 [3] NCCL INFO Connected all trees
paraai-n32-h-01-agent-101:2372650:2374277 [2] NCCL INFO Connected all trees
paraai-n32-h-01-agent-101:2372650:2374277 [2] NCCL INFO threadThresholds 8/8/64 | 128/8/64 | 512 | 512
paraai-n32-h-01-agent-101:2372651:2374275 [3] NCCL INFO threadThresholds 8/8/64 | 128/8/64 | 512 | 512
paraai-n32-h-01-agent-101:2372650:2374277 [2] NCCL INFO 16 coll channels, 16 p2p channels, 2 p2p channels per peer
paraai-n32-h-01-agent-101:2372651:2374275 [3] NCCL INFO 16 coll channels, 16 p2p channels, 2 p2p channels per peer
paraai-n32-h-01-agent-101:2372649:2374276 [1] NCCL INFO Connected all trees
paraai-n32-h-01-agent-101:2372649:2374276 [1] NCCL INFO threadThresholds 8/8/64 | 128/8/64 | 512 | 512
paraai-n32-h-01-agent-101:2372649:2374276 [1] NCCL INFO 16 coll channels, 16 p2p channels, 2 p2p channels per peer
paraai-n32-h-01-agent-101:2372648:2374261 [0] NCCL INFO comm 0x85d6d5a0 rank 0 nranks 16 cudaDev 0 busId 1000 - Init COMPLETE
paraai-n32-h-01-agent-101:2372651:2374275 [3] NCCL INFO comm 0x1e1c82c0 rank 3 nranks 16 cudaDev 3 busId 82000 - Init COMPLETE
paraai-n32-h-01-agent-101:2372650:2374277 [2] NCCL INFO comm 0x101d0880 rank 2 nranks 16 cudaDev 2 busId 81000 - Init COMPLETE
paraai-n32-h-01-agent-101:2372649:2374276 [1] NCCL INFO comm 0x18c3e480 rank 1 nranks 16 cudaDev 1 busId 2000 - Init COMPLETE
2023-07-01 22:03:06,523 - root - INFO - Number of trainable model parameters: 104952381
2023-07-01 22:03:06,525 - root - INFO - Starting Training Loop...
2023-07-01 22:15:05,963 - root - INFO - validating...
2023-07-01 22:15:05,964 - root - INFO - validating...
2023-07-01 22:15:05,964 - root - INFO - validating...
2023-07-01 22:15:05,965 - root - INFO - validating...
2023-07-01 22:16:06,850 - root - INFO - Val loss improved from 1000000.0 to 0.48212167620658875
2023-07-01 22:16:08,771 - root - INFO - Time taken for epoch 1 is 782.2455399036407 sec
2023-07-01 22:16:08,771 - root - INFO - train data time=35.238736391067505, train step time=146.2694013118744, valid step time=59.3846390247345
2023-07-01 22:16:08,772 - root - INFO - Train loss: 0.46542274951934814. Valid loss: 0.48212167620658875
2023-07-01 22:28:01,674 - root - INFO - validating...
2023-07-01 22:28:01,675 - root - INFO - validating...
2023-07-01 22:28:01,675 - root - INFO - validating...
2023-07-01 22:28:01,675 - root - INFO - validating...
2023-07-01 22:29:02,448 - root - INFO - Val loss improved from 0.48212167620658875 to 0.39278724789619446
2023-07-01 22:29:03,939 - root - INFO - Time taken for epoch 2 is 775.1671817302704 sec
2023-07-01 22:29:03,940 - root - INFO - train data time=34.837348222732544, train step time=143.05242395401, valid step time=59.07050848007202
2023-07-01 22:29:03,940 - root - INFO - Train loss: 0.3847177028656006. Valid loss: 0.39278724789619446
2023-07-01 22:40:58,359 - root - INFO - validating...
2023-07-01 22:40:58,359 - root - INFO - validating...
2023-07-01 22:40:58,360 - root - INFO - validating...
2023-07-01 22:40:58,360 - root - INFO - validating...
2023-07-01 22:41:59,728 - root - INFO - Val loss improved from 0.39278724789619446 to 0.357948362827301
2023-07-01 22:42:01,382 - root - INFO - Time taken for epoch 3 is 777.4418852329254 sec
2023-07-01 22:42:01,383 - root - INFO - train data time=41.13265371322632, train step time=155.41955089569092, valid step time=59.62829065322876
2023-07-01 22:42:01,383 - root - INFO - Train loss: 0.35071951150894165. Valid loss: 0.357948362827301
2023-07-01 22:53:59,070 - root - INFO - validating...
2023-07-01 22:53:59,070 - root - INFO - validating...
2023-07-01 22:53:59,070 - root - INFO - validating...
2023-07-01 22:53:59,070 - root - INFO - validating...
2023-07-01 22:55:01,345 - root - INFO - Val loss improved from 0.357948362827301 to 0.3422450125217438
2023-07-01 22:55:03,076 - root - INFO - Time taken for epoch 4 is 781.6928124427795 sec
2023-07-01 22:55:03,077 - root - INFO - train data time=41.930747270584106, train step time=150.20123481750488, valid step time=59.65438914299011
2023-07-01 22:55:03,077 - root - INFO - Train loss: 0.33654898405075073. Valid loss: 0.3422450125217438
2023-07-01 23:06:56,738 - root - INFO - validating...
2023-07-01 23:06:56,738 - root - INFO - validating...
2023-07-01 23:06:56,738 - root - INFO - validating...
2023-07-01 23:06:56,738 - root - INFO - validating...
2023-07-01 23:07:56,479 - root - INFO - Val loss improved from 0.3422450125217438 to 0.32247868180274963
2023-07-01 23:07:58,547 - root - INFO - Time taken for epoch 5 is 775.469663143158 sec
2023-07-01 23:07:58,547 - root - INFO - train data time=38.09243178367615, train step time=155.485209941864, valid step time=58.127806425094604
2023-07-01 23:07:58,547 - root - INFO - Train loss: 0.3160977363586426. Valid loss: 0.32247868180274963
2023-07-01 23:19:56,953 - root - INFO - validating...
2023-07-01 23:19:56,953 - root - INFO - validating...
2023-07-01 23:19:56,953 - root - INFO - validating...
2023-07-01 23:19:56,955 - root - INFO - validating...
2023-07-01 23:20:58,298 - root - INFO - Val loss improved from 0.32247868180274963 to 0.31261852383613586
2023-07-01 23:21:00,033 - root - INFO - Time taken for epoch 6 is 781.485710144043 sec
2023-07-01 23:21:00,034 - root - INFO - train data time=35.46476721763611, train step time=153.93983101844788, valid step time=59.84705686569214
2023-07-01 23:21:00,034 - root - INFO - Train loss: 0.30830687284469604. Valid loss: 0.31261852383613586
2023-07-01 23:32:53,064 - root - INFO - validating...
2023-07-01 23:32:53,065 - root - INFO - validating...
2023-07-01 23:32:53,065 - root - INFO - validating...
2023-07-01 23:32:53,067 - root - INFO - validating...
2023-07-01 23:33:54,363 - root - INFO - Val loss improved from 0.31261852383613586 to 0.3029150068759918
2023-07-01 23:33:55,983 - root - INFO - Time taken for epoch 7 is 775.9483964443207 sec
2023-07-01 23:33:55,983 - root - INFO - train data time=37.099050760269165, train step time=137.43625140190125, valid step time=59.582725048065186
2023-07-01 23:33:55,984 - root - INFO - Train loss: 0.29616856575012207. Valid loss: 0.3029150068759918
2023-07-01 23:45:51,705 - root - INFO - validating...
2023-07-01 23:45:51,705 - root - INFO - validating...
2023-07-01 23:45:51,707 - root - INFO - validating...
2023-07-01 23:45:51,708 - root - INFO - validating...
2023-07-01 23:46:52,342 - root - INFO - Val loss improved from 0.3029150068759918 to 0.2962603271007538
2023-07-01 23:46:53,888 - root - INFO - Time taken for epoch 8 is 777.9042007923126 sec
2023-07-01 23:46:53,889 - root - INFO - train data time=37.24065899848938, train step time=143.58280324935913, valid step time=59.15679693222046
2023-07-01 23:46:53,889 - root - INFO - Train loss: 0.29492586851119995. Valid loss: 0.2962603271007538
2023-07-01 23:58:49,811 - root - INFO - validating...
2023-07-01 23:58:49,811 - root - INFO - validating...
2023-07-01 23:58:49,811 - root - INFO - validating...
2023-07-01 23:58:49,813 - root - INFO - validating...
2023-07-01 23:59:50,692 - root - INFO - Val loss improved from 0.2962603271007538 to 0.29089343547821045
2023-07-01 23:59:52,187 - root - INFO - Time taken for epoch 9 is 778.2978322505951 sec
2023-07-01 23:59:52,188 - root - INFO - train data time=40.770185232162476, train step time=153.46412634849548, valid step time=59.31969714164734
2023-07-01 23:59:52,188 - root - INFO - Train loss: 0.285255491733551. Valid loss: 0.29089343547821045
2023-07-02 00:11:52,331 - root - INFO - validating...
2023-07-02 00:11:52,331 - root - INFO - validating...
2023-07-02 00:11:52,331 - root - INFO - validating...
2023-07-02 00:11:52,332 - root - INFO - validating...
2023-07-02 00:12:53,419 - root - INFO - Val loss improved from 0.29089343547821045 to 0.28476762771606445
2023-07-02 00:12:55,727 - root - INFO - Time taken for epoch 10 is 783.5390496253967 sec
2023-07-02 00:12:55,728 - root - INFO - train data time=41.1539990901947, train step time=154.34828901290894, valid step time=59.50486516952515
2023-07-02 00:12:55,728 - root - INFO - Train loss: 0.2743374705314636. Valid loss: 0.28476762771606445
2023-07-02 00:24:51,145 - root - INFO - validating...
2023-07-02 00:24:51,145 - root - INFO - validating...
2023-07-02 00:24:51,145 - root - INFO - validating...
2023-07-02 00:24:51,145 - root - INFO - validating...
2023-07-02 00:25:52,262 - root - INFO - Val loss improved from 0.28476762771606445 to 0.2814161777496338
2023-07-02 00:25:53,867 - root - INFO - Time taken for epoch 11 is 778.1383771896362 sec
2023-07-02 00:25:53,867 - root - INFO - train data time=42.132269620895386, train step time=155.758695602417, valid step time=59.69684886932373
2023-07-02 00:25:53,868 - root - INFO - Train loss: 0.2737031579017639. Valid loss: 0.2814161777496338
2023-07-02 00:37:53,831 - root - INFO - validating...
2023-07-02 00:37:53,833 - root - INFO - validating...
2023-07-02 00:37:53,833 - root - INFO - validating...
2023-07-02 00:37:53,834 - root - INFO - validating...
2023-07-02 00:38:55,349 - root - INFO - Val loss improved from 0.2814161777496338 to 0.27716419100761414
2023-07-02 00:38:56,910 - root - INFO - Time taken for epoch 12 is 783.0423080921173 sec
2023-07-02 00:38:56,911 - root - INFO - train data time=42.78770112991333, train step time=163.88562536239624, valid step time=59.88636612892151
2023-07-02 00:38:56,911 - root - INFO - Train loss: 0.2701491713523865. Valid loss: 0.27716419100761414
2023-07-02 00:50:55,322 - root - INFO - validating...
2023-07-02 00:50:55,322 - root - INFO - validating...
2023-07-02 00:50:55,322 - root - INFO - validating...
2023-07-02 00:50:55,323 - root - INFO - validating...
2023-07-02 00:51:56,142 - root - INFO - Val loss improved from 0.27716419100761414 to 0.2735207676887512
2023-07-02 00:51:58,261 - root - INFO - Time taken for epoch 13 is 781.3495125770569 sec
2023-07-02 00:51:58,261 - root - INFO - train data time=34.81177258491516, train step time=151.9520125389099, valid step time=59.2961151599884
2023-07-02 00:51:58,261 - root - INFO - Train loss: 0.27016761898994446. Valid loss: 0.2735207676887512
2023-07-02 01:03:58,533 - root - INFO - validating...
2023-07-02 01:03:58,534 - root - INFO - validating...
2023-07-02 01:03:58,534 - root - INFO - validating...
2023-07-02 01:03:58,537 - root - INFO - validating...
2023-07-02 01:04:59,163 - root - INFO - Val loss improved from 0.2735207676887512 to 0.2705381512641907
2023-07-02 01:05:00,652 - root - INFO - Time taken for epoch 14 is 782.3900887966156 sec
2023-07-02 01:05:00,652 - root - INFO - train data time=37.99260640144348, train step time=151.04257082939148, valid step time=59.060277462005615
2023-07-02 01:05:00,652 - root - INFO - Train loss: 0.26288729906082153. Valid loss: 0.2705381512641907
2023-07-02 01:16:56,404 - root - INFO - validating...
2023-07-02 01:16:56,404 - root - INFO - validating...
2023-07-02 01:16:56,404 - root - INFO - validating...
2023-07-02 01:16:56,407 - root - INFO - validating...
2023-07-02 01:17:57,299 - root - INFO - Val loss improved from 0.2705381512641907 to 0.26738855242729187
2023-07-02 01:17:59,667 - root - INFO - Time taken for epoch 15 is 779.0147624015808 sec
2023-07-02 01:17:59,668 - root - INFO - train data time=43.14098119735718, train step time=153.5123372077942, valid step time=59.264235973358154
2023-07-02 01:17:59,668 - root - INFO - Train loss: 0.2619524896144867. Valid loss: 0.26738855242729187
2023-07-02 01:29:57,995 - root - INFO - validating...
2023-07-02 01:29:57,995 - root - INFO - validating...
2023-07-02 01:29:57,995 - root - INFO - validating...
2023-07-02 01:29:57,996 - root - INFO - validating...
2023-07-02 01:30:58,608 - root - INFO - Val loss improved from 0.26738855242729187 to 0.2660682797431946
2023-07-02 01:31:01,556 - root - INFO - Time taken for epoch 16 is 781.8876550197601 sec
2023-07-02 01:31:01,557 - root - INFO - train data time=42.45748972892761, train step time=162.98688173294067, valid step time=58.848244428634644
2023-07-02 01:31:01,557 - root - INFO - Train loss: 0.25696203112602234. Valid loss: 0.2660682797431946
2023-07-02 01:42:58,711 - root - INFO - validating...
2023-07-02 01:42:58,711 - root - INFO - validating...
2023-07-02 01:42:58,711 - root - INFO - validating...
2023-07-02 01:42:58,712 - root - INFO - validating...
2023-07-02 01:44:00,581 - root - INFO - Val loss improved from 0.2660682797431946 to 0.2624416649341583
2023-07-02 01:44:02,383 - root - INFO - Time taken for epoch 17 is 780.8257250785828 sec
2023-07-02 01:44:02,384 - root - INFO - train data time=43.039477586746216, train step time=159.43171977996826, valid step time=59.67594861984253
2023-07-02 01:44:02,384 - root - INFO - Train loss: 0.25056684017181396. Valid loss: 0.2624416649341583
2023-07-02 01:56:03,578 - root - INFO - validating...
2023-07-02 01:56:03,578 - root - INFO - validating...
2023-07-02 01:56:03,578 - root - INFO - validating...
2023-07-02 01:56:03,578 - root - INFO - validating...
2023-07-02 01:57:05,381 - root - INFO - Val loss improved from 0.2624416649341583 to 0.26048043370246887
2023-07-02 01:57:06,645 - root - INFO - Time taken for epoch 18 is 784.2611043453217 sec
2023-07-02 01:57:06,646 - root - INFO - train data time=38.384732246398926, train step time=160.92053270339966, valid step time=60.50604963302612
2023-07-02 01:57:06,646 - root - INFO - Train loss: 0.2661014199256897. Valid loss: 0.26048043370246887
2023-07-02 02:09:08,053 - root - INFO - validating...
2023-07-02 02:09:08,053 - root - INFO - validating...
2023-07-02 02:09:08,054 - root - INFO - validating...
2023-07-02 02:09:08,054 - root - INFO - validating...
2023-07-02 02:10:08,714 - root - INFO - Val loss improved from 0.26048043370246887 to 0.25752392411231995
2023-07-02 02:10:10,209 - root - INFO - Time taken for epoch 19 is 783.5630695819855 sec
2023-07-02 02:10:10,210 - root - INFO - train data time=32.34332323074341, train step time=160.72526907920837, valid step time=59.17183828353882
2023-07-02 02:10:10,210 - root - INFO - Train loss: 0.2455158829689026. Valid loss: 0.25752392411231995
2023-07-02 02:22:06,402 - root - INFO - validating...
2023-07-02 02:22:06,402 - root - INFO - validating...
2023-07-02 02:22:06,403 - root - INFO - validating...
2023-07-02 02:22:06,403 - root - INFO - validating...
2023-07-02 02:23:05,790 - root - INFO - Time taken for epoch 20 is 775.5798764228821 sec
2023-07-02 02:23:05,791 - root - INFO - train data time=31.881852865219116, train step time=152.99560809135437, valid step time=58.03891396522522
2023-07-02 02:23:05,791 - root - INFO - Train loss: 0.2474820762872696. Valid loss: 0.2576806843280792
2023-07-02 02:35:00,225 - root - INFO - validating...
2023-07-02 02:35:00,225 - root - INFO - validating...
2023-07-02 02:35:00,225 - root - INFO - validating...
2023-07-02 02:35:00,226 - root - INFO - validating...
2023-07-02 02:36:02,185 - root - INFO - Val loss improved from 0.25752392411231995 to 0.2523789703845978
2023-07-02 02:36:03,613 - root - INFO - Time taken for epoch 21 is 777.821427822113 sec
2023-07-02 02:36:03,613 - root - INFO - train data time=32.142040729522705, train step time=154.39220070838928, valid step time=60.390968561172485
2023-07-02 02:36:03,614 - root - INFO - Train loss: 0.24578557908535004. Valid loss: 0.2523789703845978
2023-07-02 02:47:57,092 - root - INFO - validating...
2023-07-02 02:47:57,093 - root - INFO - validating...
2023-07-02 02:47:57,094 - root - INFO - validating...
2023-07-02 02:47:57,094 - root - INFO - validating...
2023-07-02 02:48:57,409 - root - INFO - Time taken for epoch 22 is 773.7949225902557 sec
2023-07-02 02:48:57,409 - root - INFO - train data time=32.57533526420593, train step time=149.80097460746765, valid step time=58.787224769592285
2023-07-02 02:48:57,409 - root - INFO - Train loss: 0.24366259574890137. Valid loss: 0.25450488924980164
2023-07-02 03:00:52,565 - root - INFO - validating...
2023-07-02 03:00:52,565 - root - INFO - validating...
2023-07-02 03:00:52,566 - root - INFO - validating...
2023-07-02 03:00:52,568 - root - INFO - validating...
2023-07-02 03:01:53,886 - root - INFO - Time taken for epoch 23 is 776.4762308597565 sec
2023-07-02 03:01:53,886 - root - INFO - train data time=38.633354902267456, train step time=135.4102659225464, valid step time=59.956599712371826
2023-07-02 03:01:53,887 - root - INFO - Train loss: 0.2415911704301834. Valid loss: 0.25248801708221436
2023-07-02 03:13:51,025 - root - INFO - validating...
2023-07-02 03:13:51,025 - root - INFO - validating...
2023-07-02 03:13:51,026 - root - INFO - validating...
2023-07-02 03:13:51,028 - root - INFO - validating...
2023-07-02 03:14:52,305 - root - INFO - Time taken for epoch 24 is 778.4180865287781 sec
2023-07-02 03:14:52,306 - root - INFO - train data time=32.99630379676819, train step time=143.6356062889099, valid step time=59.58164691925049
2023-07-02 03:14:52,306 - root - INFO - Train loss: 0.24335184693336487. Valid loss: 0.2534462809562683
2023-07-02 03:26:40,515 - root - INFO - validating...
2023-07-02 03:26:40,515 - root - INFO - validating...
2023-07-02 03:26:40,515 - root - INFO - validating...
2023-07-02 03:26:40,518 - root - INFO - validating...
2023-07-02 03:27:40,673 - root - INFO - Time taken for epoch 25 is 768.3670508861542 sec
2023-07-02 03:27:40,674 - root - INFO - train data time=36.00947976112366, train step time=133.3869354724884, valid step time=58.78101921081543
2023-07-02 03:27:40,674 - root - INFO - Train loss: 0.5974219441413879. Valid loss: 0.5987510085105896
2023-07-02 03:39:33,870 - root - INFO - validating...
2023-07-02 03:39:33,870 - root - INFO - validating...
2023-07-02 03:39:33,870 - root - INFO - validating...
2023-07-02 03:39:33,873 - root - INFO - validating...
2023-07-02 03:40:34,668 - root - INFO - Time taken for epoch 26 is 773.9937403202057 sec
2023-07-02 03:40:34,669 - root - INFO - train data time=35.339088916778564, train step time=140.48289036750793, valid step time=59.33312726020813
2023-07-02 03:40:34,669 - root - INFO - Train loss: 0.4293844699859619. Valid loss: 0.43345335125923157
2023-07-02 03:52:30,562 - root - INFO - validating...
2023-07-02 03:52:30,562 - root - INFO - validating...
2023-07-02 03:52:30,562 - root - INFO - validating...
2023-07-02 03:52:30,563 - root - INFO - validating...
2023-07-02 03:53:31,288 - root - INFO - Time taken for epoch 27 is 776.618364572525 sec
2023-07-02 03:53:31,289 - root - INFO - train data time=43.53680634498596, train step time=130.9039022922516, valid step time=59.09953784942627
2023-07-02 03:53:31,289 - root - INFO - Train loss: 0.34110763669013977. Valid loss: 0.35024669766426086
2023-07-02 04:05:26,193 - root - INFO - validating...
2023-07-02 04:05:26,193 - root - INFO - validating...
2023-07-02 04:05:26,196 - root - INFO - validating...
2023-07-02 04:05:26,198 - root - INFO - validating...
2023-07-02 04:06:26,774 - root - INFO - Time taken for epoch 28 is 775.4843497276306 sec
2023-07-02 04:06:26,774 - root - INFO - train data time=40.322819232940674, train step time=131.37012100219727, valid step time=59.27489423751831
2023-07-02 04:06:26,775 - root - INFO - Train loss: 0.30214858055114746. Valid loss: 0.31620296835899353
2023-07-02 04:18:22,634 - root - INFO - validating...
2023-07-02 04:18:22,634 - root - INFO - validating...
2023-07-02 04:18:22,635 - root - INFO - validating...
2023-07-02 04:18:22,636 - root - INFO - validating...
2023-07-02 04:19:23,879 - root - INFO - Time taken for epoch 29 is 777.1043729782104 sec
2023-07-02 04:19:23,880 - root - INFO - train data time=43.87012696266174, train step time=127.32459497451782, valid step time=59.49187183380127
2023-07-02 04:19:23,880 - root - INFO - Train loss: 0.2812933027744293. Valid loss: 0.28700193762779236
2023-07-02 04:31:18,734 - root - INFO - validating...
2023-07-02 04:31:18,734 - root - INFO - validating...
2023-07-02 04:31:18,734 - root - INFO - validating...
2023-07-02 04:31:18,735 - root - INFO - validating...
2023-07-02 04:32:19,724 - root - INFO - Time taken for epoch 30 is 775.8439602851868 sec
2023-07-02 04:32:19,725 - root - INFO - train data time=35.96169471740723, train step time=140.11526679992676, valid step time=59.64330983161926
2023-07-02 04:32:19,725 - root - INFO - Train loss: 0.2649218440055847. Valid loss: 0.2760869860649109
2023-07-02 04:44:16,303 - root - INFO - validating...
2023-07-02 04:44:16,304 - root - INFO - validating...
2023-07-02 04:44:16,304 - root - INFO - validating...
2023-07-02 04:44:16,308 - root - INFO - validating...
2023-07-02 04:45:18,174 - root - INFO - Time taken for epoch 31 is 778.448878288269 sec
2023-07-02 04:45:18,175 - root - INFO - train data time=45.86202383041382, train step time=137.1563687324524, valid step time=60.3640992641449
2023-07-02 04:45:18,175 - root - INFO - Train loss: 0.25772055983543396. Valid loss: 0.27026036381721497
2023-07-02 04:57:17,050 - root - INFO - validating...
2023-07-02 04:57:17,050 - root - INFO - validating...
2023-07-02 04:57:17,051 - root - INFO - validating...
2023-07-02 04:57:17,053 - root - INFO - validating...
2023-07-02 04:58:18,303 - root - INFO - Time taken for epoch 32 is 780.1276819705963 sec
2023-07-02 04:58:18,304 - root - INFO - train data time=39.70564341545105, train step time=138.56665802001953, valid step time=59.713632583618164
2023-07-02 04:58:18,305 - root - INFO - Train loss: 0.25356391072273254. Valid loss: 0.2612607181072235
2023-07-02 05:10:17,098 - root - INFO - validating...
2023-07-02 05:10:17,099 - root - INFO - validating...
2023-07-02 05:10:17,101 - root - INFO - validating...
2023-07-02 05:10:17,102 - root - INFO - validating...
2023-07-02 05:11:17,893 - root - INFO - Time taken for epoch 33 is 779.588437795639 sec
2023-07-02 05:11:17,894 - root - INFO - train data time=45.14859580993652, train step time=135.62840270996094, valid step time=59.30342745780945
2023-07-02 05:11:17,894 - root - INFO - Train loss: 0.24977682530879974. Valid loss: 0.26136231422424316
2023-07-02 05:23:20,807 - root - INFO - validating...
2023-07-02 05:23:20,808 - root - INFO - validating...
2023-07-02 05:23:20,809 - root - INFO - validating...
2023-07-02 05:23:20,810 - root - INFO - validating...
2023-07-02 05:24:21,480 - root - INFO - Time taken for epoch 34 is 783.5853250026703 sec
2023-07-02 05:24:21,481 - root - INFO - train data time=45.94069719314575, train step time=136.35960030555725, valid step time=59.21652889251709
2023-07-02 05:24:21,481 - root - INFO - Train loss: 0.24624775350093842. Valid loss: 0.25826379656791687
2023-07-02 05:36:17,756 - root - INFO - validating...
2023-07-02 05:36:17,756 - root - INFO - validating...
2023-07-02 05:36:17,757 - root - INFO - validating...
2023-07-02 05:36:17,759 - root - INFO - validating...
2023-07-02 05:37:19,130 - root - INFO - Time taken for epoch 35 is 777.6484353542328 sec
2023-07-02 05:37:19,130 - root - INFO - train data time=44.6501190662384, train step time=133.13724446296692, valid step time=59.6662814617157
2023-07-02 05:37:19,130 - root - INFO - Train loss: 0.2534944415092468. Valid loss: 0.2563648223876953
2023-07-02 05:49:14,572 - root - INFO - validating...
2023-07-02 05:49:14,572 - root - INFO - validating...
2023-07-02 05:49:14,573 - root - INFO - validating...
2023-07-02 05:49:14,573 - root - INFO - validating...
2023-07-02 05:50:15,861 - root - INFO - Time taken for epoch 36 is 776.7300152778625 sec
2023-07-02 05:50:15,862 - root - INFO - train data time=41.514106035232544, train step time=133.0373878479004, valid step time=59.793609380722046
2023-07-02 05:50:15,862 - root - INFO - Train loss: 0.2447677105665207. Valid loss: 0.25454115867614746
2023-07-02 06:02:15,514 - root - INFO - validating...
2023-07-02 06:02:15,514 - root - INFO - validating...
2023-07-02 06:02:15,514 - root - INFO - validating...
2023-07-02 06:02:15,515 - root - INFO - validating...
2023-07-02 06:03:16,709 - root - INFO - Time taken for epoch 37 is 780.8471632003784 sec
2023-07-02 06:03:16,710 - root - INFO - train data time=45.0268349647522, train step time=141.29008197784424, valid step time=59.56241202354431
2023-07-02 06:03:16,710 - root - INFO - Train loss: 0.2403971254825592. Valid loss: 0.2538011372089386
2023-07-02 06:15:15,596 - root - INFO - validating...
2023-07-02 06:15:15,596 - root - INFO - validating...
2023-07-02 06:15:15,597 - root - INFO - validating...
2023-07-02 06:15:15,598 - root - INFO - validating...
2023-07-02 06:16:15,757 - root - INFO - Val loss improved from 0.2523789703845978 to 0.252281129360199
2023-07-02 06:16:17,033 - root - INFO - Time taken for epoch 38 is 780.3227958679199 sec
2023-07-02 06:16:17,034 - root - INFO - train data time=41.67355227470398, train step time=138.59096908569336, valid step time=58.86628317832947
2023-07-02 06:16:17,034 - root - INFO - Train loss: 0.2382306605577469. Valid loss: 0.252281129360199
2023-07-02 06:28:16,031 - root - INFO - validating...
2023-07-02 06:28:16,031 - root - INFO - validating...
2023-07-02 06:28:16,033 - root - INFO - validating...
2023-07-02 06:28:16,033 - root - INFO - validating...
2023-07-02 06:29:20,748 - root - INFO - Val loss improved from 0.252281129360199 to 0.25142690539360046
2023-07-02 06:29:22,467 - root - INFO - Time taken for epoch 39 is 785.4333260059357 sec
2023-07-02 06:29:22,468 - root - INFO - train data time=42.75661897659302, train step time=138.90264177322388, valid step time=61.27813911437988
2023-07-02 06:29:22,468 - root - INFO - Train loss: 0.23543527722358704. Valid loss: 0.25142690539360046
2023-07-02 06:41:19,894 - root - INFO - validating...
2023-07-02 06:41:19,894 - root - INFO - validating...
2023-07-02 06:41:19,895 - root - INFO - validating...
2023-07-02 06:41:19,896 - root - INFO - validating...
2023-07-02 06:42:21,278 - root - INFO - Val loss improved from 0.25142690539360046 to 0.2503764033317566
2023-07-02 06:42:23,256 - root - INFO - Time taken for epoch 40 is 780.7872850894928 sec
2023-07-02 06:42:23,256 - root - INFO - train data time=45.654369592666626, train step time=131.6765275001526, valid step time=59.80601382255554
2023-07-02 06:42:23,257 - root - INFO - Train loss: 0.24360425770282745. Valid loss: 0.2503764033317566
2023-07-02 06:54:23,049 - root - INFO - validating...
2023-07-02 06:54:23,048 - root - INFO - validating...
2023-07-02 06:54:23,049 - root - INFO - validating...
2023-07-02 06:54:23,049 - root - INFO - validating...
2023-07-02 06:55:24,364 - root - INFO - Val loss improved from 0.2503764033317566 to 0.24984078109264374
2023-07-02 06:55:26,006 - root - INFO - Time taken for epoch 41 is 782.7485475540161 sec
2023-07-02 06:55:26,007 - root - INFO - train data time=42.56590533256531, train step time=129.7469608783722, valid step time=59.69037628173828
2023-07-02 06:55:26,008 - root - INFO - Train loss: 0.23381568491458893. Valid loss: 0.24984078109264374
2023-07-02 07:07:26,627 - root - INFO - validating...
2023-07-02 07:07:26,626 - root - INFO - validating...
2023-07-02 07:07:26,627 - root - INFO - validating...
2023-07-02 07:07:26,629 - root - INFO - validating...
2023-07-02 07:08:28,610 - root - INFO - Val loss improved from 0.24984078109264374 to 0.24863409996032715
2023-07-02 07:08:30,273 - root - INFO - Time taken for epoch 42 is 784.2655012607574 sec
2023-07-02 07:08:30,274 - root - INFO - train data time=43.87776827812195, train step time=139.75860905647278, valid step time=60.070855379104614
2023-07-02 07:08:30,274 - root - INFO - Train loss: 0.2552148401737213. Valid loss: 0.24863409996032715
2023-07-02 07:20:29,267 - root - INFO - validating...
2023-07-02 07:20:29,267 - root - INFO - validating...
2023-07-02 07:20:29,267 - root - INFO - validating...
2023-07-02 07:20:29,268 - root - INFO - validating...
2023-07-02 07:21:29,652 - root - INFO - Val loss improved from 0.24863409996032715 to 0.24833625555038452
2023-07-02 07:21:31,249 - root - INFO - Time taken for epoch 43 is 780.9747629165649 sec
2023-07-02 07:21:31,250 - root - INFO - train data time=39.95341730117798, train step time=139.55066347122192, valid step time=59.055779218673706
2023-07-02 07:21:31,250 - root - INFO - Train loss: 0.23761749267578125. Valid loss: 0.24833625555038452
2023-07-02 07:33:28,609 - root - INFO - validating...
2023-07-02 07:33:28,610 - root - INFO - validating...
2023-07-02 07:33:28,610 - root - INFO - validating...
2023-07-02 07:33:28,611 - root - INFO - validating...
2023-07-02 07:34:29,726 - root - INFO - Val loss improved from 0.24833625555038452 to 0.2477651983499527
2023-07-02 07:34:31,526 - root - INFO - Time taken for epoch 44 is 780.2750706672668 sec
2023-07-02 07:34:31,526 - root - INFO - train data time=36.65584588050842, train step time=141.47693300247192, valid step time=59.52979826927185
2023-07-02 07:34:31,526 - root - INFO - Train loss: 0.23235070705413818. Valid loss: 0.2477651983499527
2023-07-02 07:46:25,190 - root - INFO - validating...
2023-07-02 07:46:25,191 - root - INFO - validating...
2023-07-02 07:46:25,191 - root - INFO - validating...
2023-07-02 07:46:25,193 - root - INFO - validating...
2023-07-02 07:47:26,434 - root - INFO - Val loss improved from 0.2477651983499527 to 0.2471248209476471
2023-07-02 07:47:28,625 - root - INFO - Time taken for epoch 45 is 777.0979180335999 sec
2023-07-02 07:47:28,626 - root - INFO - train data time=41.06335663795471, train step time=133.96673107147217, valid step time=59.24233293533325
2023-07-02 07:47:28,626 - root - INFO - Train loss: 0.2347000390291214. Valid loss: 0.2471248209476471
2023-07-02 07:59:26,155 - root - INFO - validating...
2023-07-02 07:59:26,155 - root - INFO - validating...
2023-07-02 07:59:26,155 - root - INFO - validating...
2023-07-02 07:59:26,156 - root - INFO - validating...
2023-07-02 08:00:26,999 - root - INFO - Time taken for epoch 46 is 778.3728652000427 sec
2023-07-02 08:00:27,000 - root - INFO - train data time=40.97053575515747, train step time=136.26594161987305, valid step time=59.40491199493408
2023-07-02 08:00:27,000 - root - INFO - Train loss: 0.23760543763637543. Valid loss: 0.24722957611083984
2023-07-02 08:12:23,594 - root - INFO - validating...
2023-07-02 08:12:23,594 - root - INFO - validating...
2023-07-02 08:12:23,595 - root - INFO - validating...
2023-07-02 08:12:23,596 - root - INFO - validating...
2023-07-02 08:13:23,592 - root - INFO - Val loss improved from 0.2471248209476471 to 0.24518337845802307
2023-07-02 08:13:25,739 - root - INFO - Time taken for epoch 47 is 778.7384147644043 sec
2023-07-02 08:13:25,740 - root - INFO - train data time=38.73769783973694, train step time=136.3546781539917, valid step time=58.55734586715698
2023-07-02 08:13:25,740 - root - INFO - Train loss: 0.22921223938465118. Valid loss: 0.24518337845802307
2023-07-02 08:25:23,788 - root - INFO - validating...
2023-07-02 08:25:23,789 - root - INFO - validating...
2023-07-02 08:25:23,789 - root - INFO - validating...
2023-07-02 08:25:23,789 - root - INFO - validating...
2023-07-02 08:26:24,270 - root - INFO - Time taken for epoch 48 is 778.5300767421722 sec
2023-07-02 08:26:24,271 - root - INFO - train data time=41.92576837539673, train step time=132.91436004638672, valid step time=58.96795463562012
2023-07-02 08:26:24,272 - root - INFO - Train loss: 0.23452036082744598. Valid loss: 0.24552954733371735
2023-07-02 08:38:22,431 - root - INFO - validating...
2023-07-02 08:38:22,431 - root - INFO - validating...
2023-07-02 08:38:22,432 - root - INFO - validating...
2023-07-02 08:38:22,433 - root - INFO - validating...
2023-07-02 08:39:23,232 - root - INFO - Val loss improved from 0.24518337845802307 to 0.2442500740289688
2023-07-02 08:39:25,007 - root - INFO - Time taken for epoch 49 is 780.7348253726959 sec
2023-07-02 08:39:25,007 - root - INFO - train data time=34.689735651016235, train step time=141.18545770645142, valid step time=59.248382568359375
2023-07-02 08:39:25,008 - root - INFO - Train loss: 0.2292841523885727. Valid loss: 0.2442500740289688
2023-07-02 08:51:18,832 - root - INFO - validating...
2023-07-02 08:51:18,832 - root - INFO - validating...
2023-07-02 08:51:18,833 - root - INFO - validating...
2023-07-02 08:51:18,833 - root - INFO - validating...
2023-07-02 08:52:19,849 - root - INFO - Time taken for epoch 50 is 774.8412005901337 sec
2023-07-02 08:52:19,850 - root - INFO - train data time=33.30930542945862, train step time=145.16548776626587, valid step time=59.62830710411072
2023-07-02 08:52:19,850 - root - INFO - Train loss: 0.23160171508789062. Valid loss: 0.24550355970859528
2023-07-02 09:04:16,821 - root - INFO - validating...
2023-07-02 09:04:16,821 - root - INFO - validating...
2023-07-02 09:04:16,821 - root - INFO - validating...
2023-07-02 09:04:16,824 - root - INFO - validating...
2023-07-02 09:05:18,003 - root - INFO - Time taken for epoch 51 is 778.1525385379791 sec
2023-07-02 09:05:18,003 - root - INFO - train data time=32.74303650856018, train step time=147.2485213279724, valid step time=59.71924567222595
2023-07-02 09:05:18,004 - root - INFO - Train loss: 0.23130185902118683. Valid loss: 0.24451126158237457
2023-07-02 09:17:10,723 - root - INFO - validating...
2023-07-02 09:17:10,724 - root - INFO - validating...
2023-07-02 09:17:10,723 - root - INFO - validating...
2023-07-02 09:17:10,725 - root - INFO - validating...
2023-07-02 09:18:11,299 - root - INFO - Val loss improved from 0.2442500740289688 to 0.243299201130867
2023-07-02 09:18:12,600 - root - INFO - Time taken for epoch 52 is 774.5963480472565 sec
2023-07-02 09:18:12,601 - root - INFO - train data time=33.95212459564209, train step time=142.4496443271637, valid step time=58.95913600921631
2023-07-02 09:18:12,601 - root - INFO - Train loss: 0.22712108492851257. Valid loss: 0.243299201130867
2023-07-02 09:30:12,949 - root - INFO - validating...
2023-07-02 09:30:12,949 - root - INFO - validating...
2023-07-02 09:30:12,949 - root - INFO - validating...
2023-07-02 09:30:12,949 - root - INFO - validating...
2023-07-02 09:31:12,649 - root - INFO - Time taken for epoch 53 is 780.0480625629425 sec
2023-07-02 09:31:12,650 - root - INFO - train data time=33.31894564628601, train step time=145.27583813667297, valid step time=58.12372064590454
2023-07-02 09:31:12,650 - root - INFO - Train loss: 0.22184139490127563. Valid loss: 0.2436174899339676
2023-07-02 09:43:05,429 - root - INFO - validating...
2023-07-02 09:43:05,429 - root - INFO - validating...
2023-07-02 09:43:05,429 - root - INFO - validating...
2023-07-02 09:43:05,432 - root - INFO - validating...
2023-07-02 09:44:04,427 - root - INFO - Time taken for epoch 54 is 771.7766830921173 sec
2023-07-02 09:44:04,427 - root - INFO - train data time=39.13405728340149, train step time=129.23722457885742, valid step time=57.670572996139526
2023-07-02 09:44:04,427 - root - INFO - Train loss: 0.2226705104112625. Valid loss: 0.24351206421852112
2023-07-02 09:56:00,068 - root - INFO - validating...
2023-07-02 09:56:00,068 - root - INFO - validating...
2023-07-02 09:56:00,068 - root - INFO - validating...
2023-07-02 09:56:00,069 - root - INFO - validating...
2023-07-02 09:57:02,463 - root - INFO - Val loss improved from 0.243299201130867 to 0.2401859313249588
2023-07-02 09:57:04,008 - root - INFO - Time taken for epoch 55 is 779.5800247192383 sec
2023-07-02 09:57:04,008 - root - INFO - train data time=33.30793833732605, train step time=145.05027532577515, valid step time=60.51899600028992
2023-07-02 09:57:04,008 - root - INFO - Train loss: 0.22747531533241272. Valid loss: 0.2401859313249588
2023-07-02 10:09:05,227 - root - INFO - validating...
2023-07-02 10:09:05,227 - root - INFO - validating...
2023-07-02 10:09:05,228 - root - INFO - validating...
2023-07-02 10:09:05,229 - root - INFO - validating...
2023-07-02 10:10:05,790 - root - INFO - Time taken for epoch 56 is 781.7813403606415 sec
2023-07-02 10:10:05,791 - root - INFO - train data time=35.60739707946777, train step time=147.79949188232422, valid step time=59.12145972251892
2023-07-02 10:10:05,792 - root - INFO - Train loss: 0.22252559661865234. Valid loss: 0.2414557933807373
2023-07-02 10:22:01,481 - root - INFO - validating...
2023-07-02 10:22:01,482 - root - INFO - validating...
2023-07-02 10:22:01,481 - root - INFO - validating...
2023-07-02 10:22:01,485 - root - INFO - validating...
2023-07-02 10:23:02,214 - root - INFO - Time taken for epoch 57 is 776.4225125312805 sec
2023-07-02 10:23:02,215 - root - INFO - train data time=43.954787254333496, train step time=134.67431044578552, valid step time=59.264241456985474
2023-07-02 10:23:02,215 - root - INFO - Train loss: 0.2230621874332428. Valid loss: 0.24110592901706696
2023-07-02 10:35:00,977 - root - INFO - validating...
2023-07-02 10:35:00,978 - root - INFO - validating...
2023-07-02 10:35:00,981 - root - INFO - validating...
2023-07-02 10:35:00,981 - root - INFO - validating...
2023-07-02 10:36:01,489 - root - INFO - Time taken for epoch 58 is 779.2731175422668 sec
2023-07-02 10:36:01,489 - root - INFO - train data time=43.29818844795227, train step time=133.72686886787415, valid step time=58.98277473449707
2023-07-02 10:36:01,490 - root - INFO - Train loss: 0.22558483481407166. Valid loss: 0.2433294802904129
2023-07-02 10:48:02,330 - root - INFO - validating...
2023-07-02 10:48:02,330 - root - INFO - validating...
2023-07-02 10:48:02,330 - root - INFO - validating...
2023-07-02 10:48:02,334 - root - INFO - validating...
2023-07-02 10:49:03,762 - root - INFO - Time taken for epoch 59 is 782.272426366806 sec
2023-07-02 10:49:03,763 - root - INFO - train data time=44.89827346801758, train step time=136.21135544776917, valid step time=59.769026041030884
2023-07-02 10:49:03,763 - root - INFO - Train loss: 0.21952442824840546. Valid loss: 0.24210581183433533
2023-07-02 11:01:05,831 - root - INFO - validating...
2023-07-02 11:01:05,832 - root - INFO - validating...
2023-07-02 11:01:05,832 - root - INFO - validating...
2023-07-02 11:01:05,832 - root - INFO - validating...
2023-07-02 11:02:05,928 - root - INFO - Time taken for epoch 60 is 782.1643469333649 sec
2023-07-02 11:02:05,929 - root - INFO - train data time=37.766751527786255, train step time=144.83157014846802, valid step time=58.731369972229004
2023-07-02 11:02:05,929 - root - INFO - Train loss: 0.2183147519826889. Valid loss: 0.24128150939941406
2023-07-02 11:14:07,463 - root - INFO - validating...
2023-07-02 11:14:07,463 - root - INFO - validating...
2023-07-02 11:14:07,464 - root - INFO - validating...
2023-07-02 11:14:07,464 - root - INFO - validating...
2023-07-02 11:15:08,438 - root - INFO - Time taken for epoch 61 is 782.5083556175232 sec
2023-07-02 11:15:08,439 - root - INFO - train data time=37.53118896484375, train step time=139.31577730178833, valid step time=59.44254183769226
2023-07-02 11:15:08,439 - root - INFO - Train loss: 0.22206221520900726. Valid loss: 0.24101410806179047
2023-07-02 11:27:04,178 - root - INFO - validating...
2023-07-02 11:27:04,178 - root - INFO - validating...
2023-07-02 11:27:04,178 - root - INFO - validating...
2023-07-02 11:27:04,179 - root - INFO - validating...
2023-07-02 11:28:04,115 - root - INFO - Time taken for epoch 62 is 775.6763496398926 sec
2023-07-02 11:28:04,116 - root - INFO - train data time=38.159743785858154, train step time=137.48819613456726, valid step time=58.58859443664551
2023-07-02 11:28:04,116 - root - INFO - Train loss: 0.22211270034313202. Valid loss: 0.2410922646522522
2023-07-02 11:39:54,976 - root - INFO - validating...
2023-07-02 11:39:54,978 - root - INFO - validating...
2023-07-02 11:39:54,978 - root - INFO - validating...
2023-07-02 11:39:54,979 - root - INFO - validating...
2023-07-02 11:40:55,918 - root - INFO - Time taken for epoch 63 is 771.8017218112946 sec
2023-07-02 11:40:55,919 - root - INFO - train data time=32.139572858810425, train step time=144.34657335281372, valid step time=59.52983474731445
2023-07-02 11:40:55,919 - root - INFO - Train loss: 0.227859228849411. Valid loss: 0.24031290411949158
2023-07-02 11:52:58,138 - root - INFO - validating...
2023-07-02 11:52:58,139 - root - INFO - validating...
2023-07-02 11:52:58,139 - root - INFO - validating...
2023-07-02 11:52:58,141 - root - INFO - validating...
2023-07-02 11:53:59,788 - root - INFO - Val loss improved from 0.2401859313249588 to 0.2395073026418686
2023-07-02 11:54:01,346 - root - INFO - Time taken for epoch 64 is 785.4262523651123 sec
2023-07-02 11:54:01,347 - root - INFO - train data time=35.75387907028198, train step time=143.6841778755188, valid step time=59.96321678161621
2023-07-02 11:54:01,347 - root - INFO - Train loss: 0.21892444789409637. Valid loss: 0.2395073026418686
2023-07-02 12:06:03,849 - root - INFO - validating...
2023-07-02 12:06:03,850 - root - INFO - validating...
2023-07-02 12:06:03,850 - root - INFO - validating...
2023-07-02 12:06:03,850 - root - INFO - validating...
2023-07-02 12:07:05,440 - root - INFO - Time taken for epoch 65 is 784.0924406051636 sec
2023-07-02 12:07:05,440 - root - INFO - train data time=42.38146114349365, train step time=138.0711693763733, valid step time=60.29207110404968
2023-07-02 12:07:05,441 - root - INFO - Train loss: 0.22109906375408173. Valid loss: 0.24027052521705627
2023-07-02 12:19:07,535 - root - INFO - validating...
2023-07-02 12:19:07,535 - root - INFO - validating...
2023-07-02 12:19:07,536 - root - INFO - validating...
2023-07-02 12:19:07,537 - root - INFO - validating...
2023-07-02 12:20:08,579 - root - INFO - Val loss improved from 0.2395073026418686 to 0.23927496373653412
2023-07-02 12:20:10,317 - root - INFO - Time taken for epoch 66 is 784.8758347034454 sec
2023-07-02 12:20:10,317 - root - INFO - train data time=34.09405732154846, train step time=149.34464311599731, valid step time=59.368003129959106
2023-07-02 12:20:10,318 - root - INFO - Train loss: 0.21778805553913116. Valid loss: 0.23927496373653412
2023-07-02 12:32:08,081 - root - INFO - validating...
2023-07-02 12:32:08,081 - root - INFO - validating...
2023-07-02 12:32:08,081 - root - INFO - validating...
2023-07-02 12:32:08,083 - root - INFO - validating...
2023-07-02 12:33:09,809 - root - INFO - Time taken for epoch 67 is 779.4908187389374 sec
2023-07-02 12:33:09,809 - root - INFO - train data time=42.203447341918945, train step time=138.28796911239624, valid step time=60.11775994300842
2023-07-02 12:33:09,810 - root - INFO - Train loss: 0.21901124715805054. Valid loss: 0.239643856883049
2023-07-02 12:45:05,952 - root - INFO - validating...
2023-07-02 12:45:05,953 - root - INFO - validating...
2023-07-02 12:45:05,954 - root - INFO - validating...
2023-07-02 12:45:05,954 - root - INFO - validating...
2023-07-02 12:46:07,021 - root - INFO - Time taken for epoch 68 is 777.2109122276306 sec
2023-07-02 12:46:07,021 - root - INFO - train data time=43.690897703170776, train step time=136.05925273895264, valid step time=59.442025899887085
2023-07-02 12:46:07,022 - root - INFO - Train loss: 0.21575045585632324. Valid loss: 0.24075628817081451
2023-07-02 12:58:06,747 - root - INFO - validating...
2023-07-02 12:58:06,747 - root - INFO - validating...
2023-07-02 12:58:06,747 - root - INFO - validating...
2023-07-02 12:58:06,750 - root - INFO - validating...
2023-07-02 12:59:08,141 - root - INFO - Time taken for epoch 69 is 781.118821144104 sec
2023-07-02 12:59:08,141 - root - INFO - train data time=40.179083585739136, train step time=141.25455236434937, valid step time=59.73244380950928
2023-07-02 12:59:08,142 - root - INFO - Train loss: 0.2260729968547821. Valid loss: 0.24206195771694183
2023-07-02 13:11:11,984 - root - INFO - validating...
2023-07-02 13:11:11,984 - root - INFO - validating...
2023-07-02 13:11:11,985 - root - INFO - validating...
2023-07-02 13:11:11,987 - root - INFO - validating...
2023-07-02 13:12:12,904 - root - INFO - Val loss improved from 0.23927496373653412 to 0.23826217651367188
2023-07-02 13:12:14,461 - root - INFO - Time taken for epoch 70 is 786.3188235759735 sec
2023-07-02 13:12:14,461 - root - INFO - train data time=45.370617389678955, train step time=141.6434965133667, valid step time=59.01729393005371
2023-07-02 13:12:14,461 - root - INFO - Train loss: 0.21219468116760254. Valid loss: 0.23826217651367188
2023-07-02 13:24:12,243 - root - INFO - validating...
2023-07-02 13:24:12,243 - root - INFO - validating...
2023-07-02 13:24:12,243 - root - INFO - validating...
2023-07-02 13:24:12,244 - root - INFO - validating...
2023-07-02 13:25:12,888 - root - INFO - Val loss improved from 0.23826217651367188 to 0.23708891868591309
2023-07-02 13:25:14,560 - root - INFO - Time taken for epoch 71 is 780.0987265110016 sec
2023-07-02 13:25:14,561 - root - INFO - train data time=43.908705949783325, train step time=136.55242395401, valid step time=59.03255343437195
2023-07-02 13:25:14,561 - root - INFO - Train loss: 0.22086258232593536. Valid loss: 0.23708891868591309
2023-07-02 13:37:10,925 - root - INFO - validating...
2023-07-02 13:37:10,924 - root - INFO - validating...
2023-07-02 13:37:10,925 - root - INFO - validating...
2023-07-02 13:37:10,925 - root - INFO - validating...
2023-07-02 13:38:11,938 - root - INFO - Val loss improved from 0.23708891868591309 to 0.23639234900474548
2023-07-02 13:38:14,086 - root - INFO - Time taken for epoch 72 is 779.5241689682007 sec
2023-07-02 13:38:14,086 - root - INFO - train data time=43.85629940032959, train step time=133.29780912399292, valid step time=59.438064098358154
2023-07-02 13:38:14,087 - root - INFO - Train loss: 0.21425087749958038. Valid loss: 0.23639234900474548
2023-07-02 13:50:08,909 - root - INFO - validating...
2023-07-02 13:50:08,909 - root - INFO - validating...
2023-07-02 13:50:08,910 - root - INFO - validating...
2023-07-02 13:50:08,912 - root - INFO - validating...
2023-07-02 13:51:10,297 - root - INFO - Time taken for epoch 73 is 776.2096743583679 sec
2023-07-02 13:51:10,297 - root - INFO - train data time=43.47480916976929, train step time=132.69226026535034, valid step time=59.88423538208008
2023-07-02 13:51:10,298 - root - INFO - Train loss: 0.2261245846748352. Valid loss: 0.24803972244262695
2023-07-02 14:03:05,402 - root - INFO - validating...
2023-07-02 14:03:05,402 - root - INFO - validating...
2023-07-02 14:03:05,402 - root - INFO - validating...
2023-07-02 14:03:05,403 - root - INFO - validating...
2023-07-02 14:04:04,989 - root - INFO - Time taken for epoch 74 is 774.6914765834808 sec
2023-07-02 14:04:04,990 - root - INFO - train data time=42.08620810508728, train step time=136.29519653320312, valid step time=58.053884506225586
2023-07-02 14:04:04,990 - root - INFO - Train loss: 0.22327233850955963. Valid loss: 0.23863014578819275
2023-07-02 14:16:02,618 - root - INFO - validating...
2023-07-02 14:16:02,618 - root - INFO - validating...
2023-07-02 14:16:02,619 - root - INFO - validating...
2023-07-02 14:16:02,621 - root - INFO - validating...
2023-07-02 14:17:03,639 - root - INFO - Time taken for epoch 75 is 778.6487419605255 sec
2023-07-02 14:17:03,640 - root - INFO - train data time=43.515968322753906, train step time=136.6797890663147, valid step time=59.350566387176514
2023-07-02 14:17:03,640 - root - INFO - Train loss: 0.21345505118370056. Valid loss: 0.2383224368095398
2023-07-02 14:29:00,439 - root - INFO - validating...
2023-07-02 14:29:00,440 - root - INFO - validating...
2023-07-02 14:29:00,441 - root - INFO - validating...
2023-07-02 14:29:00,442 - root - INFO - validating...
2023-07-02 14:30:01,696 - root - INFO - Time taken for epoch 76 is 778.0559980869293 sec
2023-07-02 14:30:01,697 - root - INFO - train data time=45.71207642555237, train step time=128.2016487121582, valid step time=59.779080867767334
2023-07-02 14:30:01,697 - root - INFO - Train loss: 0.21499589085578918. Valid loss: 0.23823218047618866
2023-07-02 14:42:02,364 - root - INFO - validating...
2023-07-02 14:42:02,364 - root - INFO - validating...
2023-07-02 14:42:02,365 - root - INFO - validating...
2023-07-02 14:42:02,367 - root - INFO - validating...
2023-07-02 14:43:03,322 - root - INFO - Time taken for epoch 77 is 781.6247458457947 sec
2023-07-02 14:43:03,323 - root - INFO - train data time=44.04330849647522, train step time=136.9815011024475, valid step time=59.52832889556885
2023-07-02 14:43:03,323 - root - INFO - Train loss: 0.2412026971578598. Valid loss: 0.2376880645751953
2023-07-02 14:55:03,476 - root - INFO - validating...
2023-07-02 14:55:03,476 - root - INFO - validating...
2023-07-02 14:55:03,476 - root - INFO - validating...
2023-07-02 14:55:03,476 - root - INFO - validating...
2023-07-02 14:56:04,374 - root - INFO - Time taken for epoch 78 is 781.0504302978516 sec
2023-07-02 14:56:04,375 - root - INFO - train data time=44.70977759361267, train step time=134.35581398010254, valid step time=59.55943441390991
2023-07-02 14:56:04,375 - root - INFO - Train loss: 0.21247652173042297. Valid loss: 0.23810309171676636
2023-07-02 15:08:01,600 - root - INFO - validating...
2023-07-02 15:08:01,601 - root - INFO - validating...
2023-07-02 15:08:01,601 - root - INFO - validating...
2023-07-02 15:08:01,604 - root - INFO - validating...
2023-07-02 15:09:03,224 - root - INFO - Time taken for epoch 79 is 778.848584651947 sec
2023-07-02 15:09:03,225 - root - INFO - train data time=45.48140573501587, train step time=131.71711111068726, valid step time=60.075669288635254
2023-07-02 15:09:03,226 - root - INFO - Train loss: 0.21452824771404266. Valid loss: 0.2379535585641861
2023-07-02 15:21:02,605 - root - INFO - validating...
2023-07-02 15:21:02,605 - root - INFO - validating...
2023-07-02 15:21:02,605 - root - INFO - validating...
2023-07-02 15:21:02,606 - root - INFO - validating...
2023-07-02 15:22:03,745 - root - INFO - Time taken for epoch 80 is 780.5190486907959 sec
2023-07-02 15:22:03,746 - root - INFO - train data time=39.53064799308777, train step time=139.39150762557983, valid step time=59.69216203689575
2023-07-02 15:22:03,746 - root - INFO - Train loss: 0.20886966586112976. Valid loss: 0.2371203899383545
2023-07-02 15:34:04,921 - root - INFO - validating...
2023-07-02 15:34:04,922 - root - INFO - validating...
2023-07-02 15:34:04,922 - root - INFO - validating...
2023-07-02 15:34:04,924 - root - INFO - validating...
2023-07-02 15:35:06,665 - root - INFO - Time taken for epoch 81 is 782.9181311130524 sec
2023-07-02 15:35:06,665 - root - INFO - train data time=37.165172815322876, train step time=138.9602460861206, valid step time=60.357476472854614
2023-07-02 15:35:06,665 - root - INFO - Train loss: 0.21070373058319092. Valid loss: 0.2386617809534073
2023-07-02 15:47:04,166 - root - INFO - validating...
2023-07-02 15:47:04,166 - root - INFO - validating...
2023-07-02 15:47:04,168 - root - INFO - validating...
2023-07-02 15:47:04,168 - root - INFO - validating...
2023-07-02 15:48:04,991 - root - INFO - Time taken for epoch 82 is 778.3252265453339 sec
2023-07-02 15:48:04,992 - root - INFO - train data time=35.71218252182007, train step time=140.6782853603363, valid step time=59.34486269950867
2023-07-02 15:48:04,992 - root - INFO - Train loss: 0.21839535236358643. Valid loss: 0.23674249649047852
2023-07-02 16:00:06,891 - root - INFO - validating...
2023-07-02 16:00:06,891 - root - INFO - validating...
2023-07-02 16:00:06,891 - root - INFO - validating...
2023-07-02 16:00:06,894 - root - INFO - validating...
2023-07-02 16:01:07,239 - root - INFO - Val loss improved from 0.23639234900474548 to 0.23617328703403473
2023-07-02 16:01:08,721 - root - INFO - Time taken for epoch 83 is 783.7285530567169 sec
2023-07-02 16:01:08,722 - root - INFO - train data time=37.187535524368286, train step time=146.1324110031128, valid step time=58.91132688522339
2023-07-02 16:01:08,722 - root - INFO - Train loss: 0.2139153778553009. Valid loss: 0.23617328703403473
2023-07-02 16:13:08,511 - root - INFO - validating...
2023-07-02 16:13:08,511 - root - INFO - validating...
2023-07-02 16:13:08,511 - root - INFO - validating...
2023-07-02 16:13:08,513 - root - INFO - validating...
2023-07-02 16:14:10,279 - root - INFO - Val loss improved from 0.23617328703403473 to 0.2346990555524826
2023-07-02 16:14:12,127 - root - INFO - Time taken for epoch 84 is 783.4041950702667 sec
2023-07-02 16:14:12,128 - root - INFO - train data time=45.838685750961304, train step time=134.02485632896423, valid step time=59.98394060134888
2023-07-02 16:14:12,129 - root - INFO - Train loss: 0.20481355488300323. Valid loss: 0.2346990555524826
2023-07-02 16:26:10,044 - root - INFO - validating...
2023-07-02 16:26:10,044 - root - INFO - validating...
2023-07-02 16:26:10,045 - root - INFO - validating...
2023-07-02 16:26:10,047 - root - INFO - validating...
2023-07-02 16:27:11,428 - root - INFO - Val loss improved from 0.2346990555524826 to 0.23425637185573578
2023-07-02 16:27:13,965 - root - INFO - Time taken for epoch 85 is 781.8353378772736 sec
2023-07-02 16:27:13,965 - root - INFO - train data time=34.838191986083984, train step time=139.3593828678131, valid step time=59.84677743911743
2023-07-02 16:27:13,965 - root - INFO - Train loss: 0.20948047935962677. Valid loss: 0.23425637185573578
2023-07-02 16:39:11,490 - root - INFO - validating...
2023-07-02 16:39:11,491 - root - INFO - validating...
2023-07-02 16:39:11,494 - root - INFO - validating...
2023-07-02 16:39:11,494 - root - INFO - validating...
2023-07-02 16:40:12,533 - root - INFO - Time taken for epoch 86 is 778.567061662674 sec
2023-07-02 16:40:12,534 - root - INFO - train data time=40.77220582962036, train step time=136.84755086898804, valid step time=59.35410165786743
2023-07-02 16:40:12,534 - root - INFO - Train loss: 0.20751681923866272. Valid loss: 0.23449605703353882
2023-07-02 16:52:15,024 - root - INFO - validating...
2023-07-02 16:52:15,024 - root - INFO - validating...
2023-07-02 16:52:15,025 - root - INFO - validating...
2023-07-02 16:52:15,027 - root - INFO - validating...
2023-07-02 16:53:15,740 - root - INFO - Time taken for epoch 87 is 783.2060322761536 sec
2023-07-02 16:53:15,741 - root - INFO - train data time=44.47615718841553, train step time=141.82009840011597, valid step time=59.147494077682495
2023-07-02 16:53:15,741 - root - INFO - Train loss: 0.21392470598220825. Valid loss: 0.2345423847436905
2023-07-02 17:05:12,336 - root - INFO - validating...
2023-07-02 17:05:12,337 - root - INFO - validating...
2023-07-02 17:05:12,337 - root - INFO - validating...
2023-07-02 17:05:12,341 - root - INFO - validating...
2023-07-02 17:06:13,031 - root - INFO - Val loss improved from 0.23425637185573578 to 0.23421241343021393
2023-07-02 17:06:14,976 - root - INFO - Time taken for epoch 88 is 779.2347903251648 sec
2023-07-02 17:06:14,977 - root - INFO - train data time=43.24538230895996, train step time=131.36753821372986, valid step time=58.592838525772095
2023-07-02 17:06:14,977 - root - INFO - Train loss: 0.21622180938720703. Valid loss: 0.23421241343021393
2023-07-02 17:18:09,772 - root - INFO - validating...
2023-07-02 17:18:09,773 - root - INFO - validating...
2023-07-02 17:18:09,773 - root - INFO - validating...
2023-07-02 17:18:09,776 - root - INFO - validating...
2023-07-02 17:19:11,068 - root - INFO - Time taken for epoch 89 is 776.0905814170837 sec
2023-07-02 17:19:11,068 - root - INFO - train data time=41.892457246780396, train step time=132.34339022636414, valid step time=59.615721702575684
2023-07-02 17:19:11,069 - root - INFO - Train loss: 0.2108088880777359. Valid loss: 0.2343403398990631
2023-07-02 17:31:09,832 - root - INFO - validating...
2023-07-02 17:31:09,832 - root - INFO - validating...
2023-07-02 17:31:09,832 - root - INFO - validating...
2023-07-02 17:31:09,835 - root - INFO - validating...
2023-07-02 17:32:11,509 - root - INFO - Time taken for epoch 90 is 780.4397859573364 sec
2023-07-02 17:32:11,510 - root - INFO - train data time=44.718082427978516, train step time=136.1148693561554, valid step time=60.05595946311951
2023-07-02 17:32:11,510 - root - INFO - Train loss: 0.20876477658748627. Valid loss: 0.2365184724330902
2023-07-02 17:44:07,659 - root - INFO - validating...
2023-07-02 17:44:07,660 - root - INFO - validating...
2023-07-02 17:44:07,660 - root - INFO - validating...
2023-07-02 17:44:07,663 - root - INFO - validating...
2023-07-02 17:45:07,921 - root - INFO - Time taken for epoch 91 is 776.4109909534454 sec
2023-07-02 17:45:07,922 - root - INFO - train data time=45.08208441734314, train step time=129.7810709476471, valid step time=58.78595042228699
2023-07-02 17:45:07,923 - root - INFO - Train loss: 0.20342792570590973. Valid loss: 0.23630458116531372
2023-07-02 17:57:04,690 - root - INFO - validating...
2023-07-02 17:57:04,690 - root - INFO - validating...
2023-07-02 17:57:04,692 - root - INFO - validating...
2023-07-02 17:57:04,693 - root - INFO - validating...
2023-07-02 17:58:04,514 - root - INFO - Time taken for epoch 92 is 776.5907034873962 sec
2023-07-02 17:58:04,514 - root - INFO - train data time=45.46168255805969, train step time=133.24667835235596, valid step time=58.167219161987305
2023-07-02 17:58:04,515 - root - INFO - Train loss: 0.21082280576229095. Valid loss: 0.2354002147912979
2023-07-02 18:09:57,078 - root - INFO - validating...
2023-07-02 18:09:57,078 - root - INFO - validating...
2023-07-02 18:09:57,079 - root - INFO - validating...
2023-07-02 18:09:57,082 - root - INFO - validating...
2023-07-02 18:10:57,855 - root - INFO - Time taken for epoch 93 is 773.3399529457092 sec
2023-07-02 18:10:57,856 - root - INFO - train data time=38.86715507507324, train step time=136.36475110054016, valid step time=59.18871545791626
2023-07-02 18:10:57,856 - root - INFO - Train loss: 0.2110554575920105. Valid loss: 0.23630261421203613
2023-07-02 18:22:48,978 - root - INFO - validating...
2023-07-02 18:22:48,979 - root - INFO - validating...
2023-07-02 18:22:48,980 - root - INFO - validating...
2023-07-02 18:22:48,982 - root - INFO - validating...
2023-07-02 18:23:49,179 - root - INFO - Time taken for epoch 94 is 771.3228118419647 sec
2023-07-02 18:23:49,180 - root - INFO - train data time=42.87747550010681, train step time=128.46786427497864, valid step time=58.51130795478821
2023-07-02 18:23:49,181 - root - INFO - Train loss: 0.20802515745162964. Valid loss: 0.23680028319358826
2023-07-02 18:35:44,248 - root - INFO - validating...
2023-07-02 18:35:44,247 - root - INFO - validating...
2023-07-02 18:35:44,250 - root - INFO - validating...
2023-07-02 18:35:44,250 - root - INFO - validating...
2023-07-02 18:36:45,331 - root - INFO - Time taken for epoch 95 is 776.1498358249664 sec
2023-07-02 18:36:45,331 - root - INFO - train data time=41.58528256416321, train step time=133.79588437080383, valid step time=59.444432735443115
2023-07-02 18:36:45,332 - root - INFO - Train loss: 0.2126666158437729. Valid loss: 0.23715434968471527
2023-07-02 18:48:41,150 - root - INFO - validating...
2023-07-02 18:48:41,150 - root - INFO - validating...
2023-07-02 18:48:41,153 - root - INFO - validating...
2023-07-02 18:48:41,153 - root - INFO - validating...
2023-07-02 18:49:40,873 - root - INFO - Val loss improved from 0.23421241343021393 to 0.23407554626464844
2023-07-02 18:49:42,340 - root - INFO - Time taken for epoch 96 is 777.0084230899811 sec
2023-07-02 18:49:42,341 - root - INFO - train data time=43.41835594177246, train step time=136.80087804794312, valid step time=58.16810584068298
2023-07-02 18:49:42,342 - root - INFO - Train loss: 0.20050057768821716. Valid loss: 0.23407554626464844
2023-07-02 19:01:40,463 - root - INFO - validating...
2023-07-02 19:01:40,464 - root - INFO - validating...
2023-07-02 19:01:40,464 - root - INFO - validating...
2023-07-02 19:01:40,465 - root - INFO - validating...
2023-07-02 19:02:41,419 - root - INFO - Time taken for epoch 97 is 779.0775074958801 sec
2023-07-02 19:02:41,420 - root - INFO - train data time=34.94025731086731, train step time=139.3718364238739, valid step time=59.48603343963623
2023-07-02 19:02:41,420 - root - INFO - Train loss: 0.2084248960018158. Valid loss: 0.23731230199337006
2023-07-02 19:14:37,097 - root - INFO - validating...
2023-07-02 19:14:37,098 - root - INFO - validating...
2023-07-02 19:14:37,099 - root - INFO - validating...
2023-07-02 19:14:37,099 - root - INFO - validating...
2023-07-02 19:15:37,413 - root - INFO - Time taken for epoch 98 is 775.9924592971802 sec
2023-07-02 19:15:37,414 - root - INFO - train data time=37.77993440628052, train step time=138.31099486351013, valid step time=58.81831955909729
2023-07-02 19:15:37,414 - root - INFO - Train loss: 0.20487627387046814. Valid loss: 0.23550190031528473
2023-07-02 19:27:37,979 - root - INFO - validating...
2023-07-02 19:27:37,978 - root - INFO - validating...
2023-07-02 19:27:37,979 - root - INFO - validating...
2023-07-02 19:27:37,982 - root - INFO - validating...
2023-07-02 19:28:39,487 - root - INFO - Time taken for epoch 99 is 782.0726809501648 sec
2023-07-02 19:28:39,488 - root - INFO - train data time=44.82623362541199, train step time=142.34613633155823, valid step time=59.992271184921265
2023-07-02 19:28:39,488 - root - INFO - Train loss: 0.20545358955860138. Valid loss: 0.23411856591701508
2023-07-02 19:40:34,609 - root - INFO - validating...
2023-07-02 19:40:34,609 - root - INFO - validating...
2023-07-02 19:40:34,609 - root - INFO - validating...
2023-07-02 19:40:34,613 - root - INFO - validating...
2023-07-02 19:41:35,644 - root - INFO - Val loss improved from 0.23407554626464844 to 0.2336193025112152
2023-07-02 19:41:37,308 - root - INFO - Time taken for epoch 100 is 777.8195297718048 sec
2023-07-02 19:41:37,308 - root - INFO - train data time=42.73731708526611, train step time=136.77595496177673, valid step time=59.50632429122925
2023-07-02 19:41:37,309 - root - INFO - Train loss: 0.20321021974086761. Valid loss: 0.2336193025112152
2023-07-02 19:53:34,501 - root - INFO - validating...
2023-07-02 19:53:34,501 - root - INFO - validating...
2023-07-02 19:53:34,501 - root - INFO - validating...
2023-07-02 19:53:34,507 - root - INFO - validating...
2023-07-02 19:54:36,587 - root - INFO - Val loss improved from 0.2336193025112152 to 0.23237568140029907
2023-07-02 19:54:38,227 - root - INFO - Time taken for epoch 101 is 780.917937040329 sec
2023-07-02 19:54:38,228 - root - INFO - train data time=38.672175884246826, train step time=138.60864400863647, valid step time=60.536693811416626
2023-07-02 19:54:38,228 - root - INFO - Train loss: 0.2068239003419876. Valid loss: 0.23237568140029907
2023-07-02 20:06:34,352 - root - INFO - validating...
2023-07-02 20:06:34,352 - root - INFO - validating...
2023-07-02 20:06:34,352 - root - INFO - validating...
2023-07-02 20:06:34,355 - root - INFO - validating...
2023-07-02 20:07:35,567 - root - INFO - Time taken for epoch 102 is 777.3387019634247 sec
2023-07-02 20:07:35,567 - root - INFO - train data time=44.300697803497314, train step time=136.3064420223236, valid step time=59.73659110069275
2023-07-02 20:07:35,568 - root - INFO - Train loss: 0.20634552836418152. Valid loss: 0.23377318680286407
2023-07-02 20:19:29,973 - root - INFO - validating...
2023-07-02 20:19:29,973 - root - INFO - validating...
2023-07-02 20:19:29,973 - root - INFO - validating...
2023-07-02 20:19:29,976 - root - INFO - validating...
2023-07-02 20:20:30,515 - root - INFO - Time taken for epoch 103 is 774.9466335773468 sec
2023-07-02 20:20:30,516 - root - INFO - train data time=43.78532004356384, train step time=134.3754198551178, valid step time=58.379873514175415
2023-07-02 20:20:30,517 - root - INFO - Train loss: 0.2034589648246765. Valid loss: 0.23346686363220215
2023-07-02 20:32:24,267 - root - INFO - validating...
2023-07-02 20:32:24,269 - root - INFO - validating...
2023-07-02 20:32:24,269 - root - INFO - validating...
2023-07-02 20:32:24,272 - root - INFO - validating...
2023-07-02 20:33:25,971 - root - INFO - Time taken for epoch 104 is 775.4538064002991 sec
2023-07-02 20:33:25,971 - root - INFO - train data time=43.24726629257202, train step time=135.15142393112183, valid step time=60.02959680557251
2023-07-02 20:33:25,972 - root - INFO - Train loss: 0.20358522236347198. Valid loss: 0.23326288163661957
2023-07-02 20:45:22,171 - root - INFO - validating...
2023-07-02 20:45:22,171 - root - INFO - validating...
2023-07-02 20:45:22,173 - root - INFO - validating...
2023-07-02 20:45:22,174 - root - INFO - validating...
2023-07-02 20:46:23,027 - root - INFO - Time taken for epoch 105 is 777.0549221038818 sec
2023-07-02 20:46:23,027 - root - INFO - train data time=43.83235478401184, train step time=140.10694813728333, valid step time=59.248873472213745
2023-07-02 20:46:23,028 - root - INFO - Train loss: 0.2242256999015808. Valid loss: 0.2336699515581131
2023-07-02 20:58:25,615 - root - INFO - validating...
2023-07-02 20:58:25,616 - root - INFO - validating...
2023-07-02 20:58:25,616 - root - INFO - validating...
2023-07-02 20:58:25,618 - root - INFO - validating...
2023-07-02 20:59:27,527 - root - INFO - Time taken for epoch 106 is 784.4994585514069 sec
2023-07-02 20:59:27,528 - root - INFO - train data time=43.85525631904602, train step time=141.96569800376892, valid step time=60.199049949645996
2023-07-02 20:59:27,528 - root - INFO - Train loss: 0.206355020403862. Valid loss: 0.23375831544399261
2023-07-02 21:11:28,426 - root - INFO - validating...
2023-07-02 21:11:28,427 - root - INFO - validating...
2023-07-02 21:11:28,429 - root - INFO - validating...
2023-07-02 21:11:28,429 - root - INFO - validating...
2023-07-02 21:12:28,878 - root - INFO - Time taken for epoch 107 is 781.3495762348175 sec
2023-07-02 21:12:28,879 - root - INFO - train data time=43.42319679260254, train step time=144.5997166633606, valid step time=58.91128063201904
2023-07-02 21:12:28,879 - root - INFO - Train loss: 0.2017299383878708. Valid loss: 0.23333977162837982
2023-07-02 21:24:32,404 - root - INFO - validating...
2023-07-02 21:24:32,404 - root - INFO - validating...
2023-07-02 21:24:32,404 - root - INFO - validating...
2023-07-02 21:24:32,405 - root - INFO - validating...
2023-07-02 21:25:33,819 - root - INFO - Time taken for epoch 108 is 784.9393599033356 sec
2023-07-02 21:25:33,819 - root - INFO - train data time=46.64488697052002, train step time=140.2256486415863, valid step time=59.80567264556885
2023-07-02 21:25:33,820 - root - INFO - Train loss: 0.2003779411315918. Valid loss: 0.23309773206710815
2023-07-02 21:37:33,084 - root - INFO - validating...
2023-07-02 21:37:33,085 - root - INFO - validating...
2023-07-02 21:37:33,085 - root - INFO - validating...
2023-07-02 21:37:33,088 - root - INFO - validating...
2023-07-02 21:38:33,184 - root - INFO - Time taken for epoch 109 is 779.3643307685852 sec
2023-07-02 21:38:33,185 - root - INFO - train data time=46.21793031692505, train step time=135.81270933151245, valid step time=58.6414577960968
2023-07-02 21:38:33,185 - root - INFO - Train loss: 0.19998741149902344. Valid loss: 0.2336471527814865
2023-07-02 21:50:30,139 - root - INFO - validating...
2023-07-02 21:50:30,139 - root - INFO - validating...
2023-07-02 21:50:30,140 - root - INFO - validating...
2023-07-02 21:50:30,142 - root - INFO - validating...
2023-07-02 21:51:30,833 - root - INFO - Time taken for epoch 110 is 777.6479139328003 sec
2023-07-02 21:51:30,834 - root - INFO - train data time=47.42078971862793, train step time=124.388028383255, valid step time=59.21933460235596
2023-07-02 21:51:30,834 - root - INFO - Train loss: 0.20297051966190338. Valid loss: 0.23349976539611816
2023-07-02 22:03:27,309 - root - INFO - validating...
2023-07-02 22:03:27,310 - root - INFO - validating...
2023-07-02 22:03:27,310 - root - INFO - validating...
2023-07-02 22:03:27,312 - root - INFO - validating...
2023-07-02 22:04:28,307 - root - INFO - Time taken for epoch 111 is 777.4726922512054 sec
2023-07-02 22:04:28,308 - root - INFO - train data time=45.25768327713013, train step time=136.04707503318787, valid step time=59.41371726989746
2023-07-02 22:04:28,308 - root - INFO - Train loss: 0.2060984969139099. Valid loss: 0.23310241103172302
2023-07-02 22:16:29,734 - root - INFO - validating...
2023-07-02 22:16:29,734 - root - INFO - validating...
2023-07-02 22:16:29,734 - root - INFO - validating...
2023-07-02 22:16:29,734 - root - INFO - validating...
2023-07-02 22:17:30,214 - root - INFO - Time taken for epoch 112 is 781.9053995609283 sec
2023-07-02 22:17:30,214 - root - INFO - train data time=40.77365016937256, train step time=140.0035276412964, valid step time=59.04098582267761
2023-07-02 22:17:30,217 - root - INFO - Train loss: 0.20258289575576782. Valid loss: 0.2341877818107605
2023-07-02 22:29:24,958 - root - INFO - validating...
2023-07-02 22:29:24,958 - root - INFO - validating...
2023-07-02 22:29:24,960 - root - INFO - validating...
2023-07-02 22:29:24,963 - root - INFO - validating...
2023-07-02 22:30:25,907 - root - INFO - Time taken for epoch 113 is 775.6899025440216 sec
2023-07-02 22:30:25,908 - root - INFO - train data time=34.64192318916321, train step time=141.84632802009583, valid step time=59.345367193222046
2023-07-02 22:30:25,908 - root - INFO - Train loss: 0.19932618737220764. Valid loss: 0.23313719034194946
2023-07-02 22:42:25,076 - root - INFO - validating...
2023-07-02 22:42:25,076 - root - INFO - validating...
2023-07-02 22:42:25,076 - root - INFO - validating...
2023-07-02 22:42:25,079 - root - INFO - validating...
2023-07-02 22:43:25,767 - root - INFO - Time taken for epoch 114 is 779.8589742183685 sec
2023-07-02 22:43:25,768 - root - INFO - train data time=45.05784845352173, train step time=137.039856672287, valid step time=59.02122688293457
2023-07-02 22:43:25,768 - root - INFO - Train loss: 0.20152752101421356. Valid loss: 0.2328626960515976
2023-07-02 22:55:22,839 - root - INFO - validating...
2023-07-02 22:55:22,840 - root - INFO - validating...
2023-07-02 22:55:22,839 - root - INFO - validating...
2023-07-02 22:55:22,843 - root - INFO - validating...
2023-07-02 22:56:23,986 - root - INFO - Time taken for epoch 115 is 778.2177901268005 sec
2023-07-02 22:56:23,987 - root - INFO - train data time=43.41728615760803, train step time=136.29627394676208, valid step time=59.67799139022827
2023-07-02 22:56:23,987 - root - INFO - Train loss: 0.1998775601387024. Valid loss: 0.2338951677083969
2023-07-02 23:08:21,542 - root - INFO - validating...
2023-07-02 23:08:21,541 - root - INFO - validating...
2023-07-02 23:08:21,543 - root - INFO - validating...
2023-07-02 23:08:21,545 - root - INFO - validating...
2023-07-02 23:09:22,983 - root - INFO - Time taken for epoch 116 is 778.9955971240997 sec
2023-07-02 23:09:22,984 - root - INFO - train data time=43.7955846786499, train step time=137.00255799293518, valid step time=59.90590190887451
2023-07-02 23:09:22,984 - root - INFO - Train loss: 0.19775022566318512. Valid loss: 0.23261715471744537
2023-07-02 23:21:19,353 - root - INFO - validating...
2023-07-02 23:21:19,354 - root - INFO - validating...
2023-07-02 23:21:19,353 - root - INFO - validating...
2023-07-02 23:21:19,356 - root - INFO - validating...
2023-07-02 23:22:20,181 - root - INFO - Time taken for epoch 117 is 777.196848154068 sec
2023-07-02 23:22:20,182 - root - INFO - train data time=44.25489544868469, train step time=134.55994772911072, valid step time=59.38026309013367
2023-07-02 23:22:20,182 - root - INFO - Train loss: 0.21803458034992218. Valid loss: 0.24147413671016693
2023-07-02 23:34:17,769 - root - INFO - validating...
2023-07-02 23:34:17,770 - root - INFO - validating...
2023-07-02 23:34:17,769 - root - INFO - validating...
2023-07-02 23:34:17,773 - root - INFO - validating...
2023-07-02 23:35:19,053 - root - INFO - Time taken for epoch 118 is 778.870218038559 sec
2023-07-02 23:35:19,053 - root - INFO - train data time=45.125800371170044, train step time=133.30809926986694, valid step time=59.644155979156494
2023-07-02 23:35:19,054 - root - INFO - Train loss: 0.20004847645759583. Valid loss: 0.2342826873064041
2023-07-02 23:47:16,371 - root - INFO - validating...
2023-07-02 23:47:16,371 - root - INFO - validating...
2023-07-02 23:47:16,371 - root - INFO - validating...
2023-07-02 23:47:16,373 - root - INFO - validating...
2023-07-02 23:48:17,279 - root - INFO - Time taken for epoch 119 is 778.2247641086578 sec
2023-07-02 23:48:17,280 - root - INFO - train data time=42.51323413848877, train step time=134.1533284187317, valid step time=59.40673756599426
2023-07-02 23:48:17,280 - root - INFO - Train loss: 0.1999761015176773. Valid loss: 0.2336525022983551
2023-07-03 00:00:12,076 - root - INFO - validating...
2023-07-03 00:00:12,076 - root - INFO - validating...
2023-07-03 00:00:12,078 - root - INFO - validating...
2023-07-03 00:00:12,080 - root - INFO - validating...
2023-07-03 00:01:12,927 - root - INFO - Val loss improved from 0.23237568140029907 to 0.2323676198720932
2023-07-03 00:01:14,548 - root - INFO - Time taken for epoch 120 is 777.2675664424896 sec
2023-07-03 00:01:14,548 - root - INFO - train data time=37.86372447013855, train step time=138.06171989440918, valid step time=59.24121427536011
2023-07-03 00:01:14,549 - root - INFO - Train loss: 0.19950836896896362. Valid loss: 0.2323676198720932
2023-07-03 00:13:08,750 - root - INFO - validating...
2023-07-03 00:13:08,750 - root - INFO - validating...
2023-07-03 00:13:08,752 - root - INFO - validating...
2023-07-03 00:13:08,753 - root - INFO - validating...
2023-07-03 00:14:09,718 - root - INFO - Time taken for epoch 121 is 775.1689293384552 sec
2023-07-03 00:14:09,718 - root - INFO - train data time=46.68346381187439, train step time=129.57595038414001, valid step time=59.4718062877655
2023-07-03 00:14:09,719 - root - INFO - Train loss: 0.1984080672264099. Valid loss: 0.23301181197166443
2023-07-03 00:26:06,346 - root - INFO - validating...
2023-07-03 00:26:06,347 - root - INFO - validating...
2023-07-03 00:26:06,348 - root - INFO - validating...
2023-07-03 00:26:06,349 - root - INFO - validating...
2023-07-03 00:27:07,616 - root - INFO - Time taken for epoch 122 is 777.8965766429901 sec
2023-07-03 00:27:07,616 - root - INFO - train data time=43.56380796432495, train step time=137.21953439712524, valid step time=59.684393644332886
2023-07-03 00:27:07,617 - root - INFO - Train loss: 0.19681566953659058. Valid loss: 0.2328680157661438
2023-07-03 00:39:00,791 - root - INFO - validating...
2023-07-03 00:39:00,791 - root - INFO - validating...
2023-07-03 00:39:00,792 - root - INFO - validating...
2023-07-03 00:39:00,792 - root - INFO - validating...
2023-07-03 00:40:01,997 - root - INFO - Time taken for epoch 123 is 774.3806304931641 sec
2023-07-03 00:40:01,998 - root - INFO - train data time=42.56484389305115, train step time=135.9858112335205, valid step time=59.72440218925476
2023-07-03 00:40:01,998 - root - INFO - Train loss: 0.19834819436073303. Valid loss: 0.2328222244977951
2023-07-03 00:51:56,558 - root - INFO - validating...
2023-07-03 00:51:56,558 - root - INFO - validating...
2023-07-03 00:51:56,558 - root - INFO - validating...
2023-07-03 00:51:56,561 - root - INFO - validating...
2023-07-03 00:52:56,863 - root - INFO - Time taken for epoch 124 is 774.8642520904541 sec
2023-07-03 00:52:56,864 - root - INFO - train data time=43.16731262207031, train step time=138.46439671516418, valid step time=58.823402881622314
2023-07-03 00:52:56,864 - root - INFO - Train loss: 0.19875194132328033. Valid loss: 0.23299379646778107
2023-07-03 01:04:55,181 - root - INFO - validating...
2023-07-03 01:04:55,181 - root - INFO - validating...
2023-07-03 01:04:55,183 - root - INFO - validating...
2023-07-03 01:04:55,184 - root - INFO - validating...
2023-07-03 01:05:56,169 - root - INFO - Time taken for epoch 125 is 779.3047914505005 sec
2023-07-03 01:05:56,170 - root - INFO - train data time=43.707517862319946, train step time=134.07474541664124, valid step time=59.392040729522705
2023-07-03 01:05:56,170 - root - INFO - Train loss: 0.19765673577785492. Valid loss: 0.23296093940734863
2023-07-03 01:17:54,038 - root - INFO - validating...
2023-07-03 01:17:54,039 - root - INFO - validating...
2023-07-03 01:17:54,039 - root - INFO - validating...
2023-07-03 01:17:54,044 - root - INFO - validating...
2023-07-03 01:18:55,735 - root - INFO - Time taken for epoch 126 is 779.5644764900208 sec
2023-07-03 01:18:55,736 - root - INFO - train data time=44.742053747177124, train step time=141.76188707351685, valid step time=60.05241894721985
2023-07-03 01:18:55,736 - root - INFO - Train loss: 0.2000734955072403. Valid loss: 0.23273177444934845
2023-07-03 01:30:51,885 - root - INFO - validating...
2023-07-03 01:30:51,885 - root - INFO - validating...
2023-07-03 01:30:51,885 - root - INFO - validating...
2023-07-03 01:30:51,888 - root - INFO - validating...
2023-07-03 01:31:53,088 - root - INFO - Time taken for epoch 127 is 777.3517713546753 sec
2023-07-03 01:31:53,089 - root - INFO - train data time=43.840574741363525, train step time=139.42410850524902, valid step time=59.63168549537659
2023-07-03 01:31:53,089 - root - INFO - Train loss: 0.19400446116924286. Valid loss: 0.2324325442314148
2023-07-03 01:43:52,673 - root - INFO - validating...
2023-07-03 01:43:52,673 - root - INFO - validating...
2023-07-03 01:43:52,673 - root - INFO - validating...
2023-07-03 01:43:52,673 - root - INFO - validating...
2023-07-03 01:44:53,934 - root - INFO - Val loss improved from 0.2323676198720932 to 0.23042148351669312
2023-07-03 01:44:55,565 - root - INFO - Time taken for epoch 128 is 782.4759781360626 sec
2023-07-03 01:44:55,566 - root - INFO - train data time=39.35404396057129, train step time=140.10041761398315, valid step time=59.239418029785156
2023-07-03 01:44:55,566 - root - INFO - Train loss: 0.19540175795555115. Valid loss: 0.23042148351669312
2023-07-03 01:56:54,308 - root - INFO - validating...
2023-07-03 01:56:54,308 - root - INFO - validating...
2023-07-03 01:56:54,309 - root - INFO - validating...
2023-07-03 01:56:54,311 - root - INFO - validating...
2023-07-03 01:57:55,025 - root - INFO - Time taken for epoch 129 is 779.458662033081 sec
2023-07-03 01:57:55,026 - root - INFO - train data time=33.81704115867615, train step time=148.5181384086609, valid step time=59.44034790992737
2023-07-03 01:57:55,026 - root - INFO - Train loss: 0.19581608474254608. Valid loss: 0.23253299295902252
2023-07-03 02:09:52,281 - root - INFO - validating...
2023-07-03 02:09:52,282 - root - INFO - validating...
2023-07-03 02:09:52,282 - root - INFO - validating...
2023-07-03 02:09:52,284 - root - INFO - validating...
2023-07-03 02:10:52,604 - root - INFO - Time taken for epoch 130 is 777.5774478912354 sec
2023-07-03 02:10:52,605 - root - INFO - train data time=37.835670471191406, train step time=139.3202383518219, valid step time=58.712411880493164
2023-07-03 02:10:52,605 - root - INFO - Train loss: 0.19564427435398102. Valid loss: 0.23276866972446442
2023-07-03 02:22:51,037 - root - INFO - validating...
2023-07-03 02:22:51,037 - root - INFO - validating...
2023-07-03 02:22:51,040 - root - INFO - validating...
2023-07-03 02:22:51,040 - root - INFO - validating...
2023-07-03 02:23:52,397 - root - INFO - Time taken for epoch 131 is 779.7916536331177 sec
2023-07-03 02:23:52,398 - root - INFO - train data time=42.2438600063324, train step time=140.57477140426636, valid step time=59.651299476623535
2023-07-03 02:23:52,398 - root - INFO - Train loss: 0.1986815631389618. Valid loss: 0.23277248442173004
2023-07-03 02:35:49,187 - root - INFO - validating...
2023-07-03 02:35:49,187 - root - INFO - validating...
2023-07-03 02:35:49,188 - root - INFO - validating...
2023-07-03 02:35:49,189 - root - INFO - validating...
2023-07-03 02:36:50,566 - root - INFO - Time taken for epoch 132 is 778.1675114631653 sec
2023-07-03 02:36:50,567 - root - INFO - train data time=43.92888593673706, train step time=138.68457436561584, valid step time=59.65643119812012
2023-07-03 02:36:50,567 - root - INFO - Train loss: 0.1967349648475647. Valid loss: 0.23261843621730804
2023-07-03 02:48:51,193 - root - INFO - validating...
2023-07-03 02:48:51,193 - root - INFO - validating...
2023-07-03 02:48:51,193 - root - INFO - validating...
2023-07-03 02:48:51,196 - root - INFO - validating...
2023-07-03 02:49:52,757 - root - INFO - Time taken for epoch 133 is 782.1896805763245 sec
2023-07-03 02:49:52,758 - root - INFO - train data time=46.51432824134827, train step time=134.44489097595215, valid step time=59.962364196777344
2023-07-03 02:49:52,758 - root - INFO - Train loss: 0.1983017474412918. Valid loss: 0.23230352997779846
2023-07-03 03:01:48,893 - root - INFO - validating...
2023-07-03 03:01:48,893 - root - INFO - validating...
2023-07-03 03:01:48,893 - root - INFO - validating...
2023-07-03 03:01:48,897 - root - INFO - validating...
2023-07-03 03:02:48,846 - root - INFO - Time taken for epoch 134 is 776.087354183197 sec
2023-07-03 03:02:48,846 - root - INFO - train data time=42.23374938964844, train step time=134.89485216140747, valid step time=58.48418617248535
2023-07-03 03:02:48,847 - root - INFO - Train loss: 0.19555799663066864. Valid loss: 0.23285607993602753
2023-07-03 03:14:47,229 - root - INFO - validating...
2023-07-03 03:14:47,231 - root - INFO - validating...
2023-07-03 03:14:47,231 - root - INFO - validating...
2023-07-03 03:14:47,232 - root - INFO - validating...
2023-07-03 03:15:48,142 - root - INFO - Time taken for epoch 135 is 779.2948849201202 sec
2023-07-03 03:15:48,143 - root - INFO - train data time=44.119767904281616, train step time=137.0075192451477, valid step time=59.3659610748291
2023-07-03 03:15:48,143 - root - INFO - Train loss: 0.19428390264511108. Valid loss: 0.2327778935432434
2023-07-03 03:27:44,212 - root - INFO - validating...
2023-07-03 03:27:44,213 - root - INFO - validating...
2023-07-03 03:27:44,212 - root - INFO - validating...
2023-07-03 03:27:44,215 - root - INFO - validating...
2023-07-03 03:28:44,659 - root - INFO - Time taken for epoch 136 is 776.5153260231018 sec
2023-07-03 03:28:44,660 - root - INFO - train data time=44.931811809539795, train step time=136.11315989494324, valid step time=58.600597620010376
2023-07-03 03:28:44,660 - root - INFO - Train loss: 0.1947985738515854. Valid loss: 0.23268580436706543
2023-07-03 03:40:39,595 - root - INFO - validating...
2023-07-03 03:40:39,595 - root - INFO - validating...
2023-07-03 03:40:39,596 - root - INFO - validating...
2023-07-03 03:40:39,598 - root - INFO - validating...
2023-07-03 03:41:40,076 - root - INFO - Time taken for epoch 137 is 775.415789604187 sec
2023-07-03 03:41:40,077 - root - INFO - train data time=43.5854058265686, train step time=136.37506818771362, valid step time=58.771130084991455
2023-07-03 03:41:40,077 - root - INFO - Train loss: 0.19563701748847961. Valid loss: 0.2325969636440277
2023-07-03 03:53:39,245 - root - INFO - validating...
2023-07-03 03:53:39,245 - root - INFO - validating...
2023-07-03 03:53:39,246 - root - INFO - validating...
2023-07-03 03:53:39,251 - root - INFO - validating...
2023-07-03 03:54:39,841 - root - INFO - Time taken for epoch 138 is 779.7638704776764 sec
2023-07-03 03:54:39,842 - root - INFO - train data time=44.0704927444458, train step time=139.94117522239685, valid step time=59.070117712020874
2023-07-03 03:54:39,842 - root - INFO - Train loss: 0.19720017910003662. Valid loss: 0.23277844488620758
2023-07-03 04:06:41,129 - root - INFO - validating...
2023-07-03 04:06:41,130 - root - INFO - validating...
2023-07-03 04:06:41,131 - root - INFO - validating...
2023-07-03 04:06:41,132 - root - INFO - validating...
2023-07-03 04:07:43,182 - root - INFO - Time taken for epoch 139 is 783.3397691249847 sec
2023-07-03 04:07:43,183 - root - INFO - train data time=43.18708801269531, train step time=136.73720717430115, valid step time=59.667428731918335
2023-07-03 04:07:43,184 - root - INFO - Train loss: 0.1970662921667099. Valid loss: 0.2321939617395401
2023-07-03 04:19:39,139 - root - INFO - validating...
2023-07-03 04:19:39,139 - root - INFO - validating...
2023-07-03 04:19:39,139 - root - INFO - validating...
2023-07-03 04:19:39,139 - root - INFO - validating...
2023-07-03 04:20:40,472 - root - INFO - Time taken for epoch 140 is 777.2882306575775 sec
2023-07-03 04:20:40,473 - root - INFO - train data time=39.973543882369995, train step time=138.37687182426453, valid step time=59.862592458724976
2023-07-03 04:20:40,473 - root - INFO - Train loss: 0.1974465548992157. Valid loss: 0.23264417052268982
2023-07-03 04:32:34,533 - root - INFO - validating...
2023-07-03 04:32:34,533 - root - INFO - validating...
2023-07-03 04:32:34,533 - root - INFO - validating...
2023-07-03 04:32:34,535 - root - INFO - validating...
2023-07-03 04:33:34,501 - root - INFO - Time taken for epoch 141 is 774.0280945301056 sec
2023-07-03 04:33:34,502 - root - INFO - train data time=33.340046882629395, train step time=145.76051902770996, valid step time=58.2806031703949
2023-07-03 04:33:34,503 - root - INFO - Train loss: 0.19611705839633942. Valid loss: 0.23241858184337616
2023-07-03 04:45:30,352 - root - INFO - validating...
2023-07-03 04:45:30,353 - root - INFO - validating...
2023-07-03 04:45:30,353 - root - INFO - validating...
2023-07-03 04:45:30,358 - root - INFO - validating...
2023-07-03 04:46:31,005 - root - INFO - Time taken for epoch 142 is 776.5022783279419 sec
2023-07-03 04:46:31,006 - root - INFO - train data time=35.91662526130676, train step time=140.1901569366455, valid step time=59.24606537818909
2023-07-03 04:46:31,006 - root - INFO - Train loss: 0.19417239725589752. Valid loss: 0.2327284812927246
2023-07-03 04:58:28,873 - root - INFO - validating...
2023-07-03 04:58:28,873 - root - INFO - validating...
2023-07-03 04:58:28,873 - root - INFO - validating...
2023-07-03 04:58:28,873 - root - INFO - validating...
2023-07-03 04:59:28,928 - root - INFO - Time taken for epoch 143 is 777.9222929477692 sec
2023-07-03 04:59:28,929 - root - INFO - train data time=32.30766439437866, train step time=149.0024118423462, valid step time=58.54545712471008
2023-07-03 04:59:28,929 - root - INFO - Train loss: 0.19845257699489594. Valid loss: 0.23291300237178802
2023-07-03 05:11:30,403 - root - INFO - validating...
2023-07-03 05:11:30,404 - root - INFO - validating...
2023-07-03 05:11:30,404 - root - INFO - validating...
2023-07-03 05:11:30,406 - root - INFO - validating...
2023-07-03 05:12:31,846 - root - INFO - Time taken for epoch 144 is 782.9161760807037 sec
2023-07-03 05:12:31,846 - root - INFO - train data time=40.32598686218262, train step time=136.94465899467468, valid step time=59.9971022605896
2023-07-03 05:12:31,846 - root - INFO - Train loss: 0.19592131674289703. Valid loss: 0.23286671936511993
2023-07-03 05:24:29,223 - root - INFO - validating...
2023-07-03 05:24:29,224 - root - INFO - validating...
2023-07-03 05:24:29,226 - root - INFO - validating...
2023-07-03 05:24:29,226 - root - INFO - validating...
2023-07-03 05:25:31,005 - root - INFO - Time taken for epoch 145 is 779.1582605838776 sec
2023-07-03 05:25:31,006 - root - INFO - train data time=32.542840003967285, train step time=147.47782826423645, valid step time=60.235666275024414
2023-07-03 05:25:31,006 - root - INFO - Train loss: 0.20013073086738586. Valid loss: 0.23281361162662506
2023-07-03 05:37:28,654 - root - INFO - validating...
2023-07-03 05:37:28,654 - root - INFO - validating...
2023-07-03 05:37:28,654 - root - INFO - validating...
2023-07-03 05:37:28,657 - root - INFO - validating...
2023-07-03 05:38:31,457 - root - INFO - Time taken for epoch 146 is 780.4510998725891 sec
2023-07-03 05:38:31,458 - root - INFO - train data time=35.177433490753174, train step time=141.38932728767395, valid step time=61.353880405426025
2023-07-03 05:38:31,458 - root - INFO - Train loss: 0.1970069706439972. Valid loss: 0.23281173408031464
2023-07-03 05:50:28,594 - root - INFO - validating...
2023-07-03 05:50:28,595 - root - INFO - validating...
2023-07-03 05:50:28,594 - root - INFO - validating...
2023-07-03 05:50:28,596 - root - INFO - validating...
2023-07-03 05:51:29,860 - root - INFO - Time taken for epoch 147 is 778.4011418819427 sec
2023-07-03 05:51:29,861 - root - INFO - train data time=42.70146465301514, train step time=134.1560764312744, valid step time=59.88111424446106
2023-07-03 05:51:29,861 - root - INFO - Train loss: 0.2003871500492096. Valid loss: 0.23248644173145294
2023-07-03 06:03:25,683 - root - INFO - validating...
2023-07-03 06:03:25,683 - root - INFO - validating...
2023-07-03 06:03:25,684 - root - INFO - validating...
2023-07-03 06:03:25,686 - root - INFO - validating...
2023-07-03 06:04:25,983 - root - INFO - Time taken for epoch 148 is 776.1216056346893 sec
2023-07-03 06:04:25,983 - root - INFO - train data time=33.46603798866272, train step time=141.0634002685547, valid step time=58.96519732475281
2023-07-03 06:04:25,983 - root - INFO - Train loss: 0.19483263790607452. Valid loss: 0.23264946043491364
2023-07-03 06:16:23,717 - root - INFO - validating...
2023-07-03 06:16:23,717 - root - INFO - validating...
2023-07-03 06:16:23,717 - root - INFO - validating...
2023-07-03 06:16:23,718 - root - INFO - validating...
2023-07-03 06:17:24,635 - root - INFO - Time taken for epoch 149 is 778.6518454551697 sec
2023-07-03 06:17:24,636 - root - INFO - train data time=36.00985288619995, train step time=138.35048389434814, valid step time=59.516215801239014
2023-07-03 06:17:24,636 - root - INFO - Train loss: 0.20070630311965942. Valid loss: 0.23273760080337524
2023-07-03 06:29:20,817 - root - INFO - validating...
2023-07-03 06:29:20,817 - root - INFO - validating...
2023-07-03 06:29:20,817 - root - INFO - validating...
2023-07-03 06:29:20,818 - root - INFO - validating...
2023-07-03 06:30:20,241 - root - INFO - Terminating training after reaching params.max_epochs while LR scheduler is set to CosineAnnealingLR
2023-07-03 06:30:20,241 - root - INFO - Terminating training after reaching params.max_epochs while LR scheduler is set to CosineAnnealingLR
2023-07-03 06:30:20,241 - root - INFO - Terminating training after reaching params.max_epochs while LR scheduler is set to CosineAnnealingLR
2023-07-03 06:30:20,241 - root - INFO - Terminating training after reaching params.max_epochs while LR scheduler is set to CosineAnnealingLR
wandb: Waiting for W&B process to finish... (success).
paraai-n32-h-01-agent-101:2372651:2374483 [3] NCCL INFO [Service thread] Connection closed by localRank 3
paraai-n32-h-01-agent-101:2372651:2372651 [3] NCCL INFO comm 0x1e1c82c0 rank 3 nranks 16 cudaDev 3 busId 82000 - Abort COMPLETE
paraai-n32-h-01-agent-101:2372649:2374485 [1] NCCL INFO [Service thread] Connection closed by localRank 1
paraai-n32-h-01-agent-101:2372649:2372649 [1] NCCL INFO comm 0x18c3e480 rank 1 nranks 16 cudaDev 1 busId 2000 - Abort COMPLETE
paraai-n32-h-01-agent-101:2372650:2374484 [2] NCCL INFO [Service thread] Connection closed by localRank 2
paraai-n32-h-01-agent-101:2372650:2372650 [2] NCCL INFO comm 0x101d0880 rank 2 nranks 16 cudaDev 2 busId 81000 - Abort COMPLETE
wandb: 
wandb: Run history:
wandb:         lr ███████▇▇▇▇▇▆▆▆▆▆▅▅▅▄▄▄▄▃▃▃▃▂▂▂▂▂▂▁▁▁▁▁▁
wandb: train_loss █▆▅▄▃▃▃▅▃▃▃▃▃▂▂▂▂▂▂▂▂▂▁▂▂▁▁▁▁▁▁▁▁▁▁▁▁▁▁▁
wandb:   valid_l1 █▆▄▃▃▂▂▅▂▂▂▂▂▂▂▂▂▁▁▁▁▁▁▁▁▁▁▁▁▁▁▁▁▁▁▁▁▁▁▁
wandb: valid_loss █▆▄▃▂▂▂▅▂▂▂▂▂▂▁▁▁▁▁▁▁▁▁▁▁▁▁▁▁▁▁▁▁▁▁▁▁▁▁▁
wandb: 
wandb: Run summary:
wandb:         lr 0.0
wandb: train_loss 0.19668
wandb:   valid_l1 0.09355
wandb: valid_loss 0.23241
wandb: 
wandb: You can sync this run to the cloud by running:
wandb: wandb sync /home/bingxing2/home/scx6115/Ocean_AI_model/wandb/offline-run-20230701_220253-wt4yiesa
wandb: Find logs at: ./wandb/offline-run-20230701_220253-wt4yiesa/logs
paraai-n32-h-01-agent-101:2372648:2374482 [0] NCCL INFO [Service thread] Connection closed by localRank 0
paraai-n32-h-01-agent-101:2372648:2372648 [0] NCCL INFO comm 0x85d6d5a0 rank 0 nranks 16 cudaDev 0 busId 1000 - Abort COMPLETE
