master_addr is only used for static rdzv_backend and when rdzv_endpoint is not specified.
paraai-n32-h-01-agent-106
0
------------------ Configuration ------------------  /home/bingxing2/home/scx6115/Ocean_AI_model/config/Model_2.yaml
paraai-n32-h-01-agent-106
0
------------------ Configuration ------------------  /home/bingxing2/home/scx6115/Ocean_AI_model/config/Model_2.yaml
paraai-n32-h-01-agent-106
paraai-n32-h-01-agent-106
00

------------------ Configuration ------------------ ------------------ Configuration ------------------  /home/bingxing2/home/scx6115/Ocean_AI_model/config/Model_2.yaml 
/home/bingxing2/home/scx6115/Ocean_AI_model/config/Model_2.yaml
nettype Masked_AE_Ocean
log_to_wandb True
lr 0.001
batch_size 32
max_epochs 150
scheduler CosineAnnealingLR
fusion_3d_2d False
in_channels [0, 1, 2, 3, 4, 5, 6, 7, 8, 9, 10, 11, 12, 13, 14, 15, 16, 17, 18, 19, 20, 21, 22, 23, 24, 25, 26, 27, 28, 29, 30, 31, 32, 33, 34, 35, 36, 37, 38, 39, 40, 41, 42, 43, 44, 45, 46, 47, 48, 49, 50, 51, 52, 53, 54, 55, 56, 57, 58, 59, 60, 61, 62, 63, 64, 65]
out_channels nettype Masked_AE_Ocean
[0, 1, 2, 3, 4, 5, 6, 7, 8, 9, 10, 11, 12, 13, 14, 15, 16, 17, 18, 19, 20, 21, 22, 23, 24, 25, 26, 27, 28, 29, 30, 31, 32, 33, 34, 35, 36, 37, 38, 39, 40, 41, 42, 43, 44, 45, 46, 47, 48, 49, 50, 51, 52, 53, 54, 55, 56, 57, 58, 59, 60]
N_in_channels log_to_wandb66 
True
N_out_channels 61lr
 img_size_h 720
0.001img_size_w
 1440
batch_size patch_size_h32 
8
max_epochspatch_size_w  1508

schedulermlp_ratio  CosineAnnealingLR4.0

fusion_3d_2dembed_dim  False512

in_channels depth 16
num_heads 16
decoder_embed_dim 1024
[0, 1, 2, 3, 4, 5, 6, 7, 8, 9, 10, 11, 12, 13, 14, 15, 16, 17, 18, 19, 20, 21, 22, 23, 24, 25, 26, 27, 28, 29, 30, 31, 32, 33, 34, 35, 36, 37, 38, 39, 40, 41, 42, 43, 44, 45, 46, 47, 48, 49, 50, 51, 52, 53, 54, 55, 56, 57, 58, 59, 60, 61, 62, 63, 64, 65]decoder_depth
 8
out_channelsdecoder_num_heads  16
koopman_depth 2
modes_h_ratio[0, 1, 2, 3, 4, 5, 6, 7, 8, 9, 10, 11, 12, 13, 14, 15, 16, 17, 18, 19, 20, 21, 22, 23, 24, 25, 26, 27, 28, 29, 30, 31, 32, 33, 34, 35, 36, 37, 38, 39, 40, 41, 42, 43, 44, 45, 46, 47, 48, 49, 50, 51, 52, 53, 54, 55, 56, 57, 58, 59, 60] 
1
N_in_channelsmodes_w_ratio  660.8

N_out_channelsdrop_rate  610.0

img_size_hdrop_path_rate  7200.0

img_size_wsparsity_threshold  14400.01

patch_size_hhard_thresholding_fraction  81.0

patch_size_wnum_blocks  88

lossmlp_ratio  l2
4.0
num_data_workers 0embed_dim
 512dt
 1depth
 16n_history
 0
num_headsprediction_type  16iterative

prediction_lengthdecoder_embed_dim  411024

n_initial_conditions decoder_depth5 
8
ics_type decoder_num_headsdefault 
16date_strings
 koopman_depth['2018-09-14 00:00:00'] 
2
save_raw_forecasts True
modes_h_ratio 1save_channel
 False
modes_w_ratiomasked_acc  False0.8

maskpath drop_rateNone 
0.0perturb
 False
drop_path_rateadd_grid  0.0False

sparsity_thresholdN_grid_channels  0.010

gridtypehard_thresholding_fraction  sinusoidal1.0

rollnum_blocks  False8

enable_nhwcloss  Falsel2

optimizer_typenum_data_workers  FusedAdam0

exp_dirdt  ./exp_15_levels1

patch_sizen_history  80

widthprediction_type  56iterative

modes prediction_length32 
41
target defaultn_initial_conditions
 5train_data_path
 /home/bingxing2/home/scx6115/Ocean_AI_model/sample_01/train
ics_typevalid_data_path  default/home/bingxing2/home/scx6115/Ocean_AI_model/sample_01/valid

date_stringstest_data_path  /home/bingxing2/home/scx6115/Ocean_AI_model/sample_01/test['2018-09-14 00:00:00']

land_masksave_raw_forecasts  TrueTrue

land_mask_path save_channel/home/bingxing2/home/scx6115/Ocean_AI_model/sample_01/land_mask.h5 
Falsenormalize
 Truemasked_acc
 normalizationFalse 
zscore
maskpathglobal_mins_path  None/home/bingxing2/home/scx6115/Ocean_AI_model/sample_01/train/global_mins.npy

global_maxs_pathperturb  /home/bingxing2/home/scx6115/Ocean_AI_model/sample_01/train/global_maxs.npyFalse

global_means_pathadd_grid  /home/bingxing2/home/scx6115/Ocean_AI_model/sample_01/train/global_means.npyFalse

global_stds_path N_grid_channels/home/bingxing2/home/scx6115/Ocean_AI_model/sample_01/train/global_stds.npy 
0orography
 Truegridtype
 sinusoidalorography_norm_zscore_path
 /home/bingxing2/home/scx6115/Ocean_AI_model/sample_01/orography_norm_zscore.h5
rollorography_norm_maxmin_path  False/home/bingxing2/home/scx6115/Ocean_AI_model/sample_01/orography_norm_maxmin.h5

add_noiseenable_nhwc  FalseFalse

noise_stdoptimizer_type  0FusedAdam

crop_size_xexp_dir  None./exp_15_levels

crop_size_ypatch_size  None8

log_to_screenwidth  True56

save_checkpointmodes  True32

plot_animationstarget  Falsedefault

train_data_path /home/bingxing2/home/scx6115/Ocean_AI_model/sample_01/train
valid_data_path /home/bingxing2/home/scx6115/Ocean_AI_model/sample_01/valid
test_data_path /home/bingxing2/home/scx6115/Ocean_AI_model/sample_01/test
land_mask True
land_mask_path /home/bingxing2/home/scx6115/Ocean_AI_model/sample_01/land_mask.h5
normalize True
normalization zscore
global_mins_path /home/bingxing2/home/scx6115/Ocean_AI_model/sample_01/train/global_mins.npy
global_maxs_path /home/bingxing2/home/scx6115/Ocean_AI_model/sample_01/train/global_maxs.npy
global_means_path /home/bingxing2/home/scx6115/Ocean_AI_model/sample_01/train/global_means.npy
global_stds_path /home/bingxing2/home/scx6115/Ocean_AI_model/sample_01/train/global_stds.npy
orography ---------------------------------------------------True

orography_norm_zscore_path /home/bingxing2/home/scx6115/Ocean_AI_model/sample_01/orography_norm_zscore.h5
orography_norm_maxmin_path /home/bingxing2/home/scx6115/Ocean_AI_model/sample_01/orography_norm_maxmin.h5
add_noise False
noise_std 0
world_size : crop_size_x16 
NoneInitialize distributed process group...

crop_size_y None
log_to_screen True
save_checkpoint True
plot_animations False
---------------------------------------------------
world_size : 16
Initialize distributed process group...
2023-07-08 11:19:34,327 - torch.distributed.distributed_c10d - INFO - Added key: store_based_barrier_key:1 to store for rank: 3
nettype Masked_AE_Ocean
log_to_wandb True
lr 0.001
batch_size 32
max_epochs 150
scheduler CosineAnnealingLR
fusion_3d_2d False
in_channels [0, 1, 2, 3, 4, 5, 6, 7, 8, 9, 10, 11, 12, 13, 14, 15, 16, 17, 18, 19, 20, 21, 22, 23, 24, 25, 26, 27, 28, 29, 30, 31, 32, 33, 34, 35, 36, 37, 38, 39, 40, 41, 42, 43, 44, 45, 46, 47, 48, 49, 50, 51, 52, 53, 54, 55, 56, 57, 58, 59, 60, 61, 62, 63, 64, 65]
out_channels [0, 1, 2, 3, 4, 5, 6, 7, 8, 9, 10, 11, 12, 13, 14, 15, 16, 17, 18, 19, 20, 21, 22, 23, 24, 25, 26, 27, 28, 29, 30, 31, 32, 33, 34, 35, 36, 37, 38, 39, 40, 41, 42, 43, 44, 45, 46, 47, 48, 49, 50, 51, 52, 53, 54, 55, 56, 57, 58, 59, 60]
N_in_channels 66
N_out_channels 61
img_size_h 720
img_size_w 1440
patch_size_h 8
patch_size_w 8
mlp_ratio 4.0
embed_dim 512
depth 16
num_heads 16
decoder_embed_dim 1024
decoder_depth 8
decoder_num_heads 16
koopman_depth 2
modes_h_ratio 1
modes_w_ratio 0.8
drop_rate 0.0
drop_path_rate 0.0
sparsity_threshold 0.01
hard_thresholding_fraction 1.0
nettypenum_blocks  8Masked_AE_Ocean

loss l2
num_data_workerslog_to_wandb  0True

dt lr1 
n_history 00.001

prediction_type iterativebatch_size
 32prediction_length
 41max_epochs
 150n_initial_conditions
 5scheduler
 CosineAnnealingLRics_type
 defaultfusion_3d_2d
 Falsedate_strings
 in_channels['2018-09-14 00:00:00'] 
save_raw_forecasts True
save_channel False
[0, 1, 2, 3, 4, 5, 6, 7, 8, 9, 10, 11, 12, 13, 14, 15, 16, 17, 18, 19, 20, 21, 22, 23, 24, 25, 26, 27, 28, 29, 30, 31, 32, 33, 34, 35, 36, 37, 38, 39, 40, 41, 42, 43, 44, 45, 46, 47, 48, 49, 50, 51, 52, 53, 54, 55, 56, 57, 58, 59, 60, 61, 62, 63, 64, 65]masked_acc
 False
out_channelsmaskpath  None
perturb False
[0, 1, 2, 3, 4, 5, 6, 7, 8, 9, 10, 11, 12, 13, 14, 15, 16, 17, 18, 19, 20, 21, 22, 23, 24, 25, 26, 27, 28, 29, 30, 31, 32, 33, 34, 35, 36, 37, 38, 39, 40, 41, 42, 43, 44, 45, 46, 47, 48, 49, 50, 51, 52, 53, 54, 55, 56, 57, 58, 59, 60]add_grid
 False
N_in_channels N_grid_channels66 
0
N_out_channelsgridtype  61sinusoidal

rollimg_size_h  False720

enable_nhwcimg_size_w  False1440

optimizer_type patch_size_hFusedAdam 
8
exp_dir ./exp_15_levelspatch_size_w
 8patch_size
 8mlp_ratio
 width4.0 
56
embed_dim modes512 
32
depth target16 
default
num_heads train_data_path16 
/home/bingxing2/home/scx6115/Ocean_AI_model/sample_01/train
decoder_embed_dimvalid_data_path  1024/home/bingxing2/home/scx6115/Ocean_AI_model/sample_01/valid

decoder_depthtest_data_path  8/home/bingxing2/home/scx6115/Ocean_AI_model/sample_01/test

decoder_num_headsland_mask  16True

land_mask_pathkoopman_depth  /home/bingxing2/home/scx6115/Ocean_AI_model/sample_01/land_mask.h52

normalizemodes_h_ratio  True1

normalization modes_w_ratiozscore 
0.8
global_mins_path /home/bingxing2/home/scx6115/Ocean_AI_model/sample_01/train/global_mins.npydrop_rate
 0.0
global_maxs_path drop_path_rate/home/bingxing2/home/scx6115/Ocean_AI_model/sample_01/train/global_maxs.npy 
0.0
global_means_path sparsity_threshold/home/bingxing2/home/scx6115/Ocean_AI_model/sample_01/train/global_means.npy 
0.01
global_stds_path /home/bingxing2/home/scx6115/Ocean_AI_model/sample_01/train/global_stds.npyhard_thresholding_fraction
 1.0orography
 Truenum_blocks
 8orography_norm_zscore_path
 /home/bingxing2/home/scx6115/Ocean_AI_model/sample_01/orography_norm_zscore.h5loss
 l2orography_norm_maxmin_path
 /home/bingxing2/home/scx6115/Ocean_AI_model/sample_01/orography_norm_maxmin.h5num_data_workers
 add_noise0 
False
dt noise_std1 
0
n_historycrop_size_x  0None

crop_size_yprediction_type  Noneiterative

prediction_lengthlog_to_screen  41True

n_initial_conditionssave_checkpoint  5True

ics_typeplot_animations  defaultFalse

date_strings ['2018-09-14 00:00:00']
save_raw_forecasts True
save_channel False
masked_acc False
maskpath None
perturb False
add_grid False
N_grid_channels 0
gridtype sinusoidal
roll False
enable_nhwc False
optimizer_type FusedAdam
exp_dir ./exp_15_levels
patch_size ---------------------------------------------------8

width 56
modes 32
target default
train_data_path /home/bingxing2/home/scx6115/Ocean_AI_model/sample_01/train
valid_data_pathworld_size :  /home/bingxing2/home/scx6115/Ocean_AI_model/sample_01/valid
16
test_data_pathInitialize distributed process group... 
/home/bingxing2/home/scx6115/Ocean_AI_model/sample_01/test
land_mask True
land_mask_path /home/bingxing2/home/scx6115/Ocean_AI_model/sample_01/land_mask.h5
normalize True
normalization zscore
global_mins_path /home/bingxing2/home/scx6115/Ocean_AI_model/sample_01/train/global_mins.npy
global_maxs_path /home/bingxing2/home/scx6115/Ocean_AI_model/sample_01/train/global_maxs.npy
global_means_path /home/bingxing2/home/scx6115/Ocean_AI_model/sample_01/train/global_means.npy
global_stds_path /home/bingxing2/home/scx6115/Ocean_AI_model/sample_01/train/global_stds.npy
orography True
orography_norm_zscore_path /home/bingxing2/home/scx6115/Ocean_AI_model/sample_01/orography_norm_zscore.h5
orography_norm_maxmin_path /home/bingxing2/home/scx6115/Ocean_AI_model/sample_01/orography_norm_maxmin.h5
add_noise False
noise_std 0
crop_size_x None
crop_size_y None
log_to_screen True
save_checkpoint True
plot_animations False
---------------------------------------------------
world_size : 16
Initialize distributed process group...
2023-07-08 11:19:34,339 - torch.distributed.distributed_c10d - INFO - Added key: store_based_barrier_key:1 to store for rank: 2
2023-07-08 11:19:34,339 - torch.distributed.distributed_c10d - INFO - Added key: store_based_barrier_key:1 to store for rank: 1
2023-07-08 11:19:35,257 - torch.distributed.distributed_c10d - INFO - Added key: store_based_barrier_key:1 to store for rank: 0
2023-07-08 11:19:35,257 - torch.distributed.distributed_c10d - INFO - Rank 0: Completed store-based barrier for key:store_based_barrier_key:1 with 16 nodes.
2023-07-08 11:19:35,260 - torch.distributed.distributed_c10d - INFO - Rank 2: Completed store-based barrier for key:store_based_barrier_key:1 with 16 nodes.
2023-07-08 11:19:35,260 - torch.distributed.distributed_c10d - INFO - Rank 1: Completed store-based barrier for key:store_based_barrier_key:1 with 16 nodes.
2023-07-08 11:19:35,267 - torch.distributed.distributed_c10d - INFO - Rank 3: Completed store-based barrier for key:store_based_barrier_key:1 with 16 nodes.
2023-07-08 11:19:35,340 - root - INFO - device: cuda:1
2023-07-08 11:19:35,340 - root - INFO - rank 1, begin data loader init
2023-07-08 11:19:35,340 - root - INFO - device: cuda:2
2023-07-08 11:19:35,340 - root - INFO - rank 2, begin data loader init
2023-07-08 11:19:35,343 - root - INFO - device: cuda:3
2023-07-08 11:19:35,343 - root - INFO - rank 3, begin data loader init
2023-07-08 11:19:35,345 - root - INFO - Getting file stats from /home/bingxing2/home/scx6115/Ocean_AI_model/sample_01/train/2000.h5
2023-07-08 11:19:35,345 - root - INFO - Getting file stats from /home/bingxing2/home/scx6115/Ocean_AI_model/sample_01/train/2000.h5
2023-07-08 11:19:35,345 - root - INFO - Getting file stats from /home/bingxing2/home/scx6115/Ocean_AI_model/sample_01/train/2000.h5
2023-07-08 11:19:35,346 - root - INFO - Number of samples per year: 365
2023-07-08 11:19:35,346 - root - INFO - Number of samples per year: 365
2023-07-08 11:19:35,346 - root - INFO - Number of samples per year: 365
2023-07-08 11:19:35,346 - root - INFO - Found data at path /home/bingxing2/home/scx6115/Ocean_AI_model/sample_01/train. Number of examples: 4380. Image Shape: 720 x 1440 x 66
2023-07-08 11:19:35,346 - root - INFO - Found data at path /home/bingxing2/home/scx6115/Ocean_AI_model/sample_01/train. Number of examples: 4380. Image Shape: 720 x 1440 x 66
2023-07-08 11:19:35,346 - root - INFO - Found data at path /home/bingxing2/home/scx6115/Ocean_AI_model/sample_01/train. Number of examples: 4380. Image Shape: 720 x 1440 x 66
2023-07-08 11:19:35,346 - root - INFO - Delta t: 1 days
2023-07-08 11:19:35,346 - root - INFO - Delta t: 1 days
2023-07-08 11:19:35,346 - root - INFO - Delta t: 1 days
2023-07-08 11:19:35,346 - root - INFO - Including 0 days of past history in training at a frequency of 1 days
2023-07-08 11:19:35,346 - root - INFO - Including 0 days of past history in training at a frequency of 1 days
2023-07-08 11:19:35,346 - root - INFO - Including 0 days of past history in training at a frequency of 1 days
2023-07-08 11:19:35,351 - root - INFO - Getting file stats from /home/bingxing2/home/scx6115/Ocean_AI_model/sample_01/valid/2011.h5
2023-07-08 11:19:35,351 - root - INFO - Getting file stats from /home/bingxing2/home/scx6115/Ocean_AI_model/sample_01/valid/2011.h5
2023-07-08 11:19:35,351 - root - INFO - Getting file stats from /home/bingxing2/home/scx6115/Ocean_AI_model/sample_01/valid/2011.h5
2023-07-08 11:19:35,352 - root - INFO - Number of samples per year: 364
2023-07-08 11:19:35,352 - root - INFO - Number of samples per year: 364
2023-07-08 11:19:35,352 - root - INFO - Number of samples per year: 364
2023-07-08 11:19:35,352 - root - INFO - Found data at path /home/bingxing2/home/scx6115/Ocean_AI_model/sample_01/valid. Number of examples: 364. Image Shape: 720 x 1440 x 66
2023-07-08 11:19:35,352 - root - INFO - Found data at path /home/bingxing2/home/scx6115/Ocean_AI_model/sample_01/valid. Number of examples: 364. Image Shape: 720 x 1440 x 66
2023-07-08 11:19:35,352 - root - INFO - Delta t: 1 days
2023-07-08 11:19:35,352 - root - INFO - Found data at path /home/bingxing2/home/scx6115/Ocean_AI_model/sample_01/valid. Number of examples: 364. Image Shape: 720 x 1440 x 66
2023-07-08 11:19:35,352 - root - INFO - Delta t: 1 days
2023-07-08 11:19:35,352 - root - INFO - Including 0 days of past history in training at a frequency of 1 days
2023-07-08 11:19:35,352 - root - INFO - Delta t: 1 days
2023-07-08 11:19:35,352 - root - INFO - Including 0 days of past history in training at a frequency of 1 days
2023-07-08 11:19:35,352 - root - INFO - Including 0 days of past history in training at a frequency of 1 days
2023-07-08 11:19:35,352 - root - INFO - rank 3, data loader initialized
2023-07-08 11:19:35,352 - root - INFO - rank 2, data loader initialized
2023-07-08 11:19:35,352 - root - INFO - rank 1, data loader initialized
2023-07-08 11:19:35,437 - root - INFO - ------------------ Configuration ------------------
2023-07-08 11:19:35,437 - root - INFO - Configuration file: /home/bingxing2/home/scx6115/Ocean_AI_model/config/Model_2.yaml
2023-07-08 11:19:35,438 - root - INFO - Configuration name: Masked_AE_Ocean
2023-07-08 11:19:35,438 - root - INFO - nettype Masked_AE_Ocean
2023-07-08 11:19:35,438 - root - INFO - log_to_wandb True
2023-07-08 11:19:35,438 - root - INFO - lr 0.001
2023-07-08 11:19:35,438 - root - INFO - batch_size 2
2023-07-08 11:19:35,438 - root - INFO - max_epochs 150
2023-07-08 11:19:35,438 - root - INFO - scheduler CosineAnnealingLR
2023-07-08 11:19:35,438 - root - INFO - fusion_3d_2d False
2023-07-08 11:19:35,438 - root - INFO - in_channels [0, 1, 2, 3, 4, 5, 6, 7, 8, 9, 10, 11, 12, 13, 14, 15, 16, 17, 18, 19, 20, 21, 22, 23, 24, 25, 26, 27, 28, 29, 30, 31, 32, 33, 34, 35, 36, 37, 38, 39, 40, 41, 42, 43, 44, 45, 46, 47, 48, 49, 50, 51, 52, 53, 54, 55, 56, 57, 58, 59, 60, 61, 62, 63, 64, 65]
2023-07-08 11:19:35,438 - root - INFO - out_channels [0, 1, 2, 3, 4, 5, 6, 7, 8, 9, 10, 11, 12, 13, 14, 15, 16, 17, 18, 19, 20, 21, 22, 23, 24, 25, 26, 27, 28, 29, 30, 31, 32, 33, 34, 35, 36, 37, 38, 39, 40, 41, 42, 43, 44, 45, 46, 47, 48, 49, 50, 51, 52, 53, 54, 55, 56, 57, 58, 59, 60]
2023-07-08 11:19:35,438 - root - INFO - N_in_channels 66
2023-07-08 11:19:35,438 - root - INFO - N_out_channels 61
2023-07-08 11:19:35,438 - root - INFO - img_size_h 720
2023-07-08 11:19:35,439 - root - INFO - img_size_w 1440
2023-07-08 11:19:35,439 - root - INFO - patch_size_h 8
2023-07-08 11:19:35,439 - root - INFO - patch_size_w 8
2023-07-08 11:19:35,439 - root - INFO - mlp_ratio 4.0
2023-07-08 11:19:35,439 - root - INFO - embed_dim 512
2023-07-08 11:19:35,439 - root - INFO - depth 16
2023-07-08 11:19:35,439 - root - INFO - num_heads 16
2023-07-08 11:19:35,439 - root - INFO - decoder_embed_dim 1024
2023-07-08 11:19:35,439 - root - INFO - decoder_depth 8
2023-07-08 11:19:35,439 - root - INFO - decoder_num_heads 16
2023-07-08 11:19:35,439 - root - INFO - koopman_depth 2
2023-07-08 11:19:35,439 - root - INFO - modes_h_ratio 1
2023-07-08 11:19:35,439 - root - INFO - modes_w_ratio 0.8
2023-07-08 11:19:35,439 - root - INFO - drop_rate 0.0
2023-07-08 11:19:35,439 - root - INFO - drop_path_rate 0.0
2023-07-08 11:19:35,440 - root - INFO - sparsity_threshold 0.01
2023-07-08 11:19:35,440 - root - INFO - hard_thresholding_fraction 1.0
2023-07-08 11:19:35,440 - root - INFO - num_blocks 8
2023-07-08 11:19:35,440 - root - INFO - loss l2
2023-07-08 11:19:35,440 - root - INFO - num_data_workers 0
2023-07-08 11:19:35,440 - root - INFO - dt 1
2023-07-08 11:19:35,440 - root - INFO - n_history 0
2023-07-08 11:19:35,440 - root - INFO - prediction_type iterative
2023-07-08 11:19:35,440 - root - INFO - prediction_length 41
2023-07-08 11:19:35,440 - root - INFO - n_initial_conditions 5
2023-07-08 11:19:35,440 - root - INFO - ics_type default
2023-07-08 11:19:35,440 - root - INFO - date_strings ['2018-09-14 00:00:00']
2023-07-08 11:19:35,440 - root - INFO - save_raw_forecasts True
2023-07-08 11:19:35,440 - root - INFO - save_channel False
2023-07-08 11:19:35,441 - root - INFO - masked_acc False
2023-07-08 11:19:35,441 - root - INFO - maskpath None
2023-07-08 11:19:35,441 - root - INFO - perturb False
2023-07-08 11:19:35,441 - root - INFO - add_grid False
2023-07-08 11:19:35,441 - root - INFO - N_grid_channels 0
2023-07-08 11:19:35,441 - root - INFO - gridtype sinusoidal
2023-07-08 11:19:35,441 - root - INFO - roll False
2023-07-08 11:19:35,441 - root - INFO - enable_nhwc False
2023-07-08 11:19:35,441 - root - INFO - optimizer_type FusedAdam
2023-07-08 11:19:35,441 - root - INFO - exp_dir ./exp_15_levels
2023-07-08 11:19:35,441 - root - INFO - patch_size 8
2023-07-08 11:19:35,441 - root - INFO - width 56
2023-07-08 11:19:35,441 - root - INFO - modes 32
2023-07-08 11:19:35,441 - root - INFO - target default
2023-07-08 11:19:35,441 - root - INFO - train_data_path /home/bingxing2/home/scx6115/Ocean_AI_model/sample_01/train
2023-07-08 11:19:35,442 - root - INFO - valid_data_path /home/bingxing2/home/scx6115/Ocean_AI_model/sample_01/valid
2023-07-08 11:19:35,442 - root - INFO - test_data_path /home/bingxing2/home/scx6115/Ocean_AI_model/sample_01/test
2023-07-08 11:19:35,442 - root - INFO - land_mask True
2023-07-08 11:19:35,442 - root - INFO - land_mask_path /home/bingxing2/home/scx6115/Ocean_AI_model/sample_01/land_mask.h5
2023-07-08 11:19:35,442 - root - INFO - normalize True
2023-07-08 11:19:35,442 - root - INFO - normalization zscore
2023-07-08 11:19:35,442 - root - INFO - global_mins_path /home/bingxing2/home/scx6115/Ocean_AI_model/sample_01/train/global_mins.npy
2023-07-08 11:19:35,442 - root - INFO - global_maxs_path /home/bingxing2/home/scx6115/Ocean_AI_model/sample_01/train/global_maxs.npy
2023-07-08 11:19:35,442 - root - INFO - global_means_path /home/bingxing2/home/scx6115/Ocean_AI_model/sample_01/train/global_means.npy
2023-07-08 11:19:35,442 - root - INFO - global_stds_path /home/bingxing2/home/scx6115/Ocean_AI_model/sample_01/train/global_stds.npy
2023-07-08 11:19:35,442 - root - INFO - orography True
2023-07-08 11:19:35,442 - root - INFO - orography_norm_zscore_path /home/bingxing2/home/scx6115/Ocean_AI_model/sample_01/orography_norm_zscore.h5
2023-07-08 11:19:35,442 - root - INFO - orography_norm_maxmin_path /home/bingxing2/home/scx6115/Ocean_AI_model/sample_01/orography_norm_maxmin.h5
2023-07-08 11:19:35,442 - root - INFO - add_noise False
2023-07-08 11:19:35,443 - root - INFO - noise_std 0
2023-07-08 11:19:35,443 - root - INFO - crop_size_x None
2023-07-08 11:19:35,443 - root - INFO - crop_size_y None
2023-07-08 11:19:35,443 - root - INFO - log_to_screen True
2023-07-08 11:19:35,443 - root - INFO - save_checkpoint True
2023-07-08 11:19:35,443 - root - INFO - plot_animations False
2023-07-08 11:19:35,443 - root - INFO - epsilon_factor 0
2023-07-08 11:19:35,443 - root - INFO - multi_steps_finetune 1
2023-07-08 11:19:35,443 - root - INFO - finetune_max_epochs 0
2023-07-08 11:19:35,443 - root - INFO - world_size 16
2023-07-08 11:19:35,443 - root - INFO - local_rank 0
2023-07-08 11:19:35,443 - root - INFO - global_batch_size 32
2023-07-08 11:19:35,443 - root - INFO - enable_amp True
2023-07-08 11:19:35,443 - root - INFO - experiment_dir /home/bingxing2/home/scx6115/Ocean_AI_model/exp_15_levels/Masked_AE_Ocean/20230708-111916
2023-07-08 11:19:35,443 - root - INFO - checkpoint_path ./exp_15_levels/Masked_AE_Ocean/20230708-111916/training_checkpoints/ckpt.tar
2023-07-08 11:19:35,444 - root - INFO - best_checkpoint_path ./exp_15_levels/Masked_AE_Ocean/20230708-111916/training_checkpoints/best_ckpt.tar
2023-07-08 11:19:35,444 - root - INFO - resuming False
2023-07-08 11:19:35,444 - root - INFO - entity ocean_ai_model
2023-07-08 11:19:35,444 - root - INFO - project ai4science
2023-07-08 11:19:35,444 - root - INFO - group 025_daily_15_levels
2023-07-08 11:19:35,444 - root - INFO - name Masked_AE_Ocean_20230708-111916
2023-07-08 11:19:35,444 - root - INFO - ---------------------------------------------------
wandb: Tracking run with wandb version 0.15.3
wandb: W&B syncing is set to `offline` in this directory.  
wandb: Run `wandb online` or set WANDB_MODE=online to enable cloud syncing.
2023-07-08 11:19:45,656 - root - INFO - device: cuda:0
2023-07-08 11:19:45,656 - root - INFO - rank 0, begin data loader init
2023-07-08 11:19:45,696 - root - INFO - Getting file stats from /home/bingxing2/home/scx6115/Ocean_AI_model/sample_01/train/2000.h5
2023-07-08 11:19:45,698 - root - INFO - Number of samples per year: 365
2023-07-08 11:19:45,698 - root - INFO - Found data at path /home/bingxing2/home/scx6115/Ocean_AI_model/sample_01/train. Number of examples: 4380. Image Shape: 720 x 1440 x 66
2023-07-08 11:19:45,698 - root - INFO - Delta t: 1 days
2023-07-08 11:19:45,698 - root - INFO - Including 0 days of past history in training at a frequency of 1 days
2023-07-08 11:19:45,736 - root - INFO - Getting file stats from /home/bingxing2/home/scx6115/Ocean_AI_model/sample_01/valid/2011.h5
2023-07-08 11:19:45,738 - root - INFO - Number of samples per year: 364
2023-07-08 11:19:45,738 - root - INFO - Found data at path /home/bingxing2/home/scx6115/Ocean_AI_model/sample_01/valid. Number of examples: 364. Image Shape: 720 x 1440 x 66
2023-07-08 11:19:45,738 - root - INFO - Delta t: 1 days
2023-07-08 11:19:45,738 - root - INFO - Including 0 days of past history in training at a frequency of 1 days
2023-07-08 11:19:45,739 - root - INFO - rank 0, data loader initialized
paraai-n32-h-01-agent-106:2762269:2762269 [0] NCCL INFO Bootstrap : Using eth0:172.16.5.171<0>
paraai-n32-h-01-agent-106:2762269:2762269 [0] NCCL INFO NET/Plugin : No plugin found (libnccl-net.so), using internal implementation
paraai-n32-h-01-agent-106:2762269:2762269 [0] NCCL INFO cudaDriverVersion 11060
NCCL version 2.14.3+cuda11.7
paraai-n32-h-01-agent-106:2762271:2762271 [2] NCCL INFO cudaDriverVersion 11060
paraai-n32-h-01-agent-106:2762270:2762270 [1] NCCL INFO cudaDriverVersion 11060
paraai-n32-h-01-agent-106:2762272:2762272 [3] NCCL INFO cudaDriverVersion 11060
paraai-n32-h-01-agent-106:2762272:2762272 [3] NCCL INFO Bootstrap : Using eth0:172.16.5.171<0>
paraai-n32-h-01-agent-106:2762270:2762270 [1] NCCL INFO Bootstrap : Using eth0:172.16.5.171<0>
paraai-n32-h-01-agent-106:2762271:2762271 [2] NCCL INFO Bootstrap : Using eth0:172.16.5.171<0>
paraai-n32-h-01-agent-106:2762271:2762271 [2] NCCL INFO NET/Plugin : No plugin found (libnccl-net.so), using internal implementation
paraai-n32-h-01-agent-106:2762272:2762272 [3] NCCL INFO NET/Plugin : No plugin found (libnccl-net.so), using internal implementation
paraai-n32-h-01-agent-106:2762270:2762270 [1] NCCL INFO NET/Plugin : No plugin found (libnccl-net.so), using internal implementation
paraai-n32-h-01-agent-106:2762269:2763143 [0] NCCL INFO NET/IB : Using [0]mlx5_0:1/RoCE [1]mlx5_2:1/RoCE [RO]; OOB eth0:172.16.5.171<0>
paraai-n32-h-01-agent-106:2762269:2763143 [0] NCCL INFO Using network IB
paraai-n32-h-01-agent-106:2762271:2763146 [2] NCCL INFO NET/IB : Using [0]mlx5_0:1/RoCE [1]mlx5_2:1/RoCE [RO]; OOB eth0:172.16.5.171<0>
paraai-n32-h-01-agent-106:2762271:2763146 [2] NCCL INFO Using network IB
paraai-n32-h-01-agent-106:2762272:2763147 [3] NCCL INFO NET/IB : Using [0]mlx5_0:1/RoCE [1]mlx5_2:1/RoCE [RO]; OOB eth0:172.16.5.171<0>
paraai-n32-h-01-agent-106:2762272:2763147 [3] NCCL INFO Using network IB
paraai-n32-h-01-agent-106:2762270:2763148 [1] NCCL INFO NET/IB : Using [0]mlx5_0:1/RoCE [1]mlx5_2:1/RoCE [RO]; OOB eth0:172.16.5.171<0>
paraai-n32-h-01-agent-106:2762270:2763148 [1] NCCL INFO Using network IB
paraai-n32-h-01-agent-106:2762270:2763148 [1] NCCL INFO Setting affinity for GPU 1 to ffffffff
paraai-n32-h-01-agent-106:2762269:2763143 [0] NCCL INFO Setting affinity for GPU 0 to ffffffff
paraai-n32-h-01-agent-106:2762271:2763146 [2] NCCL INFO Setting affinity for GPU 2 to ffffffff,00000000,00000000
paraai-n32-h-01-agent-106:2762272:2763147 [3] NCCL INFO Setting affinity for GPU 3 to ffffffff,00000000,00000000
paraai-n32-h-01-agent-106:2762269:2763143 [0] NCCL INFO NCCL_MAX_NCHANNELS set by environment to 16.
paraai-n32-h-01-agent-106:2762269:2763143 [0] NCCL INFO NCCL_MIN_NCHANNELS set by environment to 16.
paraai-n32-h-01-agent-106:2762271:2763146 [2] NCCL INFO NCCL_MAX_NCHANNELS set by environment to 16.
paraai-n32-h-01-agent-106:2762270:2763148 [1] NCCL INFO NCCL_MAX_NCHANNELS set by environment to 16.
paraai-n32-h-01-agent-106:2762271:2763146 [2] NCCL INFO NCCL_MIN_NCHANNELS set by environment to 16.
paraai-n32-h-01-agent-106:2762269:2763143 [0] NCCL INFO Channel 00/16 :    0   1   2   3   4   5   6   7   8   9  10  11  12  13  14  15
paraai-n32-h-01-agent-106:2762270:2763148 [1] NCCL INFO NCCL_MIN_NCHANNELS set by environment to 16.
paraai-n32-h-01-agent-106:2762269:2763143 [0] NCCL INFO Channel 01/16 :    0   6   7   5   4  10  11   9   8  14  15  13  12   2   3   1
paraai-n32-h-01-agent-106:2762269:2763143 [0] NCCL INFO Channel 02/16 :    0   1   2   3   4   5   6   7   8   9  10  11  12  13  14  15
paraai-n32-h-01-agent-106:2762269:2763143 [0] NCCL INFO Channel 03/16 :    0   6   7   5   4  10  11   9   8  14  15  13  12   2   3   1
paraai-n32-h-01-agent-106:2762271:2763146 [2] NCCL INFO Trees [0] 3/-1/-1->2->1 [1] 3/10/-1->2->-1 [2] 3/-1/-1->2->1 [3] 3/-1/-1->2->6 [4] 3/-1/-1->2->1 [5] 3/10/-1->2->-1 [6] 3/-1/-1->2->1 [7] 3/-1/-1->2->6 [8] 3/-1/-1->2->1 [9] 3/10/-1->2->-1 [10] 3/-1/-1->2->1 [11] 3/-1/-1->2->6 [12] 3/-1/-1->2->1 [13] 3/10/-1->2->-1 [14] 3/-1/-1->2->1 [15] 3/-1/-1->2->6
paraai-n32-h-01-agent-106:2762269:2763143 [0] NCCL INFO Channel 04/16 :    0   1   2   3   4   5   6   7   8   9  10  11  12  13  14  15
paraai-n32-h-01-agent-106:2762270:2763148 [1] NCCL INFO Trees [0] 2/-1/-1->1->0 [1] -1/-1/-1->1->0 [2] 2/-1/-1->1->0 [3] -1/-1/-1->1->0 [4] 2/-1/-1->1->0 [5] -1/-1/-1->1->0 [6] 2/-1/-1->1->0 [7] -1/-1/-1->1->0 [8] 2/-1/-1->1->0 [9] -1/-1/-1->1->0 [10] 2/-1/-1->1->0 [11] -1/-1/-1->1->0 [12] 2/-1/-1->1->0 [13] -1/-1/-1->1->0 [14] 2/-1/-1->1->0 [15] -1/-1/-1->1->0
paraai-n32-h-01-agent-106:2762269:2763143 [0] NCCL INFO Channel 05/16 :    0   6   7   5   4  10  11   9   8  14  15  13  12   2   3   1
paraai-n32-h-01-agent-106:2762269:2763143 [0] NCCL INFO Channel 06/16 :    0   1   2   3   4   5   6   7   8   9  10  11  12  13  14  15
paraai-n32-h-01-agent-106:2762269:2763143 [0] NCCL INFO Channel 07/16 :    0   6   7   5   4  10  11   9   8  14  15  13  12   2   3   1
paraai-n32-h-01-agent-106:2762269:2763143 [0] NCCL INFO Channel 08/16 :    0   1   2   3   4   5   6   7   8   9  10  11  12  13  14  15
paraai-n32-h-01-agent-106:2762269:2763143 [0] NCCL INFO Channel 09/16 :    0   6   7   5   4  10  11   9   8  14  15  13  12   2   3   1
paraai-n32-h-01-agent-106:2762269:2763143 [0] NCCL INFO Channel 10/16 :    0   1   2   3   4   5   6   7   8   9  10  11  12  13  14  15
paraai-n32-h-01-agent-106:2762269:2763143 [0] NCCL INFO Channel 11/16 :    0   6   7   5   4  10  11   9   8  14  15  13  12   2   3   1
paraai-n32-h-01-agent-106:2762269:2763143 [0] NCCL INFO Channel 12/16 :    0   1   2   3   4   5   6   7   8   9  10  11  12  13  14  15
paraai-n32-h-01-agent-106:2762269:2763143 [0] NCCL INFO Channel 13/16 :    0   6   7   5   4  10  11   9   8  14  15  13  12   2   3   1
paraai-n32-h-01-agent-106:2762269:2763143 [0] NCCL INFO Channel 14/16 :    0   1   2   3   4   5   6   7   8   9  10  11  12  13  14  15
paraai-n32-h-01-agent-106:2762269:2763143 [0] NCCL INFO Channel 15/16 :    0   6   7   5   4  10  11   9   8  14  15  13  12   2   3   1
paraai-n32-h-01-agent-106:2762269:2763143 [0] NCCL INFO Trees [0] 1/8/-1->0->-1 [1] 1/-1/-1->0->3 [2] 1/-1/-1->0->4 [3] 1/-1/-1->0->3 [4] 1/8/-1->0->-1 [5] 1/-1/-1->0->3 [6] 1/-1/-1->0->4 [7] 1/-1/-1->0->3 [8] 1/8/-1->0->-1 [9] 1/-1/-1->0->3 [10] 1/-1/-1->0->4 [11] 1/-1/-1->0->3 [12] 1/8/-1->0->-1 [13] 1/-1/-1->0->3 [14] 1/-1/-1->0->4 [15] 1/-1/-1->0->3
paraai-n32-h-01-agent-106:2762272:2763147 [3] NCCL INFO NCCL_MAX_NCHANNELS set by environment to 16.
paraai-n32-h-01-agent-106:2762272:2763147 [3] NCCL INFO NCCL_MIN_NCHANNELS set by environment to 16.
paraai-n32-h-01-agent-106:2762272:2763147 [3] NCCL INFO Trees [0] -1/-1/-1->3->2 [1] 0/-1/-1->3->2 [2] -1/-1/-1->3->2 [3] 0/-1/-1->3->2 [4] -1/-1/-1->3->2 [5] 0/-1/-1->3->2 [6] -1/-1/-1->3->2 [7] 0/-1/-1->3->2 [8] -1/-1/-1->3->2 [9] 0/-1/-1->3->2 [10] -1/-1/-1->3->2 [11] 0/-1/-1->3->2 [12] -1/-1/-1->3->2 [13] 0/-1/-1->3->2 [14] -1/-1/-1->3->2 [15] 0/-1/-1->3->2
paraai-n32-h-01-agent-106:2762269:2763143 [0] NCCL INFO Channel 00/0 : 15[82000] -> 0[1000] [receive] via NET/IB/0
paraai-n32-h-01-agent-106:2762271:2763146 [2] NCCL INFO Channel 00 : 2[81000] -> 3[82000] via SHM/direct/direct
paraai-n32-h-01-agent-106:2762271:2763146 [2] NCCL INFO Channel 01 : 2[81000] -> 3[82000] via SHM/direct/direct
paraai-n32-h-01-agent-106:2762270:2763148 [1] NCCL INFO Channel 00 : 1[2000] -> 2[81000] via SHM/direct/direct
paraai-n32-h-01-agent-106:2762271:2763146 [2] NCCL INFO Channel 02 : 2[81000] -> 3[82000] via SHM/direct/direct
paraai-n32-h-01-agent-106:2762270:2763148 [1] NCCL INFO Channel 02 : 1[2000] -> 2[81000] via SHM/direct/direct
paraai-n32-h-01-agent-106:2762271:2763146 [2] NCCL INFO Channel 03 : 2[81000] -> 3[82000] via SHM/direct/direct
paraai-n32-h-01-agent-106:2762270:2763148 [1] NCCL INFO Channel 04 : 1[2000] -> 2[81000] via SHM/direct/direct
paraai-n32-h-01-agent-106:2762271:2763146 [2] NCCL INFO Channel 04 : 2[81000] -> 3[82000] via SHM/direct/direct
paraai-n32-h-01-agent-106:2762270:2763148 [1] NCCL INFO Channel 06 : 1[2000] -> 2[81000] via SHM/direct/direct
paraai-n32-h-01-agent-106:2762271:2763146 [2] NCCL INFO Channel 05 : 2[81000] -> 3[82000] via SHM/direct/direct
paraai-n32-h-01-agent-106:2762270:2763148 [1] NCCL INFO Channel 08 : 1[2000] -> 2[81000] via SHM/direct/direct
paraai-n32-h-01-agent-106:2762271:2763146 [2] NCCL INFO Channel 06 : 2[81000] -> 3[82000] via SHM/direct/direct
paraai-n32-h-01-agent-106:2762270:2763148 [1] NCCL INFO Channel 10 : 1[2000] -> 2[81000] via SHM/direct/direct
paraai-n32-h-01-agent-106:2762271:2763146 [2] NCCL INFO Channel 07 : 2[81000] -> 3[82000] via SHM/direct/direct
paraai-n32-h-01-agent-106:2762270:2763148 [1] NCCL INFO Channel 12 : 1[2000] -> 2[81000] via SHM/direct/direct
paraai-n32-h-01-agent-106:2762271:2763146 [2] NCCL INFO Channel 08 : 2[81000] -> 3[82000] via SHM/direct/direct
paraai-n32-h-01-agent-106:2762270:2763148 [1] NCCL INFO Channel 14 : 1[2000] -> 2[81000] via SHM/direct/direct
paraai-n32-h-01-agent-106:2762271:2763146 [2] NCCL INFO Channel 09 : 2[81000] -> 3[82000] via SHM/direct/direct
paraai-n32-h-01-agent-106:2762271:2763146 [2] NCCL INFO Channel 10 : 2[81000] -> 3[82000] via SHM/direct/direct
paraai-n32-h-01-agent-106:2762271:2763146 [2] NCCL INFO Channel 11 : 2[81000] -> 3[82000] via SHM/direct/direct
paraai-n32-h-01-agent-106:2762271:2763146 [2] NCCL INFO Channel 12 : 2[81000] -> 3[82000] via SHM/direct/direct
paraai-n32-h-01-agent-106:2762271:2763146 [2] NCCL INFO Channel 13 : 2[81000] -> 3[82000] via SHM/direct/direct
paraai-n32-h-01-agent-106:2762271:2763146 [2] NCCL INFO Channel 14 : 2[81000] -> 3[82000] via SHM/direct/direct
paraai-n32-h-01-agent-106:2762271:2763146 [2] NCCL INFO Channel 15 : 2[81000] -> 3[82000] via SHM/direct/direct
paraai-n32-h-01-agent-106:2762272:2763147 [3] NCCL INFO Channel 00/0 : 3[82000] -> 4[1000] [send] via NET/IB/1
paraai-n32-h-01-agent-106:2762269:2763143 [0] NCCL INFO Channel 02/0 : 15[82000] -> 0[1000] [receive] via NET/IB/0
paraai-n32-h-01-agent-106:2762272:2763147 [3] NCCL INFO Channel 02/0 : 3[82000] -> 4[1000] [send] via NET/IB/1
paraai-n32-h-01-agent-106:2762269:2763143 [0] NCCL INFO Channel 04/0 : 15[82000] -> 0[1000] [receive] via NET/IB/0
paraai-n32-h-01-agent-106:2762272:2763147 [3] NCCL INFO Channel 04/0 : 3[82000] -> 4[1000] [send] via NET/IB/1
paraai-n32-h-01-agent-106:2762269:2763143 [0] NCCL INFO Channel 06/0 : 15[82000] -> 0[1000] [receive] via NET/IB/0
paraai-n32-h-01-agent-106:2762272:2763147 [3] NCCL INFO Channel 06/0 : 3[82000] -> 4[1000] [send] via NET/IB/1
paraai-n32-h-01-agent-106:2762269:2763143 [0] NCCL INFO Channel 08/0 : 15[82000] -> 0[1000] [receive] via NET/IB/0
paraai-n32-h-01-agent-106:2762272:2763147 [3] NCCL INFO Channel 08/0 : 3[82000] -> 4[1000] [send] via NET/IB/1
paraai-n32-h-01-agent-106:2762269:2763143 [0] NCCL INFO Channel 10/0 : 15[82000] -> 0[1000] [receive] via NET/IB/0
paraai-n32-h-01-agent-106:2762272:2763147 [3] NCCL INFO Channel 10/0 : 3[82000] -> 4[1000] [send] via NET/IB/1
paraai-n32-h-01-agent-106:2762272:2763147 [3] NCCL INFO Channel 12/0 : 3[82000] -> 4[1000] [send] via NET/IB/1
paraai-n32-h-01-agent-106:2762269:2763143 [0] NCCL INFO Channel 12/0 : 15[82000] -> 0[1000] [receive] via NET/IB/0
paraai-n32-h-01-agent-106:2762269:2763143 [0] NCCL INFO Channel 14/0 : 15[82000] -> 0[1000] [receive] via NET/IB/0
paraai-n32-h-01-agent-106:2762269:2763143 [0] NCCL INFO Channel 00 : 0[1000] -> 1[2000] via SHM/direct/direct
paraai-n32-h-01-agent-106:2762269:2763143 [0] NCCL INFO Channel 02 : 0[1000] -> 1[2000] via SHM/direct/direct
paraai-n32-h-01-agent-106:2762269:2763143 [0] NCCL INFO Channel 04 : 0[1000] -> 1[2000] via SHM/direct/direct
paraai-n32-h-01-agent-106:2762269:2763143 [0] NCCL INFO Channel 06 : 0[1000] -> 1[2000] via SHM/direct/direct
paraai-n32-h-01-agent-106:2762269:2763143 [0] NCCL INFO Channel 08 : 0[1000] -> 1[2000] via SHM/direct/direct
paraai-n32-h-01-agent-106:2762269:2763143 [0] NCCL INFO Channel 10 : 0[1000] -> 1[2000] via SHM/direct/direct
paraai-n32-h-01-agent-106:2762269:2763143 [0] NCCL INFO Channel 12 : 0[1000] -> 1[2000] via SHM/direct/direct
paraai-n32-h-01-agent-106:2762269:2763143 [0] NCCL INFO Channel 14 : 0[1000] -> 1[2000] via SHM/direct/direct
paraai-n32-h-01-agent-106:2762272:2763147 [3] NCCL INFO Channel 14/0 : 3[82000] -> 4[1000] [send] via NET/IB/1
paraai-n32-h-01-agent-106:2762271:2763146 [2] NCCL INFO Channel 01/0 : 12[1000] -> 2[81000] [receive] via NET/IB/1
paraai-n32-h-01-agent-106:2762269:2763198 [0] NCCL INFO NCCL_IB_GID_INDEX set by environment to 3.
paraai-n32-h-01-agent-106:2762271:2763146 [2] NCCL INFO Channel 03/0 : 12[1000] -> 2[81000] [receive] via NET/IB/1
paraai-n32-h-01-agent-106:2762271:2763146 [2] NCCL INFO Channel 05/0 : 12[1000] -> 2[81000] [receive] via NET/IB/1
paraai-n32-h-01-agent-106:2762271:2763146 [2] NCCL INFO Channel 07/0 : 12[1000] -> 2[81000] [receive] via NET/IB/1
paraai-n32-h-01-agent-106:2762269:2763143 [0] NCCL INFO Channel 01/0 : 0[1000] -> 6[81000] [send] via NET/IB/0
paraai-n32-h-01-agent-106:2762272:2763200 [3] NCCL INFO NCCL_IB_GID_INDEX set by environment to 3.
paraai-n32-h-01-agent-106:2762269:2763143 [0] NCCL INFO Channel 03/0 : 0[1000] -> 6[81000] [send] via NET/IB/0
paraai-n32-h-01-agent-106:2762269:2763143 [0] NCCL INFO Channel 05/0 : 0[1000] -> 6[81000] [send] via NET/IB/0
paraai-n32-h-01-agent-106:2762269:2763143 [0] NCCL INFO Channel 07/0 : 0[1000] -> 6[81000] [send] via NET/IB/0
paraai-n32-h-01-agent-106:2762269:2763143 [0] NCCL INFO Channel 09/0 : 0[1000] -> 6[81000] [send] via NET/IB/0
paraai-n32-h-01-agent-106:2762271:2763146 [2] NCCL INFO Channel 09/0 : 12[1000] -> 2[81000] [receive] via NET/IB/1
paraai-n32-h-01-agent-106:2762269:2763143 [0] NCCL INFO Channel 11/0 : 0[1000] -> 6[81000] [send] via NET/IB/0
paraai-n32-h-01-agent-106:2762272:2763147 [3] NCCL INFO Channel 01 : 3[82000] -> 1[2000] via SHM/direct/direct
paraai-n32-h-01-agent-106:2762272:2763147 [3] NCCL INFO Channel 03 : 3[82000] -> 1[2000] via SHM/direct/direct
paraai-n32-h-01-agent-106:2762272:2763147 [3] NCCL INFO Channel 05 : 3[82000] -> 1[2000] via SHM/direct/direct
paraai-n32-h-01-agent-106:2762272:2763147 [3] NCCL INFO Channel 07 : 3[82000] -> 1[2000] via SHM/direct/direct
paraai-n32-h-01-agent-106:2762272:2763147 [3] NCCL INFO Channel 09 : 3[82000] -> 1[2000] via SHM/direct/direct
paraai-n32-h-01-agent-106:2762272:2763147 [3] NCCL INFO Channel 11 : 3[82000] -> 1[2000] via SHM/direct/direct
paraai-n32-h-01-agent-106:2762272:2763147 [3] NCCL INFO Channel 13 : 3[82000] -> 1[2000] via SHM/direct/direct
paraai-n32-h-01-agent-106:2762272:2763147 [3] NCCL INFO Channel 15 : 3[82000] -> 1[2000] via SHM/direct/direct
paraai-n32-h-01-agent-106:2762272:2763147 [3] NCCL INFO Connected all rings
paraai-n32-h-01-agent-106:2762270:2763148 [1] NCCL INFO Channel 01 : 1[2000] -> 0[1000] via SHM/direct/direct
paraai-n32-h-01-agent-106:2762270:2763148 [1] NCCL INFO Channel 03 : 1[2000] -> 0[1000] via SHM/direct/direct
paraai-n32-h-01-agent-106:2762270:2763148 [1] NCCL INFO Channel 05 : 1[2000] -> 0[1000] via SHM/direct/direct
paraai-n32-h-01-agent-106:2762270:2763148 [1] NCCL INFO Channel 07 : 1[2000] -> 0[1000] via SHM/direct/direct
paraai-n32-h-01-agent-106:2762270:2763148 [1] NCCL INFO Channel 09 : 1[2000] -> 0[1000] via SHM/direct/direct
paraai-n32-h-01-agent-106:2762270:2763148 [1] NCCL INFO Channel 11 : 1[2000] -> 0[1000] via SHM/direct/direct
paraai-n32-h-01-agent-106:2762270:2763148 [1] NCCL INFO Channel 13 : 1[2000] -> 0[1000] via SHM/direct/direct
paraai-n32-h-01-agent-106:2762270:2763148 [1] NCCL INFO Channel 15 : 1[2000] -> 0[1000] via SHM/direct/direct
paraai-n32-h-01-agent-106:2762271:2763146 [2] NCCL INFO Channel 11/0 : 12[1000] -> 2[81000] [receive] via NET/IB/1
paraai-n32-h-01-agent-106:2762269:2763143 [0] NCCL INFO Channel 13/0 : 0[1000] -> 6[81000] [send] via NET/IB/0
paraai-n32-h-01-agent-106:2762269:2763143 [0] NCCL INFO Channel 15/0 : 0[1000] -> 6[81000] [send] via NET/IB/0
paraai-n32-h-01-agent-106:2762271:2763146 [2] NCCL INFO Channel 13/0 : 12[1000] -> 2[81000] [receive] via NET/IB/1
paraai-n32-h-01-agent-106:2762269:2763143 [0] NCCL INFO Connected all rings
paraai-n32-h-01-agent-106:2762269:2763143 [0] NCCL INFO Channel 01 : 0[1000] -> 1[2000] via SHM/direct/direct
paraai-n32-h-01-agent-106:2762269:2763143 [0] NCCL INFO Channel 03 : 0[1000] -> 1[2000] via SHM/direct/direct
paraai-n32-h-01-agent-106:2762269:2763143 [0] NCCL INFO Channel 05 : 0[1000] -> 1[2000] via SHM/direct/direct
paraai-n32-h-01-agent-106:2762269:2763143 [0] NCCL INFO Channel 07 : 0[1000] -> 1[2000] via SHM/direct/direct
paraai-n32-h-01-agent-106:2762269:2763143 [0] NCCL INFO Channel 09 : 0[1000] -> 1[2000] via SHM/direct/direct
paraai-n32-h-01-agent-106:2762269:2763143 [0] NCCL INFO Channel 11 : 0[1000] -> 1[2000] via SHM/direct/direct
paraai-n32-h-01-agent-106:2762269:2763143 [0] NCCL INFO Channel 13 : 0[1000] -> 1[2000] via SHM/direct/direct
paraai-n32-h-01-agent-106:2762269:2763143 [0] NCCL INFO Channel 15 : 0[1000] -> 1[2000] via SHM/direct/direct
paraai-n32-h-01-agent-106:2762270:2763148 [1] NCCL INFO Connected all rings
paraai-n32-h-01-agent-106:2762269:2763143 [0] NCCL INFO Channel 01 : 0[1000] -> 3[82000] via SHM/direct/direct
paraai-n32-h-01-agent-106:2762269:2763143 [0] NCCL INFO Channel 03 : 0[1000] -> 3[82000] via SHM/direct/direct
paraai-n32-h-01-agent-106:2762269:2763143 [0] NCCL INFO Channel 05 : 0[1000] -> 3[82000] via SHM/direct/direct
paraai-n32-h-01-agent-106:2762269:2763143 [0] NCCL INFO Channel 07 : 0[1000] -> 3[82000] via SHM/direct/direct
paraai-n32-h-01-agent-106:2762269:2763143 [0] NCCL INFO Channel 09 : 0[1000] -> 3[82000] via SHM/direct/direct
paraai-n32-h-01-agent-106:2762269:2763143 [0] NCCL INFO Channel 11 : 0[1000] -> 3[82000] via SHM/direct/direct
paraai-n32-h-01-agent-106:2762269:2763143 [0] NCCL INFO Channel 13 : 0[1000] -> 3[82000] via SHM/direct/direct
paraai-n32-h-01-agent-106:2762269:2763143 [0] NCCL INFO Channel 15 : 0[1000] -> 3[82000] via SHM/direct/direct
paraai-n32-h-01-agent-106:2762272:2763147 [3] NCCL INFO Channel 01 : 3[82000] -> 0[1000] via SHM/direct/direct
paraai-n32-h-01-agent-106:2762272:2763147 [3] NCCL INFO Channel 03 : 3[82000] -> 0[1000] via SHM/direct/direct
paraai-n32-h-01-agent-106:2762272:2763147 [3] NCCL INFO Channel 05 : 3[82000] -> 0[1000] via SHM/direct/direct
paraai-n32-h-01-agent-106:2762272:2763147 [3] NCCL INFO Channel 07 : 3[82000] -> 0[1000] via SHM/direct/direct
paraai-n32-h-01-agent-106:2762272:2763147 [3] NCCL INFO Channel 09 : 3[82000] -> 0[1000] via SHM/direct/direct
paraai-n32-h-01-agent-106:2762272:2763147 [3] NCCL INFO Channel 11 : 3[82000] -> 0[1000] via SHM/direct/direct
paraai-n32-h-01-agent-106:2762272:2763147 [3] NCCL INFO Channel 13 : 3[82000] -> 0[1000] via SHM/direct/direct
paraai-n32-h-01-agent-106:2762272:2763147 [3] NCCL INFO Channel 15 : 3[82000] -> 0[1000] via SHM/direct/direct
paraai-n32-h-01-agent-106:2762270:2763148 [1] NCCL INFO Channel 00 : 1[2000] -> 0[1000] via SHM/direct/direct
paraai-n32-h-01-agent-106:2762270:2763148 [1] NCCL INFO Channel 02 : 1[2000] -> 0[1000] via SHM/direct/direct
paraai-n32-h-01-agent-106:2762270:2763148 [1] NCCL INFO Channel 04 : 1[2000] -> 0[1000] via SHM/direct/direct
paraai-n32-h-01-agent-106:2762270:2763148 [1] NCCL INFO Channel 06 : 1[2000] -> 0[1000] via SHM/direct/direct
paraai-n32-h-01-agent-106:2762270:2763148 [1] NCCL INFO Channel 08 : 1[2000] -> 0[1000] via SHM/direct/direct
paraai-n32-h-01-agent-106:2762270:2763148 [1] NCCL INFO Channel 10 : 1[2000] -> 0[1000] via SHM/direct/direct
paraai-n32-h-01-agent-106:2762270:2763148 [1] NCCL INFO Channel 12 : 1[2000] -> 0[1000] via SHM/direct/direct
paraai-n32-h-01-agent-106:2762270:2763148 [1] NCCL INFO Channel 14 : 1[2000] -> 0[1000] via SHM/direct/direct
paraai-n32-h-01-agent-106:2762271:2763146 [2] NCCL INFO Channel 15/0 : 12[1000] -> 2[81000] [receive] via NET/IB/1
paraai-n32-h-01-agent-106:2762269:2763143 [0] NCCL INFO Channel 02/0 : 0[1000] -> 4[1000] [send] via NET/IB/0
paraai-n32-h-01-agent-106:2762269:2763143 [0] NCCL INFO Channel 06/0 : 0[1000] -> 4[1000] [send] via NET/IB/0
paraai-n32-h-01-agent-106:2762269:2763143 [0] NCCL INFO Channel 10/0 : 0[1000] -> 4[1000] [send] via NET/IB/0
paraai-n32-h-01-agent-106:2762271:2763199 [2] NCCL INFO NCCL_IB_GID_INDEX set by environment to 3.
paraai-n32-h-01-agent-106:2762269:2763143 [0] NCCL INFO Channel 14/0 : 0[1000] -> 4[1000] [send] via NET/IB/0
paraai-n32-h-01-agent-106:2762271:2763146 [2] NCCL INFO Connected all rings
paraai-n32-h-01-agent-106:2762271:2763146 [2] NCCL INFO Channel 03/0 : 2[81000] -> 6[81000] [send] via NET/IB/1
paraai-n32-h-01-agent-106:2762271:2763146 [2] NCCL INFO Channel 07/0 : 2[81000] -> 6[81000] [send] via NET/IB/1
paraai-n32-h-01-agent-106:2762271:2763146 [2] NCCL INFO Channel 11/0 : 2[81000] -> 6[81000] [send] via NET/IB/1
paraai-n32-h-01-agent-106:2762271:2763146 [2] NCCL INFO Channel 15/0 : 2[81000] -> 6[81000] [send] via NET/IB/1
paraai-n32-h-01-agent-106:2762271:2763146 [2] NCCL INFO Channel 01/0 : 10[81000] -> 2[81000] [receive] via NET/IB/1
paraai-n32-h-01-agent-106:2762271:2763146 [2] NCCL INFO Channel 05/0 : 10[81000] -> 2[81000] [receive] via NET/IB/1
paraai-n32-h-01-agent-106:2762271:2763146 [2] NCCL INFO Channel 09/0 : 10[81000] -> 2[81000] [receive] via NET/IB/1
paraai-n32-h-01-agent-106:2762269:2763143 [0] NCCL INFO Channel 00/0 : 8[1000] -> 0[1000] [receive] via NET/IB/0
paraai-n32-h-01-agent-106:2762271:2763146 [2] NCCL INFO Channel 13/0 : 10[81000] -> 2[81000] [receive] via NET/IB/1
paraai-n32-h-01-agent-106:2762269:2763143 [0] NCCL INFO Channel 04/0 : 8[1000] -> 0[1000] [receive] via NET/IB/0
paraai-n32-h-01-agent-106:2762271:2763146 [2] NCCL INFO Channel 01/0 : 2[81000] -> 10[81000] [send] via NET/IB/1
paraai-n32-h-01-agent-106:2762269:2763143 [0] NCCL INFO Channel 08/0 : 8[1000] -> 0[1000] [receive] via NET/IB/0
paraai-n32-h-01-agent-106:2762271:2763146 [2] NCCL INFO Channel 05/0 : 2[81000] -> 10[81000] [send] via NET/IB/1
paraai-n32-h-01-agent-106:2762269:2763143 [0] NCCL INFO Channel 12/0 : 8[1000] -> 0[1000] [receive] via NET/IB/0
paraai-n32-h-01-agent-106:2762269:2763143 [0] NCCL INFO Channel 00/0 : 0[1000] -> 8[1000] [send] via NET/IB/0
paraai-n32-h-01-agent-106:2762271:2763146 [2] NCCL INFO Channel 09/0 : 2[81000] -> 10[81000] [send] via NET/IB/1
paraai-n32-h-01-agent-106:2762271:2763146 [2] NCCL INFO Channel 13/0 : 2[81000] -> 10[81000] [send] via NET/IB/1
paraai-n32-h-01-agent-106:2762269:2763143 [0] NCCL INFO Channel 04/0 : 0[1000] -> 8[1000] [send] via NET/IB/0
paraai-n32-h-01-agent-106:2762269:2763143 [0] NCCL INFO Channel 08/0 : 0[1000] -> 8[1000] [send] via NET/IB/0
paraai-n32-h-01-agent-106:2762269:2763143 [0] NCCL INFO Channel 12/0 : 0[1000] -> 8[1000] [send] via NET/IB/0
paraai-n32-h-01-agent-106:2762271:2763146 [2] NCCL INFO Channel 03/0 : 6[81000] -> 2[81000] [receive] via NET/IB/1
paraai-n32-h-01-agent-106:2762269:2763143 [0] NCCL INFO Channel 02/0 : 4[1000] -> 0[1000] [receive] via NET/IB/0
paraai-n32-h-01-agent-106:2762271:2763146 [2] NCCL INFO Channel 07/0 : 6[81000] -> 2[81000] [receive] via NET/IB/1
paraai-n32-h-01-agent-106:2762269:2763143 [0] NCCL INFO Channel 06/0 : 4[1000] -> 0[1000] [receive] via NET/IB/0
paraai-n32-h-01-agent-106:2762271:2763146 [2] NCCL INFO Channel 11/0 : 6[81000] -> 2[81000] [receive] via NET/IB/1
paraai-n32-h-01-agent-106:2762269:2763143 [0] NCCL INFO Channel 10/0 : 4[1000] -> 0[1000] [receive] via NET/IB/0
paraai-n32-h-01-agent-106:2762271:2763146 [2] NCCL INFO Channel 15/0 : 6[81000] -> 2[81000] [receive] via NET/IB/1
paraai-n32-h-01-agent-106:2762269:2763143 [0] NCCL INFO Channel 14/0 : 4[1000] -> 0[1000] [receive] via NET/IB/0
paraai-n32-h-01-agent-106:2762271:2763146 [2] NCCL INFO Channel 00 : 2[81000] -> 1[2000] via SHM/direct/direct
paraai-n32-h-01-agent-106:2762271:2763146 [2] NCCL INFO Channel 02 : 2[81000] -> 1[2000] via SHM/direct/direct
paraai-n32-h-01-agent-106:2762271:2763146 [2] NCCL INFO Channel 04 : 2[81000] -> 1[2000] via SHM/direct/direct
paraai-n32-h-01-agent-106:2762271:2763146 [2] NCCL INFO Channel 06 : 2[81000] -> 1[2000] via SHM/direct/direct
paraai-n32-h-01-agent-106:2762271:2763146 [2] NCCL INFO Channel 08 : 2[81000] -> 1[2000] via SHM/direct/direct
paraai-n32-h-01-agent-106:2762271:2763146 [2] NCCL INFO Channel 10 : 2[81000] -> 1[2000] via SHM/direct/direct
paraai-n32-h-01-agent-106:2762271:2763146 [2] NCCL INFO Channel 12 : 2[81000] -> 1[2000] via SHM/direct/direct
paraai-n32-h-01-agent-106:2762271:2763146 [2] NCCL INFO Channel 14 : 2[81000] -> 1[2000] via SHM/direct/direct
paraai-n32-h-01-agent-106:2762269:2763143 [0] NCCL INFO Connected all trees
paraai-n32-h-01-agent-106:2762269:2763143 [0] NCCL INFO threadThresholds 8/8/64 | 128/8/64 | 512 | 512
paraai-n32-h-01-agent-106:2762269:2763143 [0] NCCL INFO 16 coll channels, 16 p2p channels, 2 p2p channels per peer
paraai-n32-h-01-agent-106:2762270:2763148 [1] NCCL INFO Connected all trees
paraai-n32-h-01-agent-106:2762270:2763148 [1] NCCL INFO threadThresholds 8/8/64 | 128/8/64 | 512 | 512
paraai-n32-h-01-agent-106:2762270:2763148 [1] NCCL INFO 16 coll channels, 16 p2p channels, 2 p2p channels per peer
paraai-n32-h-01-agent-106:2762272:2763147 [3] NCCL INFO Channel 00 : 3[82000] -> 2[81000] via SHM/direct/direct
paraai-n32-h-01-agent-106:2762272:2763147 [3] NCCL INFO Channel 01 : 3[82000] -> 2[81000] via SHM/direct/direct
paraai-n32-h-01-agent-106:2762272:2763147 [3] NCCL INFO Channel 02 : 3[82000] -> 2[81000] via SHM/direct/direct
paraai-n32-h-01-agent-106:2762272:2763147 [3] NCCL INFO Channel 03 : 3[82000] -> 2[81000] via SHM/direct/direct
paraai-n32-h-01-agent-106:2762272:2763147 [3] NCCL INFO Channel 04 : 3[82000] -> 2[81000] via SHM/direct/direct
paraai-n32-h-01-agent-106:2762272:2763147 [3] NCCL INFO Channel 05 : 3[82000] -> 2[81000] via SHM/direct/direct
paraai-n32-h-01-agent-106:2762272:2763147 [3] NCCL INFO Channel 06 : 3[82000] -> 2[81000] via SHM/direct/direct
paraai-n32-h-01-agent-106:2762272:2763147 [3] NCCL INFO Channel 07 : 3[82000] -> 2[81000] via SHM/direct/direct
paraai-n32-h-01-agent-106:2762272:2763147 [3] NCCL INFO Channel 08 : 3[82000] -> 2[81000] via SHM/direct/direct
paraai-n32-h-01-agent-106:2762272:2763147 [3] NCCL INFO Channel 09 : 3[82000] -> 2[81000] via SHM/direct/direct
paraai-n32-h-01-agent-106:2762272:2763147 [3] NCCL INFO Channel 10 : 3[82000] -> 2[81000] via SHM/direct/direct
paraai-n32-h-01-agent-106:2762272:2763147 [3] NCCL INFO Channel 11 : 3[82000] -> 2[81000] via SHM/direct/direct
paraai-n32-h-01-agent-106:2762272:2763147 [3] NCCL INFO Channel 12 : 3[82000] -> 2[81000] via SHM/direct/direct
paraai-n32-h-01-agent-106:2762272:2763147 [3] NCCL INFO Channel 13 : 3[82000] -> 2[81000] via SHM/direct/direct
paraai-n32-h-01-agent-106:2762272:2763147 [3] NCCL INFO Channel 14 : 3[82000] -> 2[81000] via SHM/direct/direct
paraai-n32-h-01-agent-106:2762272:2763147 [3] NCCL INFO Channel 15 : 3[82000] -> 2[81000] via SHM/direct/direct
paraai-n32-h-01-agent-106:2762271:2763146 [2] NCCL INFO Connected all trees
paraai-n32-h-01-agent-106:2762271:2763146 [2] NCCL INFO threadThresholds 8/8/64 | 128/8/64 | 512 | 512
paraai-n32-h-01-agent-106:2762271:2763146 [2] NCCL INFO 16 coll channels, 16 p2p channels, 2 p2p channels per peer
paraai-n32-h-01-agent-106:2762272:2763147 [3] NCCL INFO Connected all trees
paraai-n32-h-01-agent-106:2762272:2763147 [3] NCCL INFO threadThresholds 8/8/64 | 128/8/64 | 512 | 512
paraai-n32-h-01-agent-106:2762272:2763147 [3] NCCL INFO 16 coll channels, 16 p2p channels, 2 p2p channels per peer
paraai-n32-h-01-agent-106:2762271:2763146 [2] NCCL INFO comm 0x42e2eac0 rank 2 nranks 16 cudaDev 2 busId 81000 - Init COMPLETE
paraai-n32-h-01-agent-106:2762269:2763143 [0] NCCL INFO comm 0x1f344dc0 rank 0 nranks 16 cudaDev 0 busId 1000 - Init COMPLETE
paraai-n32-h-01-agent-106:2762270:2763148 [1] NCCL INFO comm 0x13cc1300 rank 1 nranks 16 cudaDev 1 busId 2000 - Init COMPLETE
paraai-n32-h-01-agent-106:2762272:2763147 [3] NCCL INFO comm 0x28f7a4c0 rank 3 nranks 16 cudaDev 3 busId 82000 - Init COMPLETE
2023-07-08 11:19:53,106 - root - INFO - Number of trainable model parameters: 113891901
2023-07-08 11:19:53,107 - root - INFO - Starting Training Loop...
2023-07-08 11:33:18,954 - root - INFO - validating...
2023-07-08 11:33:18,955 - root - INFO - validating...
2023-07-08 11:33:18,955 - root - INFO - validating...
2023-07-08 11:33:18,956 - root - INFO - validating...
2023-07-08 11:34:21,412 - root - INFO - Val loss improved from 1000000.0 to 0.49112483859062195
2023-07-08 11:34:23,216 - root - INFO - Time taken for epoch 1 is 870.1092660427094 sec
2023-07-08 11:34:23,217 - root - INFO - train data time=0.0071871280670166016, train step time=225.35213017463684, valid step time=60.78305792808533
2023-07-08 11:34:23,218 - root - INFO - Train loss: 0.49115025997161865. Valid loss: 0.49112483859062195
2023-07-08 11:47:40,664 - root - INFO - validating...
2023-07-08 11:47:40,666 - root - INFO - validating...
2023-07-08 11:47:40,667 - root - INFO - validating...
2023-07-08 11:47:40,668 - root - INFO - validating...
2023-07-08 11:48:43,899 - root - INFO - Val loss improved from 0.49112483859062195 to 0.3907044231891632
2023-07-08 11:48:46,260 - root - INFO - Time taken for epoch 2 is 863.0424265861511 sec
2023-07-08 11:48:46,261 - root - INFO - train data time=0.0074214935302734375, train step time=198.29785060882568, valid step time=61.056310176849365
2023-07-08 11:48:46,261 - root - INFO - Train loss: 0.38907590508461. Valid loss: 0.3907044231891632
2023-07-08 12:02:04,826 - root - INFO - validating...
2023-07-08 12:02:04,825 - root - INFO - validating...
2023-07-08 12:02:04,826 - root - INFO - validating...
2023-07-08 12:02:04,826 - root - INFO - validating...
2023-07-08 12:03:06,487 - root - INFO - Val loss improved from 0.3907044231891632 to 0.35853907465934753
2023-07-08 12:03:07,935 - root - INFO - Time taken for epoch 3 is 861.6728999614716 sec
2023-07-08 12:03:07,935 - root - INFO - train data time=0.008974313735961914, train step time=212.22833442687988, valid step time=60.13839387893677
2023-07-08 12:03:07,936 - root - INFO - Train loss: 0.34940972924232483. Valid loss: 0.35853907465934753
2023-07-08 12:16:28,195 - root - INFO - validating...
2023-07-08 12:16:28,195 - root - INFO - validating...
2023-07-08 12:16:28,196 - root - INFO - validating...
2023-07-08 12:16:28,198 - root - INFO - validating...
2023-07-08 12:17:28,997 - root - INFO - Val loss improved from 0.35853907465934753 to 0.33514735102653503
2023-07-08 12:17:30,494 - root - INFO - Time taken for epoch 4 is 862.5581839084625 sec
2023-07-08 12:17:30,495 - root - INFO - train data time=0.012140274047851562, train step time=194.91924262046814, valid step time=59.306708097457886
2023-07-08 12:17:30,495 - root - INFO - Train loss: 0.3294699192047119. Valid loss: 0.33514735102653503
2023-07-08 12:30:51,977 - root - INFO - validating...
2023-07-08 12:30:51,977 - root - INFO - validating...
2023-07-08 12:30:51,977 - root - INFO - validating...
2023-07-08 12:30:51,978 - root - INFO - validating...
2023-07-08 12:31:53,176 - root - INFO - Val loss improved from 0.33514735102653503 to 0.32000482082366943
2023-07-08 12:31:54,666 - root - INFO - Time taken for epoch 5 is 864.171138048172 sec
2023-07-08 12:31:54,667 - root - INFO - train data time=0.006252288818359375, train step time=222.93376350402832, valid step time=59.714109659194946
2023-07-08 12:31:54,667 - root - INFO - Train loss: 0.312668114900589. Valid loss: 0.32000482082366943
2023-07-08 12:45:22,343 - root - INFO - validating...
2023-07-08 12:45:22,344 - root - INFO - validating...
2023-07-08 12:45:22,344 - root - INFO - validating...
2023-07-08 12:45:22,346 - root - INFO - validating...
2023-07-08 12:46:24,760 - root - INFO - Val loss improved from 0.32000482082366943 to 0.3096061944961548
2023-07-08 12:46:26,362 - root - INFO - Time taken for epoch 6 is 871.6949257850647 sec
2023-07-08 12:46:26,363 - root - INFO - train data time=0.007642030715942383, train step time=208.45517373085022, valid step time=60.805108308792114
2023-07-08 12:46:26,364 - root - INFO - Train loss: 0.30069538950920105. Valid loss: 0.3096061944961548
2023-07-08 12:59:50,224 - root - INFO - validating...
2023-07-08 12:59:50,224 - root - INFO - validating...
2023-07-08 12:59:50,225 - root - INFO - validating...
2023-07-08 12:59:50,227 - root - INFO - validating...
2023-07-08 13:00:52,122 - root - INFO - Val loss improved from 0.3096061944961548 to 0.3006265163421631
2023-07-08 13:00:54,205 - root - INFO - Time taken for epoch 7 is 867.8405265808105 sec
2023-07-08 13:00:54,206 - root - INFO - train data time=0.009496688842773438, train step time=210.09637212753296, valid step time=60.24208974838257
2023-07-08 13:00:54,206 - root - INFO - Train loss: 0.2913500964641571. Valid loss: 0.3006265163421631
2023-07-08 13:14:13,233 - root - INFO - validating...
2023-07-08 13:14:13,234 - root - INFO - validating...
2023-07-08 13:14:13,235 - root - INFO - validating...
2023-07-08 13:14:13,236 - root - INFO - validating...
2023-07-08 13:15:14,418 - root - INFO - Time taken for epoch 8 is 860.2116136550903 sec
2023-07-08 13:15:14,419 - root - INFO - train data time=0.007208824157714844, train step time=204.98868465423584, valid step time=59.45398426055908
2023-07-08 13:15:14,419 - root - INFO - Train loss: 0.6234291791915894. Valid loss: 0.6233747601509094
2023-07-08 13:28:31,953 - root - INFO - validating...
2023-07-08 13:28:31,953 - root - INFO - validating...
2023-07-08 13:28:31,954 - root - INFO - validating...
2023-07-08 13:28:31,955 - root - INFO - validating...
2023-07-08 13:29:34,091 - root - INFO - Time taken for epoch 9 is 859.6713616847992 sec
2023-07-08 13:29:34,092 - root - INFO - train data time=0.005588531494140625, train step time=231.8086109161377, valid step time=60.67751216888428
2023-07-08 13:29:34,092 - root - INFO - Train loss: 0.3806995451450348. Valid loss: 0.4025626480579376
2023-07-08 13:42:56,859 - root - INFO - validating...
2023-07-08 13:42:56,859 - root - INFO - validating...
2023-07-08 13:42:56,862 - root - INFO - validating...
2023-07-08 13:42:56,863 - root - INFO - validating...
2023-07-08 13:43:58,451 - root - INFO - Time taken for epoch 10 is 864.35830950737 sec
2023-07-08 13:43:58,452 - root - INFO - train data time=0.009137392044067383, train step time=211.44788932800293, valid step time=59.98404669761658
2023-07-08 13:43:58,452 - root - INFO - Train loss: 0.31941136717796326. Valid loss: 0.34145209193229675
2023-07-08 13:57:20,991 - root - INFO - validating...
2023-07-08 13:57:20,992 - root - INFO - validating...
2023-07-08 13:57:20,992 - root - INFO - validating...
2023-07-08 13:57:20,992 - root - INFO - validating...
2023-07-08 13:58:22,302 - root - INFO - Time taken for epoch 11 is 863.849454164505 sec
2023-07-08 13:58:22,302 - root - INFO - train data time=0.005552530288696289, train step time=210.00729751586914, valid step time=59.657798051834106
2023-07-08 13:58:22,303 - root - INFO - Train loss: 0.3004787862300873. Valid loss: 0.30759936571121216
2023-07-08 14:11:40,198 - root - INFO - validating...
2023-07-08 14:11:40,199 - root - INFO - validating...
2023-07-08 14:11:40,200 - root - INFO - validating...
2023-07-08 14:11:40,200 - root - INFO - validating...
2023-07-08 14:12:42,550 - root - INFO - Time taken for epoch 12 is 860.2470257282257 sec
2023-07-08 14:12:42,551 - root - INFO - train data time=0.005598545074462891, train step time=206.08882093429565, valid step time=60.68606901168823
2023-07-08 14:12:42,551 - root - INFO - Train loss: 0.29083600640296936. Valid loss: 0.317084938287735
2023-07-08 14:26:04,405 - root - INFO - validating...
2023-07-08 14:26:04,406 - root - INFO - validating...
2023-07-08 14:26:04,406 - root - INFO - validating...
2023-07-08 14:26:04,407 - root - INFO - validating...
2023-07-08 14:27:06,731 - root - INFO - Time taken for epoch 13 is 864.1796572208405 sec
2023-07-08 14:27:06,732 - root - INFO - train data time=0.00840306282043457, train step time=201.5681643486023, valid step time=60.75756573677063
2023-07-08 14:27:06,732 - root - INFO - Train loss: 0.28753137588500977. Valid loss: 0.31108635663986206
2023-07-08 14:40:28,231 - root - INFO - validating...
2023-07-08 14:40:28,232 - root - INFO - validating...
2023-07-08 14:40:28,235 - root - INFO - validating...
2023-07-08 14:40:28,235 - root - INFO - validating...
2023-07-08 14:41:30,310 - root - INFO - Time taken for epoch 14 is 863.5773816108704 sec
2023-07-08 14:41:30,311 - root - INFO - train data time=0.007501840591430664, train step time=206.58605074882507, valid step time=60.469696044921875
2023-07-08 14:41:30,311 - root - INFO - Train loss: 0.2824566662311554. Valid loss: 0.307362824678421
2023-07-08 14:54:53,342 - root - INFO - validating...
2023-07-08 14:54:53,345 - root - INFO - validating...
2023-07-08 14:54:53,345 - root - INFO - validating...
2023-07-08 14:54:53,346 - root - INFO - validating...
2023-07-08 14:55:55,222 - root - INFO - Val loss improved from 0.3006265163421631 to 0.286016047000885
2023-07-08 14:55:56,760 - root - INFO - Time taken for epoch 15 is 866.4487226009369 sec
2023-07-08 14:55:56,760 - root - INFO - train data time=0.06109762191772461, train step time=212.2142412662506, valid step time=60.131630420684814
2023-07-08 14:55:56,761 - root - INFO - Train loss: 0.2809981405735016. Valid loss: 0.286016047000885
2023-07-08 15:09:23,641 - root - INFO - validating...
2023-07-08 15:09:23,642 - root - INFO - validating...
2023-07-08 15:09:23,642 - root - INFO - validating...
2023-07-08 15:09:23,644 - root - INFO - validating...
2023-07-08 15:10:26,199 - root - INFO - Val loss improved from 0.286016047000885 to 0.2829626202583313
2023-07-08 15:10:28,713 - root - INFO - Time taken for epoch 16 is 871.9524772167206 sec
2023-07-08 15:10:28,714 - root - INFO - train data time=0.007402658462524414, train step time=231.6582202911377, valid step time=60.86272931098938
2023-07-08 15:10:28,714 - root - INFO - Train loss: 0.2719569206237793. Valid loss: 0.2829626202583313
2023-07-08 15:23:55,046 - root - INFO - validating...
2023-07-08 15:23:55,046 - root - INFO - validating...
2023-07-08 15:23:55,047 - root - INFO - validating...
2023-07-08 15:23:55,049 - root - INFO - validating...
2023-07-08 15:24:57,392 - root - INFO - Val loss improved from 0.2829626202583313 to 0.2795344889163971
2023-07-08 15:24:59,129 - root - INFO - Time taken for epoch 17 is 870.4144570827484 sec
2023-07-08 15:24:59,130 - root - INFO - train data time=0.008068323135375977, train step time=205.13496160507202, valid step time=60.7560179233551
2023-07-08 15:24:59,130 - root - INFO - Train loss: 0.2793562710285187. Valid loss: 0.2795344889163971
2023-07-08 15:38:23,585 - root - INFO - validating...
2023-07-08 15:38:23,585 - root - INFO - validating...
2023-07-08 15:38:23,585 - root - INFO - validating...
2023-07-08 15:38:23,587 - root - INFO - validating...
2023-07-08 15:39:24,775 - root - INFO - Val loss improved from 0.2795344889163971 to 0.2768358886241913
2023-07-08 15:39:26,569 - root - INFO - Time taken for epoch 18 is 867.4386937618256 sec
2023-07-08 15:39:26,570 - root - INFO - train data time=0.005681753158569336, train step time=205.74205923080444, valid step time=59.68854594230652
2023-07-08 15:39:26,570 - root - INFO - Train loss: 0.2675440311431885. Valid loss: 0.2768358886241913
2023-07-08 15:52:48,011 - root - INFO - validating...
2023-07-08 15:52:48,012 - root - INFO - validating...
2023-07-08 15:52:48,013 - root - INFO - validating...
2023-07-08 15:52:48,014 - root - INFO - validating...
2023-07-08 15:53:49,366 - root - INFO - Val loss improved from 0.2768358886241913 to 0.2730344235897064
2023-07-08 15:53:50,857 - root - INFO - Time taken for epoch 19 is 864.2867798805237 sec
2023-07-08 15:53:50,857 - root - INFO - train data time=0.0077250003814697266, train step time=218.4727120399475, valid step time=59.82081580162048
2023-07-08 15:53:50,858 - root - INFO - Train loss: 0.26732444763183594. Valid loss: 0.2730344235897064
2023-07-08 16:07:07,636 - root - INFO - validating...
2023-07-08 16:07:07,636 - root - INFO - validating...
2023-07-08 16:07:07,637 - root - INFO - validating...
2023-07-08 16:07:07,639 - root - INFO - validating...
2023-07-08 16:08:09,148 - root - INFO - Val loss improved from 0.2730344235897064 to 0.271721214056015
2023-07-08 16:08:10,905 - root - INFO - Time taken for epoch 20 is 860.046689748764 sec
2023-07-08 16:08:10,905 - root - INFO - train data time=0.00873422622680664, train step time=199.25206470489502, valid step time=59.95845174789429
2023-07-08 16:08:10,905 - root - INFO - Train loss: 0.27097949385643005. Valid loss: 0.271721214056015
2023-07-08 16:21:30,390 - root - INFO - validating...
2023-07-08 16:21:30,392 - root - INFO - validating...
2023-07-08 16:21:30,392 - root - INFO - validating...
2023-07-08 16:21:30,393 - root - INFO - validating...
2023-07-08 16:22:33,382 - root - INFO - Val loss improved from 0.271721214056015 to 0.26690712571144104
2023-07-08 16:22:35,167 - root - INFO - Time taken for epoch 21 is 864.2620050907135 sec
2023-07-08 16:22:35,168 - root - INFO - train data time=0.008134841918945312, train step time=206.4382677078247, valid step time=61.2641077041626
2023-07-08 16:22:35,168 - root - INFO - Train loss: 0.283434122800827. Valid loss: 0.26690712571144104
2023-07-08 16:35:51,305 - root - INFO - validating...
2023-07-08 16:35:51,305 - root - INFO - validating...
2023-07-08 16:35:51,307 - root - INFO - validating...
2023-07-08 16:35:51,308 - root - INFO - validating...
2023-07-08 16:36:53,627 - root - INFO - Time taken for epoch 22 is 858.4588575363159 sec
2023-07-08 16:36:53,628 - root - INFO - train data time=0.0068209171295166016, train step time=201.908029794693, valid step time=60.70040798187256
2023-07-08 16:36:53,628 - root - INFO - Train loss: 0.257889062166214. Valid loss: 0.2672315835952759
2023-07-08 16:50:15,506 - root - INFO - validating...
2023-07-08 16:50:15,506 - root - INFO - validating...
2023-07-08 16:50:15,508 - root - INFO - validating...
2023-07-08 16:50:15,509 - root - INFO - validating...
2023-07-08 16:51:18,069 - root - INFO - Val loss improved from 0.26690712571144104 to 0.26508089900016785
2023-07-08 16:51:19,554 - root - INFO - Time taken for epoch 23 is 865.925258398056 sec
2023-07-08 16:51:19,554 - root - INFO - train data time=0.00830221176147461, train step time=212.6360421180725, valid step time=60.620628118515015
2023-07-08 16:51:19,555 - root - INFO - Train loss: 0.2609579563140869. Valid loss: 0.26508089900016785
2023-07-08 17:04:43,634 - root - INFO - validating...
2023-07-08 17:04:43,634 - root - INFO - validating...
2023-07-08 17:04:43,634 - root - INFO - validating...
2023-07-08 17:04:43,637 - root - INFO - validating...
2023-07-08 17:05:45,787 - root - INFO - Val loss improved from 0.26508089900016785 to 0.263867050409317
2023-07-08 17:05:47,910 - root - INFO - Time taken for epoch 24 is 868.3554692268372 sec
2023-07-08 17:05:47,911 - root - INFO - train data time=0.009362220764160156, train step time=208.76880502700806, valid step time=60.70632553100586
2023-07-08 17:05:47,911 - root - INFO - Train loss: 0.2667061686515808. Valid loss: 0.263867050409317
2023-07-08 17:19:12,203 - root - INFO - validating...
2023-07-08 17:19:12,203 - root - INFO - validating...
2023-07-08 17:19:12,204 - root - INFO - validating...
2023-07-08 17:19:12,204 - root - INFO - validating...
2023-07-08 17:20:14,384 - root - INFO - Val loss improved from 0.263867050409317 to 0.26005661487579346
2023-07-08 17:20:16,032 - root - INFO - Time taken for epoch 25 is 868.1204309463501 sec
2023-07-08 17:20:16,032 - root - INFO - train data time=0.0061147212982177734, train step time=237.24375915527344, valid step time=60.560343980789185
2023-07-08 17:20:16,033 - root - INFO - Train loss: 0.24922363460063934. Valid loss: 0.26005661487579346
2023-07-08 17:33:38,836 - root - INFO - validating...
2023-07-08 17:33:38,836 - root - INFO - validating...
2023-07-08 17:33:38,836 - root - INFO - validating...
2023-07-08 17:33:38,838 - root - INFO - validating...
2023-07-08 17:34:41,706 - root - INFO - Time taken for epoch 26 is 865.6734125614166 sec
2023-07-08 17:34:41,707 - root - INFO - train data time=0.010055303573608398, train step time=203.06142354011536, valid step time=61.27678036689758
2023-07-08 17:34:41,707 - root - INFO - Train loss: 0.25049468874931335. Valid loss: 0.26061713695526123
2023-07-08 17:47:59,631 - root - INFO - validating...
2023-07-08 17:47:59,630 - root - INFO - validating...
2023-07-08 17:47:59,632 - root - INFO - validating...
2023-07-08 17:47:59,633 - root - INFO - validating...
2023-07-08 17:49:01,546 - root - INFO - Val loss improved from 0.26005661487579346 to 0.2587740421295166
2023-07-08 17:49:03,203 - root - INFO - Time taken for epoch 27 is 861.495171546936 sec
2023-07-08 17:49:03,203 - root - INFO - train data time=0.008226871490478516, train step time=208.97546005249023, valid step time=59.85188865661621
2023-07-08 17:49:03,204 - root - INFO - Train loss: 0.24839915335178375. Valid loss: 0.2587740421295166
2023-07-08 18:02:20,961 - root - INFO - validating...
2023-07-08 18:02:20,961 - root - INFO - validating...
2023-07-08 18:02:20,962 - root - INFO - validating...
2023-07-08 18:02:20,962 - root - INFO - validating...
2023-07-08 18:03:22,642 - root - INFO - Val loss improved from 0.2587740421295166 to 0.25627562403678894
2023-07-08 18:03:24,589 - root - INFO - Time taken for epoch 28 is 861.3856110572815 sec
2023-07-08 18:03:24,590 - root - INFO - train data time=0.008326530456542969, train step time=199.3856611251831, valid step time=59.902665853500366
2023-07-08 18:03:24,590 - root - INFO - Train loss: 0.24899433553218842. Valid loss: 0.25627562403678894
2023-07-08 18:16:46,257 - root - INFO - validating...
2023-07-08 18:16:46,257 - root - INFO - validating...
2023-07-08 18:16:46,258 - root - INFO - validating...
2023-07-08 18:16:46,259 - root - INFO - validating...
2023-07-08 18:17:48,568 - root - INFO - Val loss improved from 0.25627562403678894 to 0.2557876408100128
2023-07-08 18:17:50,819 - root - INFO - Time taken for epoch 29 is 866.2290058135986 sec
2023-07-08 18:17:50,820 - root - INFO - train data time=0.007067441940307617, train step time=207.87963557243347, valid step time=60.62168335914612
2023-07-08 18:17:50,820 - root - INFO - Train loss: 0.250524640083313. Valid loss: 0.2557876408100128
2023-07-08 18:31:17,031 - root - INFO - validating...
2023-07-08 18:31:17,031 - root - INFO - validating...
2023-07-08 18:31:17,032 - root - INFO - validating...
2023-07-08 18:31:17,033 - root - INFO - validating...
2023-07-08 18:32:19,185 - root - INFO - Time taken for epoch 30 is 868.3646292686462 sec
2023-07-08 18:32:19,186 - root - INFO - train data time=0.010936260223388672, train step time=218.04285049438477, valid step time=60.310715198516846
2023-07-08 18:32:19,186 - root - INFO - Train loss: 0.24401892721652985. Valid loss: 0.25701987743377686
2023-07-08 18:45:40,573 - root - INFO - validating...
2023-07-08 18:45:40,573 - root - INFO - validating...
2023-07-08 18:45:40,574 - root - INFO - validating...
2023-07-08 18:45:40,576 - root - INFO - validating...
2023-07-08 18:46:42,625 - root - INFO - Val loss improved from 0.2557876408100128 to 0.25478771328926086
2023-07-08 18:46:44,693 - root - INFO - Time taken for epoch 31 is 865.5062301158905 sec
2023-07-08 18:46:44,693 - root - INFO - train data time=0.00541234016418457, train step time=203.99509358406067, valid step time=60.42587494850159
2023-07-08 18:46:44,693 - root - INFO - Train loss: 0.24129998683929443. Valid loss: 0.25478771328926086
2023-07-08 19:00:03,357 - root - INFO - validating...
2023-07-08 19:00:03,357 - root - INFO - validating...
2023-07-08 19:00:03,360 - root - INFO - validating...
2023-07-08 19:00:03,360 - root - INFO - validating...
2023-07-08 19:01:05,901 - root - INFO - Val loss improved from 0.25478771328926086 to 0.25082552433013916
2023-07-08 19:01:07,513 - root - INFO - Time taken for epoch 32 is 862.8190226554871 sec
2023-07-08 19:01:07,513 - root - INFO - train data time=0.005625009536743164, train step time=206.67757034301758, valid step time=60.928035736083984
2023-07-08 19:01:07,514 - root - INFO - Train loss: 0.24595390260219574. Valid loss: 0.25082552433013916
2023-07-08 19:14:31,857 - root - INFO - validating...
2023-07-08 19:14:31,857 - root - INFO - validating...
2023-07-08 19:14:31,857 - root - INFO - validating...
2023-07-08 19:14:31,859 - root - INFO - validating...
2023-07-08 19:15:34,088 - root - INFO - Time taken for epoch 33 is 866.5741536617279 sec
2023-07-08 19:15:34,089 - root - INFO - train data time=0.004938602447509766, train step time=201.2124946117401, valid step time=60.470338344573975
2023-07-08 19:15:34,089 - root - INFO - Train loss: 0.2591474652290344. Valid loss: 0.2517872154712677
2023-07-08 19:28:57,874 - root - INFO - validating...
2023-07-08 19:28:57,877 - root - INFO - validating...
2023-07-08 19:28:57,877 - root - INFO - validating...
2023-07-08 19:28:57,877 - root - INFO - validating...
2023-07-08 19:30:00,435 - root - INFO - Time taken for epoch 34 is 866.3462843894958 sec
2023-07-08 19:30:00,436 - root - INFO - train data time=0.004960298538208008, train step time=204.82321000099182, valid step time=60.90946054458618
2023-07-08 19:30:00,436 - root - INFO - Train loss: 0.23995622992515564. Valid loss: 0.25092580914497375
2023-07-08 19:43:18,505 - root - INFO - validating...
2023-07-08 19:43:18,506 - root - INFO - validating...
2023-07-08 19:43:18,507 - root - INFO - validating...
2023-07-08 19:43:18,509 - root - INFO - validating...
2023-07-08 19:44:19,990 - root - INFO - Val loss improved from 0.25082552433013916 to 0.24962306022644043
2023-07-08 19:44:22,097 - root - INFO - Time taken for epoch 35 is 861.6608414649963 sec
2023-07-08 19:44:22,098 - root - INFO - train data time=0.005423307418823242, train step time=200.97013115882874, valid step time=59.82232737541199
2023-07-08 19:44:22,098 - root - INFO - Train loss: 0.2495621144771576. Valid loss: 0.24962306022644043
2023-07-08 19:57:45,746 - root - INFO - validating...
2023-07-08 19:57:45,746 - root - INFO - validating...
2023-07-08 19:57:45,747 - root - INFO - validating...
2023-07-08 19:57:45,748 - root - INFO - validating...
2023-07-08 19:58:47,757 - root - INFO - Val loss improved from 0.24962306022644043 to 0.24876262247562408
2023-07-08 19:58:49,702 - root - INFO - Time taken for epoch 36 is 867.6033639907837 sec
2023-07-08 19:58:49,702 - root - INFO - train data time=0.004799604415893555, train step time=202.90055775642395, valid step time=60.40558385848999
2023-07-08 19:58:49,703 - root - INFO - Train loss: 0.23602375388145447. Valid loss: 0.24876262247562408
2023-07-08 20:12:08,020 - root - INFO - validating...
2023-07-08 20:12:08,022 - root - INFO - validating...
2023-07-08 20:12:08,023 - root - INFO - validating...
2023-07-08 20:12:08,023 - root - INFO - validating...
2023-07-08 20:13:09,727 - root - INFO - Val loss improved from 0.24876262247562408 to 0.24806629121303558
2023-07-08 20:13:11,346 - root - INFO - Time taken for epoch 37 is 861.6425116062164 sec
2023-07-08 20:13:11,346 - root - INFO - train data time=0.005584239959716797, train step time=203.4047749042511, valid step time=60.119657039642334
2023-07-08 20:13:11,347 - root - INFO - Train loss: 0.23359127342700958. Valid loss: 0.24806629121303558
2023-07-08 20:26:33,388 - root - INFO - validating...
2023-07-08 20:26:33,391 - root - INFO - validating...
2023-07-08 20:26:33,391 - root - INFO - validating...
2023-07-08 20:26:33,393 - root - INFO - validating...
2023-07-08 20:27:35,542 - root - INFO - Val loss improved from 0.24806629121303558 to 0.248025044798851
2023-07-08 20:27:37,611 - root - INFO - Time taken for epoch 38 is 866.2646152973175 sec
2023-07-08 20:27:37,612 - root - INFO - train data time=0.005301475524902344, train step time=220.15100836753845, valid step time=60.56062841415405
2023-07-08 20:27:37,612 - root - INFO - Train loss: 0.23688344657421112. Valid loss: 0.248025044798851
2023-07-08 20:41:01,140 - root - INFO - validating...
2023-07-08 20:41:01,140 - root - INFO - validating...
2023-07-08 20:41:01,141 - root - INFO - validating...
2023-07-08 20:41:01,142 - root - INFO - validating...
2023-07-08 20:42:03,545 - root - INFO - Val loss improved from 0.248025044798851 to 0.2466808408498764
2023-07-08 20:42:05,135 - root - INFO - Time taken for epoch 39 is 867.5222523212433 sec
2023-07-08 20:42:05,138 - root - INFO - train data time=0.005792856216430664, train step time=210.3346881866455, valid step time=60.688390254974365
2023-07-08 20:42:05,138 - root - INFO - Train loss: 0.23269404470920563. Valid loss: 0.2466808408498764
2023-07-08 20:55:25,959 - root - INFO - validating...
2023-07-08 20:55:25,960 - root - INFO - validating...
2023-07-08 20:55:25,960 - root - INFO - validating...
2023-07-08 20:55:25,960 - root - INFO - validating...
2023-07-08 20:56:27,780 - root - INFO - Val loss improved from 0.2466808408498764 to 0.2462947964668274
2023-07-08 20:56:29,974 - root - INFO - Time taken for epoch 40 is 864.8361384868622 sec
2023-07-08 20:56:29,975 - root - INFO - train data time=0.005626678466796875, train step time=197.2217926979065, valid step time=60.32274913787842
2023-07-08 20:56:29,975 - root - INFO - Train loss: 0.23786383867263794. Valid loss: 0.2462947964668274
2023-07-08 21:09:52,279 - root - INFO - validating...
2023-07-08 21:09:52,280 - root - INFO - validating...
2023-07-08 21:09:52,281 - root - INFO - validating...
2023-07-08 21:09:52,282 - root - INFO - validating...
2023-07-08 21:10:54,880 - root - INFO - Val loss improved from 0.2462947964668274 to 0.2457568496465683
2023-07-08 21:10:56,709 - root - INFO - Time taken for epoch 41 is 866.7333436012268 sec
2023-07-08 21:10:56,709 - root - INFO - train data time=0.0045623779296875, train step time=200.35485219955444, valid step time=61.11666464805603
2023-07-08 21:10:56,709 - root - INFO - Train loss: 0.22869552671909332. Valid loss: 0.2457568496465683
2023-07-08 21:24:17,553 - root - INFO - validating...
2023-07-08 21:24:17,554 - root - INFO - validating...
2023-07-08 21:24:17,555 - root - INFO - validating...
2023-07-08 21:24:17,557 - root - INFO - validating...
2023-07-08 21:25:20,774 - root - INFO - Val loss improved from 0.2457568496465683 to 0.2446601390838623
2023-07-08 21:25:22,819 - root - INFO - Time taken for epoch 42 is 866.1087849140167 sec
2023-07-08 21:25:22,819 - root - INFO - train data time=0.005489349365234375, train step time=197.64611101150513, valid step time=61.643728494644165
2023-07-08 21:25:22,820 - root - INFO - Train loss: 0.2402978241443634. Valid loss: 0.2446601390838623
2023-07-08 21:38:43,725 - root - INFO - validating...
2023-07-08 21:38:43,725 - root - INFO - validating...
2023-07-08 21:38:43,726 - root - INFO - validating...
2023-07-08 21:38:43,728 - root - INFO - validating...
2023-07-08 21:39:46,121 - root - INFO - Val loss improved from 0.2446601390838623 to 0.24445396661758423
2023-07-08 21:39:47,813 - root - INFO - Time taken for epoch 43 is 864.9930965900421 sec
2023-07-08 21:39:47,813 - root - INFO - train data time=0.005227804183959961, train step time=203.38037085533142, valid step time=60.62638735771179
2023-07-08 21:39:47,814 - root - INFO - Train loss: 0.23280441761016846. Valid loss: 0.24445396661758423
2023-07-08 21:53:05,406 - root - INFO - validating...
2023-07-08 21:53:05,406 - root - INFO - validating...
2023-07-08 21:53:05,407 - root - INFO - validating...
2023-07-08 21:53:05,407 - root - INFO - validating...
2023-07-08 21:54:06,846 - root - INFO - Val loss improved from 0.24445396661758423 to 0.24403810501098633
2023-07-08 21:54:08,541 - root - INFO - Time taken for epoch 44 is 860.7273092269897 sec
2023-07-08 21:54:08,543 - root - INFO - train data time=0.004558086395263672, train step time=198.73886704444885, valid step time=59.72556710243225
2023-07-08 21:54:08,543 - root - INFO - Train loss: 0.24361631274223328. Valid loss: 0.24403810501098633
2023-07-08 22:07:32,993 - root - INFO - validating...
2023-07-08 22:07:32,993 - root - INFO - validating...
2023-07-08 22:07:32,993 - root - INFO - validating...
2023-07-08 22:07:32,996 - root - INFO - validating...
2023-07-08 22:08:34,876 - root - INFO - Val loss improved from 0.24403810501098633 to 0.24387364089488983
2023-07-08 22:08:36,398 - root - INFO - Time taken for epoch 45 is 867.8542375564575 sec
2023-07-08 22:08:36,398 - root - INFO - train data time=0.004717350006103516, train step time=207.25664925575256, valid step time=60.356972217559814
2023-07-08 22:08:36,398 - root - INFO - Train loss: 0.22878511250019073. Valid loss: 0.24387364089488983
2023-07-08 22:22:01,081 - root - INFO - validating...
2023-07-08 22:22:01,082 - root - INFO - validating...
2023-07-08 22:22:01,082 - root - INFO - validating...
2023-07-08 22:22:01,084 - root - INFO - validating...
2023-07-08 22:23:03,394 - root - INFO - Val loss improved from 0.24387364089488983 to 0.24339351058006287
2023-07-08 22:23:04,868 - root - INFO - Time taken for epoch 46 is 868.4697308540344 sec
2023-07-08 22:23:04,869 - root - INFO - train data time=0.005093812942504883, train step time=201.34916305541992, valid step time=60.68965721130371
2023-07-08 22:23:04,869 - root - INFO - Train loss: 0.22318503260612488. Valid loss: 0.24339351058006287
2023-07-08 22:36:22,810 - root - INFO - validating...
2023-07-08 22:36:22,812 - root - INFO - validating...
2023-07-08 22:36:22,813 - root - INFO - validating...
2023-07-08 22:36:22,815 - root - INFO - validating...
2023-07-08 22:37:25,364 - root - INFO - Time taken for epoch 47 is 860.4943068027496 sec
2023-07-08 22:37:25,365 - root - INFO - train data time=0.005153656005859375, train step time=212.8153440952301, valid step time=60.932963609695435
2023-07-08 22:37:25,365 - root - INFO - Train loss: 0.24857759475708008. Valid loss: 0.24488256871700287
2023-07-08 22:50:46,073 - root - INFO - validating...
2023-07-08 22:50:46,073 - root - INFO - validating...
2023-07-08 22:50:46,074 - root - INFO - validating...
2023-07-08 22:50:46,076 - root - INFO - validating...
2023-07-08 22:51:47,811 - root - INFO - Time taken for epoch 48 is 862.4459788799286 sec
2023-07-08 22:51:47,812 - root - INFO - train data time=0.005273103713989258, train step time=207.64360332489014, valid step time=60.23912596702576
2023-07-08 22:51:47,812 - root - INFO - Train loss: 0.22413469851016998. Valid loss: 0.24345184862613678
2023-07-08 23:05:10,667 - root - INFO - validating...
2023-07-08 23:05:10,667 - root - INFO - validating...
2023-07-08 23:05:10,668 - root - INFO - validating...
2023-07-08 23:05:10,668 - root - INFO - validating...
2023-07-08 23:06:13,488 - root - INFO - Val loss improved from 0.24339351058006287 to 0.24141357839107513
2023-07-08 23:06:15,241 - root - INFO - Time taken for epoch 49 is 867.4281470775604 sec
2023-07-08 23:06:15,241 - root - INFO - train data time=0.005408048629760742, train step time=205.7079086303711, valid step time=61.30549621582031
2023-07-08 23:06:15,241 - root - INFO - Train loss: 0.24558144807815552. Valid loss: 0.24141357839107513
2023-07-08 23:19:45,574 - root - INFO - validating...
2023-07-08 23:19:45,574 - root - INFO - validating...
2023-07-08 23:19:45,576 - root - INFO - validating...
2023-07-08 23:19:45,577 - root - INFO - validating...
2023-07-08 23:20:47,789 - root - INFO - Time taken for epoch 50 is 872.5474805831909 sec
2023-07-08 23:20:47,791 - root - INFO - train data time=0.00627589225769043, train step time=206.28489756584167, valid step time=60.65695357322693
2023-07-08 23:20:47,791 - root - INFO - Train loss: 0.2220325917005539. Valid loss: 0.24201321601867676
2023-07-08 23:34:10,505 - root - INFO - validating...
2023-07-08 23:34:10,505 - root - INFO - validating...
2023-07-08 23:34:10,507 - root - INFO - validating...
2023-07-08 23:34:10,507 - root - INFO - validating...
2023-07-08 23:35:13,417 - root - INFO - Time taken for epoch 51 is 865.625739812851 sec
2023-07-08 23:35:13,417 - root - INFO - train data time=0.006057024002075195, train step time=198.51967477798462, valid step time=61.19746112823486
2023-07-08 23:35:13,418 - root - INFO - Train loss: 0.22452814877033234. Valid loss: 0.24157370626926422
2023-07-08 23:48:33,747 - root - INFO - validating...
2023-07-08 23:48:33,748 - root - INFO - validating...
2023-07-08 23:48:33,749 - root - INFO - validating...
2023-07-08 23:48:33,750 - root - INFO - validating...
2023-07-08 23:49:36,203 - root - INFO - Val loss improved from 0.24141357839107513 to 0.23933488130569458
2023-07-08 23:49:38,231 - root - INFO - Time taken for epoch 52 is 864.8134272098541 sec
2023-07-08 23:49:38,232 - root - INFO - train data time=0.005576610565185547, train step time=198.16777801513672, valid step time=60.71800875663757
2023-07-08 23:49:38,232 - root - INFO - Train loss: 0.22178272902965546. Valid loss: 0.23933488130569458
2023-07-09 00:03:00,026 - root - INFO - validating...
2023-07-09 00:03:00,027 - root - INFO - validating...
2023-07-09 00:03:00,029 - root - INFO - validating...
2023-07-09 00:03:00,029 - root - INFO - validating...
2023-07-09 00:04:01,291 - root - INFO - Time taken for epoch 53 is 863.0582628250122 sec
2023-07-09 00:04:01,291 - root - INFO - train data time=0.005595684051513672, train step time=212.9426724910736, valid step time=59.70195150375366
2023-07-09 00:04:01,292 - root - INFO - Train loss: 0.22762663662433624. Valid loss: 0.2396801859140396
2023-07-09 00:17:21,531 - root - INFO - validating...
2023-07-09 00:17:21,531 - root - INFO - validating...
2023-07-09 00:17:21,533 - root - INFO - validating...
2023-07-09 00:17:21,536 - root - INFO - validating...
2023-07-09 00:18:23,651 - root - INFO - Time taken for epoch 54 is 862.358806848526 sec
2023-07-09 00:18:23,651 - root - INFO - train data time=0.0063631534576416016, train step time=206.98650336265564, valid step time=60.49787640571594
2023-07-09 00:18:23,651 - root - INFO - Train loss: 0.2232811152935028. Valid loss: 0.24078622460365295
2023-07-09 00:31:45,974 - root - INFO - validating...
2023-07-09 00:31:45,975 - root - INFO - validating...
2023-07-09 00:31:45,977 - root - INFO - validating...
2023-07-09 00:31:45,977 - root - INFO - validating...
2023-07-09 00:32:48,077 - root - INFO - Val loss improved from 0.23933488130569458 to 0.23758071660995483
2023-07-09 00:32:49,819 - root - INFO - Time taken for epoch 55 is 866.1670725345612 sec
2023-07-09 00:32:49,819 - root - INFO - train data time=0.0059626102447509766, train step time=211.22140336036682, valid step time=60.67644214630127
2023-07-09 00:32:49,819 - root - INFO - Train loss: 0.21845416724681854. Valid loss: 0.23758071660995483
2023-07-09 00:46:12,432 - root - INFO - validating...
2023-07-09 00:46:12,434 - root - INFO - validating...
2023-07-09 00:46:12,434 - root - INFO - validating...
2023-07-09 00:46:12,436 - root - INFO - validating...
2023-07-09 00:47:14,368 - root - INFO - Time taken for epoch 56 is 864.5482821464539 sec
2023-07-09 00:47:14,369 - root - INFO - train data time=0.005682945251464844, train step time=217.26288056373596, valid step time=60.37361693382263
2023-07-09 00:47:14,369 - root - INFO - Train loss: 0.21737422049045563. Valid loss: 0.2395457774400711
2023-07-09 01:00:33,522 - root - INFO - validating...
2023-07-09 01:00:33,523 - root - INFO - validating...
2023-07-09 01:00:33,523 - root - INFO - validating...
2023-07-09 01:00:33,525 - root - INFO - validating...
2023-07-09 01:01:34,359 - root - INFO - Time taken for epoch 57 is 859.9894649982452 sec
2023-07-09 01:01:34,360 - root - INFO - train data time=0.005407571792602539, train step time=212.75288820266724, valid step time=59.16755938529968
2023-07-09 01:01:34,360 - root - INFO - Train loss: 0.2221825122833252. Valid loss: 0.23932814598083496
2023-07-09 01:14:55,769 - root - INFO - validating...
2023-07-09 01:14:55,770 - root - INFO - validating...
2023-07-09 01:14:55,771 - root - INFO - validating...
2023-07-09 01:14:55,772 - root - INFO - validating...
2023-07-09 01:15:58,109 - root - INFO - Time taken for epoch 58 is 863.7484669685364 sec
2023-07-09 01:15:58,109 - root - INFO - train data time=0.005780935287475586, train step time=210.26042938232422, valid step time=60.73071646690369
2023-07-09 01:15:58,109 - root - INFO - Train loss: 0.221549853682518. Valid loss: 0.23863926529884338
2023-07-09 01:29:18,255 - root - INFO - validating...
2023-07-09 01:29:18,255 - root - INFO - validating...
2023-07-09 01:29:18,256 - root - INFO - validating...
2023-07-09 01:29:18,258 - root - INFO - validating...
2023-07-09 01:30:21,449 - root - INFO - Time taken for epoch 59 is 863.3397488594055 sec
2023-07-09 01:30:21,450 - root - INFO - train data time=0.0063304901123046875, train step time=200.79725050926208, valid step time=61.185508489608765
2023-07-09 01:30:21,450 - root - INFO - Train loss: 0.2211584895849228. Valid loss: 0.2386401742696762
2023-07-09 01:43:45,618 - root - INFO - validating...
2023-07-09 01:43:45,619 - root - INFO - validating...
2023-07-09 01:43:45,622 - root - INFO - validating...
2023-07-09 01:43:45,622 - root - INFO - validating...
2023-07-09 01:44:46,387 - root - INFO - Val loss improved from 0.23758071660995483 to 0.2374059557914734
2023-07-09 01:44:47,833 - root - INFO - Time taken for epoch 60 is 866.382874250412 sec
2023-07-09 01:44:47,834 - root - INFO - train data time=0.005414009094238281, train step time=217.7689826488495, valid step time=59.30550408363342
2023-07-09 01:44:47,834 - root - INFO - Train loss: 0.21763230860233307. Valid loss: 0.2374059557914734
2023-07-09 01:58:03,092 - root - INFO - validating...
2023-07-09 01:58:03,093 - root - INFO - validating...
2023-07-09 01:58:03,094 - root - INFO - validating...
2023-07-09 01:58:03,095 - root - INFO - validating...
2023-07-09 01:59:05,570 - root - INFO - Val loss improved from 0.2374059557914734 to 0.2362092137336731
2023-07-09 01:59:07,019 - root - INFO - Time taken for epoch 61 is 859.1838648319244 sec
2023-07-09 01:59:07,019 - root - INFO - train data time=0.005772113800048828, train step time=209.45014643669128, valid step time=60.71617770195007
2023-07-09 01:59:07,020 - root - INFO - Train loss: 0.21128177642822266. Valid loss: 0.2362092137336731
2023-07-09 02:12:32,744 - root - INFO - validating...
2023-07-09 02:12:32,745 - root - INFO - validating...
2023-07-09 02:12:32,746 - root - INFO - validating...
2023-07-09 02:12:32,747 - root - INFO - validating...
2023-07-09 02:13:34,653 - root - INFO - Time taken for epoch 62 is 867.6329283714294 sec
2023-07-09 02:13:34,655 - root - INFO - train data time=0.005526304244995117, train step time=212.91113901138306, valid step time=59.96494960784912
2023-07-09 02:13:34,655 - root - INFO - Train loss: 0.21948930621147156. Valid loss: 0.23882006108760834
2023-07-09 02:26:57,301 - root - INFO - validating...
2023-07-09 02:26:57,303 - root - INFO - validating...
2023-07-09 02:26:57,303 - root - INFO - validating...
2023-07-09 02:26:57,306 - root - INFO - validating...
2023-07-09 02:27:58,734 - root - INFO - Time taken for epoch 63 is 864.0781927108765 sec
2023-07-09 02:27:58,734 - root - INFO - train data time=0.006433248519897461, train step time=203.4061405658722, valid step time=59.774996519088745
2023-07-09 02:27:58,735 - root - INFO - Train loss: 0.2180047184228897. Valid loss: 0.23719410598278046
2023-07-09 02:41:19,027 - root - INFO - validating...
2023-07-09 02:41:19,028 - root - INFO - validating...
2023-07-09 02:41:19,029 - root - INFO - validating...
2023-07-09 02:41:19,029 - root - INFO - validating...
2023-07-09 02:42:20,726 - root - INFO - Time taken for epoch 64 is 861.9906673431396 sec
2023-07-09 02:42:20,726 - root - INFO - train data time=0.005575895309448242, train step time=199.07455039024353, valid step time=60.19984173774719
2023-07-09 02:42:20,727 - root - INFO - Train loss: 0.21513798832893372. Valid loss: 0.23721294105052948
2023-07-09 02:55:43,946 - root - INFO - validating...
2023-07-09 02:55:43,946 - root - INFO - validating...
2023-07-09 02:55:43,947 - root - INFO - validating...
2023-07-09 02:55:43,948 - root - INFO - validating...
2023-07-09 02:56:47,213 - root - INFO - Val loss improved from 0.2362092137336731 to 0.2361067682504654
2023-07-09 02:56:48,812 - root - INFO - Time taken for epoch 65 is 868.0854341983795 sec
2023-07-09 02:56:48,813 - root - INFO - train data time=0.005657672882080078, train step time=199.4977524280548, valid step time=61.58606553077698
2023-07-09 02:56:48,813 - root - INFO - Train loss: 0.21299420297145844. Valid loss: 0.2361067682504654
2023-07-09 03:10:10,871 - root - INFO - validating...
2023-07-09 03:10:10,872 - root - INFO - validating...
2023-07-09 03:10:10,873 - root - INFO - validating...
2023-07-09 03:10:10,876 - root - INFO - validating...
2023-07-09 03:11:13,866 - root - INFO - Time taken for epoch 66 is 865.0531084537506 sec
2023-07-09 03:11:13,867 - root - INFO - train data time=0.005047321319580078, train step time=199.2183985710144, valid step time=61.3445770740509
2023-07-09 03:11:13,867 - root - INFO - Train loss: 0.21041938662528992. Valid loss: 0.23763976991176605
2023-07-09 03:24:42,445 - root - INFO - validating...
2023-07-09 03:24:42,447 - root - INFO - validating...
2023-07-09 03:24:42,448 - root - INFO - validating...
2023-07-09 03:24:42,448 - root - INFO - validating...
2023-07-09 03:25:44,504 - root - INFO - Time taken for epoch 67 is 870.6368577480316 sec
2023-07-09 03:25:44,505 - root - INFO - train data time=0.006123781204223633, train step time=205.62275505065918, valid step time=60.5385262966156
2023-07-09 03:25:44,505 - root - INFO - Train loss: 0.2170831263065338. Valid loss: 0.23689545691013336
2023-07-09 03:39:10,409 - root - INFO - validating...
2023-07-09 03:39:10,409 - root - INFO - validating...
2023-07-09 03:39:10,412 - root - INFO - validating...
2023-07-09 03:39:10,412 - root - INFO - validating...
2023-07-09 03:40:11,446 - root - INFO - Time taken for epoch 68 is 866.9402921199799 sec
2023-07-09 03:40:11,447 - root - INFO - train data time=0.0055277347564697266, train step time=202.7607786655426, valid step time=59.51405882835388
2023-07-09 03:40:11,447 - root - INFO - Train loss: 0.2090950757265091. Valid loss: 0.2365592122077942
2023-07-09 03:53:38,022 - root - INFO - validating...
2023-07-09 03:53:38,022 - root - INFO - validating...
2023-07-09 03:53:38,023 - root - INFO - validating...
2023-07-09 03:53:38,024 - root - INFO - validating...
2023-07-09 03:54:39,744 - root - INFO - Time taken for epoch 69 is 868.2971773147583 sec
2023-07-09 03:54:39,745 - root - INFO - train data time=0.005692958831787109, train step time=221.92206978797913, valid step time=60.14048480987549
2023-07-09 03:54:39,746 - root - INFO - Train loss: 0.24080318212509155. Valid loss: 0.2401697039604187
2023-07-09 04:08:02,842 - root - INFO - validating...
2023-07-09 04:08:02,842 - root - INFO - validating...
2023-07-09 04:08:02,844 - root - INFO - validating...
2023-07-09 04:08:02,845 - root - INFO - validating...
2023-07-09 04:09:06,788 - root - INFO - Val loss improved from 0.2361067682504654 to 0.23561282455921173
2023-07-09 04:09:08,684 - root - INFO - Time taken for epoch 70 is 868.9379327297211 sec
2023-07-09 04:09:08,685 - root - INFO - train data time=0.005502223968505859, train step time=211.04125261306763, valid step time=62.43379330635071
2023-07-09 04:09:08,685 - root - INFO - Train loss: 0.21092048287391663. Valid loss: 0.23561282455921173
2023-07-09 04:22:29,188 - root - INFO - validating...
2023-07-09 04:22:29,188 - root - INFO - validating...
2023-07-09 04:22:29,188 - root - INFO - validating...
2023-07-09 04:22:29,188 - root - INFO - validating...
2023-07-09 04:23:31,016 - root - INFO - Val loss improved from 0.23561282455921173 to 0.23472994565963745
2023-07-09 04:23:32,708 - root - INFO - Time taken for epoch 71 is 864.0231580734253 sec
2023-07-09 04:23:32,709 - root - INFO - train data time=0.0049631595611572266, train step time=201.25113320350647, valid step time=60.1121461391449
2023-07-09 04:23:32,710 - root - INFO - Train loss: 0.2106369286775589. Valid loss: 0.23472994565963745
2023-07-09 04:36:59,080 - root - INFO - validating...
2023-07-09 04:36:59,080 - root - INFO - validating...
2023-07-09 04:36:59,080 - root - INFO - validating...
2023-07-09 04:36:59,082 - root - INFO - validating...
2023-07-09 04:38:01,758 - root - INFO - Val loss improved from 0.23472994565963745 to 0.23444370925426483
2023-07-09 04:38:04,196 - root - INFO - Time taken for epoch 72 is 871.4862501621246 sec
2023-07-09 04:38:04,197 - root - INFO - train data time=0.005198240280151367, train step time=205.87039351463318, valid step time=61.039748430252075
2023-07-09 04:38:04,197 - root - INFO - Train loss: 0.22476527094841003. Valid loss: 0.23444370925426483
2023-07-09 04:51:25,730 - root - INFO - validating...
2023-07-09 04:51:25,731 - root - INFO - validating...
2023-07-09 04:51:25,731 - root - INFO - validating...
2023-07-09 04:51:25,733 - root - INFO - validating...
2023-07-09 04:52:27,152 - root - INFO - Val loss improved from 0.23444370925426483 to 0.23394446074962616
2023-07-09 04:52:28,749 - root - INFO - Time taken for epoch 73 is 864.5524153709412 sec
2023-07-09 04:52:28,751 - root - INFO - train data time=0.005937099456787109, train step time=197.12093591690063, valid step time=59.94649887084961
2023-07-09 04:52:28,751 - root - INFO - Train loss: 0.21040527522563934. Valid loss: 0.23394446074962616
2023-07-09 05:05:49,746 - root - INFO - validating...
2023-07-09 05:05:49,747 - root - INFO - validating...
2023-07-09 05:05:49,750 - root - INFO - validating...
2023-07-09 05:05:49,751 - root - INFO - validating...
2023-07-09 05:06:51,641 - root - INFO - Val loss improved from 0.23394446074962616 to 0.23358426988124847
2023-07-09 05:06:53,328 - root - INFO - Time taken for epoch 74 is 864.5766339302063 sec
2023-07-09 05:06:53,329 - root - INFO - train data time=0.005319833755493164, train step time=209.75457048416138, valid step time=60.352458477020264
2023-07-09 05:06:53,329 - root - INFO - Train loss: 0.21064366400241852. Valid loss: 0.23358426988124847
2023-07-09 05:20:15,936 - root - INFO - validating...
2023-07-09 05:20:15,936 - root - INFO - validating...
2023-07-09 05:20:15,937 - root - INFO - validating...
2023-07-09 05:20:15,939 - root - INFO - validating...
2023-07-09 05:21:18,818 - root - INFO - Val loss improved from 0.23358426988124847 to 0.2335231453180313
2023-07-09 05:21:21,097 - root - INFO - Time taken for epoch 75 is 867.7674016952515 sec
2023-07-09 05:21:21,097 - root - INFO - train data time=0.0059239864349365234, train step time=191.7273006439209, valid step time=61.19189453125
2023-07-09 05:21:21,098 - root - INFO - Train loss: 0.2066091001033783. Valid loss: 0.2335231453180313
2023-07-09 05:34:44,097 - root - INFO - validating...
2023-07-09 05:34:44,098 - root - INFO - validating...
2023-07-09 05:34:44,100 - root - INFO - validating...
2023-07-09 05:34:44,100 - root - INFO - validating...
2023-07-09 05:35:46,561 - root - INFO - Val loss improved from 0.2335231453180313 to 0.23316606879234314
2023-07-09 05:35:48,509 - root - INFO - Time taken for epoch 76 is 867.4115784168243 sec
2023-07-09 05:35:48,510 - root - INFO - train data time=0.0055446624755859375, train step time=205.76899099349976, valid step time=60.923320055007935
2023-07-09 05:35:48,510 - root - INFO - Train loss: 0.213771253824234. Valid loss: 0.23316606879234314
2023-07-09 05:49:06,112 - root - INFO - validating...
2023-07-09 05:49:06,113 - root - INFO - validating...
2023-07-09 05:49:06,114 - root - INFO - validating...
2023-07-09 05:49:06,114 - root - INFO - validating...
2023-07-09 05:50:07,570 - root - INFO - Val loss improved from 0.23316606879234314 to 0.23306168615818024
2023-07-09 05:50:09,370 - root - INFO - Time taken for epoch 77 is 860.8591740131378 sec
2023-07-09 05:50:09,370 - root - INFO - train data time=0.004701375961303711, train step time=193.42335391044617, valid step time=59.95502758026123
2023-07-09 05:50:09,370 - root - INFO - Train loss: 0.229833722114563. Valid loss: 0.23306168615818024
2023-07-09 06:03:28,007 - root - INFO - validating...
2023-07-09 06:03:28,007 - root - INFO - validating...
2023-07-09 06:03:28,009 - root - INFO - validating...
2023-07-09 06:03:28,010 - root - INFO - validating...
2023-07-09 06:04:29,162 - root - INFO - Time taken for epoch 78 is 859.7917137145996 sec
2023-07-09 06:04:29,163 - root - INFO - train data time=0.005563497543334961, train step time=197.18931365013123, valid step time=59.456109046936035
2023-07-09 06:04:29,163 - root - INFO - Train loss: 0.20664742588996887. Valid loss: 0.23324070870876312
2023-07-09 06:17:49,563 - root - INFO - validating...
2023-07-09 06:17:49,564 - root - INFO - validating...
2023-07-09 06:17:49,565 - root - INFO - validating...
2023-07-09 06:17:49,566 - root - INFO - validating...
2023-07-09 06:18:52,314 - root - INFO - Val loss improved from 0.23306168615818024 to 0.23295865952968597
2023-07-09 06:18:53,883 - root - INFO - Time taken for epoch 79 is 864.7194976806641 sec
2023-07-09 06:18:53,884 - root - INFO - train data time=0.004636049270629883, train step time=205.29865431785583, valid step time=61.051642179489136
2023-07-09 06:18:53,884 - root - INFO - Train loss: 0.20375901460647583. Valid loss: 0.23295865952968597
2023-07-09 06:32:11,709 - root - INFO - validating...
2023-07-09 06:32:11,708 - root - INFO - validating...
2023-07-09 06:32:11,710 - root - INFO - validating...
2023-07-09 06:32:11,712 - root - INFO - validating...
2023-07-09 06:33:13,478 - root - INFO - Val loss improved from 0.23295865952968597 to 0.2326856255531311
2023-07-09 06:33:15,732 - root - INFO - Time taken for epoch 80 is 861.8481907844543 sec
2023-07-09 06:33:15,733 - root - INFO - train data time=0.0048830509185791016, train step time=199.44754123687744, valid step time=60.209882736206055
2023-07-09 06:33:15,733 - root - INFO - Train loss: 0.20490223169326782. Valid loss: 0.2326856255531311
2023-07-09 06:46:37,338 - root - INFO - validating...
2023-07-09 06:46:37,339 - root - INFO - validating...
2023-07-09 06:46:37,339 - root - INFO - validating...
2023-07-09 06:46:37,342 - root - INFO - validating...
2023-07-09 06:47:39,566 - root - INFO - Time taken for epoch 81 is 863.8327527046204 sec
2023-07-09 06:47:39,567 - root - INFO - train data time=0.005934953689575195, train step time=195.94433069229126, valid step time=60.66104769706726
2023-07-09 06:47:39,568 - root - INFO - Train loss: 0.20526248216629028. Valid loss: 0.2331954538822174
2023-07-09 07:00:57,759 - root - INFO - validating...
2023-07-09 07:00:57,760 - root - INFO - validating...
2023-07-09 07:00:57,761 - root - INFO - validating...
2023-07-09 07:00:57,761 - root - INFO - validating...
2023-07-09 07:02:00,791 - root - INFO - Time taken for epoch 82 is 861.2228116989136 sec
2023-07-09 07:02:00,792 - root - INFO - train data time=0.004477024078369141, train step time=197.0080533027649, valid step time=61.33377814292908
2023-07-09 07:02:00,792 - root - INFO - Train loss: 0.20963118970394135. Valid loss: 0.23424702882766724
2023-07-09 07:15:17,417 - root - INFO - validating...
2023-07-09 07:15:17,417 - root - INFO - validating...
2023-07-09 07:15:17,419 - root - INFO - validating...
2023-07-09 07:15:17,420 - root - INFO - validating...
2023-07-09 07:16:19,699 - root - INFO - Val loss improved from 0.2326856255531311 to 0.2319909930229187
2023-07-09 07:16:21,487 - root - INFO - Time taken for epoch 83 is 860.6942694187164 sec
2023-07-09 07:16:21,487 - root - INFO - train data time=0.004693508148193359, train step time=200.45914769172668, valid step time=60.537978410720825
2023-07-09 07:16:21,488 - root - INFO - Train loss: 0.2071966528892517. Valid loss: 0.2319909930229187
2023-07-09 07:29:44,360 - root - INFO - validating...
2023-07-09 07:29:44,362 - root - INFO - validating...
2023-07-09 07:29:44,363 - root - INFO - validating...
2023-07-09 07:29:44,363 - root - INFO - validating...
2023-07-09 07:30:46,495 - root - INFO - Time taken for epoch 84 is 865.0065748691559 sec
2023-07-09 07:30:46,495 - root - INFO - train data time=0.004990577697753906, train step time=203.14926981925964, valid step time=60.5788676738739
2023-07-09 07:30:46,496 - root - INFO - Train loss: 0.2140863984823227. Valid loss: 0.23745989799499512
2023-07-09 07:44:06,346 - root - INFO - validating...
2023-07-09 07:44:06,346 - root - INFO - validating...
2023-07-09 07:44:06,346 - root - INFO - validating...
2023-07-09 07:44:06,347 - root - INFO - validating...
2023-07-09 07:45:07,967 - root - INFO - Time taken for epoch 85 is 861.4713406562805 sec
2023-07-09 07:45:07,968 - root - INFO - train data time=0.004980564117431641, train step time=204.1990795135498, valid step time=60.020047426223755
2023-07-09 07:45:07,968 - root - INFO - Train loss: 0.20626704394817352. Valid loss: 0.23402978479862213
2023-07-09 07:58:26,244 - root - INFO - validating...
2023-07-09 07:58:26,244 - root - INFO - validating...
2023-07-09 07:58:26,244 - root - INFO - validating...
2023-07-09 07:58:26,245 - root - INFO - validating...
2023-07-09 07:59:28,359 - root - INFO - Time taken for epoch 86 is 860.391303062439 sec
2023-07-09 07:59:28,360 - root - INFO - train data time=0.005126476287841797, train step time=201.45566058158875, valid step time=60.469587564468384
2023-07-09 07:59:28,360 - root - INFO - Train loss: 0.20406684279441833. Valid loss: 0.23527437448501587
2023-07-09 08:12:53,827 - root - INFO - validating...
2023-07-09 08:12:53,828 - root - INFO - validating...
2023-07-09 08:12:53,831 - root - INFO - validating...
2023-07-09 08:12:53,831 - root - INFO - validating...
2023-07-09 08:13:56,299 - root - INFO - Time taken for epoch 87 is 867.9382951259613 sec
2023-07-09 08:13:56,300 - root - INFO - train data time=0.005106687545776367, train step time=204.99187111854553, valid step time=60.820112228393555
2023-07-09 08:13:56,300 - root - INFO - Train loss: 0.203851580619812. Valid loss: 0.23293501138687134
2023-07-09 08:27:19,980 - root - INFO - validating...
2023-07-09 08:27:19,980 - root - INFO - validating...
2023-07-09 08:27:19,980 - root - INFO - validating...
2023-07-09 08:27:19,980 - root - INFO - validating...
2023-07-09 08:28:22,244 - root - INFO - Time taken for epoch 88 is 865.9442090988159 sec
2023-07-09 08:28:22,245 - root - INFO - train data time=0.0039157867431640625, train step time=203.3356204032898, valid step time=60.62261414527893
2023-07-09 08:28:22,245 - root - INFO - Train loss: 0.20551148056983948. Valid loss: 0.2333812266588211
2023-07-09 08:41:47,122 - root - INFO - validating...
2023-07-09 08:41:47,122 - root - INFO - validating...
2023-07-09 08:41:47,122 - root - INFO - validating...
2023-07-09 08:41:47,122 - root - INFO - validating...
2023-07-09 08:42:48,842 - root - INFO - Val loss improved from 0.2319909930229187 to 0.2319658249616623
2023-07-09 08:42:50,517 - root - INFO - Time taken for epoch 89 is 868.271247625351 sec
2023-07-09 08:42:50,517 - root - INFO - train data time=0.006037473678588867, train step time=204.45993494987488, valid step time=59.93310809135437
2023-07-09 08:42:50,518 - root - INFO - Train loss: 0.2016826719045639. Valid loss: 0.2319658249616623
2023-07-09 08:56:11,838 - root - INFO - validating...
2023-07-09 08:56:11,838 - root - INFO - validating...
2023-07-09 08:56:11,839 - root - INFO - validating...
2023-07-09 08:56:11,839 - root - INFO - validating...
2023-07-09 08:57:14,160 - root - INFO - Val loss improved from 0.2319658249616623 to 0.23142419755458832
2023-07-09 08:57:15,788 - root - INFO - Time taken for epoch 90 is 865.2704524993896 sec
2023-07-09 08:57:15,789 - root - INFO - train data time=0.004680156707763672, train step time=201.01643133163452, valid step time=60.669334411621094
2023-07-09 08:57:15,789 - root - INFO - Train loss: 0.19907540082931519. Valid loss: 0.23142419755458832
2023-07-09 09:10:36,731 - root - INFO - validating...
2023-07-09 09:10:36,732 - root - INFO - validating...
2023-07-09 09:10:36,732 - root - INFO - validating...
2023-07-09 09:10:36,734 - root - INFO - validating...
2023-07-09 09:11:38,365 - root - INFO - Val loss improved from 0.23142419755458832 to 0.23126810789108276
2023-07-09 09:11:39,921 - root - INFO - Time taken for epoch 91 is 864.1315779685974 sec
2023-07-09 09:11:39,921 - root - INFO - train data time=0.005588531494140625, train step time=199.52818417549133, valid step time=60.13887286186218
2023-07-09 09:11:39,922 - root - INFO - Train loss: 0.1982693374156952. Valid loss: 0.23126810789108276
2023-07-09 09:25:01,531 - root - INFO - validating...
2023-07-09 09:25:01,531 - root - INFO - validating...
2023-07-09 09:25:01,531 - root - INFO - validating...
2023-07-09 09:25:01,532 - root - INFO - validating...
2023-07-09 09:26:02,865 - root - INFO - Time taken for epoch 92 is 862.9433653354645 sec
2023-07-09 09:26:02,866 - root - INFO - train data time=0.0053157806396484375, train step time=199.62239861488342, valid step time=59.735607624053955
2023-07-09 09:26:02,866 - root - INFO - Train loss: 0.1973305493593216. Valid loss: 0.23137901723384857
2023-07-09 09:39:25,303 - root - INFO - validating...
2023-07-09 09:39:25,303 - root - INFO - validating...
2023-07-09 09:39:25,303 - root - INFO - validating...
2023-07-09 09:39:25,306 - root - INFO - validating...
2023-07-09 09:40:27,713 - root - INFO - Time taken for epoch 93 is 864.8460872173309 sec
2023-07-09 09:40:27,713 - root - INFO - train data time=0.005698442459106445, train step time=211.8575484752655, valid step time=60.93753480911255
2023-07-09 09:40:27,714 - root - INFO - Train loss: 0.20172007381916046. Valid loss: 0.23140718042850494
2023-07-09 09:53:52,459 - root - INFO - validating...
2023-07-09 09:53:52,458 - root - INFO - validating...
2023-07-09 09:53:52,460 - root - INFO - validating...
2023-07-09 09:53:52,464 - root - INFO - validating...
2023-07-09 09:54:54,459 - root - INFO - Val loss improved from 0.23126810789108276 to 0.23074215650558472
2023-07-09 09:54:56,328 - root - INFO - Time taken for epoch 94 is 868.6139941215515 sec
2023-07-09 09:54:56,329 - root - INFO - train data time=0.005202531814575195, train step time=221.4399597644806, valid step time=60.45544242858887
2023-07-09 09:54:56,329 - root - INFO - Train loss: 0.19753743708133698. Valid loss: 0.23074215650558472
2023-07-09 10:08:20,572 - root - INFO - validating...
2023-07-09 10:08:20,572 - root - INFO - validating...
2023-07-09 10:08:20,573 - root - INFO - validating...
2023-07-09 10:08:20,574 - root - INFO - validating...
2023-07-09 10:09:23,042 - root - INFO - Time taken for epoch 95 is 866.7122576236725 sec
2023-07-09 10:09:23,042 - root - INFO - train data time=0.005296468734741211, train step time=204.06018352508545, valid step time=60.778974771499634
2023-07-09 10:09:23,043 - root - INFO - Train loss: 0.19688661396503448. Valid loss: 0.2308507114648819
2023-07-09 10:22:51,466 - root - INFO - validating...
2023-07-09 10:22:51,467 - root - INFO - validating...
2023-07-09 10:22:51,467 - root - INFO - validating...
2023-07-09 10:22:51,469 - root - INFO - validating...
2023-07-09 10:23:53,367 - root - INFO - Time taken for epoch 96 is 870.3241024017334 sec
2023-07-09 10:23:53,368 - root - INFO - train data time=0.0050716400146484375, train step time=207.10553979873657, valid step time=60.36110854148865
2023-07-09 10:23:53,368 - root - INFO - Train loss: 0.19491317868232727. Valid loss: 0.2310960739850998
2023-07-09 10:37:17,157 - root - INFO - validating...
2023-07-09 10:37:17,157 - root - INFO - validating...
2023-07-09 10:37:17,157 - root - INFO - validating...
2023-07-09 10:37:17,159 - root - INFO - validating...
2023-07-09 10:38:19,999 - root - INFO - Time taken for epoch 97 is 866.6310408115387 sec
2023-07-09 10:38:20,000 - root - INFO - train data time=0.0048487186431884766, train step time=205.35870003700256, valid step time=61.251901626586914
2023-07-09 10:38:20,000 - root - INFO - Train loss: 0.1969415545463562. Valid loss: 0.23150964081287384
2023-07-09 10:51:47,018 - root - INFO - validating...
2023-07-09 10:51:47,019 - root - INFO - validating...
2023-07-09 10:51:47,019 - root - INFO - validating...
2023-07-09 10:51:47,021 - root - INFO - validating...
2023-07-09 10:52:48,666 - root - INFO - Time taken for epoch 98 is 868.6660220623016 sec
2023-07-09 10:52:48,667 - root - INFO - train data time=0.0047872066497802734, train step time=207.81112551689148, valid step time=60.05701303482056
2023-07-09 10:52:48,667 - root - INFO - Train loss: 0.19514070451259613. Valid loss: 0.23115095496177673
2023-07-09 11:06:09,588 - root - INFO - validating...
2023-07-09 11:06:09,588 - root - INFO - validating...
2023-07-09 11:06:09,588 - root - INFO - validating...
2023-07-09 11:06:09,589 - root - INFO - validating...
2023-07-09 11:07:11,962 - root - INFO - Time taken for epoch 99 is 863.2943761348724 sec
2023-07-09 11:07:11,962 - root - INFO - train data time=0.005253314971923828, train step time=198.82074236869812, valid step time=60.888588190078735
2023-07-09 11:07:11,962 - root - INFO - Train loss: 0.1971151977777481. Valid loss: 0.23117095232009888
2023-07-09 11:20:34,795 - root - INFO - validating...
2023-07-09 11:20:34,795 - root - INFO - validating...
2023-07-09 11:20:34,796 - root - INFO - validating...
2023-07-09 11:20:34,797 - root - INFO - validating...
2023-07-09 11:21:36,857 - root - INFO - Time taken for epoch 100 is 864.894303560257 sec
2023-07-09 11:21:36,857 - root - INFO - train data time=0.005426883697509766, train step time=204.66963291168213, valid step time=60.34316158294678
2023-07-09 11:21:36,858 - root - INFO - Train loss: 0.1966874599456787. Valid loss: 0.2312067151069641
2023-07-09 11:34:57,607 - root - INFO - validating...
2023-07-09 11:34:57,608 - root - INFO - validating...
2023-07-09 11:34:57,608 - root - INFO - validating...
2023-07-09 11:34:57,613 - root - INFO - validating...
2023-07-09 11:35:59,040 - root - INFO - Val loss improved from 0.23074215650558472 to 0.22914060950279236
2023-07-09 11:36:00,652 - root - INFO - Time taken for epoch 101 is 863.7936737537384 sec
2023-07-09 11:36:00,654 - root - INFO - train data time=0.005319833755493164, train step time=201.03877973556519, valid step time=59.80731558799744
2023-07-09 11:36:00,654 - root - INFO - Train loss: 0.19570927321910858. Valid loss: 0.22914060950279236
2023-07-09 11:49:25,796 - root - INFO - validating...
2023-07-09 11:49:25,796 - root - INFO - validating...
2023-07-09 11:49:25,797 - root - INFO - validating...
2023-07-09 11:49:25,798 - root - INFO - validating...
2023-07-09 11:50:28,895 - root - INFO - Time taken for epoch 102 is 868.2398936748505 sec
2023-07-09 11:50:28,896 - root - INFO - train data time=0.0054340362548828125, train step time=201.63736128807068, valid step time=60.32302165031433
2023-07-09 11:50:28,896 - root - INFO - Train loss: 0.19464068114757538. Valid loss: 0.23114772140979767
2023-07-09 12:03:47,268 - root - INFO - validating...
2023-07-09 12:03:47,268 - root - INFO - validating...
2023-07-09 12:03:47,268 - root - INFO - validating...
2023-07-09 12:03:47,272 - root - INFO - validating...
2023-07-09 12:04:49,621 - root - INFO - Time taken for epoch 103 is 860.7244231700897 sec
2023-07-09 12:04:49,621 - root - INFO - train data time=0.005751371383666992, train step time=199.69218683242798, valid step time=60.828551054000854
2023-07-09 12:04:49,622 - root - INFO - Train loss: 0.19995655119419098. Valid loss: 0.2306411862373352
2023-07-09 12:18:02,112 - root - INFO - validating...
2023-07-09 12:18:02,112 - root - INFO - validating...
2023-07-09 12:18:02,112 - root - INFO - validating...
2023-07-09 12:18:02,113 - root - INFO - validating...
2023-07-09 12:19:03,608 - root - INFO - Time taken for epoch 104 is 853.9861326217651 sec
2023-07-09 12:19:03,609 - root - INFO - train data time=0.004878997802734375, train step time=193.0712513923645, valid step time=59.30849862098694
2023-07-09 12:19:03,609 - root - INFO - Train loss: 0.19407020509243011. Valid loss: 0.2311457097530365
2023-07-09 12:32:22,522 - root - INFO - validating...
2023-07-09 12:32:22,522 - root - INFO - validating...
2023-07-09 12:32:22,522 - root - INFO - validating...
2023-07-09 12:32:22,525 - root - INFO - validating...
2023-07-09 12:33:24,610 - root - INFO - Time taken for epoch 105 is 861.0013399124146 sec
2023-07-09 12:33:24,611 - root - INFO - train data time=0.005247592926025391, train step time=202.95986008644104, valid step time=60.56178021430969
2023-07-09 12:33:24,611 - root - INFO - Train loss: 0.19567444920539856. Valid loss: 0.23084697127342224
2023-07-09 12:46:44,557 - root - INFO - validating...
2023-07-09 12:46:44,557 - root - INFO - validating...
2023-07-09 12:46:44,557 - root - INFO - validating...
2023-07-09 12:46:44,558 - root - INFO - validating...
2023-07-09 12:47:47,068 - root - INFO - Time taken for epoch 106 is 862.4566261768341 sec
2023-07-09 12:47:47,069 - root - INFO - train data time=0.0059795379638671875, train step time=195.47629833221436, valid step time=60.860939025878906
2023-07-09 12:47:47,069 - root - INFO - Train loss: 0.19803234934806824. Valid loss: 0.2305990606546402
2023-07-09 13:01:09,519 - root - INFO - validating...
2023-07-09 13:01:09,520 - root - INFO - validating...
2023-07-09 13:01:09,520 - root - INFO - validating...
2023-07-09 13:01:09,520 - root - INFO - validating...
2023-07-09 13:02:10,540 - root - INFO - Time taken for epoch 107 is 863.4712541103363 sec
2023-07-09 13:02:10,541 - root - INFO - train data time=0.004294157028198242, train step time=205.58335661888123, valid step time=59.38254261016846
2023-07-09 13:02:10,541 - root - INFO - Train loss: 0.19498664140701294. Valid loss: 0.23101435601711273
2023-07-09 13:15:30,851 - root - INFO - validating...
2023-07-09 13:15:30,854 - root - INFO - validating...
2023-07-09 13:15:30,854 - root - INFO - validating...
2023-07-09 13:15:30,854 - root - INFO - validating...
2023-07-09 13:16:32,622 - root - INFO - Time taken for epoch 108 is 862.080402135849 sec
2023-07-09 13:16:32,623 - root - INFO - train data time=0.004939079284667969, train step time=199.85183024406433, valid step time=59.776127576828
2023-07-09 13:16:32,623 - root - INFO - Train loss: 0.19550630450248718. Valid loss: 0.23059596121311188
