master_addr is only used for static rdzv_backend and when rdzv_endpoint is not specified.
paraai-n32-h-01-agent-103
0
------------------ Configuration ------------------  /home/bingxing2/home/scx6115/Ocean_AI_model/config/Model_2.yaml
paraai-n32-h-01-agent-103
0
------------------ Configuration ------------------  /home/bingxing2/home/scx6115/Ocean_AI_model/config/Model_2.yaml
paraai-n32-h-01-agent-103
paraai-n32-h-01-agent-103
00

------------------ Configuration ------------------ ------------------ Configuration ------------------   /home/bingxing2/home/scx6115/Ocean_AI_model/config/Model_2.yaml/home/bingxing2/home/scx6115/Ocean_AI_model/config/Model_2.yaml

nettype Masked_AE_Ocean
log_to_wandb True
lr 0.001
batch_size 32
max_epochs 150
scheduler CosineAnnealingLR
fusion_3d_2d False
in_channels [0, 1, 2, 3, 4, 5, 6, 7, 8, 9, 10, 11, 12, 13, 14, 15, 16, 17, 18, 19, 20, 21, 22, 23, 24, 25, 26, 27, 28, 29, 30, 31, 32, 33, 34, 35, 36, 37, 38, 39, 40, 41, 42, 43, 44, 45, 46, 47, 48, 49, 50, 51, 52, 53, 54, 55, 56, 57, 58, 59, 60, 61, 62, 63, 64, 65]
out_channels [0, 1, 2, 3, 4, 5, 6, 7, 8, 9, 10, 11, 12, 13, 14, 15, 16, 17, 18, 19, 20, 21, 22, 23, 24, 25, 26, 27, 28, 29, 30, 31, 32, 33, 34, 35, 36, 37, 38, 39, 40, 41, 42, 43, 44, 45, 46, 47, 48, 49, 50, 51, 52, 53, 54, 55, 56, 57, 58, 59, 60]
N_in_channels 66
N_out_channels 61
img_size_h 720
img_size_w 1440
patch_size_h 8
patch_size_w 8
mlp_ratio 4.0
embed_dim 512
depth 16
num_heads 16
decoder_embed_dim 1024
decoder_depth 8
decoder_num_heads 16
koopman_depth 2
modes_h_ratio 1
modes_w_ratio 0.8
drop_rate 0.0
drop_path_rate 0.0
sparsity_threshold 0.01
hard_thresholding_fraction 1.0
num_blocks 8
loss l2
num_data_workers 0
dt 1
n_history 0
prediction_type iterative
prediction_length 41
n_initial_conditions 5
ics_type default
date_strings ['2018-09-14 00:00:00']
save_raw_forecasts True
save_channel False
masked_acc False
maskpath None
perturb False
add_grid False
N_grid_channels 0
gridtype sinusoidal
roll False
enable_nhwc False
optimizer_type FusedAdam
exp_dir ./exp_15_levels
patch_size 8
width 56
modes 32
target default
train_data_path /home/bingxing2/home/scx6115/Ocean_AI_model/sample_01/train
valid_data_path /home/bingxing2/home/scx6115/Ocean_AI_model/sample_01/valid
test_data_path /home/bingxing2/home/scx6115/Ocean_AI_model/sample_01/test
land_mask True
land_mask_path /home/bingxing2/home/scx6115/Ocean_AI_model/sample_01/land_mask.h5
normalize True
normalization zscore
global_mins_path /home/bingxing2/home/scx6115/Ocean_AI_model/sample_01/train/global_mins.npy
global_maxs_path /home/bingxing2/home/scx6115/Ocean_AI_model/sample_01/train/global_maxs.npy
global_means_path /home/bingxing2/home/scx6115/Ocean_AI_model/sample_01/train/global_means.npy
global_stds_path /home/bingxing2/home/scx6115/Ocean_AI_model/sample_01/train/global_stds.npy
orography True
orography_norm_zscore_path /home/bingxing2/home/scx6115/Ocean_AI_model/sample_01/orography_norm_zscore.h5
orography_norm_maxmin_path /home/bingxing2/home/scx6115/Ocean_AI_model/sample_01/orography_norm_maxmin.h5
add_noise False
noise_std 0
crop_size_x None
crop_size_y None
log_to_screen True
save_checkpoint True
plot_animations False
---------------------------------------------------
world_size : 16
Initialize distributed process group...
nettype Masked_AE_Ocean
log_to_wandb True
lr 0.001
batch_size 32
max_epochs 150
scheduler CosineAnnealingLR
fusion_3d_2d False
in_channels [0, 1, 2, 3, 4, 5, 6, 7, 8, 9, 10, 11, 12, 13, 14, 15, 16, 17, 18, 19, 20, 21, 22, 23, 24, 25, 26, 27, 28, 29, 30, 31, 32, 33, 34, 35, 36, 37, 38, 39, 40, 41, 42, 43, 44, 45, 46, 47, 48, 49, 50, 51, 52, 53, 54, 55, 56, 57, 58, 59, 60, 61, 62, 63, 64, 65]
out_channels [0, 1, 2, 3, 4, 5, 6, 7, 8, 9, 10, 11, 12, 13, 14, 15, 16, 17, 18, 19, 20, 21, 22, 23, 24, 25, 26, 27, 28, 29, 30, 31, 32, 33, 34, 35, 36, 37, 38, 39, 40, 41, 42, 43, 44, 45, 46, 47, 48, 49, 50, 51, 52, 53, 54, 55, 56, 57, 58, 59, 60]
N_in_channels 66
N_out_channels 61
img_size_h 720
img_size_w 1440
patch_size_h 8
patch_size_w 8
mlp_ratio 4.0
embed_dim 512
depth 16
num_heads 16
decoder_embed_dim 1024
decoder_depth 8
decoder_num_heads 16
koopman_depth 2
modes_h_ratio 1
modes_w_ratio 0.8
drop_rate 0.0
drop_path_rate 0.0
sparsity_threshold 0.01
hard_thresholding_fraction 1.0
num_blocks 8
loss l2
num_data_workers 0
dt 1
n_history 0
prediction_type iterative
prediction_length 41
n_initial_conditions 5
ics_type default
date_strings ['2018-09-14 00:00:00']
save_raw_forecasts True
save_channel False
masked_acc False
maskpath None
perturb False
add_grid False
N_grid_channels 0
gridtype sinusoidal
roll False
enable_nhwc False
optimizer_type FusedAdam
exp_dir ./exp_15_levels
patch_size 8
width 56
modes 32
target default
train_data_path /home/bingxing2/home/scx6115/Ocean_AI_model/sample_01/train
valid_data_path /home/bingxing2/home/scx6115/Ocean_AI_model/sample_01/valid
test_data_path /home/bingxing2/home/scx6115/Ocean_AI_model/sample_01/test
land_mask True
land_mask_path /home/bingxing2/home/scx6115/Ocean_AI_model/sample_01/land_mask.h5
normalize True
normalization zscore
global_mins_path /home/bingxing2/home/scx6115/Ocean_AI_model/sample_01/train/global_mins.npy
global_maxs_path /home/bingxing2/home/scx6115/Ocean_AI_model/sample_01/train/global_maxs.npy
global_means_path /home/bingxing2/home/scx6115/Ocean_AI_model/sample_01/train/global_means.npy
global_stds_path /home/bingxing2/home/scx6115/Ocean_AI_model/sample_01/train/global_stds.npy
orography True
orography_norm_zscore_path /home/bingxing2/home/scx6115/Ocean_AI_model/sample_01/orography_norm_zscore.h5
orography_norm_maxmin_path /home/bingxing2/home/scx6115/Ocean_AI_model/sample_01/orography_norm_maxmin.h5
add_noise False
noise_std 0
crop_size_x None
crop_size_y None
log_to_screen True
save_checkpoint True
plot_animations False
---------------------------------------------------
world_size : 16
Initialize distributed process group...
nettype Masked_AE_Ocean
log_to_wandb True
lr 0.001
batch_size 32
max_epochs 150
scheduler CosineAnnealingLR
fusion_3d_2d False
in_channels [0, 1, 2, 3, 4, 5, 6, 7, 8, 9, 10, 11, 12, 13, 14, 15, 16, 17, 18, 19, 20, 21, 22, 23, 24, 25, 26, 27, 28, 29, 30, 31, 32, 33, 34, 35, 36, 37, 38, 39, 40, 41, 42, 43, 44, 45, 46, 47, 48, 49, 50, 51, 52, 53, 54, 55, 56, 57, 58, 59, 60, 61, 62, 63, 64, 65]
out_channels [0, 1, 2, 3, 4, 5, 6, 7, 8, 9, 10, 11, 12, 13, 14, 15, 16, 17, 18, 19, 20, 21, 22, 23, 24, 25, 26, 27, 28, 29, 30, 31, 32, 33, 34, 35, 36, 37, 38, 39, 40, 41, 42, 43, 44, 45, 46, 47, 48, 49, 50, 51, 52, 53, 54, 55, 56, 57, 58, 59, 60]
N_in_channels 66
N_out_channels 61
img_size_h 720
img_size_w 1440
patch_size_h 8
patch_size_w 8
mlp_ratio 4.0
embed_dim 512
depth 16
num_heads 16
nettypedecoder_embed_dim  Masked_AE_Ocean1024

log_to_wandbdecoder_depth  True8

lrdecoder_num_heads  0.00116

batch_sizekoopman_depth  322

max_epochsmodes_h_ratio  1501

schedulermodes_w_ratio  CosineAnnealingLR0.8

fusion_3d_2ddrop_rate  False0.0

in_channelsdrop_path_rate  [0, 1, 2, 3, 4, 5, 6, 7, 8, 9, 10, 11, 12, 13, 14, 15, 16, 17, 18, 19, 20, 21, 22, 23, 24, 25, 26, 27, 28, 29, 30, 31, 32, 33, 34, 35, 36, 37, 38, 39, 40, 41, 42, 43, 44, 45, 46, 47, 48, 49, 50, 51, 52, 53, 54, 55, 56, 57, 58, 59, 60, 61, 62, 63, 64, 65]0.0

out_channelssparsity_threshold  [0, 1, 2, 3, 4, 5, 6, 7, 8, 9, 10, 11, 12, 13, 14, 15, 16, 17, 18, 19, 20, 21, 22, 23, 24, 25, 26, 27, 28, 29, 30, 31, 32, 33, 34, 35, 36, 37, 38, 39, 40, 41, 42, 43, 44, 45, 46, 47, 48, 49, 50, 51, 52, 53, 54, 55, 56, 57, 58, 59, 60]0.01

N_in_channelshard_thresholding_fraction  661.0

N_out_channelsnum_blocks  618

img_size_hloss  720l2

img_size_wnum_data_workers  14400

patch_size_hdt  81

patch_size_wn_history  80

mlp_ratioprediction_type  4.0iterative

embed_dimprediction_length  51241

depthn_initial_conditions  165

num_headsics_type  16default

decoder_embed_dimdate_strings  1024['2018-09-14 00:00:00']

decoder_depthsave_raw_forecasts  8True

decoder_num_headssave_channel  16False

koopman_depthmasked_acc  2False

modes_h_ratiomaskpath  1None

modes_w_ratioperturb  0.8False

drop_rateadd_grid  0.0False

drop_path_rateN_grid_channels  0.00

sparsity_thresholdgridtype  0.01sinusoidal

hard_thresholding_fractionroll  1.0False

num_blocksenable_nhwc  8False

lossoptimizer_type  l2FusedAdam

num_data_workersexp_dir  0./exp_15_levels

dtpatch_size  18

n_historywidth  056

prediction_typemodes  iterative32

prediction_lengthtarget  41default

n_initial_conditionstrain_data_path  5/home/bingxing2/home/scx6115/Ocean_AI_model/sample_01/train

ics_typevalid_data_path  default/home/bingxing2/home/scx6115/Ocean_AI_model/sample_01/valid

date_stringstest_data_path  ['2018-09-14 00:00:00']/home/bingxing2/home/scx6115/Ocean_AI_model/sample_01/test

save_raw_forecastsland_mask  TrueTrue

save_channelland_mask_path  False/home/bingxing2/home/scx6115/Ocean_AI_model/sample_01/land_mask.h5

masked_accnormalize  FalseTrue

maskpathnormalization  Nonezscore

perturbglobal_mins_path  False/home/bingxing2/home/scx6115/Ocean_AI_model/sample_01/train/global_mins.npy

global_maxs_pathadd_grid  /home/bingxing2/home/scx6115/Ocean_AI_model/sample_01/train/global_maxs.npyFalse

global_means_pathN_grid_channels  /home/bingxing2/home/scx6115/Ocean_AI_model/sample_01/train/global_means.npy0

global_stds_pathgridtype  /home/bingxing2/home/scx6115/Ocean_AI_model/sample_01/train/global_stds.npysinusoidal

orographyroll  TrueFalse

orography_norm_zscore_pathenable_nhwc  /home/bingxing2/home/scx6115/Ocean_AI_model/sample_01/orography_norm_zscore.h5False

orography_norm_maxmin_pathoptimizer_type  /home/bingxing2/home/scx6115/Ocean_AI_model/sample_01/orography_norm_maxmin.h5FusedAdam

add_noiseexp_dir  False./exp_15_levels

noise_stdpatch_size  08

crop_size_xwidth  None56

crop_size_ymodes  None32

log_to_screentarget  Truedefault

save_checkpointtrain_data_path  True/home/bingxing2/home/scx6115/Ocean_AI_model/sample_01/train

plot_animationsvalid_data_path  False/home/bingxing2/home/scx6115/Ocean_AI_model/sample_01/valid

test_data_path /home/bingxing2/home/scx6115/Ocean_AI_model/sample_01/test
land_mask True---------------------------------------------------

land_mask_path world_size :/home/bingxing2/home/scx6115/Ocean_AI_model/sample_01/land_mask.h5 
16normalize
 Initialize distributed process group...True

normalization zscore
global_mins_path /home/bingxing2/home/scx6115/Ocean_AI_model/sample_01/train/global_mins.npy
global_maxs_path /home/bingxing2/home/scx6115/Ocean_AI_model/sample_01/train/global_maxs.npy
global_means_path /home/bingxing2/home/scx6115/Ocean_AI_model/sample_01/train/global_means.npy
global_stds_path /home/bingxing2/home/scx6115/Ocean_AI_model/sample_01/train/global_stds.npy
orography True
orography_norm_zscore_path /home/bingxing2/home/scx6115/Ocean_AI_model/sample_01/orography_norm_zscore.h5
orography_norm_maxmin_path /home/bingxing2/home/scx6115/Ocean_AI_model/sample_01/orography_norm_maxmin.h5
add_noise False
noise_std 0
crop_size_x None
crop_size_y None
log_to_screen True
save_checkpoint True
plot_animations False
---------------------------------------------------
world_size : 16
Initialize distributed process group...
2023-07-04 16:23:36,706 - torch.distributed.distributed_c10d - INFO - Added key: store_based_barrier_key:1 to store for rank: 3
2023-07-04 16:23:37,641 - torch.distributed.distributed_c10d - INFO - Added key: store_based_barrier_key:1 to store for rank: 1
2023-07-04 16:23:37,668 - torch.distributed.distributed_c10d - INFO - Added key: store_based_barrier_key:1 to store for rank: 2
2023-07-04 16:23:37,695 - torch.distributed.distributed_c10d - INFO - Added key: store_based_barrier_key:1 to store for rank: 0
2023-07-04 16:23:37,695 - torch.distributed.distributed_c10d - INFO - Rank 0: Completed store-based barrier for key:store_based_barrier_key:1 with 16 nodes.
2023-07-04 16:23:37,697 - torch.distributed.distributed_c10d - INFO - Rank 3: Completed store-based barrier for key:store_based_barrier_key:1 with 16 nodes.
2023-07-04 16:23:37,699 - torch.distributed.distributed_c10d - INFO - Rank 2: Completed store-based barrier for key:store_based_barrier_key:1 with 16 nodes.
2023-07-04 16:23:37,702 - torch.distributed.distributed_c10d - INFO - Rank 1: Completed store-based barrier for key:store_based_barrier_key:1 with 16 nodes.
2023-07-04 16:23:37,764 - root - INFO - device: cuda:3
2023-07-04 16:23:37,765 - root - INFO - rank 3, begin data loader init
2023-07-04 16:23:37,767 - root - INFO - device: cuda:2
2023-07-04 16:23:37,767 - root - INFO - rank 2, begin data loader init
2023-07-04 16:23:37,768 - root - INFO - device: cuda:1
2023-07-04 16:23:37,768 - root - INFO - rank 1, begin data loader init
2023-07-04 16:23:37,813 - root - INFO - Getting file stats from /home/bingxing2/home/scx6115/Ocean_AI_model/sample_01/train/2000.h5
2023-07-04 16:23:37,813 - root - INFO - Getting file stats from /home/bingxing2/home/scx6115/Ocean_AI_model/sample_01/train/2000.h5
2023-07-04 16:23:37,813 - root - INFO - Getting file stats from /home/bingxing2/home/scx6115/Ocean_AI_model/sample_01/train/2000.h5
2023-07-04 16:23:37,815 - root - INFO - Number of samples per year: 365
2023-07-04 16:23:37,815 - root - INFO - Number of samples per year: 365
2023-07-04 16:23:37,815 - root - INFO - Found data at path /home/bingxing2/home/scx6115/Ocean_AI_model/sample_01/train. Number of examples: 4015. Image Shape: 720 x 1440 x 66
2023-07-04 16:23:37,815 - root - INFO - Number of samples per year: 365
2023-07-04 16:23:37,815 - root - INFO - Found data at path /home/bingxing2/home/scx6115/Ocean_AI_model/sample_01/train. Number of examples: 4015. Image Shape: 720 x 1440 x 66
2023-07-04 16:23:37,815 - root - INFO - Delta t: 1 days
2023-07-04 16:23:37,815 - root - INFO - Found data at path /home/bingxing2/home/scx6115/Ocean_AI_model/sample_01/train. Number of examples: 4015. Image Shape: 720 x 1440 x 66
2023-07-04 16:23:37,815 - root - INFO - Delta t: 1 days
2023-07-04 16:23:37,815 - root - INFO - Including 0 days of past history in training at a frequency of 1 days
2023-07-04 16:23:37,815 - root - INFO - Delta t: 1 days
2023-07-04 16:23:37,815 - root - INFO - Including 0 days of past history in training at a frequency of 1 days
2023-07-04 16:23:37,815 - root - INFO - Including 0 days of past history in training at a frequency of 1 days
2023-07-04 16:23:37,831 - root - INFO - ------------------ Configuration ------------------
2023-07-04 16:23:37,831 - root - INFO - Configuration file: /home/bingxing2/home/scx6115/Ocean_AI_model/config/Model_2.yaml
2023-07-04 16:23:37,832 - root - INFO - Configuration name: Masked_AE_Ocean
2023-07-04 16:23:37,832 - root - INFO - nettype Masked_AE_Ocean
2023-07-04 16:23:37,832 - root - INFO - log_to_wandb True
2023-07-04 16:23:37,832 - root - INFO - lr 0.001
2023-07-04 16:23:37,832 - root - INFO - batch_size 2
2023-07-04 16:23:37,832 - root - INFO - max_epochs 150
2023-07-04 16:23:37,832 - root - INFO - scheduler CosineAnnealingLR
2023-07-04 16:23:37,832 - root - INFO - fusion_3d_2d False
2023-07-04 16:23:37,832 - root - INFO - in_channels [0, 1, 2, 3, 4, 5, 6, 7, 8, 9, 10, 11, 12, 13, 14, 15, 16, 17, 18, 19, 20, 21, 22, 23, 24, 25, 26, 27, 28, 29, 30, 31, 32, 33, 34, 35, 36, 37, 38, 39, 40, 41, 42, 43, 44, 45, 46, 47, 48, 49, 50, 51, 52, 53, 54, 55, 56, 57, 58, 59, 60, 61, 62, 63, 64, 65]
2023-07-04 16:23:37,832 - root - INFO - out_channels [0, 1, 2, 3, 4, 5, 6, 7, 8, 9, 10, 11, 12, 13, 14, 15, 16, 17, 18, 19, 20, 21, 22, 23, 24, 25, 26, 27, 28, 29, 30, 31, 32, 33, 34, 35, 36, 37, 38, 39, 40, 41, 42, 43, 44, 45, 46, 47, 48, 49, 50, 51, 52, 53, 54, 55, 56, 57, 58, 59, 60]
2023-07-04 16:23:37,832 - root - INFO - N_in_channels 66
2023-07-04 16:23:37,832 - root - INFO - N_out_channels 61
2023-07-04 16:23:37,833 - root - INFO - img_size_h 720
2023-07-04 16:23:37,833 - root - INFO - img_size_w 1440
2023-07-04 16:23:37,833 - root - INFO - patch_size_h 8
2023-07-04 16:23:37,833 - root - INFO - patch_size_w 8
2023-07-04 16:23:37,833 - root - INFO - mlp_ratio 4.0
2023-07-04 16:23:37,833 - root - INFO - embed_dim 512
2023-07-04 16:23:37,833 - root - INFO - depth 16
2023-07-04 16:23:37,833 - root - INFO - num_heads 16
2023-07-04 16:23:37,833 - root - INFO - decoder_embed_dim 1024
2023-07-04 16:23:37,833 - root - INFO - decoder_depth 8
2023-07-04 16:23:37,833 - root - INFO - decoder_num_heads 16
2023-07-04 16:23:37,833 - root - INFO - koopman_depth 2
2023-07-04 16:23:37,833 - root - INFO - modes_h_ratio 1
2023-07-04 16:23:37,834 - root - INFO - modes_w_ratio 0.8
2023-07-04 16:23:37,834 - root - INFO - drop_rate 0.0
2023-07-04 16:23:37,834 - root - INFO - drop_path_rate 0.0
2023-07-04 16:23:37,834 - root - INFO - sparsity_threshold 0.01
2023-07-04 16:23:37,834 - root - INFO - hard_thresholding_fraction 1.0
2023-07-04 16:23:37,834 - root - INFO - num_blocks 8
2023-07-04 16:23:37,834 - root - INFO - loss l2
2023-07-04 16:23:37,834 - root - INFO - num_data_workers 0
2023-07-04 16:23:37,834 - root - INFO - dt 1
2023-07-04 16:23:37,834 - root - INFO - n_history 0
2023-07-04 16:23:37,834 - root - INFO - prediction_type iterative
2023-07-04 16:23:37,834 - root - INFO - prediction_length 41
2023-07-04 16:23:37,834 - root - INFO - n_initial_conditions 5
2023-07-04 16:23:37,834 - root - INFO - ics_type default
2023-07-04 16:23:37,835 - root - INFO - date_strings ['2018-09-14 00:00:00']
2023-07-04 16:23:37,835 - root - INFO - save_raw_forecasts True
2023-07-04 16:23:37,835 - root - INFO - save_channel False
2023-07-04 16:23:37,835 - root - INFO - masked_acc False
2023-07-04 16:23:37,835 - root - INFO - maskpath None
2023-07-04 16:23:37,835 - root - INFO - perturb False
2023-07-04 16:23:37,835 - root - INFO - add_grid False
2023-07-04 16:23:37,835 - root - INFO - N_grid_channels 0
2023-07-04 16:23:37,835 - root - INFO - gridtype sinusoidal
2023-07-04 16:23:37,835 - root - INFO - roll False
2023-07-04 16:23:37,835 - root - INFO - enable_nhwc False
2023-07-04 16:23:37,835 - root - INFO - optimizer_type FusedAdam
2023-07-04 16:23:37,835 - root - INFO - exp_dir ./exp_15_levels
2023-07-04 16:23:37,835 - root - INFO - patch_size 8
2023-07-04 16:23:37,836 - root - INFO - width 56
2023-07-04 16:23:37,836 - root - INFO - modes 32
2023-07-04 16:23:37,836 - root - INFO - target default
2023-07-04 16:23:37,836 - root - INFO - train_data_path /home/bingxing2/home/scx6115/Ocean_AI_model/sample_01/train
2023-07-04 16:23:37,836 - root - INFO - valid_data_path /home/bingxing2/home/scx6115/Ocean_AI_model/sample_01/valid
2023-07-04 16:23:37,836 - root - INFO - test_data_path /home/bingxing2/home/scx6115/Ocean_AI_model/sample_01/test
2023-07-04 16:23:37,836 - root - INFO - land_mask True
2023-07-04 16:23:37,836 - root - INFO - land_mask_path /home/bingxing2/home/scx6115/Ocean_AI_model/sample_01/land_mask.h5
2023-07-04 16:23:37,836 - root - INFO - normalize True
2023-07-04 16:23:37,836 - root - INFO - normalization zscore
2023-07-04 16:23:37,836 - root - INFO - global_mins_path /home/bingxing2/home/scx6115/Ocean_AI_model/sample_01/train/global_mins.npy
2023-07-04 16:23:37,836 - root - INFO - global_maxs_path /home/bingxing2/home/scx6115/Ocean_AI_model/sample_01/train/global_maxs.npy
2023-07-04 16:23:37,836 - root - INFO - global_means_path /home/bingxing2/home/scx6115/Ocean_AI_model/sample_01/train/global_means.npy
2023-07-04 16:23:37,836 - root - INFO - global_stds_path /home/bingxing2/home/scx6115/Ocean_AI_model/sample_01/train/global_stds.npy
2023-07-04 16:23:37,837 - root - INFO - orography True
2023-07-04 16:23:37,837 - root - INFO - orography_norm_zscore_path /home/bingxing2/home/scx6115/Ocean_AI_model/sample_01/orography_norm_zscore.h5
2023-07-04 16:23:37,837 - root - INFO - orography_norm_maxmin_path /home/bingxing2/home/scx6115/Ocean_AI_model/sample_01/orography_norm_maxmin.h5
2023-07-04 16:23:37,837 - root - INFO - add_noise False
2023-07-04 16:23:37,837 - root - INFO - noise_std 0
2023-07-04 16:23:37,837 - root - INFO - crop_size_x None
2023-07-04 16:23:37,837 - root - INFO - crop_size_y None
2023-07-04 16:23:37,837 - root - INFO - log_to_screen True
2023-07-04 16:23:37,837 - root - INFO - save_checkpoint True
2023-07-04 16:23:37,837 - root - INFO - plot_animations False
2023-07-04 16:23:37,837 - root - INFO - epsilon_factor 0
2023-07-04 16:23:37,837 - root - INFO - multi_steps_finetune 1
2023-07-04 16:23:37,837 - root - INFO - finetune_max_epochs 0
2023-07-04 16:23:37,837 - root - INFO - world_size 16
2023-07-04 16:23:37,838 - root - INFO - local_rank 0
2023-07-04 16:23:37,838 - root - INFO - global_batch_size 32
2023-07-04 16:23:37,838 - root - INFO - enable_amp True
2023-07-04 16:23:37,838 - root - INFO - experiment_dir /home/bingxing2/home/scx6115/Ocean_AI_model/exp_15_levels/Masked_AE_Ocean/20230704-162314
2023-07-04 16:23:37,838 - root - INFO - checkpoint_path ./exp_15_levels/Masked_AE_Ocean/20230704-162314/training_checkpoints/ckpt.tar
2023-07-04 16:23:37,838 - root - INFO - best_checkpoint_path ./exp_15_levels/Masked_AE_Ocean/20230704-162314/training_checkpoints/best_ckpt.tar
2023-07-04 16:23:37,838 - root - INFO - resuming False
2023-07-04 16:23:37,838 - root - INFO - entity ocean_ai_model
2023-07-04 16:23:37,838 - root - INFO - project ai4science
2023-07-04 16:23:37,838 - root - INFO - group 025_daily_15_levels
2023-07-04 16:23:37,838 - root - INFO - name Masked_AE_Ocean_20230704-162314
2023-07-04 16:23:37,838 - root - INFO - ---------------------------------------------------
2023-07-04 16:23:37,859 - root - INFO - Getting file stats from /home/bingxing2/home/scx6115/Ocean_AI_model/sample_01/valid/2011.h5
2023-07-04 16:23:37,859 - root - INFO - Getting file stats from /home/bingxing2/home/scx6115/Ocean_AI_model/sample_01/valid/2011.h5
2023-07-04 16:23:37,859 - root - INFO - Getting file stats from /home/bingxing2/home/scx6115/Ocean_AI_model/sample_01/valid/2011.h5
2023-07-04 16:23:37,860 - root - INFO - Number of samples per year: 364
2023-07-04 16:23:37,860 - root - INFO - Number of samples per year: 364
2023-07-04 16:23:37,860 - root - INFO - Number of samples per year: 364
2023-07-04 16:23:37,860 - root - INFO - Found data at path /home/bingxing2/home/scx6115/Ocean_AI_model/sample_01/valid. Number of examples: 364. Image Shape: 720 x 1440 x 66
2023-07-04 16:23:37,860 - root - INFO - Found data at path /home/bingxing2/home/scx6115/Ocean_AI_model/sample_01/valid. Number of examples: 364. Image Shape: 720 x 1440 x 66
2023-07-04 16:23:37,860 - root - INFO - Found data at path /home/bingxing2/home/scx6115/Ocean_AI_model/sample_01/valid. Number of examples: 364. Image Shape: 720 x 1440 x 66
2023-07-04 16:23:37,860 - root - INFO - Delta t: 1 days
2023-07-04 16:23:37,860 - root - INFO - Delta t: 1 days
2023-07-04 16:23:37,860 - root - INFO - Delta t: 1 days
2023-07-04 16:23:37,860 - root - INFO - Including 0 days of past history in training at a frequency of 1 days
2023-07-04 16:23:37,860 - root - INFO - Including 0 days of past history in training at a frequency of 1 days
2023-07-04 16:23:37,860 - root - INFO - Including 0 days of past history in training at a frequency of 1 days
2023-07-04 16:23:37,861 - root - INFO - rank 1, data loader initialized
2023-07-04 16:23:37,861 - root - INFO - rank 3, data loader initialized
2023-07-04 16:23:37,861 - root - INFO - rank 2, data loader initialized
wandb: Tracking run with wandb version 0.15.3
wandb: W&B syncing is set to `offline` in this directory.  
wandb: Run `wandb online` or set WANDB_MODE=online to enable cloud syncing.
2023-07-04 16:23:47,698 - root - INFO - device: cuda:0
2023-07-04 16:23:47,698 - root - INFO - rank 0, begin data loader init
2023-07-04 16:23:47,701 - root - INFO - Getting file stats from /home/bingxing2/home/scx6115/Ocean_AI_model/sample_01/train/2000.h5
2023-07-04 16:23:47,702 - root - INFO - Number of samples per year: 365
2023-07-04 16:23:47,702 - root - INFO - Found data at path /home/bingxing2/home/scx6115/Ocean_AI_model/sample_01/train. Number of examples: 4015. Image Shape: 720 x 1440 x 66
2023-07-04 16:23:47,703 - root - INFO - Delta t: 1 days
2023-07-04 16:23:47,703 - root - INFO - Including 0 days of past history in training at a frequency of 1 days
2023-07-04 16:23:47,705 - root - INFO - Getting file stats from /home/bingxing2/home/scx6115/Ocean_AI_model/sample_01/valid/2011.h5
2023-07-04 16:23:47,706 - root - INFO - Number of samples per year: 364
2023-07-04 16:23:47,706 - root - INFO - Found data at path /home/bingxing2/home/scx6115/Ocean_AI_model/sample_01/valid. Number of examples: 364. Image Shape: 720 x 1440 x 66
2023-07-04 16:23:47,706 - root - INFO - Delta t: 1 days
2023-07-04 16:23:47,707 - root - INFO - Including 0 days of past history in training at a frequency of 1 days
2023-07-04 16:23:47,707 - root - INFO - rank 0, data loader initialized
paraai-n32-h-01-agent-103:4000874:4000874 [0] NCCL INFO Bootstrap : Using eth0:172.16.4.105<0>
paraai-n32-h-01-agent-103:4000874:4000874 [0] NCCL INFO NET/Plugin : No plugin found (libnccl-net.so), using internal implementation
paraai-n32-h-01-agent-103:4000874:4000874 [0] NCCL INFO cudaDriverVersion 11060
NCCL version 2.14.3+cuda11.7paraai-n32-h-01-agent-103:4000875:4000875 [1] NCCL INFO cudaDriverVersion 11060

paraai-n32-h-01-agent-103:4000877:4000877 [3] NCCL INFO cudaDriverVersion 11060
paraai-n32-h-01-agent-103:4000876:4000876 [2] NCCL INFO cudaDriverVersion 11060
paraai-n32-h-01-agent-103:4000877:4000877 [3] NCCL INFO Bootstrap : Using eth0:172.16.4.105<0>
paraai-n32-h-01-agent-103:4000875:4000875 [1] NCCL INFO Bootstrap : Using eth0:172.16.4.105<0>
paraai-n32-h-01-agent-103:4000876:4000876 [2] NCCL INFO Bootstrap : Using eth0:172.16.4.105<0>
paraai-n32-h-01-agent-103:4000877:4000877 [3] NCCL INFO NET/Plugin : No plugin found (libnccl-net.so), using internal implementation
paraai-n32-h-01-agent-103:4000875:4000875 [1] NCCL INFO NET/Plugin : No plugin found (libnccl-net.so), using internal implementation
paraai-n32-h-01-agent-103:4000876:4000876 [2] NCCL INFO NET/Plugin : No plugin found (libnccl-net.so), using internal implementation
paraai-n32-h-01-agent-103:4000874:4001901 [0] NCCL INFO NET/IB : Using [0]mlx5_0:1/RoCE [1]mlx5_2:1/RoCE [RO]; OOB eth0:172.16.4.105<0>
paraai-n32-h-01-agent-103:4000874:4001901 [0] NCCL INFO Using network IB
paraai-n32-h-01-agent-103:4000875:4001905 [1] NCCL INFO NET/IB : Using [0]mlx5_0:1/RoCE [1]mlx5_2:1/RoCE [RO]; OOB eth0:172.16.4.105<0>
paraai-n32-h-01-agent-103:4000875:4001905 [1] NCCL INFO Using network IB
paraai-n32-h-01-agent-103:4000876:4001907 [2] NCCL INFO NET/IB : Using [0]mlx5_0:1/RoCE [1]mlx5_2:1/RoCE [RO]; OOB eth0:172.16.4.105<0>
paraai-n32-h-01-agent-103:4000876:4001907 [2] NCCL INFO Using network IB
paraai-n32-h-01-agent-103:4000877:4001904 [3] NCCL INFO NET/IB : Using [0]mlx5_0:1/RoCE [1]mlx5_2:1/RoCE [RO]; OOB eth0:172.16.4.105<0>
paraai-n32-h-01-agent-103:4000877:4001904 [3] NCCL INFO Using network IB
paraai-n32-h-01-agent-103:4000876:4001907 [2] NCCL INFO Setting affinity for GPU 2 to ffffffff,00000000,00000000
paraai-n32-h-01-agent-103:4000877:4001904 [3] NCCL INFO Setting affinity for GPU 3 to ffffffff,00000000,00000000
paraai-n32-h-01-agent-103:4000875:4001905 [1] NCCL INFO Setting affinity for GPU 1 to ffffffff
paraai-n32-h-01-agent-103:4000874:4001901 [0] NCCL INFO Setting affinity for GPU 0 to ffffffff
paraai-n32-h-01-agent-103:4000874:4001901 [0] NCCL INFO NCCL_MAX_NCHANNELS set by environment to 16.
paraai-n32-h-01-agent-103:4000877:4001904 [3] NCCL INFO NCCL_MAX_NCHANNELS set by environment to 16.
paraai-n32-h-01-agent-103:4000875:4001905 [1] NCCL INFO NCCL_MAX_NCHANNELS set by environment to 16.
paraai-n32-h-01-agent-103:4000876:4001907 [2] NCCL INFO NCCL_MAX_NCHANNELS set by environment to 16.
paraai-n32-h-01-agent-103:4000874:4001901 [0] NCCL INFO NCCL_MIN_NCHANNELS set by environment to 16.
paraai-n32-h-01-agent-103:4000877:4001904 [3] NCCL INFO NCCL_MIN_NCHANNELS set by environment to 16.
paraai-n32-h-01-agent-103:4000875:4001905 [1] NCCL INFO NCCL_MIN_NCHANNELS set by environment to 16.
paraai-n32-h-01-agent-103:4000876:4001907 [2] NCCL INFO NCCL_MIN_NCHANNELS set by environment to 16.
paraai-n32-h-01-agent-103:4000874:4001901 [0] NCCL INFO Channel 00/16 :    0   1   2   3   4   5   6   7   8   9  10  11  12  13  14  15
paraai-n32-h-01-agent-103:4000877:4001904 [3] NCCL INFO Trees [0] -1/-1/-1->3->2 [1] 0/-1/-1->3->2 [2] -1/-1/-1->3->2 [3] 0/-1/-1->3->2 [4] -1/-1/-1->3->2 [5] 0/-1/-1->3->2 [6] -1/-1/-1->3->2 [7] 0/-1/-1->3->2 [8] -1/-1/-1->3->2 [9] 0/-1/-1->3->2 [10] -1/-1/-1->3->2 [11] 0/-1/-1->3->2 [12] -1/-1/-1->3->2 [13] 0/-1/-1->3->2 [14] -1/-1/-1->3->2 [15] 0/-1/-1->3->2
paraai-n32-h-01-agent-103:4000875:4001905 [1] NCCL INFO Trees [0] 2/-1/-1->1->0 [1] -1/-1/-1->1->0 [2] 2/-1/-1->1->0 [3] -1/-1/-1->1->0 [4] 2/-1/-1->1->0 [5] -1/-1/-1->1->0 [6] 2/-1/-1->1->0 [7] -1/-1/-1->1->0 [8] 2/-1/-1->1->0 [9] -1/-1/-1->1->0 [10] 2/-1/-1->1->0 [11] -1/-1/-1->1->0 [12] 2/-1/-1->1->0 [13] -1/-1/-1->1->0 [14] 2/-1/-1->1->0 [15] -1/-1/-1->1->0
paraai-n32-h-01-agent-103:4000876:4001907 [2] NCCL INFO Trees [0] 3/-1/-1->2->1 [1] 3/10/-1->2->-1 [2] 3/-1/-1->2->1 [3] 3/-1/-1->2->6 [4] 3/-1/-1->2->1 [5] 3/10/-1->2->-1 [6] 3/-1/-1->2->1 [7] 3/-1/-1->2->6 [8] 3/-1/-1->2->1 [9] 3/10/-1->2->-1 [10] 3/-1/-1->2->1 [11] 3/-1/-1->2->6 [12] 3/-1/-1->2->1 [13] 3/10/-1->2->-1 [14] 3/-1/-1->2->1 [15] 3/-1/-1->2->6
paraai-n32-h-01-agent-103:4000874:4001901 [0] NCCL INFO Channel 01/16 :    0   6   7   5   4  10  11   9   8  14  15  13  12   2   3   1
paraai-n32-h-01-agent-103:4000874:4001901 [0] NCCL INFO Channel 02/16 :    0   1   2   3   4   5   6   7   8   9  10  11  12  13  14  15
paraai-n32-h-01-agent-103:4000874:4001901 [0] NCCL INFO Channel 03/16 :    0   6   7   5   4  10  11   9   8  14  15  13  12   2   3   1
paraai-n32-h-01-agent-103:4000874:4001901 [0] NCCL INFO Channel 04/16 :    0   1   2   3   4   5   6   7   8   9  10  11  12  13  14  15
paraai-n32-h-01-agent-103:4000874:4001901 [0] NCCL INFO Channel 05/16 :    0   6   7   5   4  10  11   9   8  14  15  13  12   2   3   1
paraai-n32-h-01-agent-103:4000874:4001901 [0] NCCL INFO Channel 06/16 :    0   1   2   3   4   5   6   7   8   9  10  11  12  13  14  15
paraai-n32-h-01-agent-103:4000874:4001901 [0] NCCL INFO Channel 07/16 :    0   6   7   5   4  10  11   9   8  14  15  13  12   2   3   1
paraai-n32-h-01-agent-103:4000874:4001901 [0] NCCL INFO Channel 08/16 :    0   1   2   3   4   5   6   7   8   9  10  11  12  13  14  15
paraai-n32-h-01-agent-103:4000874:4001901 [0] NCCL INFO Channel 09/16 :    0   6   7   5   4  10  11   9   8  14  15  13  12   2   3   1
paraai-n32-h-01-agent-103:4000874:4001901 [0] NCCL INFO Channel 10/16 :    0   1   2   3   4   5   6   7   8   9  10  11  12  13  14  15
paraai-n32-h-01-agent-103:4000874:4001901 [0] NCCL INFO Channel 11/16 :    0   6   7   5   4  10  11   9   8  14  15  13  12   2   3   1
paraai-n32-h-01-agent-103:4000874:4001901 [0] NCCL INFO Channel 12/16 :    0   1   2   3   4   5   6   7   8   9  10  11  12  13  14  15
paraai-n32-h-01-agent-103:4000874:4001901 [0] NCCL INFO Channel 13/16 :    0   6   7   5   4  10  11   9   8  14  15  13  12   2   3   1
paraai-n32-h-01-agent-103:4000874:4001901 [0] NCCL INFO Channel 14/16 :    0   1   2   3   4   5   6   7   8   9  10  11  12  13  14  15
paraai-n32-h-01-agent-103:4000874:4001901 [0] NCCL INFO Channel 15/16 :    0   6   7   5   4  10  11   9   8  14  15  13  12   2   3   1
paraai-n32-h-01-agent-103:4000874:4001901 [0] NCCL INFO Trees [0] 1/8/-1->0->-1 [1] 1/-1/-1->0->3 [2] 1/-1/-1->0->4 [3] 1/-1/-1->0->3 [4] 1/8/-1->0->-1 [5] 1/-1/-1->0->3 [6] 1/-1/-1->0->4 [7] 1/-1/-1->0->3 [8] 1/8/-1->0->-1 [9] 1/-1/-1->0->3 [10] 1/-1/-1->0->4 [11] 1/-1/-1->0->3 [12] 1/8/-1->0->-1 [13] 1/-1/-1->0->3 [14] 1/-1/-1->0->4 [15] 1/-1/-1->0->3
paraai-n32-h-01-agent-103:4000874:4001901 [0] NCCL INFO Channel 00/0 : 15[82000] -> 0[1000] [receive] via NET/IB/0
paraai-n32-h-01-agent-103:4000876:4001907 [2] NCCL INFO Channel 00 : 2[81000] -> 3[82000] via SHM/direct/direct
paraai-n32-h-01-agent-103:4000876:4001907 [2] NCCL INFO Channel 01 : 2[81000] -> 3[82000] via SHM/direct/direct
paraai-n32-h-01-agent-103:4000876:4001907 [2] NCCL INFO Channel 02 : 2[81000] -> 3[82000] via SHM/direct/direct
paraai-n32-h-01-agent-103:4000876:4001907 [2] NCCL INFO Channel 03 : 2[81000] -> 3[82000] via SHM/direct/direct
paraai-n32-h-01-agent-103:4000876:4001907 [2] NCCL INFO Channel 04 : 2[81000] -> 3[82000] via SHM/direct/direct
paraai-n32-h-01-agent-103:4000876:4001907 [2] NCCL INFO Channel 05 : 2[81000] -> 3[82000] via SHM/direct/direct
paraai-n32-h-01-agent-103:4000876:4001907 [2] NCCL INFO Channel 06 : 2[81000] -> 3[82000] via SHM/direct/direct
paraai-n32-h-01-agent-103:4000876:4001907 [2] NCCL INFO Channel 07 : 2[81000] -> 3[82000] via SHM/direct/direct
paraai-n32-h-01-agent-103:4000876:4001907 [2] NCCL INFO Channel 08 : 2[81000] -> 3[82000] via SHM/direct/direct
paraai-n32-h-01-agent-103:4000876:4001907 [2] NCCL INFO Channel 09 : 2[81000] -> 3[82000] via SHM/direct/direct
paraai-n32-h-01-agent-103:4000876:4001907 [2] NCCL INFO Channel 10 : 2[81000] -> 3[82000] via SHM/direct/direct
paraai-n32-h-01-agent-103:4000876:4001907 [2] NCCL INFO Channel 11 : 2[81000] -> 3[82000] via SHM/direct/direct
paraai-n32-h-01-agent-103:4000875:4001905 [1] NCCL INFO Channel 00 : 1[2000] -> 2[81000] via SHM/direct/direct
paraai-n32-h-01-agent-103:4000876:4001907 [2] NCCL INFO Channel 12 : 2[81000] -> 3[82000] via SHM/direct/direct
paraai-n32-h-01-agent-103:4000875:4001905 [1] NCCL INFO Channel 02 : 1[2000] -> 2[81000] via SHM/direct/direct
paraai-n32-h-01-agent-103:4000876:4001907 [2] NCCL INFO Channel 13 : 2[81000] -> 3[82000] via SHM/direct/direct
paraai-n32-h-01-agent-103:4000875:4001905 [1] NCCL INFO Channel 04 : 1[2000] -> 2[81000] via SHM/direct/direct
paraai-n32-h-01-agent-103:4000876:4001907 [2] NCCL INFO Channel 14 : 2[81000] -> 3[82000] via SHM/direct/direct
paraai-n32-h-01-agent-103:4000875:4001905 [1] NCCL INFO Channel 06 : 1[2000] -> 2[81000] via SHM/direct/direct
paraai-n32-h-01-agent-103:4000876:4001907 [2] NCCL INFO Channel 15 : 2[81000] -> 3[82000] via SHM/direct/direct
paraai-n32-h-01-agent-103:4000875:4001905 [1] NCCL INFO Channel 08 : 1[2000] -> 2[81000] via SHM/direct/direct
paraai-n32-h-01-agent-103:4000875:4001905 [1] NCCL INFO Channel 10 : 1[2000] -> 2[81000] via SHM/direct/direct
paraai-n32-h-01-agent-103:4000875:4001905 [1] NCCL INFO Channel 12 : 1[2000] -> 2[81000] via SHM/direct/direct
paraai-n32-h-01-agent-103:4000875:4001905 [1] NCCL INFO Channel 14 : 1[2000] -> 2[81000] via SHM/direct/direct
paraai-n32-h-01-agent-103:4000874:4001901 [0] NCCL INFO Channel 02/0 : 15[82000] -> 0[1000] [receive] via NET/IB/0
paraai-n32-h-01-agent-103:4000874:4001901 [0] NCCL INFO Channel 04/0 : 15[82000] -> 0[1000] [receive] via NET/IB/0
paraai-n32-h-01-agent-103:4000874:4001901 [0] NCCL INFO Channel 06/0 : 15[82000] -> 0[1000] [receive] via NET/IB/0
paraai-n32-h-01-agent-103:4000877:4001904 [3] NCCL INFO Channel 00/0 : 3[82000] -> 4[1000] [send] via NET/IB/1
paraai-n32-h-01-agent-103:4000874:4001901 [0] NCCL INFO Channel 08/0 : 15[82000] -> 0[1000] [receive] via NET/IB/0
paraai-n32-h-01-agent-103:4000877:4001904 [3] NCCL INFO Channel 02/0 : 3[82000] -> 4[1000] [send] via NET/IB/1
paraai-n32-h-01-agent-103:4000874:4001901 [0] NCCL INFO Channel 10/0 : 15[82000] -> 0[1000] [receive] via NET/IB/0
paraai-n32-h-01-agent-103:4000877:4001904 [3] NCCL INFO Channel 04/0 : 3[82000] -> 4[1000] [send] via NET/IB/1
paraai-n32-h-01-agent-103:4000874:4001901 [0] NCCL INFO Channel 12/0 : 15[82000] -> 0[1000] [receive] via NET/IB/0
paraai-n32-h-01-agent-103:4000877:4001904 [3] NCCL INFO Channel 06/0 : 3[82000] -> 4[1000] [send] via NET/IB/1
paraai-n32-h-01-agent-103:4000874:4001901 [0] NCCL INFO Channel 14/0 : 15[82000] -> 0[1000] [receive] via NET/IB/0
paraai-n32-h-01-agent-103:4000874:4001901 [0] NCCL INFO Channel 00 : 0[1000] -> 1[2000] via SHM/direct/direct
paraai-n32-h-01-agent-103:4000874:4001901 [0] NCCL INFO Channel 02 : 0[1000] -> 1[2000] via SHM/direct/direct
paraai-n32-h-01-agent-103:4000874:4001901 [0] NCCL INFO Channel 04 : 0[1000] -> 1[2000] via SHM/direct/direct
paraai-n32-h-01-agent-103:4000874:4001901 [0] NCCL INFO Channel 06 : 0[1000] -> 1[2000] via SHM/direct/direct
paraai-n32-h-01-agent-103:4000874:4001901 [0] NCCL INFO Channel 08 : 0[1000] -> 1[2000] via SHM/direct/direct
paraai-n32-h-01-agent-103:4000874:4001901 [0] NCCL INFO Channel 10 : 0[1000] -> 1[2000] via SHM/direct/direct
paraai-n32-h-01-agent-103:4000874:4001901 [0] NCCL INFO Channel 12 : 0[1000] -> 1[2000] via SHM/direct/direct
paraai-n32-h-01-agent-103:4000874:4001901 [0] NCCL INFO Channel 14 : 0[1000] -> 1[2000] via SHM/direct/direct
paraai-n32-h-01-agent-103:4000877:4001904 [3] NCCL INFO Channel 08/0 : 3[82000] -> 4[1000] [send] via NET/IB/1
paraai-n32-h-01-agent-103:4000874:4001917 [0] NCCL INFO NCCL_IB_GID_INDEX set by environment to 3.
paraai-n32-h-01-agent-103:4000877:4001904 [3] NCCL INFO Channel 10/0 : 3[82000] -> 4[1000] [send] via NET/IB/1
paraai-n32-h-01-agent-103:4000877:4001904 [3] NCCL INFO Channel 12/0 : 3[82000] -> 4[1000] [send] via NET/IB/1
paraai-n32-h-01-agent-103:4000874:4001901 [0] NCCL INFO Channel 01/0 : 0[1000] -> 6[81000] [send] via NET/IB/0
paraai-n32-h-01-agent-103:4000877:4001904 [3] NCCL INFO Channel 14/0 : 3[82000] -> 4[1000] [send] via NET/IB/1
paraai-n32-h-01-agent-103:4000877:4001915 [3] NCCL INFO NCCL_IB_GID_INDEX set by environment to 3.
paraai-n32-h-01-agent-103:4000876:4001907 [2] NCCL INFO Channel 01/0 : 12[1000] -> 2[81000] [receive] via NET/IB/1
paraai-n32-h-01-agent-103:4000874:4001901 [0] NCCL INFO Channel 03/0 : 0[1000] -> 6[81000] [send] via NET/IB/0
paraai-n32-h-01-agent-103:4000876:4001907 [2] NCCL INFO Channel 03/0 : 12[1000] -> 2[81000] [receive] via NET/IB/1
paraai-n32-h-01-agent-103:4000874:4001901 [0] NCCL INFO Channel 05/0 : 0[1000] -> 6[81000] [send] via NET/IB/0
paraai-n32-h-01-agent-103:4000876:4001907 [2] NCCL INFO Channel 05/0 : 12[1000] -> 2[81000] [receive] via NET/IB/1
paraai-n32-h-01-agent-103:4000874:4001901 [0] NCCL INFO Channel 07/0 : 0[1000] -> 6[81000] [send] via NET/IB/0
paraai-n32-h-01-agent-103:4000877:4001904 [3] NCCL INFO Channel 01 : 3[82000] -> 1[2000] via SHM/direct/direct
paraai-n32-h-01-agent-103:4000877:4001904 [3] NCCL INFO Channel 03 : 3[82000] -> 1[2000] via SHM/direct/direct
paraai-n32-h-01-agent-103:4000877:4001904 [3] NCCL INFO Channel 05 : 3[82000] -> 1[2000] via SHM/direct/direct
paraai-n32-h-01-agent-103:4000877:4001904 [3] NCCL INFO Channel 07 : 3[82000] -> 1[2000] via SHM/direct/direct
paraai-n32-h-01-agent-103:4000877:4001904 [3] NCCL INFO Channel 09 : 3[82000] -> 1[2000] via SHM/direct/direct
paraai-n32-h-01-agent-103:4000877:4001904 [3] NCCL INFO Channel 11 : 3[82000] -> 1[2000] via SHM/direct/direct
paraai-n32-h-01-agent-103:4000877:4001904 [3] NCCL INFO Channel 13 : 3[82000] -> 1[2000] via SHM/direct/direct
paraai-n32-h-01-agent-103:4000877:4001904 [3] NCCL INFO Channel 15 : 3[82000] -> 1[2000] via SHM/direct/direct
paraai-n32-h-01-agent-103:4000875:4001905 [1] NCCL INFO Channel 01 : 1[2000] -> 0[1000] via SHM/direct/direct
paraai-n32-h-01-agent-103:4000875:4001905 [1] NCCL INFO Channel 03 : 1[2000] -> 0[1000] via SHM/direct/direct
paraai-n32-h-01-agent-103:4000875:4001905 [1] NCCL INFO Channel 05 : 1[2000] -> 0[1000] via SHM/direct/direct
paraai-n32-h-01-agent-103:4000875:4001905 [1] NCCL INFO Channel 07 : 1[2000] -> 0[1000] via SHM/direct/direct
paraai-n32-h-01-agent-103:4000875:4001905 [1] NCCL INFO Channel 09 : 1[2000] -> 0[1000] via SHM/direct/direct
paraai-n32-h-01-agent-103:4000875:4001905 [1] NCCL INFO Channel 11 : 1[2000] -> 0[1000] via SHM/direct/direct
paraai-n32-h-01-agent-103:4000875:4001905 [1] NCCL INFO Channel 13 : 1[2000] -> 0[1000] via SHM/direct/direct
paraai-n32-h-01-agent-103:4000877:4001904 [3] NCCL INFO Connected all rings
paraai-n32-h-01-agent-103:4000875:4001905 [1] NCCL INFO Channel 15 : 1[2000] -> 0[1000] via SHM/direct/direct
paraai-n32-h-01-agent-103:4000876:4001907 [2] NCCL INFO Channel 07/0 : 12[1000] -> 2[81000] [receive] via NET/IB/1
paraai-n32-h-01-agent-103:4000874:4001901 [0] NCCL INFO Channel 09/0 : 0[1000] -> 6[81000] [send] via NET/IB/0
paraai-n32-h-01-agent-103:4000874:4001901 [0] NCCL INFO Channel 11/0 : 0[1000] -> 6[81000] [send] via NET/IB/0
paraai-n32-h-01-agent-103:4000874:4001901 [0] NCCL INFO Channel 13/0 : 0[1000] -> 6[81000] [send] via NET/IB/0
paraai-n32-h-01-agent-103:4000874:4001901 [0] NCCL INFO Channel 15/0 : 0[1000] -> 6[81000] [send] via NET/IB/0
paraai-n32-h-01-agent-103:4000876:4001907 [2] NCCL INFO Channel 09/0 : 12[1000] -> 2[81000] [receive] via NET/IB/1
paraai-n32-h-01-agent-103:4000874:4001901 [0] NCCL INFO Connected all rings
paraai-n32-h-01-agent-103:4000874:4001901 [0] NCCL INFO Channel 01 : 0[1000] -> 1[2000] via SHM/direct/direct
paraai-n32-h-01-agent-103:4000874:4001901 [0] NCCL INFO Channel 03 : 0[1000] -> 1[2000] via SHM/direct/direct
paraai-n32-h-01-agent-103:4000874:4001901 [0] NCCL INFO Channel 05 : 0[1000] -> 1[2000] via SHM/direct/direct
paraai-n32-h-01-agent-103:4000874:4001901 [0] NCCL INFO Channel 07 : 0[1000] -> 1[2000] via SHM/direct/direct
paraai-n32-h-01-agent-103:4000874:4001901 [0] NCCL INFO Channel 09 : 0[1000] -> 1[2000] via SHM/direct/direct
paraai-n32-h-01-agent-103:4000874:4001901 [0] NCCL INFO Channel 11 : 0[1000] -> 1[2000] via SHM/direct/direct
paraai-n32-h-01-agent-103:4000874:4001901 [0] NCCL INFO Channel 13 : 0[1000] -> 1[2000] via SHM/direct/direct
paraai-n32-h-01-agent-103:4000874:4001901 [0] NCCL INFO Channel 15 : 0[1000] -> 1[2000] via SHM/direct/direct
paraai-n32-h-01-agent-103:4000875:4001905 [1] NCCL INFO Connected all rings
paraai-n32-h-01-agent-103:4000874:4001901 [0] NCCL INFO Channel 01 : 0[1000] -> 3[82000] via SHM/direct/direct
paraai-n32-h-01-agent-103:4000874:4001901 [0] NCCL INFO Channel 03 : 0[1000] -> 3[82000] via SHM/direct/direct
paraai-n32-h-01-agent-103:4000874:4001901 [0] NCCL INFO Channel 05 : 0[1000] -> 3[82000] via SHM/direct/direct
paraai-n32-h-01-agent-103:4000874:4001901 [0] NCCL INFO Channel 07 : 0[1000] -> 3[82000] via SHM/direct/direct
paraai-n32-h-01-agent-103:4000874:4001901 [0] NCCL INFO Channel 09 : 0[1000] -> 3[82000] via SHM/direct/direct
paraai-n32-h-01-agent-103:4000874:4001901 [0] NCCL INFO Channel 11 : 0[1000] -> 3[82000] via SHM/direct/direct
paraai-n32-h-01-agent-103:4000874:4001901 [0] NCCL INFO Channel 13 : 0[1000] -> 3[82000] via SHM/direct/direct
paraai-n32-h-01-agent-103:4000874:4001901 [0] NCCL INFO Channel 15 : 0[1000] -> 3[82000] via SHM/direct/direct
paraai-n32-h-01-agent-103:4000877:4001904 [3] NCCL INFO Channel 01 : 3[82000] -> 0[1000] via SHM/direct/direct
paraai-n32-h-01-agent-103:4000877:4001904 [3] NCCL INFO Channel 03 : 3[82000] -> 0[1000] via SHM/direct/direct
paraai-n32-h-01-agent-103:4000877:4001904 [3] NCCL INFO Channel 05 : 3[82000] -> 0[1000] via SHM/direct/direct
paraai-n32-h-01-agent-103:4000877:4001904 [3] NCCL INFO Channel 07 : 3[82000] -> 0[1000] via SHM/direct/direct
paraai-n32-h-01-agent-103:4000877:4001904 [3] NCCL INFO Channel 09 : 3[82000] -> 0[1000] via SHM/direct/direct
paraai-n32-h-01-agent-103:4000877:4001904 [3] NCCL INFO Channel 11 : 3[82000] -> 0[1000] via SHM/direct/direct
paraai-n32-h-01-agent-103:4000877:4001904 [3] NCCL INFO Channel 13 : 3[82000] -> 0[1000] via SHM/direct/direct
paraai-n32-h-01-agent-103:4000877:4001904 [3] NCCL INFO Channel 15 : 3[82000] -> 0[1000] via SHM/direct/direct
paraai-n32-h-01-agent-103:4000875:4001905 [1] NCCL INFO Channel 00 : 1[2000] -> 0[1000] via SHM/direct/direct
paraai-n32-h-01-agent-103:4000875:4001905 [1] NCCL INFO Channel 02 : 1[2000] -> 0[1000] via SHM/direct/direct
paraai-n32-h-01-agent-103:4000875:4001905 [1] NCCL INFO Channel 04 : 1[2000] -> 0[1000] via SHM/direct/direct
paraai-n32-h-01-agent-103:4000875:4001905 [1] NCCL INFO Channel 06 : 1[2000] -> 0[1000] via SHM/direct/direct
paraai-n32-h-01-agent-103:4000875:4001905 [1] NCCL INFO Channel 08 : 1[2000] -> 0[1000] via SHM/direct/direct
paraai-n32-h-01-agent-103:4000875:4001905 [1] NCCL INFO Channel 10 : 1[2000] -> 0[1000] via SHM/direct/direct
paraai-n32-h-01-agent-103:4000875:4001905 [1] NCCL INFO Channel 12 : 1[2000] -> 0[1000] via SHM/direct/direct
paraai-n32-h-01-agent-103:4000875:4001905 [1] NCCL INFO Channel 14 : 1[2000] -> 0[1000] via SHM/direct/direct
paraai-n32-h-01-agent-103:4000876:4001907 [2] NCCL INFO Channel 11/0 : 12[1000] -> 2[81000] [receive] via NET/IB/1
paraai-n32-h-01-agent-103:4000874:4001901 [0] NCCL INFO Channel 02/0 : 0[1000] -> 4[1000] [send] via NET/IB/0
paraai-n32-h-01-agent-103:4000876:4001907 [2] NCCL INFO Channel 13/0 : 12[1000] -> 2[81000] [receive] via NET/IB/1
paraai-n32-h-01-agent-103:4000874:4001901 [0] NCCL INFO Channel 06/0 : 0[1000] -> 4[1000] [send] via NET/IB/0
paraai-n32-h-01-agent-103:4000876:4001907 [2] NCCL INFO Channel 15/0 : 12[1000] -> 2[81000] [receive] via NET/IB/1
paraai-n32-h-01-agent-103:4000876:4001914 [2] NCCL INFO NCCL_IB_GID_INDEX set by environment to 3.
paraai-n32-h-01-agent-103:4000874:4001901 [0] NCCL INFO Channel 10/0 : 0[1000] -> 4[1000] [send] via NET/IB/0
paraai-n32-h-01-agent-103:4000876:4001907 [2] NCCL INFO Connected all rings
paraai-n32-h-01-agent-103:4000874:4001901 [0] NCCL INFO Channel 14/0 : 0[1000] -> 4[1000] [send] via NET/IB/0
paraai-n32-h-01-agent-103:4000876:4001907 [2] NCCL INFO Channel 03/0 : 2[81000] -> 6[81000] [send] via NET/IB/1
paraai-n32-h-01-agent-103:4000876:4001907 [2] NCCL INFO Channel 07/0 : 2[81000] -> 6[81000] [send] via NET/IB/1
paraai-n32-h-01-agent-103:4000876:4001907 [2] NCCL INFO Channel 11/0 : 2[81000] -> 6[81000] [send] via NET/IB/1
paraai-n32-h-01-agent-103:4000876:4001907 [2] NCCL INFO Channel 15/0 : 2[81000] -> 6[81000] [send] via NET/IB/1
paraai-n32-h-01-agent-103:4000874:4001901 [0] NCCL INFO Channel 00/0 : 8[1000] -> 0[1000] [receive] via NET/IB/0
paraai-n32-h-01-agent-103:4000876:4001907 [2] NCCL INFO Channel 01/0 : 10[81000] -> 2[81000] [receive] via NET/IB/1
paraai-n32-h-01-agent-103:4000874:4001901 [0] NCCL INFO Channel 04/0 : 8[1000] -> 0[1000] [receive] via NET/IB/0
paraai-n32-h-01-agent-103:4000876:4001907 [2] NCCL INFO Channel 05/0 : 10[81000] -> 2[81000] [receive] via NET/IB/1
paraai-n32-h-01-agent-103:4000874:4001901 [0] NCCL INFO Channel 08/0 : 8[1000] -> 0[1000] [receive] via NET/IB/0
paraai-n32-h-01-agent-103:4000876:4001907 [2] NCCL INFO Channel 09/0 : 10[81000] -> 2[81000] [receive] via NET/IB/1
paraai-n32-h-01-agent-103:4000874:4001901 [0] NCCL INFO Channel 12/0 : 8[1000] -> 0[1000] [receive] via NET/IB/0
paraai-n32-h-01-agent-103:4000876:4001907 [2] NCCL INFO Channel 13/0 : 10[81000] -> 2[81000] [receive] via NET/IB/1
paraai-n32-h-01-agent-103:4000874:4001901 [0] NCCL INFO Channel 00/0 : 0[1000] -> 8[1000] [send] via NET/IB/0
paraai-n32-h-01-agent-103:4000876:4001907 [2] NCCL INFO Channel 01/0 : 2[81000] -> 10[81000] [send] via NET/IB/1
paraai-n32-h-01-agent-103:4000874:4001901 [0] NCCL INFO Channel 04/0 : 0[1000] -> 8[1000] [send] via NET/IB/0
paraai-n32-h-01-agent-103:4000876:4001907 [2] NCCL INFO Channel 05/0 : 2[81000] -> 10[81000] [send] via NET/IB/1
paraai-n32-h-01-agent-103:4000874:4001901 [0] NCCL INFO Channel 08/0 : 0[1000] -> 8[1000] [send] via NET/IB/0
paraai-n32-h-01-agent-103:4000876:4001907 [2] NCCL INFO Channel 09/0 : 2[81000] -> 10[81000] [send] via NET/IB/1
paraai-n32-h-01-agent-103:4000874:4001901 [0] NCCL INFO Channel 12/0 : 0[1000] -> 8[1000] [send] via NET/IB/0
paraai-n32-h-01-agent-103:4000876:4001907 [2] NCCL INFO Channel 13/0 : 2[81000] -> 10[81000] [send] via NET/IB/1
paraai-n32-h-01-agent-103:4000876:4001907 [2] NCCL INFO Channel 03/0 : 6[81000] -> 2[81000] [receive] via NET/IB/1
paraai-n32-h-01-agent-103:4000874:4001901 [0] NCCL INFO Channel 02/0 : 4[1000] -> 0[1000] [receive] via NET/IB/0
paraai-n32-h-01-agent-103:4000876:4001907 [2] NCCL INFO Channel 07/0 : 6[81000] -> 2[81000] [receive] via NET/IB/1
paraai-n32-h-01-agent-103:4000874:4001901 [0] NCCL INFO Channel 06/0 : 4[1000] -> 0[1000] [receive] via NET/IB/0
paraai-n32-h-01-agent-103:4000876:4001907 [2] NCCL INFO Channel 11/0 : 6[81000] -> 2[81000] [receive] via NET/IB/1
paraai-n32-h-01-agent-103:4000874:4001901 [0] NCCL INFO Channel 10/0 : 4[1000] -> 0[1000] [receive] via NET/IB/0
paraai-n32-h-01-agent-103:4000876:4001907 [2] NCCL INFO Channel 15/0 : 6[81000] -> 2[81000] [receive] via NET/IB/1
paraai-n32-h-01-agent-103:4000874:4001901 [0] NCCL INFO Channel 14/0 : 4[1000] -> 0[1000] [receive] via NET/IB/0
paraai-n32-h-01-agent-103:4000876:4001907 [2] NCCL INFO Channel 00 : 2[81000] -> 1[2000] via SHM/direct/direct
paraai-n32-h-01-agent-103:4000876:4001907 [2] NCCL INFO Channel 02 : 2[81000] -> 1[2000] via SHM/direct/direct
paraai-n32-h-01-agent-103:4000876:4001907 [2] NCCL INFO Channel 04 : 2[81000] -> 1[2000] via SHM/direct/direct
paraai-n32-h-01-agent-103:4000876:4001907 [2] NCCL INFO Channel 06 : 2[81000] -> 1[2000] via SHM/direct/direct
paraai-n32-h-01-agent-103:4000876:4001907 [2] NCCL INFO Channel 08 : 2[81000] -> 1[2000] via SHM/direct/direct
paraai-n32-h-01-agent-103:4000876:4001907 [2] NCCL INFO Channel 10 : 2[81000] -> 1[2000] via SHM/direct/direct
paraai-n32-h-01-agent-103:4000876:4001907 [2] NCCL INFO Channel 12 : 2[81000] -> 1[2000] via SHM/direct/direct
paraai-n32-h-01-agent-103:4000876:4001907 [2] NCCL INFO Channel 14 : 2[81000] -> 1[2000] via SHM/direct/direct
paraai-n32-h-01-agent-103:4000877:4001904 [3] NCCL INFO Channel 00 : 3[82000] -> 2[81000] via SHM/direct/direct
paraai-n32-h-01-agent-103:4000877:4001904 [3] NCCL INFO Channel 01 : 3[82000] -> 2[81000] via SHM/direct/direct
paraai-n32-h-01-agent-103:4000877:4001904 [3] NCCL INFO Channel 02 : 3[82000] -> 2[81000] via SHM/direct/direct
paraai-n32-h-01-agent-103:4000877:4001904 [3] NCCL INFO Channel 03 : 3[82000] -> 2[81000] via SHM/direct/direct
paraai-n32-h-01-agent-103:4000877:4001904 [3] NCCL INFO Channel 04 : 3[82000] -> 2[81000] via SHM/direct/direct
paraai-n32-h-01-agent-103:4000877:4001904 [3] NCCL INFO Channel 05 : 3[82000] -> 2[81000] via SHM/direct/direct
paraai-n32-h-01-agent-103:4000877:4001904 [3] NCCL INFO Channel 06 : 3[82000] -> 2[81000] via SHM/direct/direct
paraai-n32-h-01-agent-103:4000877:4001904 [3] NCCL INFO Channel 07 : 3[82000] -> 2[81000] via SHM/direct/direct
paraai-n32-h-01-agent-103:4000877:4001904 [3] NCCL INFO Channel 08 : 3[82000] -> 2[81000] via SHM/direct/direct
paraai-n32-h-01-agent-103:4000877:4001904 [3] NCCL INFO Channel 09 : 3[82000] -> 2[81000] via SHM/direct/direct
paraai-n32-h-01-agent-103:4000877:4001904 [3] NCCL INFO Channel 10 : 3[82000] -> 2[81000] via SHM/direct/direct
paraai-n32-h-01-agent-103:4000877:4001904 [3] NCCL INFO Channel 11 : 3[82000] -> 2[81000] via SHM/direct/direct
paraai-n32-h-01-agent-103:4000877:4001904 [3] NCCL INFO Channel 12 : 3[82000] -> 2[81000] via SHM/direct/direct
paraai-n32-h-01-agent-103:4000877:4001904 [3] NCCL INFO Channel 13 : 3[82000] -> 2[81000] via SHM/direct/direct
paraai-n32-h-01-agent-103:4000877:4001904 [3] NCCL INFO Channel 14 : 3[82000] -> 2[81000] via SHM/direct/direct
paraai-n32-h-01-agent-103:4000877:4001904 [3] NCCL INFO Channel 15 : 3[82000] -> 2[81000] via SHM/direct/direct
paraai-n32-h-01-agent-103:4000874:4001901 [0] NCCL INFO Connected all trees
paraai-n32-h-01-agent-103:4000874:4001901 [0] NCCL INFO threadThresholds 8/8/64 | 128/8/64 | 512 | 512
paraai-n32-h-01-agent-103:4000874:4001901 [0] NCCL INFO 16 coll channels, 16 p2p channels, 2 p2p channels per peer
paraai-n32-h-01-agent-103:4000876:4001907 [2] NCCL INFO Connected all trees
paraai-n32-h-01-agent-103:4000876:4001907 [2] NCCL INFO threadThresholds 8/8/64 | 128/8/64 | 512 | 512
paraai-n32-h-01-agent-103:4000876:4001907 [2] NCCL INFO 16 coll channels, 16 p2p channels, 2 p2p channels per peer
paraai-n32-h-01-agent-103:4000877:4001904 [3] NCCL INFO Connected all trees
paraai-n32-h-01-agent-103:4000877:4001904 [3] NCCL INFO threadThresholds 8/8/64 | 128/8/64 | 512 | 512
paraai-n32-h-01-agent-103:4000877:4001904 [3] NCCL INFO 16 coll channels, 16 p2p channels, 2 p2p channels per peer
paraai-n32-h-01-agent-103:4000875:4001905 [1] NCCL INFO Connected all trees
paraai-n32-h-01-agent-103:4000875:4001905 [1] NCCL INFO threadThresholds 8/8/64 | 128/8/64 | 512 | 512
paraai-n32-h-01-agent-103:4000875:4001905 [1] NCCL INFO 16 coll channels, 16 p2p channels, 2 p2p channels per peer
paraai-n32-h-01-agent-103:4000876:4001907 [2] NCCL INFO comm 0x2c753080 rank 2 nranks 16 cudaDev 2 busId 81000 - Init COMPLETE
paraai-n32-h-01-agent-103:4000875:4001905 [1] NCCL INFO comm 0x3d907540 rank 1 nranks 16 cudaDev 1 busId 2000 - Init COMPLETE
paraai-n32-h-01-agent-103:4000877:4001904 [3] NCCL INFO comm 0x43039e40 rank 3 nranks 16 cudaDev 3 busId 82000 - Init COMPLETE
paraai-n32-h-01-agent-103:4000874:4001901 [0] NCCL INFO comm 0x6b9de770 rank 0 nranks 16 cudaDev 0 busId 1000 - Init COMPLETE
2023-07-04 16:23:54,880 - root - INFO - Number of trainable model parameters: 113891901
2023-07-04 16:23:54,883 - root - INFO - Starting Training Loop...
2023-07-04 16:36:04,049 - root - INFO - validating...
2023-07-04 16:36:04,049 - root - INFO - validating...
2023-07-04 16:36:04,049 - root - INFO - validating...
2023-07-04 16:36:04,052 - root - INFO - validating...
2023-07-04 16:37:06,531 - root - INFO - Val loss improved from 1000000.0 to 0.4999406039714813
2023-07-04 16:37:08,393 - root - INFO - Time taken for epoch 1 is 793.5093631744385 sec
2023-07-04 16:37:08,394 - root - INFO - train data time=0.00660252571105957, train step time=181.75864958763123, valid step time=60.92619013786316
2023-07-04 16:37:08,394 - root - INFO - Train loss: 0.48401007056236267. Valid loss: 0.4999406039714813
2023-07-04 16:49:18,167 - root - INFO - validating...
2023-07-04 16:49:18,167 - root - INFO - validating...
2023-07-04 16:49:18,167 - root - INFO - validating...
2023-07-04 16:49:18,167 - root - INFO - validating...
2023-07-04 16:50:19,886 - root - INFO - Val loss improved from 0.4999406039714813 to 0.4025667905807495
2023-07-04 16:50:21,691 - root - INFO - Time taken for epoch 2 is 793.2971088886261 sec
2023-07-04 16:50:21,692 - root - INFO - train data time=0.0038628578186035156, train step time=209.27206182479858, valid step time=60.31149458885193
2023-07-04 16:50:21,692 - root - INFO - Train loss: 0.39545413851737976. Valid loss: 0.4025667905807495
2023-07-04 17:02:28,941 - root - INFO - validating...
2023-07-04 17:02:28,941 - root - INFO - validating...
2023-07-04 17:02:28,941 - root - INFO - validating...
2023-07-04 17:02:28,942 - root - INFO - validating...
2023-07-04 17:03:30,762 - root - INFO - Val loss improved from 0.4025667905807495 to 0.36588719487190247
2023-07-04 17:03:32,239 - root - INFO - Time taken for epoch 3 is 790.5465066432953 sec
2023-07-04 17:03:32,239 - root - INFO - train data time=0.004512786865234375, train step time=183.436927318573, valid step time=60.21955919265747
2023-07-04 17:03:32,240 - root - INFO - Train loss: 0.3581884801387787. Valid loss: 0.36588719487190247
2023-07-04 17:15:40,235 - root - INFO - validating...
2023-07-04 17:15:40,236 - root - INFO - validating...
2023-07-04 17:15:40,236 - root - INFO - validating...
2023-07-04 17:15:40,236 - root - INFO - validating...
2023-07-04 17:16:42,703 - root - INFO - Val loss improved from 0.36588719487190247 to 0.34096717834472656
2023-07-04 17:16:44,644 - root - INFO - Time taken for epoch 4 is 792.4038021564484 sec
2023-07-04 17:16:44,646 - root - INFO - train data time=0.004223346710205078, train step time=184.99787068367004, valid step time=60.7452654838562
2023-07-04 17:16:44,647 - root - INFO - Train loss: 0.3353639245033264. Valid loss: 0.34096717834472656
2023-07-04 17:28:53,449 - root - INFO - validating...
2023-07-04 17:28:53,450 - root - INFO - validating...
2023-07-04 17:28:53,449 - root - INFO - validating...
2023-07-04 17:28:53,451 - root - INFO - validating...
2023-07-04 17:29:55,498 - root - INFO - Val loss improved from 0.34096717834472656 to 0.3273516893386841
2023-07-04 17:29:57,270 - root - INFO - Time taken for epoch 5 is 792.6222414970398 sec
2023-07-04 17:29:57,271 - root - INFO - train data time=0.004984855651855469, train step time=190.22549486160278, valid step time=60.496352434158325
2023-07-04 17:29:57,271 - root - INFO - Train loss: 0.32049760222435. Valid loss: 0.3273516893386841
2023-07-04 17:42:02,481 - root - INFO - validating...
2023-07-04 17:42:02,482 - root - INFO - validating...
2023-07-04 17:42:02,482 - root - INFO - validating...
2023-07-04 17:42:02,482 - root - INFO - validating...
2023-07-04 17:43:03,661 - root - INFO - Val loss improved from 0.3273516893386841 to 0.31772634387016296
2023-07-04 17:43:05,185 - root - INFO - Time taken for epoch 6 is 787.9131138324738 sec
2023-07-04 17:43:05,185 - root - INFO - train data time=0.005309343338012695, train step time=195.16200137138367, valid step time=59.62094569206238
2023-07-04 17:43:05,186 - root - INFO - Train loss: 0.31310102343559265. Valid loss: 0.31772634387016296
2023-07-04 17:55:17,623 - root - INFO - validating...
2023-07-04 17:55:17,623 - root - INFO - validating...
2023-07-04 17:55:17,623 - root - INFO - validating...
2023-07-04 17:55:17,624 - root - INFO - validating...
2023-07-04 17:56:18,735 - root - INFO - Val loss improved from 0.31772634387016296 to 0.30544808506965637
2023-07-04 17:56:20,267 - root - INFO - Time taken for epoch 7 is 795.0809707641602 sec
2023-07-04 17:56:20,268 - root - INFO - train data time=0.004525899887084961, train step time=206.6033730506897, valid step time=59.57250452041626
2023-07-04 17:56:20,268 - root - INFO - Train loss: 0.2981719970703125. Valid loss: 0.30544808506965637
2023-07-04 18:08:31,760 - root - INFO - validating...
2023-07-04 18:08:31,760 - root - INFO - validating...
2023-07-04 18:08:31,760 - root - INFO - validating...
2023-07-04 18:08:31,760 - root - INFO - validating...
2023-07-04 18:09:34,233 - root - INFO - Val loss improved from 0.30544808506965637 to 0.2976687252521515
2023-07-04 18:09:35,889 - root - INFO - Time taken for epoch 8 is 795.6208729743958 sec
2023-07-04 18:09:35,890 - root - INFO - train data time=0.004293680191040039, train step time=197.47889924049377, valid step time=60.827125549316406
2023-07-04 18:09:35,890 - root - INFO - Train loss: 0.2968692183494568. Valid loss: 0.2976687252521515
2023-07-04 18:21:48,788 - root - INFO - validating...
2023-07-04 18:21:48,788 - root - INFO - validating...
2023-07-04 18:21:48,788 - root - INFO - validating...
2023-07-04 18:21:48,791 - root - INFO - validating...
2023-07-04 18:22:50,754 - root - INFO - Val loss improved from 0.2976687252521515 to 0.2918802797794342
2023-07-04 18:22:52,227 - root - INFO - Time taken for epoch 9 is 796.3364586830139 sec
2023-07-04 18:22:52,227 - root - INFO - train data time=0.00407862663269043, train step time=206.97025418281555, valid step time=60.41331481933594
2023-07-04 18:22:52,227 - root - INFO - Train loss: 0.28646498918533325. Valid loss: 0.2918802797794342
2023-07-04 18:35:02,489 - root - INFO - validating...
2023-07-04 18:35:02,489 - root - INFO - validating...
2023-07-04 18:35:02,489 - root - INFO - validating...
2023-07-04 18:35:02,489 - root - INFO - validating...
2023-07-04 18:36:04,819 - root - INFO - Val loss improved from 0.2918802797794342 to 0.2865968644618988
2023-07-04 18:36:06,330 - root - INFO - Time taken for epoch 10 is 794.1025433540344 sec
2023-07-04 18:36:06,331 - root - INFO - train data time=0.003473997116088867, train step time=210.2561023235321, valid step time=60.748291015625
2023-07-04 18:36:06,331 - root - INFO - Train loss: 0.27586621046066284. Valid loss: 0.2865968644618988
2023-07-04 18:48:17,716 - root - INFO - validating...
2023-07-04 18:48:17,716 - root - INFO - validating...
2023-07-04 18:48:17,716 - root - INFO - validating...
2023-07-04 18:48:17,717 - root - INFO - validating...
2023-07-04 18:49:20,235 - root - INFO - Val loss improved from 0.2865968644618988 to 0.282455176115036
2023-07-04 18:49:22,753 - root - INFO - Time taken for epoch 11 is 796.4210224151611 sec
2023-07-04 18:49:22,753 - root - INFO - train data time=0.0032515525817871094, train step time=206.08376026153564, valid step time=60.871511459350586
2023-07-04 18:49:22,753 - root - INFO - Train loss: 0.2754431366920471. Valid loss: 0.282455176115036
2023-07-04 19:01:33,751 - root - INFO - validating...
2023-07-04 19:01:33,751 - root - INFO - validating...
2023-07-04 19:01:33,751 - root - INFO - validating...
2023-07-04 19:01:33,752 - root - INFO - validating...
2023-07-04 19:02:35,942 - root - INFO - Val loss improved from 0.282455176115036 to 0.280524343252182
2023-07-04 19:02:37,367 - root - INFO - Time taken for epoch 12 is 794.6134226322174 sec
2023-07-04 19:02:37,368 - root - INFO - train data time=0.004004716873168945, train step time=194.42230415344238, valid step time=60.714757680892944
2023-07-04 19:02:37,369 - root - INFO - Train loss: 0.27209800481796265. Valid loss: 0.280524343252182
2023-07-04 19:14:44,324 - root - INFO - validating...
2023-07-04 19:14:44,324 - root - INFO - validating...
2023-07-04 19:14:44,324 - root - INFO - validating...
2023-07-04 19:14:44,325 - root - INFO - validating...
2023-07-04 19:15:45,611 - root - INFO - Val loss improved from 0.280524343252182 to 0.27537408471107483
2023-07-04 19:15:47,476 - root - INFO - Time taken for epoch 13 is 790.1074414253235 sec
2023-07-04 19:15:47,477 - root - INFO - train data time=0.004009246826171875, train step time=195.41435503959656, valid step time=59.60294437408447
2023-07-04 19:15:47,477 - root - INFO - Train loss: 0.2703760862350464. Valid loss: 0.27537408471107483
2023-07-04 19:27:56,523 - root - INFO - validating...
2023-07-04 19:27:56,523 - root - INFO - validating...
2023-07-04 19:27:56,523 - root - INFO - validating...
2023-07-04 19:27:56,524 - root - INFO - validating...
2023-07-04 19:28:59,059 - root - INFO - Val loss improved from 0.27537408471107483 to 0.2722381055355072
2023-07-04 19:29:00,655 - root - INFO - Time taken for epoch 14 is 793.1779398918152 sec
2023-07-04 19:29:00,656 - root - INFO - train data time=0.0030753612518310547, train step time=213.09078526496887, valid step time=60.916903257369995
2023-07-04 19:29:00,656 - root - INFO - Train loss: 0.264242023229599. Valid loss: 0.2722381055355072
2023-07-04 19:41:06,950 - root - INFO - validating...
2023-07-04 19:41:06,950 - root - INFO - validating...
2023-07-04 19:41:06,950 - root - INFO - validating...
2023-07-04 19:41:06,953 - root - INFO - validating...
2023-07-04 19:42:09,013 - root - INFO - Val loss improved from 0.2722381055355072 to 0.268066942691803
2023-07-04 19:42:10,883 - root - INFO - Time taken for epoch 15 is 790.2267549037933 sec
2023-07-04 19:42:10,884 - root - INFO - train data time=0.0037374496459960938, train step time=189.3263237476349, valid step time=60.679210901260376
2023-07-04 19:42:10,884 - root - INFO - Train loss: 0.2637609839439392. Valid loss: 0.268066942691803
2023-07-04 19:54:21,293 - root - INFO - validating...
2023-07-04 19:54:21,293 - root - INFO - validating...
2023-07-04 19:54:21,294 - root - INFO - validating...
2023-07-04 19:54:21,295 - root - INFO - validating...
2023-07-04 19:55:24,539 - root - INFO - Val loss improved from 0.268066942691803 to 0.26572805643081665
2023-07-04 19:55:26,179 - root - INFO - Time taken for epoch 16 is 795.2948417663574 sec
2023-07-04 19:55:26,180 - root - INFO - train data time=0.004143953323364258, train step time=199.78797578811646, valid step time=61.814290046691895
2023-07-04 19:55:26,180 - root - INFO - Train loss: 0.25698819756507874. Valid loss: 0.26572805643081665
2023-07-04 20:07:38,314 - root - INFO - validating...
2023-07-04 20:07:38,314 - root - INFO - validating...
2023-07-04 20:07:38,314 - root - INFO - validating...
2023-07-04 20:07:38,316 - root - INFO - validating...
2023-07-04 20:08:40,288 - root - INFO - Val loss improved from 0.26572805643081665 to 0.26297882199287415
2023-07-04 20:08:42,269 - root - INFO - Time taken for epoch 17 is 796.0880265235901 sec
2023-07-04 20:08:42,269 - root - INFO - train data time=0.0030126571655273438, train step time=219.47164034843445, valid step time=60.46005058288574
2023-07-04 20:08:42,270 - root - INFO - Train loss: 0.25112202763557434. Valid loss: 0.26297882199287415
2023-07-04 20:20:51,388 - root - INFO - validating...
2023-07-04 20:20:51,389 - root - INFO - validating...
2023-07-04 20:20:51,389 - root - INFO - validating...
2023-07-04 20:20:51,389 - root - INFO - validating...
2023-07-04 20:21:53,050 - root - INFO - Time taken for epoch 18 is 790.7796294689178 sec
2023-07-04 20:21:53,051 - root - INFO - train data time=0.004115104675292969, train step time=200.8401415348053, valid step time=60.10044050216675
2023-07-04 20:21:53,051 - root - INFO - Train loss: 0.26800334453582764. Valid loss: 0.263339638710022
2023-07-04 20:34:00,862 - root - INFO - validating...
2023-07-04 20:34:00,861 - root - INFO - validating...
2023-07-04 20:34:00,861 - root - INFO - validating...
2023-07-04 20:34:00,862 - root - INFO - validating...
2023-07-04 20:35:02,628 - root - INFO - Val loss improved from 0.26297882199287415 to 0.25820082426071167
2023-07-04 20:35:04,223 - root - INFO - Time taken for epoch 19 is 791.1723253726959 sec
2023-07-04 20:35:04,224 - root - INFO - train data time=0.0025818347930908203, train step time=211.79193353652954, valid step time=60.15114235877991
2023-07-04 20:35:04,224 - root - INFO - Train loss: 0.24662569165229797. Valid loss: 0.25820082426071167
2023-07-04 20:47:14,356 - root - INFO - validating...
2023-07-04 20:47:14,356 - root - INFO - validating...
2023-07-04 20:47:14,357 - root - INFO - validating...
2023-07-04 20:47:14,357 - root - INFO - validating...
2023-07-04 20:48:16,163 - root - INFO - Val loss improved from 0.25820082426071167 to 0.2567494213581085
2023-07-04 20:48:17,564 - root - INFO - Time taken for epoch 20 is 793.3393559455872 sec
2023-07-04 20:48:17,564 - root - INFO - train data time=0.003758668899536133, train step time=202.86409497261047, valid step time=60.23258090019226
2023-07-04 20:48:17,565 - root - INFO - Train loss: 0.24696718156337738. Valid loss: 0.2567494213581085
2023-07-04 21:00:21,985 - root - INFO - validating...
2023-07-04 21:00:21,986 - root - INFO - validating...
2023-07-04 21:00:21,986 - root - INFO - validating...
2023-07-04 21:00:21,986 - root - INFO - validating...
2023-07-04 21:01:24,318 - root - INFO - Val loss improved from 0.2567494213581085 to 0.25288552045822144
2023-07-04 21:01:25,823 - root - INFO - Time taken for epoch 21 is 788.2581558227539 sec
2023-07-04 21:01:25,824 - root - INFO - train data time=0.004060506820678711, train step time=190.95059871673584, valid step time=60.231953859329224
2023-07-04 21:01:25,824 - root - INFO - Train loss: 0.24633431434631348. Valid loss: 0.25288552045822144
2023-07-04 21:13:33,370 - root - INFO - validating...
2023-07-04 21:13:33,370 - root - INFO - validating...
2023-07-04 21:13:33,371 - root - INFO - validating...
2023-07-04 21:13:33,371 - root - INFO - validating...
2023-07-04 21:14:33,901 - root - INFO - Time taken for epoch 22 is 788.0767207145691 sec
2023-07-04 21:14:33,901 - root - INFO - train data time=0.0030574798583984375, train step time=210.16686511039734, valid step time=58.961002826690674
2023-07-04 21:14:33,902 - root - INFO - Train loss: 0.24339459836483002. Valid loss: 0.2545442581176758
2023-07-04 21:26:45,063 - root - INFO - validating...
2023-07-04 21:26:45,064 - root - INFO - validating...
2023-07-04 21:26:45,064 - root - INFO - validating...
2023-07-04 21:26:45,067 - root - INFO - validating...
2023-07-04 21:27:46,840 - root - INFO - Val loss improved from 0.25288552045822144 to 0.2527630031108856
2023-07-04 21:27:48,977 - root - INFO - Time taken for epoch 23 is 795.0747101306915 sec
2023-07-04 21:27:48,978 - root - INFO - train data time=0.0032775402069091797, train step time=204.42160272598267, valid step time=60.21320366859436
2023-07-04 21:27:48,978 - root - INFO - Train loss: 0.24228505790233612. Valid loss: 0.2527630031108856
2023-07-04 21:40:01,633 - root - INFO - validating...
2023-07-04 21:40:01,632 - root - INFO - validating...
2023-07-04 21:40:01,634 - root - INFO - validating...
2023-07-04 21:40:01,634 - root - INFO - validating...
2023-07-04 21:41:04,278 - root - INFO - Val loss improved from 0.2527630031108856 to 0.25123584270477295
2023-07-04 21:41:05,783 - root - INFO - Time taken for epoch 24 is 796.8049640655518 sec
2023-07-04 21:41:05,784 - root - INFO - train data time=0.004022121429443359, train step time=205.34831166267395, valid step time=61.165061712265015
2023-07-04 21:41:05,785 - root - INFO - Train loss: 0.24134007096290588. Valid loss: 0.25123584270477295
2023-07-04 21:53:15,849 - root - INFO - validating...
2023-07-04 21:53:15,849 - root - INFO - validating...
2023-07-04 21:53:15,849 - root - INFO - validating...
2023-07-04 21:53:15,851 - root - INFO - validating...
2023-07-04 21:54:17,638 - root - INFO - Val loss improved from 0.25123584270477295 to 0.2500622570514679
2023-07-04 21:54:19,156 - root - INFO - Time taken for epoch 25 is 793.371063709259 sec
2023-07-04 21:54:19,157 - root - INFO - train data time=0.004206657409667969, train step time=201.5871090888977, valid step time=60.28108096122742
2023-07-04 21:54:19,157 - root - INFO - Train loss: 0.23614352941513062. Valid loss: 0.2500622570514679
2023-07-04 22:06:28,629 - root - INFO - validating...
2023-07-04 22:06:28,630 - root - INFO - validating...
2023-07-04 22:06:28,630 - root - INFO - validating...
2023-07-04 22:06:28,632 - root - INFO - validating...
2023-07-04 22:07:29,556 - root - INFO - Val loss improved from 0.2500622570514679 to 0.2495177686214447
2023-07-04 22:07:31,194 - root - INFO - Time taken for epoch 26 is 792.0370678901672 sec
2023-07-04 22:07:31,195 - root - INFO - train data time=0.0032198429107666016, train step time=211.40280151367188, valid step time=59.395726919174194
2023-07-04 22:07:31,195 - root - INFO - Train loss: 0.23780179023742676. Valid loss: 0.2495177686214447
2023-07-04 22:19:41,790 - root - INFO - validating...
2023-07-04 22:19:41,790 - root - INFO - validating...
2023-07-04 22:19:41,792 - root - INFO - validating...
2023-07-04 22:19:41,792 - root - INFO - validating...
2023-07-04 22:20:44,340 - root - INFO - Val loss improved from 0.2495177686214447 to 0.24949201941490173
2023-07-04 22:20:46,083 - root - INFO - Time taken for epoch 27 is 794.8872330188751 sec
2023-07-04 22:20:46,083 - root - INFO - train data time=0.0035295486450195312, train step time=208.2847819328308, valid step time=60.93836069107056
2023-07-04 22:20:46,084 - root - INFO - Train loss: 0.2332080900669098. Valid loss: 0.24949201941490173
2023-07-04 22:32:59,344 - root - INFO - validating...
2023-07-04 22:32:59,344 - root - INFO - validating...
2023-07-04 22:32:59,345 - root - INFO - validating...
2023-07-04 22:32:59,345 - root - INFO - validating...
2023-07-04 22:34:00,972 - root - INFO - Time taken for epoch 28 is 794.8879430294037 sec
2023-07-04 22:34:00,973 - root - INFO - train data time=0.003197193145751953, train step time=211.63334584236145, valid step time=60.07252812385559
2023-07-04 22:34:00,973 - root - INFO - Train loss: 0.4393271803855896. Valid loss: 0.46777868270874023
2023-07-04 22:46:11,745 - root - INFO - validating...
2023-07-04 22:46:11,744 - root - INFO - validating...
2023-07-04 22:46:11,745 - root - INFO - validating...
2023-07-04 22:46:11,745 - root - INFO - validating...
2023-07-04 22:47:14,432 - root - INFO - Time taken for epoch 29 is 793.4586849212646 sec
2023-07-04 22:47:14,433 - root - INFO - train data time=0.003757476806640625, train step time=205.41351294517517, valid step time=61.10269284248352
2023-07-04 22:47:14,433 - root - INFO - Train loss: 0.32780665159225464. Valid loss: 0.3428584635257721
2023-07-04 22:59:28,069 - root - INFO - validating...
2023-07-04 22:59:28,069 - root - INFO - validating...
2023-07-04 22:59:28,070 - root - INFO - validating...
2023-07-04 22:59:28,071 - root - INFO - validating...
2023-07-04 23:00:41,580 - root - INFO - Time taken for epoch 30 is 807.1468641757965 sec
2023-07-04 23:00:41,581 - root - INFO - train data time=0.002897024154663086, train step time=217.3572347164154, valid step time=71.97555661201477
2023-07-04 23:00:41,581 - root - INFO - Train loss: 0.26553043723106384. Valid loss: 0.27623897790908813
2023-07-04 23:12:51,253 - root - INFO - validating...
2023-07-04 23:12:51,254 - root - INFO - validating...
2023-07-04 23:12:51,254 - root - INFO - validating...
2023-07-04 23:12:51,254 - root - INFO - validating...
2023-07-04 23:13:53,111 - root - INFO - Time taken for epoch 31 is 791.5301532745361 sec
2023-07-04 23:13:53,112 - root - INFO - train data time=0.002991199493408203, train step time=211.37070608139038, valid step time=60.357523679733276
2023-07-04 23:13:53,112 - root - INFO - Train loss: 0.24991028010845184. Valid loss: 0.2630928158760071
2023-07-04 23:26:01,695 - root - INFO - validating...
2023-07-04 23:26:01,695 - root - INFO - validating...
2023-07-04 23:26:01,697 - root - INFO - validating...
2023-07-04 23:26:01,697 - root - INFO - validating...
2023-07-04 23:27:03,585 - root - INFO - Time taken for epoch 32 is 790.4724826812744 sec
2023-07-04 23:27:03,585 - root - INFO - train data time=0.003522634506225586, train step time=209.02803778648376, valid step time=60.35105514526367
2023-07-04 23:27:03,586 - root - INFO - Train loss: 0.24486151337623596. Valid loss: 0.2559208571910858
2023-07-04 23:39:16,471 - root - INFO - validating...
2023-07-04 23:39:16,471 - root - INFO - validating...
2023-07-04 23:39:16,471 - root - INFO - validating...
2023-07-04 23:39:16,471 - root - INFO - validating...
2023-07-04 23:40:18,591 - root - INFO - Time taken for epoch 33 is 795.0049240589142 sec
2023-07-04 23:40:18,592 - root - INFO - train data time=0.00407862663269043, train step time=202.58688855171204, valid step time=60.650877714157104
2023-07-04 23:40:18,592 - root - INFO - Train loss: 0.24055106937885284. Valid loss: 0.2542814314365387
2023-07-04 23:52:27,708 - root - INFO - validating...
2023-07-04 23:52:27,708 - root - INFO - validating...
2023-07-04 23:52:27,708 - root - INFO - validating...
2023-07-04 23:52:27,708 - root - INFO - validating...
2023-07-04 23:53:29,049 - root - INFO - Time taken for epoch 34 is 790.4566693305969 sec
2023-07-04 23:53:29,050 - root - INFO - train data time=0.0035979747772216797, train step time=196.15448641777039, valid step time=59.77792954444885
2023-07-04 23:53:29,050 - root - INFO - Train loss: 0.2376432567834854. Valid loss: 0.2528485059738159
2023-07-05 00:05:39,466 - root - INFO - validating...
2023-07-05 00:05:39,466 - root - INFO - validating...
2023-07-05 00:05:39,469 - root - INFO - validating...
2023-07-05 00:05:39,469 - root - INFO - validating...
2023-07-05 00:06:41,667 - root - INFO - Time taken for epoch 35 is 792.6164493560791 sec
2023-07-05 00:06:41,668 - root - INFO - train data time=0.003755331039428711, train step time=210.8344807624817, valid step time=60.54818344116211
2023-07-05 00:06:41,668 - root - INFO - Train loss: 0.2457597553730011. Valid loss: 0.25166791677474976
2023-07-05 00:18:52,368 - root - INFO - validating...
2023-07-05 00:18:52,368 - root - INFO - validating...
2023-07-05 00:18:52,369 - root - INFO - validating...
2023-07-05 00:18:52,369 - root - INFO - validating...
2023-07-05 00:19:53,459 - root - INFO - Time taken for epoch 36 is 791.7905795574188 sec
2023-07-05 00:19:53,460 - root - INFO - train data time=0.003248929977416992, train step time=201.41843008995056, valid step time=59.51684498786926
2023-07-05 00:19:53,460 - root - INFO - Train loss: 0.23576296865940094. Valid loss: 0.24950312077999115
2023-07-05 00:32:05,215 - root - INFO - validating...
2023-07-05 00:32:05,215 - root - INFO - validating...
2023-07-05 00:32:05,215 - root - INFO - validating...
2023-07-05 00:32:05,215 - root - INFO - validating...
2023-07-05 00:33:06,993 - root - INFO - Val loss improved from 0.24949201941490173 to 0.24863676726818085
2023-07-05 00:33:08,729 - root - INFO - Time taken for epoch 37 is 795.2681159973145 sec
2023-07-05 00:33:08,729 - root - INFO - train data time=0.0037097930908203125, train step time=206.6168417930603, valid step time=60.186320304870605
2023-07-05 00:33:08,729 - root - INFO - Train loss: 0.23155386745929718. Valid loss: 0.24863676726818085
2023-07-05 00:45:14,122 - root - INFO - validating...
2023-07-05 00:45:14,122 - root - INFO - validating...
2023-07-05 00:45:14,122 - root - INFO - validating...
2023-07-05 00:45:14,125 - root - INFO - validating...
2023-07-05 00:46:15,678 - root - INFO - Val loss improved from 0.24863676726818085 to 0.2478252500295639
2023-07-05 00:46:17,446 - root - INFO - Time taken for epoch 38 is 788.7161169052124 sec
2023-07-05 00:46:17,446 - root - INFO - train data time=0.0032722949981689453, train step time=198.79597282409668, valid step time=60.01482439041138
2023-07-05 00:46:17,447 - root - INFO - Train loss: 0.2303158938884735. Valid loss: 0.2478252500295639
2023-07-05 00:58:29,595 - root - INFO - validating...
2023-07-05 00:58:29,594 - root - INFO - validating...
2023-07-05 00:58:29,595 - root - INFO - validating...
2023-07-05 00:58:29,597 - root - INFO - validating...
2023-07-05 00:59:30,926 - root - INFO - Val loss improved from 0.2478252500295639 to 0.24641241133213043
2023-07-05 00:59:32,835 - root - INFO - Time taken for epoch 39 is 795.3879354000092 sec
2023-07-05 00:59:32,835 - root - INFO - train data time=0.0033919811248779297, train step time=207.44072437286377, valid step time=59.73603630065918
2023-07-05 00:59:32,836 - root - INFO - Train loss: 0.22666119039058685. Valid loss: 0.24641241133213043
2023-07-05 01:11:39,037 - root - INFO - validating...
2023-07-05 01:11:39,038 - root - INFO - validating...
2023-07-05 01:11:39,040 - root - INFO - validating...
2023-07-05 01:11:39,040 - root - INFO - validating...
2023-07-05 01:12:40,647 - root - INFO - Time taken for epoch 40 is 787.811460018158 sec
2023-07-05 01:12:40,648 - root - INFO - train data time=0.0034918785095214844, train step time=202.6260998249054, valid step time=59.31016278266907
2023-07-05 01:12:40,648 - root - INFO - Train loss: 0.23718111217021942. Valid loss: 0.2465137094259262
2023-07-05 01:24:49,007 - root - INFO - validating...
2023-07-05 01:24:49,007 - root - INFO - validating...
2023-07-05 01:24:49,007 - root - INFO - validating...
2023-07-05 01:24:49,007 - root - INFO - validating...
2023-07-05 01:25:50,502 - root - INFO - Val loss improved from 0.24641241133213043 to 0.24530822038650513
2023-07-05 01:25:51,903 - root - INFO - Time taken for epoch 41 is 791.2541081905365 sec
2023-07-05 01:25:51,903 - root - INFO - train data time=0.004003763198852539, train step time=194.33099484443665, valid step time=59.87795972824097
2023-07-05 01:25:51,904 - root - INFO - Train loss: 0.22598347067832947. Valid loss: 0.24530822038650513
2023-07-05 01:38:02,893 - root - INFO - validating...
2023-07-05 01:38:02,893 - root - INFO - validating...
2023-07-05 01:38:02,893 - root - INFO - validating...
2023-07-05 01:38:02,894 - root - INFO - validating...
2023-07-05 01:39:04,800 - root - INFO - Val loss improved from 0.24530822038650513 to 0.24516326189041138
2023-07-05 01:39:06,359 - root - INFO - Time taken for epoch 42 is 794.4552998542786 sec
2023-07-05 01:39:06,360 - root - INFO - train data time=0.0037593841552734375, train step time=185.62960028648376, valid step time=60.38105869293213
2023-07-05 01:39:06,360 - root - INFO - Train loss: 0.2486954778432846. Valid loss: 0.24516326189041138
2023-07-05 01:51:14,410 - root - INFO - validating...
2023-07-05 01:51:14,411 - root - INFO - validating...
2023-07-05 01:51:14,411 - root - INFO - validating...
2023-07-05 01:51:14,411 - root - INFO - validating...
2023-07-05 01:52:16,095 - root - INFO - Time taken for epoch 43 is 789.7345674037933 sec
2023-07-05 01:52:16,096 - root - INFO - train data time=0.003669261932373047, train step time=197.33484387397766, valid step time=59.945149421691895
2023-07-05 01:52:16,097 - root - INFO - Train loss: 0.23087197542190552. Valid loss: 0.24548283219337463
2023-07-05 02:04:24,823 - root - INFO - validating...
2023-07-05 02:04:24,824 - root - INFO - validating...
2023-07-05 02:04:24,825 - root - INFO - validating...
2023-07-05 02:04:24,827 - root - INFO - validating...
2023-07-05 02:05:26,699 - root - INFO - Val loss improved from 0.24516326189041138 to 0.24433766305446625
2023-07-05 02:05:28,767 - root - INFO - Time taken for epoch 44 is 792.6698000431061 sec
2023-07-05 02:05:28,767 - root - INFO - train data time=0.0036687850952148438, train step time=202.51957535743713, valid step time=60.24643397331238
2023-07-05 02:05:28,768 - root - INFO - Train loss: 0.22502578794956207. Valid loss: 0.24433766305446625
2023-07-05 02:17:38,298 - root - INFO - validating...
2023-07-05 02:17:38,299 - root - INFO - validating...
2023-07-05 02:17:38,300 - root - INFO - validating...
2023-07-05 02:17:38,301 - root - INFO - validating...
2023-07-05 02:18:41,341 - root - INFO - Val loss improved from 0.24433766305446625 to 0.2438114583492279
2023-07-05 02:18:43,021 - root - INFO - Time taken for epoch 45 is 794.2535512447357 sec
2023-07-05 02:18:43,022 - root - INFO - train data time=0.0031671524047851562, train step time=207.06892323493958, valid step time=61.488282203674316
2023-07-05 02:18:43,022 - root - INFO - Train loss: 0.2275349497795105. Valid loss: 0.2438114583492279
2023-07-05 02:30:50,994 - root - INFO - validating...
2023-07-05 02:30:50,994 - root - INFO - validating...
2023-07-05 02:30:50,995 - root - INFO - validating...
2023-07-05 02:30:50,995 - root - INFO - validating...
2023-07-05 02:31:53,333 - root - INFO - Val loss improved from 0.2438114583492279 to 0.2437286525964737
2023-07-05 02:31:54,848 - root - INFO - Time taken for epoch 46 is 791.8253045082092 sec
2023-07-05 02:31:54,848 - root - INFO - train data time=0.0027375221252441406, train step time=207.41013836860657, valid step time=60.83257484436035
2023-07-05 02:31:54,849 - root - INFO - Train loss: 0.2310394048690796. Valid loss: 0.2437286525964737
2023-07-05 02:44:04,245 - root - INFO - validating...
2023-07-05 02:44:04,245 - root - INFO - validating...
2023-07-05 02:44:04,246 - root - INFO - validating...
2023-07-05 02:44:04,246 - root - INFO - validating...
2023-07-05 02:45:05,697 - root - INFO - Val loss improved from 0.2437286525964737 to 0.24242691695690155
2023-07-05 02:45:07,173 - root - INFO - Time taken for epoch 47 is 792.3240039348602 sec
2023-07-05 02:45:07,173 - root - INFO - train data time=0.0035581588745117188, train step time=206.95843362808228, valid step time=60.073901414871216
2023-07-05 02:45:07,174 - root - INFO - Train loss: 0.22225117683410645. Valid loss: 0.24242691695690155
2023-07-05 02:57:15,186 - root - INFO - validating...
2023-07-05 02:57:15,186 - root - INFO - validating...
2023-07-05 02:57:15,186 - root - INFO - validating...
2023-07-05 02:57:15,186 - root - INFO - validating...
2023-07-05 02:58:16,778 - root - INFO - Time taken for epoch 48 is 789.6038906574249 sec
2023-07-05 02:58:16,778 - root - INFO - train data time=0.004438877105712891, train step time=192.61001253128052, valid step time=59.97009515762329
2023-07-05 02:58:16,779 - root - INFO - Train loss: 0.2271800935268402. Valid loss: 0.24257245659828186
2023-07-05 03:10:26,677 - root - INFO - validating...
2023-07-05 03:10:26,677 - root - INFO - validating...
2023-07-05 03:10:26,677 - root - INFO - validating...
2023-07-05 03:10:26,678 - root - INFO - validating...
2023-07-05 03:11:28,051 - root - INFO - Val loss improved from 0.24242691695690155 to 0.24026723206043243
2023-07-05 03:11:29,760 - root - INFO - Time taken for epoch 49 is 792.9813854694366 sec
2023-07-05 03:11:29,761 - root - INFO - train data time=0.0035486221313476562, train step time=205.9929678440094, valid step time=59.819944620132446
2023-07-05 03:11:29,761 - root - INFO - Train loss: 0.22158798575401306. Valid loss: 0.24026723206043243
2023-07-05 03:23:40,833 - root - INFO - validating...
2023-07-05 03:23:40,833 - root - INFO - validating...
2023-07-05 03:23:40,833 - root - INFO - validating...
2023-07-05 03:23:40,835 - root - INFO - validating...
2023-07-05 03:24:43,339 - root - INFO - Time taken for epoch 50 is 793.5771079063416 sec
2023-07-05 03:24:43,339 - root - INFO - train data time=0.0028116703033447266, train step time=212.28766798973083, valid step time=60.962836503982544
2023-07-05 03:24:43,340 - root - INFO - Train loss: 0.22417494654655457. Valid loss: 0.24193455278873444
2023-07-05 03:36:50,434 - root - INFO - validating...
2023-07-05 03:36:50,434 - root - INFO - validating...
2023-07-05 03:36:50,435 - root - INFO - validating...
2023-07-05 03:36:50,436 - root - INFO - validating...
2023-07-05 03:37:51,900 - root - INFO - Time taken for epoch 51 is 788.5599913597107 sec
2023-07-05 03:37:51,901 - root - INFO - train data time=0.002989530563354492, train step time=209.65526938438416, valid step time=59.73951005935669
2023-07-05 03:37:51,901 - root - INFO - Train loss: 0.22282017767429352. Valid loss: 0.2403336614370346
2023-07-05 03:50:03,235 - root - INFO - validating...
2023-07-05 03:50:03,236 - root - INFO - validating...
2023-07-05 03:50:03,236 - root - INFO - validating...
2023-07-05 03:50:03,238 - root - INFO - validating...
2023-07-05 03:51:05,508 - root - INFO - Val loss improved from 0.24026723206043243 to 0.23992620408535004
2023-07-05 03:51:07,063 - root - INFO - Time taken for epoch 52 is 795.1613035202026 sec
2023-07-05 03:51:07,063 - root - INFO - train data time=0.003825664520263672, train step time=194.8941400051117, valid step time=60.704636096954346
2023-07-05 03:51:07,063 - root - INFO - Train loss: 0.21893410384655. Valid loss: 0.23992620408535004
2023-07-05 04:03:18,873 - root - INFO - validating...
2023-07-05 04:03:18,873 - root - INFO - validating...
2023-07-05 04:03:18,873 - root - INFO - validating...
2023-07-05 04:03:18,875 - root - INFO - validating...
2023-07-05 04:04:21,211 - root - INFO - Val loss improved from 0.23992620408535004 to 0.23924799263477325
2023-07-05 04:04:22,896 - root - INFO - Time taken for epoch 53 is 795.8326654434204 sec
2023-07-05 04:04:22,897 - root - INFO - train data time=0.003298521041870117, train step time=207.36196660995483, valid step time=60.80789613723755
2023-07-05 04:04:22,897 - root - INFO - Train loss: 0.21512550115585327. Valid loss: 0.23924799263477325
2023-07-05 04:16:35,373 - root - INFO - validating...
2023-07-05 04:16:35,373 - root - INFO - validating...
2023-07-05 04:16:35,373 - root - INFO - validating...
2023-07-05 04:16:35,373 - root - INFO - validating...
2023-07-05 04:17:37,218 - root - INFO - Val loss improved from 0.23924799263477325 to 0.23863792419433594
2023-07-05 04:17:38,785 - root - INFO - Time taken for epoch 54 is 795.887374162674 sec
2023-07-05 04:17:38,785 - root - INFO - train data time=0.0031960010528564453, train step time=210.37426114082336, valid step time=60.29136872291565
2023-07-05 04:17:38,786 - root - INFO - Train loss: 0.2125938981771469. Valid loss: 0.23863792419433594
2023-07-05 04:29:48,382 - root - INFO - validating...
2023-07-05 04:29:48,383 - root - INFO - validating...
2023-07-05 04:29:48,385 - root - INFO - validating...
2023-07-05 04:29:48,385 - root - INFO - validating...
2023-07-05 04:30:50,275 - root - INFO - Time taken for epoch 55 is 791.4891111850739 sec
2023-07-05 04:30:50,277 - root - INFO - train data time=0.003937721252441406, train step time=194.92552185058594, valid step time=60.38261437416077
2023-07-05 04:30:50,277 - root - INFO - Train loss: 0.2213207632303238. Valid loss: 0.23896938562393188
2023-07-05 04:43:01,945 - root - INFO - validating...
2023-07-05 04:43:01,945 - root - INFO - validating...
2023-07-05 04:43:01,945 - root - INFO - validating...
2023-07-05 04:43:01,945 - root - INFO - validating...
2023-07-05 04:44:05,622 - root - INFO - Val loss improved from 0.23863792419433594 to 0.23826195299625397
2023-07-05 04:44:07,418 - root - INFO - Time taken for epoch 56 is 797.1406915187836 sec
2023-07-05 04:44:07,419 - root - INFO - train data time=0.0037870407104492188, train step time=192.7352602481842, valid step time=62.17521095275879
2023-07-05 04:44:07,419 - root - INFO - Train loss: 0.21502502262592316. Valid loss: 0.23826195299625397
2023-07-05 04:56:15,845 - root - INFO - validating...
2023-07-05 04:56:15,846 - root - INFO - validating...
2023-07-05 04:56:15,846 - root - INFO - validating...
2023-07-05 04:56:15,846 - root - INFO - validating...
2023-07-05 04:57:17,575 - root - INFO - Val loss improved from 0.23826195299625397 to 0.23778323829174042
2023-07-05 04:57:19,113 - root - INFO - Time taken for epoch 57 is 791.6939623355865 sec
2023-07-05 04:57:19,114 - root - INFO - train data time=0.003043651580810547, train step time=194.28952646255493, valid step time=60.33340549468994
2023-07-05 04:57:19,114 - root - INFO - Train loss: 0.21402233839035034. Valid loss: 0.23778323829174042
2023-07-05 05:09:33,071 - root - INFO - validating...
2023-07-05 05:09:33,071 - root - INFO - validating...
2023-07-05 05:09:33,071 - root - INFO - validating...
2023-07-05 05:09:33,073 - root - INFO - validating...
2023-07-05 05:10:35,000 - root - INFO - Val loss improved from 0.23778323829174042 to 0.23714013397693634
2023-07-05 05:10:36,686 - root - INFO - Time taken for epoch 58 is 797.5711719989777 sec
2023-07-05 05:10:36,686 - root - INFO - train data time=0.003777027130126953, train step time=196.1967489719391, valid step time=60.44468975067139
2023-07-05 05:10:36,687 - root - INFO - Train loss: 0.2159961760044098. Valid loss: 0.23714013397693634
2023-07-05 05:22:49,995 - root - INFO - validating...
2023-07-05 05:22:49,995 - root - INFO - validating...
2023-07-05 05:22:49,996 - root - INFO - validating...
2023-07-05 05:22:49,995 - root - INFO - validating...
2023-07-05 05:23:52,524 - root - INFO - Time taken for epoch 59 is 795.8373012542725 sec
2023-07-05 05:23:52,525 - root - INFO - train data time=0.003760099411010742, train step time=190.43668413162231, valid step time=60.89435434341431
2023-07-05 05:23:52,525 - root - INFO - Train loss: 0.21109187602996826. Valid loss: 0.2373865693807602
2023-07-05 05:35:57,997 - root - INFO - validating...
2023-07-05 05:35:57,997 - root - INFO - validating...
2023-07-05 05:35:57,998 - root - INFO - validating...
2023-07-05 05:35:58,000 - root - INFO - validating...
2023-07-05 05:36:59,450 - root - INFO - Time taken for epoch 60 is 786.9241540431976 sec
2023-07-05 05:36:59,451 - root - INFO - train data time=0.003129243850708008, train step time=192.98651599884033, valid step time=59.87686324119568
2023-07-05 05:36:59,451 - root - INFO - Train loss: 0.21376144886016846. Valid loss: 0.23971275985240936
2023-07-05 05:49:03,483 - root - INFO - validating...
2023-07-05 05:49:03,483 - root - INFO - validating...
2023-07-05 05:49:03,483 - root - INFO - validating...
2023-07-05 05:49:03,485 - root - INFO - validating...
2023-07-05 05:50:06,331 - root - INFO - Time taken for epoch 61 is 786.8799293041229 sec
2023-07-05 05:50:06,332 - root - INFO - train data time=0.003442049026489258, train step time=197.71245217323303, valid step time=61.326677083969116
2023-07-05 05:50:06,332 - root - INFO - Train loss: 0.21295049786567688. Valid loss: 0.23797956109046936
2023-07-05 06:02:17,328 - root - INFO - validating...
2023-07-05 06:02:17,328 - root - INFO - validating...
2023-07-05 06:02:17,330 - root - INFO - validating...
2023-07-05 06:02:17,331 - root - INFO - validating...
2023-07-05 06:03:19,060 - root - INFO - Val loss improved from 0.23714013397693634 to 0.2368456870317459
2023-07-05 06:03:20,647 - root - INFO - Time taken for epoch 62 is 794.3144898414612 sec
2023-07-05 06:03:20,647 - root - INFO - train data time=0.003453493118286133, train step time=207.25986886024475, valid step time=60.184056997299194
2023-07-05 06:03:20,647 - root - INFO - Train loss: 0.21218541264533997. Valid loss: 0.2368456870317459
2023-07-05 06:15:27,246 - root - INFO - validating...
2023-07-05 06:15:27,247 - root - INFO - validating...
2023-07-05 06:15:27,247 - root - INFO - validating...
2023-07-05 06:15:27,248 - root - INFO - validating...
2023-07-05 06:16:29,209 - root - INFO - Val loss improved from 0.2368456870317459 to 0.23584192991256714
2023-07-05 06:16:30,690 - root - INFO - Time taken for epoch 63 is 790.0418384075165 sec
2023-07-05 06:16:30,690 - root - INFO - train data time=0.0038344860076904297, train step time=196.92961978912354, valid step time=60.53925538063049
2023-07-05 06:16:30,690 - root - INFO - Train loss: 0.2179725170135498. Valid loss: 0.23584192991256714
2023-07-05 06:28:41,071 - root - INFO - validating...
2023-07-05 06:28:41,071 - root - INFO - validating...
2023-07-05 06:28:41,072 - root - INFO - validating...
2023-07-05 06:28:41,072 - root - INFO - validating...
2023-07-05 06:29:43,725 - root - INFO - Val loss improved from 0.23584192991256714 to 0.23548947274684906
2023-07-05 06:29:45,196 - root - INFO - Time taken for epoch 64 is 794.5056421756744 sec
2023-07-05 06:29:45,197 - root - INFO - train data time=0.003922939300537109, train step time=189.74906468391418, valid step time=61.23900246620178
2023-07-05 06:29:45,197 - root - INFO - Train loss: 0.20756937563419342. Valid loss: 0.23548947274684906
2023-07-05 06:41:52,899 - root - INFO - validating...
2023-07-05 06:41:52,900 - root - INFO - validating...
2023-07-05 06:41:52,900 - root - INFO - validating...
2023-07-05 06:41:52,903 - root - INFO - validating...
2023-07-05 06:42:54,732 - root - INFO - Val loss improved from 0.23548947274684906 to 0.23505137860774994
2023-07-05 06:42:56,412 - root - INFO - Time taken for epoch 65 is 791.2141313552856 sec
2023-07-05 06:42:56,412 - root - INFO - train data time=0.0034592151641845703, train step time=187.0099756717682, valid step time=60.351499795913696
2023-07-05 06:42:56,413 - root - INFO - Train loss: 0.2107076644897461. Valid loss: 0.23505137860774994
2023-07-05 06:55:05,234 - root - INFO - validating...
2023-07-05 06:55:05,234 - root - INFO - validating...
2023-07-05 06:55:05,235 - root - INFO - validating...
2023-07-05 06:55:05,235 - root - INFO - validating...
2023-07-05 06:56:07,336 - root - INFO - Time taken for epoch 66 is 790.9231128692627 sec
2023-07-05 06:56:07,337 - root - INFO - train data time=0.0033528804779052734, train step time=189.70578742027283, valid step time=60.51785445213318
2023-07-05 06:56:07,337 - root - INFO - Train loss: 0.20786680281162262. Valid loss: 0.23521016538143158
2023-07-05 07:08:19,952 - root - INFO - validating...
2023-07-05 07:08:19,953 - root - INFO - validating...
2023-07-05 07:08:19,953 - root - INFO - validating...
2023-07-05 07:08:19,955 - root - INFO - validating...
2023-07-05 07:09:21,667 - root - INFO - Time taken for epoch 67 is 794.3298811912537 sec
2023-07-05 07:09:21,669 - root - INFO - train data time=0.003049612045288086, train step time=204.21989607810974, valid step time=60.20979428291321
2023-07-05 07:09:21,669 - root - INFO - Train loss: 0.20944957435131073. Valid loss: 0.23538628220558167
2023-07-05 07:21:33,473 - root - INFO - validating...
2023-07-05 07:21:33,474 - root - INFO - validating...
2023-07-05 07:21:33,474 - root - INFO - validating...
2023-07-05 07:21:33,475 - root - INFO - validating...
2023-07-05 07:22:35,321 - root - INFO - Time taken for epoch 68 is 793.6517255306244 sec
2023-07-05 07:22:35,321 - root - INFO - train data time=0.004233837127685547, train step time=200.87861514091492, valid step time=60.20902490615845
2023-07-05 07:22:35,322 - root - INFO - Train loss: 0.20495744049549103. Valid loss: 0.2352287620306015
2023-07-05 07:34:47,966 - root - INFO - validating...
2023-07-05 07:34:47,966 - root - INFO - validating...
2023-07-05 07:34:47,967 - root - INFO - validating...
2023-07-05 07:34:47,967 - root - INFO - validating...
2023-07-05 07:35:52,728 - root - INFO - Val loss improved from 0.23505137860774994 to 0.23478642106056213
2023-07-05 07:35:54,163 - root - INFO - Time taken for epoch 69 is 798.8405520915985 sec
2023-07-05 07:35:54,163 - root - INFO - train data time=0.00496363639831543, train step time=200.0248806476593, valid step time=63.24698305130005
2023-07-05 07:35:54,163 - root - INFO - Train loss: 0.21125827729701996. Valid loss: 0.23478642106056213
2023-07-05 07:48:03,825 - root - INFO - validating...
2023-07-05 07:48:03,825 - root - INFO - validating...
2023-07-05 07:48:03,826 - root - INFO - validating...
2023-07-05 07:48:03,826 - root - INFO - validating...
2023-07-05 07:49:04,509 - root - INFO - Time taken for epoch 70 is 790.3448178768158 sec
2023-07-05 07:49:04,509 - root - INFO - train data time=0.0040454864501953125, train step time=193.70222115516663, valid step time=59.0721480846405
2023-07-05 07:49:04,510 - root - INFO - Train loss: 0.2043474018573761. Valid loss: 0.2349410206079483
2023-07-05 08:01:11,011 - root - INFO - validating...
2023-07-05 08:01:11,012 - root - INFO - validating...
2023-07-05 08:01:11,012 - root - INFO - validating...
2023-07-05 08:01:11,014 - root - INFO - validating...
2023-07-05 08:02:11,954 - root - INFO - Time taken for epoch 71 is 787.4442579746246 sec
2023-07-05 08:02:11,955 - root - INFO - train data time=0.004633665084838867, train step time=189.251451253891, valid step time=59.33643341064453
2023-07-05 08:02:11,955 - root - INFO - Train loss: 0.21198396384716034. Valid loss: 0.23507146537303925
2023-07-05 08:14:22,451 - root - INFO - validating...
2023-07-05 08:14:22,451 - root - INFO - validating...
2023-07-05 08:14:22,452 - root - INFO - validating...
2023-07-05 08:14:22,457 - root - INFO - validating...
2023-07-05 08:15:24,860 - root - INFO - Time taken for epoch 72 is 792.9043850898743 sec
2023-07-05 08:15:24,861 - root - INFO - train data time=0.0034873485565185547, train step time=207.4151291847229, valid step time=60.59413194656372
2023-07-05 08:15:24,861 - root - INFO - Train loss: 0.2074594497680664. Valid loss: 0.235677108168602
2023-07-05 08:27:33,439 - root - INFO - validating...
2023-07-05 08:27:33,439 - root - INFO - validating...
2023-07-05 08:27:33,439 - root - INFO - validating...
2023-07-05 08:27:33,439 - root - INFO - validating...
2023-07-05 08:28:35,997 - root - INFO - Val loss improved from 0.23478642106056213 to 0.23460307717323303
2023-07-05 08:28:37,528 - root - INFO - Time taken for epoch 73 is 792.6664514541626 sec
2023-07-05 08:28:37,528 - root - INFO - train data time=0.003650188446044922, train step time=196.91169428825378, valid step time=61.05611038208008
2023-07-05 08:28:37,528 - root - INFO - Train loss: 0.20286008715629578. Valid loss: 0.23460307717323303
2023-07-05 08:40:47,014 - root - INFO - validating...
2023-07-05 08:40:47,014 - root - INFO - validating...
2023-07-05 08:40:47,014 - root - INFO - validating...
2023-07-05 08:40:47,017 - root - INFO - validating...
2023-07-05 08:41:49,256 - root - INFO - Time taken for epoch 74 is 791.7275631427765 sec
2023-07-05 08:41:49,257 - root - INFO - train data time=0.0040051937103271484, train step time=188.38161182403564, valid step time=60.571967124938965
2023-07-05 08:41:49,257 - root - INFO - Train loss: 0.21400153636932373. Valid loss: 0.23497885465621948
2023-07-05 08:54:06,697 - root - INFO - validating...
2023-07-05 08:54:06,698 - root - INFO - validating...
2023-07-05 08:54:06,697 - root - INFO - validating...
2023-07-05 08:54:06,699 - root - INFO - validating...
2023-07-05 08:55:08,830 - root - INFO - Time taken for epoch 75 is 799.5724346637726 sec
2023-07-05 08:55:08,831 - root - INFO - train data time=0.0036869049072265625, train step time=208.1503245830536, valid step time=60.60199761390686
2023-07-05 08:55:08,831 - root - INFO - Train loss: 0.2092047482728958. Valid loss: 0.23891140520572662
2023-07-05 09:07:19,703 - root - INFO - validating...
2023-07-05 09:07:19,704 - root - INFO - validating...
2023-07-05 09:07:19,704 - root - INFO - validating...
2023-07-05 09:07:19,704 - root - INFO - validating...
2023-07-05 09:08:21,647 - root - INFO - Time taken for epoch 76 is 792.8152363300323 sec
2023-07-05 09:08:21,648 - root - INFO - train data time=0.0032117366790771484, train step time=195.67811608314514, valid step time=60.50239086151123
2023-07-05 09:08:21,648 - root - INFO - Train loss: 0.21387547254562378. Valid loss: 0.23989172279834747
2023-07-05 09:20:31,080 - root - INFO - validating...
2023-07-05 09:20:31,081 - root - INFO - validating...
2023-07-05 09:20:31,081 - root - INFO - validating...
2023-07-05 09:20:31,082 - root - INFO - validating...
2023-07-05 09:21:35,701 - root - INFO - Time taken for epoch 77 is 794.051833152771 sec
2023-07-05 09:21:35,701 - root - INFO - train data time=0.004019975662231445, train step time=188.7430226802826, valid step time=63.13493847846985
2023-07-05 09:21:35,702 - root - INFO - Train loss: 0.2356056421995163. Valid loss: 0.23625487089157104
2023-07-05 09:33:44,467 - root - INFO - validating...
2023-07-05 09:33:44,467 - root - INFO - validating...
2023-07-05 09:33:44,467 - root - INFO - validating...
2023-07-05 09:33:44,468 - root - INFO - validating...
2023-07-05 09:34:45,628 - root - INFO - Time taken for epoch 78 is 789.9263985157013 sec
2023-07-05 09:34:45,629 - root - INFO - train data time=0.003770112991333008, train step time=188.67102932929993, valid step time=59.7572340965271
2023-07-05 09:34:45,629 - root - INFO - Train loss: 0.20829491317272186. Valid loss: 0.2371314913034439
2023-07-05 09:46:50,108 - root - INFO - validating...
2023-07-05 09:46:50,107 - root - INFO - validating...
2023-07-05 09:46:50,108 - root - INFO - validating...
2023-07-05 09:46:50,109 - root - INFO - validating...
2023-07-05 09:47:51,885 - root - INFO - Val loss improved from 0.23460307717323303 to 0.23409299552440643
2023-07-05 09:47:53,415 - root - INFO - Time taken for epoch 79 is 787.7856464385986 sec
2023-07-05 09:47:53,416 - root - INFO - train data time=0.0036902427673339844, train step time=185.4509608745575, valid step time=60.26661419868469
2023-07-05 09:47:53,416 - root - INFO - Train loss: 0.20750418305397034. Valid loss: 0.23409299552440643
2023-07-05 10:00:05,361 - root - INFO - validating...
2023-07-05 10:00:05,361 - root - INFO - validating...
2023-07-05 10:00:05,361 - root - INFO - validating...
2023-07-05 10:00:05,364 - root - INFO - validating...
2023-07-05 10:01:08,170 - root - INFO - Val loss improved from 0.23409299552440643 to 0.23341403901576996
2023-07-05 10:01:09,606 - root - INFO - Time taken for epoch 80 is 796.1896569728851 sec
2023-07-05 10:01:09,607 - root - INFO - train data time=0.0032482147216796875, train step time=191.46472764015198, valid step time=61.18152618408203
2023-07-05 10:01:09,607 - root - INFO - Train loss: 0.20019926130771637. Valid loss: 0.23341403901576996
2023-07-05 10:13:21,270 - root - INFO - validating...
2023-07-05 10:13:21,270 - root - INFO - validating...
2023-07-05 10:13:21,270 - root - INFO - validating...
2023-07-05 10:13:21,270 - root - INFO - validating...
2023-07-05 10:14:23,034 - root - INFO - Time taken for epoch 81 is 793.4265694618225 sec
2023-07-05 10:14:23,035 - root - INFO - train data time=0.0031468868255615234, train step time=198.91217708587646, valid step time=60.28148627281189
2023-07-05 10:14:23,035 - root - INFO - Train loss: 0.20358893275260925. Valid loss: 0.23676782846450806
2023-07-05 10:26:22,530 - root - INFO - validating...
2023-07-05 10:26:22,530 - root - INFO - validating...
2023-07-05 10:26:22,530 - root - INFO - validating...
2023-07-05 10:26:22,530 - root - INFO - validating...
2023-07-05 10:27:24,040 - root - INFO - Val loss improved from 0.23341403901576996 to 0.23274216055870056
2023-07-05 10:27:26,142 - root - INFO - Time taken for epoch 82 is 783.1065232753754 sec
2023-07-05 10:27:26,142 - root - INFO - train data time=0.0035355091094970703, train step time=187.32854342460632, valid step time=60.0004358291626
2023-07-05 10:27:26,143 - root - INFO - Train loss: 0.20858943462371826. Valid loss: 0.23274216055870056
2023-07-05 10:39:31,889 - root - INFO - validating...
2023-07-05 10:39:31,890 - root - INFO - validating...
2023-07-05 10:39:31,889 - root - INFO - validating...
2023-07-05 10:39:31,891 - root - INFO - validating...
2023-07-05 10:40:33,533 - root - INFO - Time taken for epoch 83 is 787.390510559082 sec
2023-07-05 10:40:33,534 - root - INFO - train data time=0.0035126209259033203, train step time=188.55072212219238, valid step time=60.21135687828064
2023-07-05 10:40:33,534 - root - INFO - Train loss: 0.20518583059310913. Valid loss: 0.23376011848449707
2023-07-05 10:52:42,062 - root - INFO - validating...
2023-07-05 10:52:42,062 - root - INFO - validating...
2023-07-05 10:52:42,062 - root - INFO - validating...
2023-07-05 10:52:42,065 - root - INFO - validating...
2023-07-05 10:53:43,760 - root - INFO - Time taken for epoch 84 is 790.2251577377319 sec
2023-07-05 10:53:43,760 - root - INFO - train data time=0.0032453536987304688, train step time=189.7970769405365, valid step time=60.18552803993225
2023-07-05 10:53:43,761 - root - INFO - Train loss: 0.1978006362915039. Valid loss: 0.2331380695104599
2023-07-05 11:05:55,871 - root - INFO - validating...
2023-07-05 11:05:55,872 - root - INFO - validating...
2023-07-05 11:05:55,872 - root - INFO - validating...
2023-07-05 11:05:55,875 - root - INFO - validating...
2023-07-05 11:06:57,395 - root - INFO - Time taken for epoch 85 is 793.6338367462158 sec
2023-07-05 11:06:57,396 - root - INFO - train data time=0.003650665283203125, train step time=209.11163520812988, valid step time=60.01091027259827
2023-07-05 11:06:57,396 - root - INFO - Train loss: 0.20435470342636108. Valid loss: 0.23442862927913666
2023-07-05 11:19:06,817 - root - INFO - validating...
2023-07-05 11:19:06,818 - root - INFO - validating...
2023-07-05 11:19:06,818 - root - INFO - validating...
2023-07-05 11:19:06,819 - root - INFO - validating...
2023-07-05 11:20:08,165 - root - INFO - Time taken for epoch 86 is 790.7682092189789 sec
2023-07-05 11:20:08,165 - root - INFO - train data time=0.003858327865600586, train step time=202.0653154850006, valid step time=59.7865047454834
2023-07-05 11:20:08,165 - root - INFO - Train loss: 0.20000424981117249. Valid loss: 0.23287992179393768
2023-07-05 11:32:18,681 - root - INFO - validating...
2023-07-05 11:32:18,681 - root - INFO - validating...
2023-07-05 11:32:18,681 - root - INFO - validating...
2023-07-05 11:32:18,683 - root - INFO - validating...
2023-07-05 11:33:20,437 - root - INFO - Time taken for epoch 87 is 792.2710120677948 sec
2023-07-05 11:33:20,437 - root - INFO - train data time=0.0039937496185302734, train step time=198.78224730491638, valid step time=60.233845710754395
2023-07-05 11:33:20,438 - root - INFO - Train loss: 0.20565399527549744. Valid loss: 0.23433032631874084
2023-07-05 11:45:30,280 - root - INFO - validating...
2023-07-05 11:45:30,280 - root - INFO - validating...
2023-07-05 11:45:30,281 - root - INFO - validating...
2023-07-05 11:45:30,281 - root - INFO - validating...
2023-07-05 11:46:32,285 - root - INFO - Time taken for epoch 88 is 791.8474943637848 sec
2023-07-05 11:46:32,286 - root - INFO - train data time=0.003570556640625, train step time=198.03054547309875, valid step time=60.47996425628662
2023-07-05 11:46:32,287 - root - INFO - Train loss: 0.21200866997241974. Valid loss: 0.2354765385389328
2023-07-05 11:58:39,345 - root - INFO - validating...
2023-07-05 11:58:39,345 - root - INFO - validating...
2023-07-05 11:58:39,345 - root - INFO - validating...
2023-07-05 11:58:39,345 - root - INFO - validating...
2023-07-05 11:59:42,385 - root - INFO - Time taken for epoch 89 is 790.0976996421814 sec
2023-07-05 11:59:42,385 - root - INFO - train data time=0.002933025360107422, train step time=205.9499969482422, valid step time=61.333993434906006
2023-07-05 11:59:42,386 - root - INFO - Train loss: 0.20969350636005402. Valid loss: 0.2348460704088211
2023-07-05 12:11:53,619 - root - INFO - validating...
2023-07-05 12:11:53,619 - root - INFO - validating...
2023-07-05 12:11:53,619 - root - INFO - validating...
2023-07-05 12:11:53,621 - root - INFO - validating...
2023-07-05 12:12:55,014 - root - INFO - Time taken for epoch 90 is 792.6277477741241 sec
2023-07-05 12:12:55,014 - root - INFO - train data time=0.003666400909423828, train step time=190.77505087852478, valid step time=59.912715911865234
2023-07-05 12:12:55,014 - root - INFO - Train loss: 0.19764752686023712. Valid loss: 0.23291239142417908
2023-07-05 12:25:03,680 - root - INFO - validating...
2023-07-05 12:25:03,680 - root - INFO - validating...
2023-07-05 12:25:03,680 - root - INFO - validating...
2023-07-05 12:25:03,680 - root - INFO - validating...
2023-07-05 12:26:05,554 - root - INFO - Time taken for epoch 91 is 790.5397319793701 sec
2023-07-05 12:26:05,555 - root - INFO - train data time=0.0034723281860351562, train step time=205.24978160858154, valid step time=60.40397095680237
2023-07-05 12:26:05,555 - root - INFO - Train loss: 0.1963648647069931. Valid loss: 0.23349900543689728
2023-07-05 12:38:12,667 - root - INFO - validating...
2023-07-05 12:38:12,667 - root - INFO - validating...
2023-07-05 12:38:12,667 - root - INFO - validating...
2023-07-05 12:38:12,671 - root - INFO - validating...
2023-07-05 12:39:14,089 - root - INFO - Time taken for epoch 92 is 788.5328407287598 sec
2023-07-05 12:39:14,089 - root - INFO - train data time=0.0031681060791015625, train step time=201.5597071647644, valid step time=59.92580246925354
2023-07-05 12:39:14,089 - root - INFO - Train loss: 0.19946661591529846. Valid loss: 0.23305578529834747
2023-07-05 12:51:22,414 - root - INFO - validating...
2023-07-05 12:51:22,414 - root - INFO - validating...
2023-07-05 12:51:22,414 - root - INFO - validating...
2023-07-05 12:51:22,414 - root - INFO - validating...
2023-07-05 12:52:22,970 - root - INFO - Val loss improved from 0.23274216055870056 to 0.23226656019687653
2023-07-05 12:52:24,686 - root - INFO - Time taken for epoch 93 is 790.5961542129517 sec
2023-07-05 12:52:24,686 - root - INFO - train data time=0.003069162368774414, train step time=207.8449285030365, valid step time=58.99237084388733
2023-07-05 12:52:24,687 - root - INFO - Train loss: 0.2002982646226883. Valid loss: 0.23226656019687653
2023-07-05 13:04:32,413 - root - INFO - validating...
2023-07-05 13:04:32,414 - root - INFO - validating...
2023-07-05 13:04:32,414 - root - INFO - validating...
2023-07-05 13:04:32,414 - root - INFO - validating...
2023-07-05 13:05:34,777 - root - INFO - Val loss improved from 0.23226656019687653 to 0.23178620636463165
2023-07-05 13:05:36,582 - root - INFO - Time taken for epoch 94 is 791.8954694271088 sec
2023-07-05 13:05:36,583 - root - INFO - train data time=0.0029973983764648438, train step time=207.28370690345764, valid step time=60.64992594718933
2023-07-05 13:05:36,583 - root - INFO - Train loss: 0.19565249979496002. Valid loss: 0.23178620636463165
2023-07-05 13:17:44,294 - root - INFO - validating...
2023-07-05 13:17:44,294 - root - INFO - validating...
2023-07-05 13:17:44,294 - root - INFO - validating...
2023-07-05 13:17:44,296 - root - INFO - validating...
2023-07-05 13:18:47,418 - root - INFO - Val loss improved from 0.23178620636463165 to 0.23166055977344513
2023-07-05 13:18:49,138 - root - INFO - Time taken for epoch 95 is 792.5540943145752 sec
2023-07-05 13:18:49,138 - root - INFO - train data time=0.0031707286834716797, train step time=194.4698452949524, valid step time=60.42977547645569
2023-07-05 13:18:49,138 - root - INFO - Train loss: 0.19624967873096466. Valid loss: 0.23166055977344513
2023-07-05 13:30:55,673 - root - INFO - validating...
2023-07-05 13:30:55,672 - root - INFO - validating...
2023-07-05 13:30:55,673 - root - INFO - validating...
2023-07-05 13:30:55,673 - root - INFO - validating...
2023-07-05 13:31:57,476 - root - INFO - Time taken for epoch 96 is 788.3371992111206 sec
2023-07-05 13:31:57,477 - root - INFO - train data time=0.002746105194091797, train step time=203.60851097106934, valid step time=60.339303493499756
2023-07-05 13:31:57,477 - root - INFO - Train loss: 0.19314084947109222. Valid loss: 0.23241104185581207
2023-07-05 13:44:01,678 - root - INFO - validating...
2023-07-05 13:44:01,678 - root - INFO - validating...
2023-07-05 13:44:01,680 - root - INFO - validating...
2023-07-05 13:44:01,680 - root - INFO - validating...
2023-07-05 13:45:02,919 - root - INFO - Time taken for epoch 97 is 785.4421031475067 sec
2023-07-05 13:45:02,920 - root - INFO - train data time=0.002856016159057617, train step time=200.29976654052734, valid step time=59.538490295410156
2023-07-05 13:45:02,920 - root - INFO - Train loss: 0.1953539252281189. Valid loss: 0.23231317102909088
2023-07-05 13:57:12,077 - root - INFO - validating...
2023-07-05 13:57:12,077 - root - INFO - validating...
2023-07-05 13:57:12,078 - root - INFO - validating...
2023-07-05 13:57:12,078 - root - INFO - validating...
2023-07-05 13:58:13,733 - root - INFO - Time taken for epoch 98 is 790.8123462200165 sec
2023-07-05 13:58:13,733 - root - INFO - train data time=0.00359344482421875, train step time=202.68120551109314, valid step time=60.1264488697052
2023-07-05 13:58:13,734 - root - INFO - Train loss: 0.1944218873977661. Valid loss: 0.23167653381824493
2023-07-05 14:10:23,781 - root - INFO - validating...
2023-07-05 14:10:23,781 - root - INFO - validating...
2023-07-05 14:10:23,782 - root - INFO - validating...
2023-07-05 14:10:23,784 - root - INFO - validating...
2023-07-05 14:11:26,282 - root - INFO - Time taken for epoch 99 is 792.5478558540344 sec
2023-07-05 14:11:26,282 - root - INFO - train data time=0.0029778480529785156, train step time=200.62094402313232, valid step time=60.983253955841064
2023-07-05 14:11:26,283 - root - INFO - Train loss: 0.19410741329193115. Valid loss: 0.23228766024112701
2023-07-05 14:23:34,506 - root - INFO - validating...
2023-07-05 14:23:34,506 - root - INFO - validating...
2023-07-05 14:23:34,508 - root - INFO - validating...
2023-07-05 14:23:34,509 - root - INFO - validating...
2023-07-05 14:24:36,751 - root - INFO - Time taken for epoch 100 is 790.4679458141327 sec
2023-07-05 14:24:36,751 - root - INFO - train data time=0.003444194793701172, train step time=201.42153477668762, valid step time=60.70454120635986
2023-07-05 14:24:36,752 - root - INFO - Train loss: 0.19384035468101501. Valid loss: 0.2320425659418106
2023-07-05 14:36:46,851 - root - INFO - validating...
2023-07-05 14:36:46,852 - root - INFO - validating...
2023-07-05 14:36:46,852 - root - INFO - validating...
2023-07-05 14:36:46,855 - root - INFO - validating...
2023-07-05 14:37:48,322 - root - INFO - Val loss improved from 0.23166055977344513 to 0.2301664799451828
2023-07-05 14:37:50,279 - root - INFO - Time taken for epoch 101 is 793.5274620056152 sec
2023-07-05 14:37:50,281 - root - INFO - train data time=0.0034220218658447266, train step time=209.99428749084473, valid step time=59.930694580078125
2023-07-05 14:37:50,281 - root - INFO - Train loss: 0.19494445621967316. Valid loss: 0.2301664799451828
2023-07-05 14:50:06,174 - root - INFO - validating...
2023-07-05 14:50:06,174 - root - INFO - validating...
2023-07-05 14:50:06,174 - root - INFO - validating...
2023-07-05 14:50:06,177 - root - INFO - validating...
2023-07-05 14:51:08,768 - root - INFO - Time taken for epoch 102 is 798.4862976074219 sec
2023-07-05 14:51:08,768 - root - INFO - train data time=0.0034074783325195312, train step time=210.40921258926392, valid step time=61.07900023460388
2023-07-05 14:51:08,769 - root - INFO - Train loss: 0.19493085145950317. Valid loss: 0.2323984056711197
2023-07-05 15:03:20,382 - root - INFO - validating...
2023-07-05 15:03:20,382 - root - INFO - validating...
2023-07-05 15:03:20,382 - root - INFO - validating...
2023-07-05 15:03:20,382 - root - INFO - validating...
2023-07-05 15:04:22,866 - root - INFO - Time taken for epoch 103 is 794.0970125198364 sec
2023-07-05 15:04:22,866 - root - INFO - train data time=0.003454446792602539, train step time=208.87803101539612, valid step time=60.960476875305176
2023-07-05 15:04:22,867 - root - INFO - Train loss: 0.20214177668094635. Valid loss: 0.23460175096988678
2023-07-05 15:16:34,179 - root - INFO - validating...
2023-07-05 15:16:34,182 - root - INFO - validating...
2023-07-05 15:16:34,182 - root - INFO - validating...
2023-07-05 15:16:34,183 - root - INFO - validating...
2023-07-05 15:17:36,241 - root - INFO - Time taken for epoch 104 is 793.3742535114288 sec
2023-07-05 15:17:36,242 - root - INFO - train data time=0.004500389099121094, train step time=186.94958090782166, valid step time=60.423938512802124
2023-07-05 15:17:36,242 - root - INFO - Train loss: 0.20007795095443726. Valid loss: 0.23365558683872223
2023-07-05 15:29:52,051 - root - INFO - validating...
2023-07-05 15:29:52,052 - root - INFO - validating...
2023-07-05 15:29:52,052 - root - INFO - validating...
2023-07-05 15:29:52,052 - root - INFO - validating...
2023-07-05 15:30:54,668 - root - INFO - Time taken for epoch 105 is 798.425398349762 sec
2023-07-05 15:30:54,669 - root - INFO - train data time=0.004837512969970703, train step time=190.2972469329834, valid step time=61.13980960845947
2023-07-05 15:30:54,669 - root - INFO - Train loss: 0.21330086886882782. Valid loss: 0.23291897773742676
2023-07-05 15:43:02,843 - root - INFO - validating...
2023-07-05 15:43:02,843 - root - INFO - validating...
2023-07-05 15:43:02,844 - root - INFO - validating...
2023-07-05 15:43:02,845 - root - INFO - validating...
2023-07-05 15:44:04,034 - root - INFO - Time taken for epoch 106 is 789.3647873401642 sec
2023-07-05 15:44:04,035 - root - INFO - train data time=0.002912282943725586, train step time=205.77317214012146, valid step time=59.522910594940186
2023-07-05 15:44:04,035 - root - INFO - Train loss: 0.20549269020557404. Valid loss: 0.2351473718881607
2023-07-05 15:56:14,865 - root - INFO - validating...
2023-07-05 15:56:14,865 - root - INFO - validating...
2023-07-05 15:56:14,866 - root - INFO - validating...
2023-07-05 15:56:14,867 - root - INFO - validating...
2023-07-05 15:57:16,563 - root - INFO - Time taken for epoch 107 is 792.5277411937714 sec
2023-07-05 15:57:16,564 - root - INFO - train data time=0.0035827159881591797, train step time=202.02576780319214, valid step time=60.098135232925415
2023-07-05 15:57:16,565 - root - INFO - Train loss: 0.19728930294513702. Valid loss: 0.2346816509962082
2023-07-05 16:09:22,316 - root - INFO - validating...
2023-07-05 16:09:22,316 - root - INFO - validating...
2023-07-05 16:09:22,317 - root - INFO - validating...
2023-07-05 16:09:22,318 - root - INFO - validating...
2023-07-05 16:10:24,413 - root - INFO - Time taken for epoch 108 is 787.8476901054382 sec
2023-07-05 16:10:24,414 - root - INFO - train data time=0.0027375221252441406, train step time=204.16029405593872, valid step time=60.227288007736206
2023-07-05 16:10:24,414 - root - INFO - Train loss: 0.19705235958099365. Valid loss: 0.2346010059118271
2023-07-05 16:22:37,803 - root - INFO - validating...
2023-07-05 16:22:37,803 - root - INFO - validating...
2023-07-05 16:22:37,804 - root - INFO - validating...
2023-07-05 16:22:37,804 - root - INFO - validating...
2023-07-05 16:23:39,653 - root - INFO - Time taken for epoch 109 is 795.2384543418884 sec
2023-07-05 16:23:39,653 - root - INFO - train data time=0.004490375518798828, train step time=194.0644907951355, valid step time=60.30857563018799
2023-07-05 16:23:39,654 - root - INFO - Train loss: 0.1958857625722885. Valid loss: 0.23476900160312653
2023-07-05 16:35:48,807 - root - INFO - validating...
2023-07-05 16:35:48,808 - root - INFO - validating...
2023-07-05 16:35:48,808 - root - INFO - validating...
2023-07-05 16:35:48,809 - root - INFO - validating...
2023-07-05 16:36:50,301 - root - INFO - Time taken for epoch 110 is 790.6469211578369 sec
2023-07-05 16:36:50,301 - root - INFO - train data time=0.003201007843017578, train step time=207.4113326072693, valid step time=59.793421506881714
2023-07-05 16:36:50,302 - root - INFO - Train loss: 0.19683435559272766. Valid loss: 0.23255978524684906
2023-07-05 16:48:59,551 - root - INFO - validating...
2023-07-05 16:48:59,551 - root - INFO - validating...
2023-07-05 16:48:59,551 - root - INFO - validating...
2023-07-05 16:48:59,551 - root - INFO - validating...
2023-07-05 16:50:00,026 - root - INFO - Time taken for epoch 111 is 789.7246313095093 sec
2023-07-05 16:50:00,027 - root - INFO - train data time=0.0036592483520507812, train step time=199.9923083782196, valid step time=58.96392035484314
2023-07-05 16:50:00,027 - root - INFO - Train loss: 0.1995564103126526. Valid loss: 0.23526430130004883
2023-07-05 17:02:03,090 - root - INFO - validating...
2023-07-05 17:02:03,090 - root - INFO - validating...
2023-07-05 17:02:03,090 - root - INFO - validating...
2023-07-05 17:02:03,094 - root - INFO - validating...
2023-07-05 17:03:04,626 - root - INFO - Time taken for epoch 112 is 784.5983006954193 sec
2023-07-05 17:03:04,626 - root - INFO - train data time=0.0031557083129882812, train step time=195.91427898406982, valid step time=59.966933250427246
2023-07-05 17:03:04,627 - root - INFO - Train loss: 0.19377852976322174. Valid loss: 0.2329328954219818
2023-07-05 17:15:14,376 - root - INFO - validating...
2023-07-05 17:15:14,375 - root - INFO - validating...
2023-07-05 17:15:14,375 - root - INFO - validating...
2023-07-05 17:15:14,376 - root - INFO - validating...
2023-07-05 17:16:16,589 - root - INFO - Time taken for epoch 113 is 791.9618530273438 sec
2023-07-05 17:16:16,590 - root - INFO - train data time=0.0036423206329345703, train step time=206.55997347831726, valid step time=60.636086225509644
2023-07-05 17:16:16,590 - root - INFO - Train loss: 0.1920856088399887. Valid loss: 0.23145398497581482
2023-07-05 17:28:25,031 - root - INFO - validating...
2023-07-05 17:28:25,031 - root - INFO - validating...
2023-07-05 17:28:25,031 - root - INFO - validating...
2023-07-05 17:28:25,033 - root - INFO - validating...
2023-07-05 17:29:27,873 - root - INFO - Time taken for epoch 114 is 791.2827224731445 sec
2023-07-05 17:29:27,873 - root - INFO - train data time=0.0035724639892578125, train step time=190.07079315185547, valid step time=61.33050322532654
2023-07-05 17:29:27,874 - root - INFO - Train loss: 0.19314609467983246. Valid loss: 0.23146535456180573
2023-07-05 17:41:35,284 - root - INFO - validating...
2023-07-05 17:41:35,284 - root - INFO - validating...
2023-07-05 17:41:35,285 - root - INFO - validating...
2023-07-05 17:41:35,288 - root - INFO - validating...
2023-07-05 17:42:36,512 - root - INFO - Time taken for epoch 115 is 788.6384048461914 sec
2023-07-05 17:42:36,513 - root - INFO - train data time=0.003565073013305664, train step time=201.07687306404114, valid step time=59.62256193161011
2023-07-05 17:42:36,513 - root - INFO - Train loss: 0.1903402954339981. Valid loss: 0.2319057583808899
2023-07-05 17:54:44,287 - root - INFO - validating...
2023-07-05 17:54:44,287 - root - INFO - validating...
2023-07-05 17:54:44,287 - root - INFO - validating...
2023-07-05 17:54:44,288 - root - INFO - validating...
2023-07-05 17:55:45,814 - root - INFO - Time taken for epoch 116 is 789.3004846572876 sec
2023-07-05 17:55:45,815 - root - INFO - train data time=0.002952098846435547, train step time=204.82311940193176, valid step time=59.99415421485901
2023-07-05 17:55:45,815 - root - INFO - Train loss: 0.19061343371868134. Valid loss: 0.23146019876003265
2023-07-05 18:07:57,768 - root - INFO - validating...
2023-07-05 18:07:57,768 - root - INFO - validating...
2023-07-05 18:07:57,768 - root - INFO - validating...
2023-07-05 18:07:57,768 - root - INFO - validating...
2023-07-05 18:08:59,633 - root - INFO - Time taken for epoch 117 is 793.8172359466553 sec
2023-07-05 18:08:59,633 - root - INFO - train data time=0.0035490989685058594, train step time=203.61003422737122, valid step time=60.26178479194641
2023-07-05 18:08:59,634 - root - INFO - Train loss: 0.19071918725967407. Valid loss: 0.2316124439239502
2023-07-05 18:21:04,989 - root - INFO - validating...
2023-07-05 18:21:04,989 - root - INFO - validating...
2023-07-05 18:21:04,990 - root - INFO - validating...
2023-07-05 18:21:04,991 - root - INFO - validating...
2023-07-05 18:22:06,603 - root - INFO - Time taken for epoch 118 is 786.9693055152893 sec
2023-07-05 18:22:06,604 - root - INFO - train data time=0.0032978057861328125, train step time=201.99215388298035, valid step time=60.05759835243225
2023-07-05 18:22:06,604 - root - INFO - Train loss: 0.1926025003194809. Valid loss: 0.23205973207950592
2023-07-05 18:34:11,929 - root - INFO - validating...
2023-07-05 18:34:11,929 - root - INFO - validating...
2023-07-05 18:34:11,931 - root - INFO - validating...
2023-07-05 18:34:11,932 - root - INFO - validating...
2023-07-05 18:35:12,987 - root - INFO - Time taken for epoch 119 is 786.3827774524689 sec
2023-07-05 18:35:12,988 - root - INFO - train data time=0.003535032272338867, train step time=186.82186269760132, valid step time=59.48489809036255
2023-07-05 18:35:12,989 - root - INFO - Train loss: 0.19140875339508057. Valid loss: 0.23183779418468475
2023-07-05 18:47:20,992 - root - INFO - validating...
2023-07-05 18:47:20,992 - root - INFO - validating...
2023-07-05 18:47:20,992 - root - INFO - validating...
2023-07-05 18:47:20,993 - root - INFO - validating...
2023-07-05 18:48:23,401 - root - INFO - Time taken for epoch 120 is 790.4118785858154 sec
2023-07-05 18:48:23,401 - root - INFO - train data time=0.004037618637084961, train step time=196.80628395080566, valid step time=60.87266254425049
2023-07-05 18:48:23,402 - root - INFO - Train loss: 0.1910298615694046. Valid loss: 0.23088568449020386
2023-07-05 19:00:25,920 - root - INFO - validating...
2023-07-05 19:00:25,920 - root - INFO - validating...
2023-07-05 19:00:25,921 - root - INFO - validating...
2023-07-05 19:00:25,921 - root - INFO - validating...
2023-07-05 19:01:28,005 - root - INFO - Time taken for epoch 121 is 784.6026136875153 sec
2023-07-05 19:01:28,005 - root - INFO - train data time=0.003170013427734375, train step time=200.9349582195282, valid step time=60.535231590270996
2023-07-05 19:01:28,005 - root - INFO - Train loss: 0.19058075547218323. Valid loss: 0.23191596567630768
2023-07-05 19:13:38,270 - root - INFO - validating...
2023-07-05 19:13:38,269 - root - INFO - validating...
2023-07-05 19:13:38,270 - root - INFO - validating...
2023-07-05 19:13:38,270 - root - INFO - validating...
2023-07-05 19:14:40,525 - root - INFO - Time taken for epoch 122 is 792.5187730789185 sec
2023-07-05 19:14:40,525 - root - INFO - train data time=0.0025556087493896484, train step time=207.99488234519958, valid step time=60.58334732055664
2023-07-05 19:14:40,525 - root - INFO - Train loss: 0.18966268002986908. Valid loss: 0.23164941370487213
2023-07-05 19:26:51,680 - root - INFO - validating...
2023-07-05 19:26:51,680 - root - INFO - validating...
2023-07-05 19:26:51,680 - root - INFO - validating...
2023-07-05 19:26:51,680 - root - INFO - validating...
2023-07-05 19:27:54,206 - root - INFO - Time taken for epoch 123 is 793.6799178123474 sec
2023-07-05 19:27:54,206 - root - INFO - train data time=0.0032041072845458984, train step time=203.16792678833008, valid step time=60.968748331069946
2023-07-05 19:27:54,207 - root - INFO - Train loss: 0.19113323092460632. Valid loss: 0.23193465173244476
2023-07-05 19:39:58,905 - root - INFO - validating...
2023-07-05 19:39:58,905 - root - INFO - validating...
2023-07-05 19:39:58,905 - root - INFO - validating...
2023-07-05 19:39:58,905 - root - INFO - validating...
2023-07-05 19:40:59,839 - root - INFO - Time taken for epoch 124 is 785.6318624019623 sec
2023-07-05 19:40:59,839 - root - INFO - train data time=0.0027594566345214844, train step time=203.5460753440857, valid step time=59.4480037689209
2023-07-05 19:40:59,840 - root - INFO - Train loss: 0.1913168579339981. Valid loss: 0.23210382461547852
2023-07-05 19:53:07,457 - root - INFO - validating...
2023-07-05 19:53:07,457 - root - INFO - validating...
2023-07-05 19:53:07,457 - root - INFO - validating...
2023-07-05 19:53:07,457 - root - INFO - validating...
2023-07-05 19:54:08,850 - root - INFO - Time taken for epoch 125 is 789.0103461742401 sec
2023-07-05 19:54:08,851 - root - INFO - train data time=0.0038766860961914062, train step time=186.4030909538269, valid step time=59.942845582962036
2023-07-05 19:54:08,852 - root - INFO - Train loss: 0.19057084619998932. Valid loss: 0.23201775550842285
2023-07-05 20:06:21,312 - root - INFO - validating...
2023-07-05 20:06:21,313 - root - INFO - validating...
2023-07-05 20:06:21,313 - root - INFO - validating...
2023-07-05 20:06:21,313 - root - INFO - validating...
2023-07-05 20:07:23,880 - root - INFO - Time taken for epoch 126 is 795.0280816555023 sec
2023-07-05 20:07:23,881 - root - INFO - train data time=0.004168272018432617, train step time=189.84083938598633, valid step time=61.14051580429077
2023-07-05 20:07:23,881 - root - INFO - Train loss: 0.19273382425308228. Valid loss: 0.2319498062133789
2023-07-05 20:19:39,828 - root - INFO - validating...
2023-07-05 20:19:39,828 - root - INFO - validating...
2023-07-05 20:19:39,828 - root - INFO - validating...
2023-07-05 20:19:39,829 - root - INFO - validating...
2023-07-05 20:20:42,637 - root - INFO - Time taken for epoch 127 is 798.7556915283203 sec
2023-07-05 20:20:42,638 - root - INFO - train data time=0.004088163375854492, train step time=196.30568075180054, valid step time=61.281147956848145
2023-07-05 20:20:42,638 - root - INFO - Train loss: 0.18714994192123413. Valid loss: 0.2316436916589737
2023-07-05 20:32:53,276 - root - INFO - validating...
2023-07-05 20:32:53,277 - root - INFO - validating...
2023-07-05 20:32:53,278 - root - INFO - validating...
2023-07-05 20:32:53,277 - root - INFO - validating...
2023-07-05 20:33:55,879 - root - INFO - Val loss improved from 0.2301664799451828 to 0.22973786294460297
2023-07-05 20:33:57,394 - root - INFO - Time taken for epoch 128 is 794.755765914917 sec
2023-07-05 20:33:57,395 - root - INFO - train data time=0.003366708755493164, train step time=201.3610920906067, valid step time=61.16943907737732
2023-07-05 20:33:57,395 - root - INFO - Train loss: 0.18838824331760406. Valid loss: 0.22973786294460297
2023-07-05 20:46:06,842 - root - INFO - validating...
2023-07-05 20:46:06,841 - root - INFO - validating...
2023-07-05 20:46:06,842 - root - INFO - validating...
2023-07-05 20:46:06,842 - root - INFO - validating...
2023-07-05 20:47:08,636 - root - INFO - Time taken for epoch 129 is 791.2404289245605 sec
2023-07-05 20:47:08,637 - root - INFO - train data time=0.0035228729248046875, train step time=198.1868040561676, valid step time=60.31567120552063
2023-07-05 20:47:08,638 - root - INFO - Train loss: 0.18876349925994873. Valid loss: 0.23186106979846954
2023-07-05 20:59:15,922 - root - INFO - validating...
2023-07-05 20:59:15,922 - root - INFO - validating...
2023-07-05 20:59:15,922 - root - INFO - validating...
2023-07-05 20:59:15,921 - root - INFO - validating...
2023-07-05 21:00:17,665 - root - INFO - Time taken for epoch 130 is 789.0274791717529 sec
2023-07-05 21:00:17,666 - root - INFO - train data time=0.0036301612854003906, train step time=190.82394218444824, valid step time=59.95449686050415
2023-07-05 21:00:17,666 - root - INFO - Train loss: 0.18874531984329224. Valid loss: 0.23214083909988403
2023-07-05 21:12:21,625 - root - INFO - validating...
2023-07-05 21:12:21,625 - root - INFO - validating...
2023-07-05 21:12:21,625 - root - INFO - validating...
2023-07-05 21:12:21,625 - root - INFO - validating...
2023-07-05 21:13:23,455 - root - INFO - Time taken for epoch 131 is 785.788535118103 sec
2023-07-05 21:13:23,456 - root - INFO - train data time=0.003525257110595703, train step time=187.46370887756348, valid step time=60.37479066848755
2023-07-05 21:13:23,456 - root - INFO - Train loss: 0.19144777953624725. Valid loss: 0.23227185010910034
2023-07-05 21:25:31,423 - root - INFO - validating...
2023-07-05 21:25:31,423 - root - INFO - validating...
2023-07-05 21:25:31,423 - root - INFO - validating...
2023-07-05 21:25:31,424 - root - INFO - validating...
2023-07-05 21:26:33,044 - root - INFO - Time taken for epoch 132 is 789.5873999595642 sec
2023-07-05 21:26:33,044 - root - INFO - train data time=0.004005908966064453, train step time=189.0281035900116, valid step time=60.19102334976196
2023-07-05 21:26:33,044 - root - INFO - Train loss: 0.18970714509487152. Valid loss: 0.23196172714233398
2023-07-05 21:38:44,256 - root - INFO - validating...
2023-07-05 21:38:44,256 - root - INFO - validating...
2023-07-05 21:38:44,257 - root - INFO - validating...
2023-07-05 21:38:44,257 - root - INFO - validating...
2023-07-05 21:39:46,567 - root - INFO - Time taken for epoch 133 is 793.5223658084869 sec
2023-07-05 21:39:46,568 - root - INFO - train data time=0.0039784908294677734, train step time=199.10586500167847, valid step time=60.74992251396179
2023-07-05 21:39:46,568 - root - INFO - Train loss: 0.1912786215543747. Valid loss: 0.23173600435256958
2023-07-05 21:51:58,500 - root - INFO - validating...
2023-07-05 21:51:58,500 - root - INFO - validating...
2023-07-05 21:51:58,500 - root - INFO - validating...
2023-07-05 21:51:58,502 - root - INFO - validating...
2023-07-05 21:52:59,982 - root - INFO - Time taken for epoch 134 is 793.4137411117554 sec
2023-07-05 21:52:59,982 - root - INFO - train data time=0.0038840770721435547, train step time=203.52183151245117, valid step time=59.87652230262756
2023-07-05 21:52:59,983 - root - INFO - Train loss: 0.1887989342212677. Valid loss: 0.23226213455200195
2023-07-05 22:05:09,146 - root - INFO - validating...
2023-07-05 22:05:09,147 - root - INFO - validating...
2023-07-05 22:05:09,147 - root - INFO - validating...
2023-07-05 22:05:09,149 - root - INFO - validating...
2023-07-05 22:06:11,963 - root - INFO - Time taken for epoch 135 is 791.979526758194 sec
2023-07-05 22:06:11,963 - root - INFO - train data time=0.003147602081298828, train step time=208.9502079486847, valid step time=61.21949577331543
2023-07-05 22:06:11,963 - root - INFO - Train loss: 0.18736012279987335. Valid loss: 0.23231187462806702
2023-07-05 22:18:19,023 - root - INFO - validating...
2023-07-05 22:18:19,023 - root - INFO - validating...
2023-07-05 22:18:19,027 - root - INFO - validating...
2023-07-05 22:18:19,027 - root - INFO - validating...
2023-07-05 22:19:20,784 - root - INFO - Time taken for epoch 136 is 788.8209154605865 sec
2023-07-05 22:19:20,785 - root - INFO - train data time=0.0032486915588378906, train step time=204.16105103492737, valid step time=60.24629807472229
2023-07-05 22:19:20,785 - root - INFO - Train loss: 0.18785613775253296. Valid loss: 0.23213039338588715
2023-07-05 22:31:28,613 - root - INFO - validating...
2023-07-05 22:31:28,613 - root - INFO - validating...
2023-07-05 22:31:28,613 - root - INFO - validating...
2023-07-05 22:31:28,615 - root - INFO - validating...
2023-07-05 22:32:30,032 - root - INFO - Time taken for epoch 137 is 789.2463018894196 sec
2023-07-05 22:32:30,032 - root - INFO - train data time=0.0030634403228759766, train step time=204.54945874214172, valid step time=59.84320521354675
2023-07-05 22:32:30,033 - root - INFO - Train loss: 0.18872840702533722. Valid loss: 0.232050359249115
2023-07-05 22:44:34,931 - root - INFO - validating...
2023-07-05 22:44:34,932 - root - INFO - validating...
2023-07-05 22:44:34,932 - root - INFO - validating...
2023-07-05 22:44:34,932 - root - INFO - validating...
2023-07-05 22:45:36,554 - root - INFO - Time taken for epoch 138 is 786.5209565162659 sec
2023-07-05 22:45:36,554 - root - INFO - train data time=0.0036628246307373047, train step time=193.2072513103485, valid step time=60.11838746070862
2023-07-05 22:45:36,555 - root - INFO - Train loss: 0.1902206838130951. Valid loss: 0.23227067291736603
2023-07-05 22:57:43,945 - root - INFO - validating...
2023-07-05 22:57:43,945 - root - INFO - validating...
2023-07-05 22:57:43,945 - root - INFO - validating...
2023-07-05 22:57:43,945 - root - INFO - validating...
2023-07-05 22:58:45,315 - root - INFO - Time taken for epoch 139 is 788.7603957653046 sec
2023-07-05 22:58:45,316 - root - INFO - train data time=0.0029556751251220703, train step time=207.27581524848938, valid step time=59.7823007106781
2023-07-05 22:58:45,316 - root - INFO - Train loss: 0.1897384077310562. Valid loss: 0.23164647817611694
2023-07-05 23:10:54,845 - root - INFO - validating...
2023-07-05 23:10:54,845 - root - INFO - validating...
2023-07-05 23:10:54,846 - root - INFO - validating...
2023-07-05 23:10:54,848 - root - INFO - validating...
2023-07-05 23:11:56,575 - root - INFO - Time taken for epoch 140 is 791.2577464580536 sec
2023-07-05 23:11:56,576 - root - INFO - train data time=0.05685234069824219, train step time=203.28329634666443, valid step time=60.14648199081421
2023-07-05 23:11:56,577 - root - INFO - Train loss: 0.19020144641399384. Valid loss: 0.2322339564561844
2023-07-05 23:24:08,008 - root - INFO - validating...
2023-07-05 23:24:08,008 - root - INFO - validating...
2023-07-05 23:24:08,009 - root - INFO - validating...
2023-07-05 23:24:08,009 - root - INFO - validating...
2023-07-05 23:25:11,672 - root - INFO - Time taken for epoch 141 is 795.0948951244354 sec
2023-07-05 23:25:11,673 - root - INFO - train data time=0.003587007522583008, train step time=199.67594814300537, valid step time=62.14698076248169
2023-07-05 23:25:11,673 - root - INFO - Train loss: 0.18913942575454712. Valid loss: 0.2319122850894928
2023-07-05 23:37:22,198 - root - INFO - validating...
2023-07-05 23:37:22,198 - root - INFO - validating...
2023-07-05 23:37:22,199 - root - INFO - validating...
2023-07-05 23:37:22,200 - root - INFO - validating...
2023-07-05 23:38:24,249 - root - INFO - Time taken for epoch 142 is 792.5757575035095 sec
2023-07-05 23:38:24,250 - root - INFO - train data time=0.002718687057495117, train step time=205.20286870002747, valid step time=60.50263738632202
2023-07-05 23:38:24,251 - root - INFO - Train loss: 0.1872788816690445. Valid loss: 0.23221150040626526
2023-07-05 23:50:33,461 - root - INFO - validating...
2023-07-05 23:50:33,461 - root - INFO - validating...
2023-07-05 23:50:33,461 - root - INFO - validating...
2023-07-05 23:50:33,461 - root - INFO - validating...
2023-07-05 23:51:34,520 - root - INFO - Time taken for epoch 143 is 790.2687251567841 sec
2023-07-05 23:51:34,520 - root - INFO - train data time=0.003428220748901367, train step time=203.30951499938965, valid step time=59.520126819610596
2023-07-05 23:51:34,521 - root - INFO - Train loss: 0.19112367928028107. Valid loss: 0.2324349284172058
2023-07-06 00:03:44,766 - root - INFO - validating...
2023-07-06 00:03:44,766 - root - INFO - validating...
2023-07-06 00:03:44,767 - root - INFO - validating...
2023-07-06 00:03:44,767 - root - INFO - validating...
2023-07-06 00:04:46,747 - root - INFO - Time taken for epoch 144 is 792.2259583473206 sec
2023-07-06 00:04:46,748 - root - INFO - train data time=0.0037491321563720703, train step time=206.68937730789185, valid step time=60.404263973236084
2023-07-06 00:04:46,749 - root - INFO - Train loss: 0.18902327120304108. Valid loss: 0.23237696290016174
2023-07-06 00:17:01,606 - root - INFO - validating...
2023-07-06 00:17:01,606 - root - INFO - validating...
2023-07-06 00:17:01,606 - root - INFO - validating...
2023-07-06 00:17:01,610 - root - INFO - validating...
2023-07-06 00:18:03,775 - root - INFO - Time taken for epoch 145 is 797.0262367725372 sec
2023-07-06 00:18:03,776 - root - INFO - train data time=0.002922534942626953, train step time=207.68364787101746, valid step time=60.6472852230072
2023-07-06 00:18:03,777 - root - INFO - Train loss: 0.19289007782936096. Valid loss: 0.23235903680324554
2023-07-06 00:30:14,205 - root - INFO - validating...
2023-07-06 00:30:14,206 - root - INFO - validating...
2023-07-06 00:30:14,206 - root - INFO - validating...
2023-07-06 00:30:14,206 - root - INFO - validating...
2023-07-06 00:31:16,078 - root - INFO - Time taken for epoch 146 is 792.3005924224854 sec
2023-07-06 00:31:16,078 - root - INFO - train data time=0.0031981468200683594, train step time=206.13702535629272, valid step time=60.25239014625549
2023-07-06 00:31:16,078 - root - INFO - Train loss: 0.19002670049667358. Valid loss: 0.23231559991836548
2023-07-06 00:43:26,241 - root - INFO - validating...
2023-07-06 00:43:26,241 - root - INFO - validating...
2023-07-06 00:43:26,241 - root - INFO - validating...
2023-07-06 00:43:26,243 - root - INFO - validating...
2023-07-06 00:44:28,448 - root - INFO - Time taken for epoch 147 is 792.3694529533386 sec
2023-07-06 00:44:28,449 - root - INFO - train data time=0.0035703182220458984, train step time=194.98299193382263, valid step time=60.7094612121582
2023-07-06 00:44:28,449 - root - INFO - Train loss: 0.19288945198059082. Valid loss: 0.23203276097774506
2023-07-06 00:56:41,228 - root - INFO - validating...
2023-07-06 00:56:41,229 - root - INFO - validating...
2023-07-06 00:56:41,230 - root - INFO - validating...
2023-07-06 00:56:41,231 - root - INFO - validating...
2023-07-06 00:57:42,909 - root - INFO - Time taken for epoch 148 is 794.459630727768 sec
2023-07-06 00:57:42,909 - root - INFO - train data time=0.0033910274505615234, train step time=200.8347291946411, valid step time=60.176300287246704
2023-07-06 00:57:42,910 - root - INFO - Train loss: 0.18797603249549866. Valid loss: 0.2321872115135193
2023-07-06 01:09:52,512 - root - INFO - validating...
2023-07-06 01:09:52,513 - root - INFO - validating...
2023-07-06 01:09:52,513 - root - INFO - validating...
2023-07-06 01:09:52,515 - root - INFO - validating...
2023-07-06 01:10:56,023 - root - INFO - Time taken for epoch 149 is 793.1133086681366 sec
2023-07-06 01:10:56,024 - root - INFO - train data time=0.003929853439331055, train step time=188.95031833648682, valid step time=62.000012159347534
2023-07-06 01:10:56,025 - root - INFO - Train loss: 0.19254295527935028. Valid loss: 0.23225034773349762
2023-07-06 01:23:07,206 - root - INFO - validating...
2023-07-06 01:23:07,206 - root - INFO - validating...
2023-07-06 01:23:07,206 - root - INFO - validating...
2023-07-06 01:23:07,206 - root - INFO - validating...
2023-07-06 01:24:07,569 - root - INFO - Terminating training after reaching params.max_epochs while LR scheduler is set to CosineAnnealingLR
2023-07-06 01:24:07,570 - root - INFO - Terminating training after reaching params.max_epochs while LR scheduler is set to CosineAnnealingLR
2023-07-06 01:24:07,570 - root - INFO - Terminating training after reaching params.max_epochs while LR scheduler is set to CosineAnnealingLR
wandb: Waiting for W&B process to finish... (success).
2023-07-06 01:24:07,621 - root - INFO - Terminating training after reaching params.max_epochs while LR scheduler is set to CosineAnnealingLR
paraai-n32-h-01-agent-103:4000875:4001916 [1] NCCL INFO [Service thread] Connection closed by localRank 1
paraai-n32-h-01-agent-103:4000877:4001915 [3] NCCL INFO [Service thread] Connection closed by localRank 3
paraai-n32-h-01-agent-103:4000875:4000875 [1] NCCL INFO comm 0x3d907540 rank 1 nranks 16 cudaDev 1 busId 2000 - Abort COMPLETE
paraai-n32-h-01-agent-103:4000877:4000877 [3] NCCL INFO comm 0x43039e40 rank 3 nranks 16 cudaDev 3 busId 82000 - Abort COMPLETE
paraai-n32-h-01-agent-103:4000876:4001914 [2] NCCL INFO [Service thread] Connection closed by localRank 2
paraai-n32-h-01-agent-103:4000876:4000876 [2] NCCL INFO comm 0x2c753080 rank 2 nranks 16 cudaDev 2 busId 81000 - Abort COMPLETE
wandb: 
wandb: Run history:
wandb:         lr ███████▇▇▇▇▇▆▆▆▆▆▅▅▅▄▄▄▄▃▃▃▃▂▂▂▂▂▂▁▁▁▁▁▁
wandb: train_loss ▇▅▄▃▃▃▃█▃▂▂▃▂▂▂▂▂▂▁▂▂▁▁▂▁▁▁▁▁▁▁▁▁▁▁▁▁▁▁▁
wandb:   valid_l1 ▆▄▃▃▂▂▂█▂▂▂▂▂▁▁▁▁▁▁▁▁▁▁▁▁▁▁▁▁▁▁▁▁▁▁▁▁▁▁▁
wandb: valid_loss ▆▄▃▂▂▂▂█▂▂▁▁▁▁▁▁▁▁▁▁▁▁▁▁▁▁▁▁▁▁▁▁▁▁▁▁▁▁▁▁
wandb: 
wandb: Run summary:
wandb:         lr 0.0
wandb: train_loss 0.18942
wandb:   valid_l1 0.0928
wandb: valid_loss 0.23195
wandb: 
wandb: You can sync this run to the cloud by running:
wandb: wandb sync /home/bingxing2/home/scx6115/Ocean_AI_model/wandb/offline-run-20230704_162339-exm3af1w
wandb: Find logs at: ./wandb/offline-run-20230704_162339-exm3af1w/logs
paraai-n32-h-01-agent-103:4000874:4001917 [0] NCCL INFO [Service thread] Connection closed by localRank 0
paraai-n32-h-01-agent-103:4000874:4000874 [0] NCCL INFO comm 0x6b9de770 rank 0 nranks 16 cudaDev 0 busId 1000 - Abort COMPLETE
