master_addr is only used for static rdzv_backend and when rdzv_endpoint is not specified.
paraai-n32-h-01-agent-101
0
------------------ Configuration ------------------  /home/bingxing2/home/scx6115/Ocean_AI_model/config/Model_2.yaml
paraai-n32-h-01-agent-101
0
------------------ Configuration ------------------  /home/bingxing2/home/scx6115/Ocean_AI_model/config/Model_2.yaml
paraai-n32-h-01-agent-101
0
------------------ Configuration ------------------  /home/bingxing2/home/scx6115/Ocean_AI_model/config/Model_2.yaml
paraai-n32-h-01-agent-101
0
------------------ Configuration ------------------  /home/bingxing2/home/scx6115/Ocean_AI_model/config/Model_2.yaml
nettype Masked_AE_Ocean
log_to_wandb True
lr 0.001
batch_size 32
max_epochs 150
scheduler CosineAnnealingLR
fusion_3d_2d False
in_channels [0, 1, 2, 3, 4, 5, 6, 7, 8, 9, 10, 11, 12, 13, 14, 15, 16, 17, 18, 19, 20, 21, 22, 23, 24, 25, 26, 27, 28, 29, 30, 31, 32, 33, 34, 35, 36, 37, 38, 39, 40, 41, 42, 43, 44, 45, 46, 47, 48, 49, 50, 51, 52, 53, 54, 55, 56, 57, 58, 59, 60, 61, 62, 63, 64, 65]
out_channels [0, 1, 2, 3, 4, 5, 6, 7, 8, 9, 10, 11, 12, 13, 14, 15, 16, 17, 18, 19, 20, 21, 22, 23, 24, 25, 26, 27, 28, 29, 30, 31, 32, 33, 34, 35, 36, 37, 38, 39, 40, 41, 42, 43, 44, 45, 46, 47, 48, 49, 50, 51, 52, 53, 54, 55, 56, 57, 58, 59, 60]
N_in_channels 66
N_out_channels 61
img_size_h 720
img_size_w 1440
patch_size_h 8
patch_size_w 8
mlp_ratio 4.0
embed_dim 512
depth 16
num_heads 16
decoder_embed_dim 1024
decoder_depth 8
decoder_num_heads 16
koopman_depth 2
modes_h_ratio 1
modes_w_ratio 0.8
drop_rate 0.0
drop_path_rate 0.0
sparsity_threshold 0.01
hard_thresholding_fraction 1.0
num_blocks 8
loss l2
num_data_workers 0
dt 1
n_history 0
prediction_type iterative
prediction_length 41
n_initial_conditions 5
ics_type default
date_strings ['2018-09-14 00:00:00']
save_raw_forecasts True
save_channel False
masked_acc False
maskpath None
perturb False
add_grid False
N_grid_channels 0
gridtype sinusoidal
roll False
enable_nhwc False
optimizer_type FusedAdam
exp_dir ./exp_15_levels
patch_size 8
width 56
modes 32
target default
train_data_path /home/bingxing2/home/scx6115/Ocean_AI_model/sample_01/train
valid_data_path /home/bingxing2/home/scx6115/Ocean_AI_model/sample_01/valid
test_data_path /home/bingxing2/home/scx6115/Ocean_AI_model/sample_01/test
land_mask True
land_mask_path /home/bingxing2/home/scx6115/Ocean_AI_model/sample_01/land_mask.h5
normalize True
normalization zscore
global_mins_path /home/bingxing2/home/scx6115/Ocean_AI_model/sample_01/train/global_mins.npy
global_maxs_path /home/bingxing2/home/scx6115/Ocean_AI_model/sample_01/train/global_maxs.npy
global_means_path /home/bingxing2/home/scx6115/Ocean_AI_model/sample_01/train/global_means.npy
global_stds_path /home/bingxing2/home/scx6115/Ocean_AI_model/sample_01/train/global_stds.npy
orography True
orography_norm_zscore_path /home/bingxing2/home/scx6115/Ocean_AI_model/sample_01/orography_norm_zscore.h5
orography_norm_maxmin_path /home/bingxing2/home/scx6115/Ocean_AI_model/sample_01/orography_norm_maxmin.h5
add_noise False
noise_std 0
crop_size_x None
crop_size_y None
log_to_screen True
save_checkpoint True
plot_animations False
---------------------------------------------------
world_size : 16
Initialize distributed process group...
nettype Masked_AE_Ocean
log_to_wandb True
lr 0.001
batch_size 32
max_epochs 150
scheduler CosineAnnealingLR
fusion_3d_2d False
in_channels [0, 1, 2, 3, 4, 5, 6, 7, 8, 9, 10, 11, 12, 13, 14, 15, 16, 17, 18, 19, 20, 21, 22, 23, 24, 25, 26, 27, 28, 29, 30, 31, 32, 33, 34, 35, 36, 37, 38, 39, 40, 41, 42, 43, 44, 45, 46, 47, 48, 49, 50, 51, 52, 53, 54, 55, 56, 57, 58, 59, 60, 61, 62, 63, 64, 65]
out_channels [0, 1, 2, 3, 4, 5, 6, 7, 8, 9, 10, 11, 12, 13, 14, 15, 16, 17, 18, 19, 20, 21, 22, 23, 24, 25, 26, 27, 28, 29, 30, 31, 32, 33, 34, 35, 36, 37, 38, 39, 40, 41, 42, 43, 44, 45, 46, 47, 48, 49, 50, 51, 52, 53, 54, 55, 56, 57, 58, 59, 60]
N_in_channels 66
N_out_channels 61
img_size_h 720
img_size_w 1440
patch_size_h 8
patch_size_w 8
mlp_ratio 4.0
embed_dim 512
depth 16
num_heads 16
decoder_embed_dim 1024
decoder_depth 8
decoder_num_heads 16
koopman_depth 2
modes_h_ratio 1
modes_w_ratio 0.8
drop_rate 0.0
drop_path_rate 0.0
sparsity_threshold 0.01
hard_thresholding_fraction 1.0
num_blocks 8
loss l2
num_data_workers 0
dt 1
n_history 0
prediction_type iterative
prediction_length 41
n_initial_conditions 5
ics_type default
date_strings ['2018-09-14 00:00:00']
save_raw_forecasts True
save_channel False
masked_acc False
maskpath None
perturb False
add_grid False
N_grid_channels 0
gridtype sinusoidal
roll False
enable_nhwc False
optimizer_type FusedAdam
exp_dir ./exp_15_levels
patch_size 8
width 56
modes 32
target default
train_data_path /home/bingxing2/home/scx6115/Ocean_AI_model/sample_01/train
valid_data_path /home/bingxing2/home/scx6115/Ocean_AI_model/sample_01/valid
test_data_path /home/bingxing2/home/scx6115/Ocean_AI_model/sample_01/test
land_mask True
land_mask_path /home/bingxing2/home/scx6115/Ocean_AI_model/sample_01/land_mask.h5
normalize True
normalization zscore
global_mins_path /home/bingxing2/home/scx6115/Ocean_AI_model/sample_01/train/global_mins.npy
global_maxs_path /home/bingxing2/home/scx6115/Ocean_AI_model/sample_01/train/global_maxs.npy
global_means_path /home/bingxing2/home/scx6115/Ocean_AI_model/sample_01/train/global_means.npy
global_stds_path /home/bingxing2/home/scx6115/Ocean_AI_model/sample_01/train/global_stds.npy
orography True
orography_norm_zscore_path /home/bingxing2/home/scx6115/Ocean_AI_model/sample_01/orography_norm_zscore.h5
orography_norm_maxmin_path /home/bingxing2/home/scx6115/Ocean_AI_model/sample_01/orography_norm_maxmin.h5
add_noise False
noise_std 0
crop_size_x None
crop_size_y None
log_to_screen True
save_checkpoint True
plot_animations False
---------------------------------------------------
world_size : 16
Initialize distributed process group...
nettype Masked_AE_Ocean
log_to_wandb True
lr 0.001
batch_size 32
max_epochs 150
scheduler CosineAnnealingLR
fusion_3d_2d False
in_channels [0, 1, 2, 3, 4, 5, 6, 7, 8, 9, 10, 11, 12, 13, 14, 15, 16, 17, 18, 19, 20, 21, 22, 23, 24, 25, 26, 27, 28, 29, 30, 31, 32, 33, 34, 35, 36, 37, 38, 39, 40, 41, 42, 43, 44, 45, 46, 47, 48, 49, 50, 51, 52, 53, 54, 55, 56, 57, 58, 59, 60, 61, 62, 63, 64, 65]
out_channels [0, 1, 2, 3, 4, 5, 6, 7, 8, 9, 10, 11, 12, 13, 14, 15, 16, 17, 18, 19, 20, 21, 22, 23, 24, 25, 26, 27, 28, 29, 30, 31, 32, 33, 34, 35, 36, 37, 38, 39, 40, 41, 42, 43, 44, 45, 46, 47, 48, 49, 50, 51, 52, 53, 54, 55, 56, 57, 58, 59, 60]
N_in_channels 66
N_out_channels 61
img_size_h 720
img_size_w 1440
patch_size_h 8
patch_size_w 8
mlp_ratio 4.0
embed_dim 512
depth 16
num_heads 16
decoder_embed_dim 1024
decoder_depth 8
decoder_num_heads 16
koopman_depth 2
modes_h_ratio 1
modes_w_ratio 0.8
drop_rate 0.0
drop_path_rate 0.0
sparsity_threshold 0.01
hard_thresholding_fraction 1.0
num_blocks 8
loss l2
num_data_workers 0
dt 1
n_history 0
prediction_type iterative
prediction_length 41
n_initial_conditions 5
ics_type default
date_strings ['2018-09-14 00:00:00']
save_raw_forecasts True
save_channel False
masked_acc False
maskpath None
perturb False
add_grid False
N_grid_channels 0
gridtype sinusoidal
roll False
enable_nhwc False
optimizer_type FusedAdam
exp_dir ./exp_15_levels
patch_size 8
width 56
modes 32
target default
train_data_path /home/bingxing2/home/scx6115/Ocean_AI_model/sample_01/train
valid_data_path /home/bingxing2/home/scx6115/Ocean_AI_model/sample_01/valid
test_data_path /home/bingxing2/home/scx6115/Ocean_AI_model/sample_01/test
land_mask True
land_mask_path /home/bingxing2/home/scx6115/Ocean_AI_model/sample_01/land_mask.h5
normalize True
normalization zscore
global_mins_path /home/bingxing2/home/scx6115/Ocean_AI_model/sample_01/train/global_mins.npy
global_maxs_path /home/bingxing2/home/scx6115/Ocean_AI_model/sample_01/train/global_maxs.npy
global_means_path /home/bingxing2/home/scx6115/Ocean_AI_model/sample_01/train/global_means.npy
global_stds_path /home/bingxing2/home/scx6115/Ocean_AI_model/sample_01/train/global_stds.npy
orography True
orography_norm_zscore_path /home/bingxing2/home/scx6115/Ocean_AI_model/sample_01/orography_norm_zscore.h5
orography_norm_maxmin_path /home/bingxing2/home/scx6115/Ocean_AI_model/sample_01/orography_norm_maxmin.h5
add_noise False
noise_std 0
crop_size_x None
crop_size_y None
log_to_screen True
save_checkpoint True
plot_animations False
---------------------------------------------------
world_size : 16
Initialize distributed process group...
2023-06-28 13:12:05,995 - torch.distributed.distributed_c10d - INFO - Added key: store_based_barrier_key:1 to store for rank: 1
nettype Masked_AE_Ocean
log_to_wandb True
lr 0.001
batch_size 32
max_epochs 150
scheduler CosineAnnealingLR
fusion_3d_2d False
in_channels [0, 1, 2, 3, 4, 5, 6, 7, 8, 9, 10, 11, 12, 13, 14, 15, 16, 17, 18, 19, 20, 21, 22, 23, 24, 25, 26, 27, 28, 29, 30, 31, 32, 33, 34, 35, 36, 37, 38, 39, 40, 41, 42, 43, 44, 45, 46, 47, 48, 49, 50, 51, 52, 53, 54, 55, 56, 57, 58, 59, 60, 61, 62, 63, 64, 65]
out_channels [0, 1, 2, 3, 4, 5, 6, 7, 8, 9, 10, 11, 12, 13, 14, 15, 16, 17, 18, 19, 20, 21, 22, 23, 24, 25, 26, 27, 28, 29, 30, 31, 32, 33, 34, 35, 36, 37, 38, 39, 40, 41, 42, 43, 44, 45, 46, 47, 48, 49, 50, 51, 52, 53, 54, 55, 56, 57, 58, 59, 60]
N_in_channels 66
N_out_channels 61
img_size_h 720
img_size_w 1440
patch_size_h 8
patch_size_w 8
mlp_ratio 4.0
embed_dim 512
depth 16
num_heads 16
decoder_embed_dim 1024
decoder_depth 8
decoder_num_heads 16
koopman_depth 2
modes_h_ratio 1
modes_w_ratio 0.8
drop_rate 0.0
drop_path_rate 0.0
sparsity_threshold 0.01
hard_thresholding_fraction 1.0
num_blocks 8
loss l2
num_data_workers 0
dt 1
n_history 0
prediction_type iterative
prediction_length 41
n_initial_conditions 5
ics_type default
date_strings ['2018-09-14 00:00:00']
save_raw_forecasts True
save_channel False
masked_acc False
maskpath None
perturb False
add_grid False
N_grid_channels 0
gridtype sinusoidal
roll False
enable_nhwc False
optimizer_type FusedAdam
exp_dir ./exp_15_levels
patch_size 8
width 56
modes 32
target default
train_data_path /home/bingxing2/home/scx6115/Ocean_AI_model/sample_01/train
valid_data_path /home/bingxing2/home/scx6115/Ocean_AI_model/sample_01/valid
test_data_path /home/bingxing2/home/scx6115/Ocean_AI_model/sample_01/test
land_mask True
land_mask_path /home/bingxing2/home/scx6115/Ocean_AI_model/sample_01/land_mask.h5
normalize True
normalization zscore
global_mins_path /home/bingxing2/home/scx6115/Ocean_AI_model/sample_01/train/global_mins.npy
global_maxs_path /home/bingxing2/home/scx6115/Ocean_AI_model/sample_01/train/global_maxs.npy
global_means_path /home/bingxing2/home/scx6115/Ocean_AI_model/sample_01/train/global_means.npy
global_stds_path /home/bingxing2/home/scx6115/Ocean_AI_model/sample_01/train/global_stds.npy
orography True
orography_norm_zscore_path /home/bingxing2/home/scx6115/Ocean_AI_model/sample_01/orography_norm_zscore.h5
orography_norm_maxmin_path /home/bingxing2/home/scx6115/Ocean_AI_model/sample_01/orography_norm_maxmin.h5
add_noise False
noise_std 0
crop_size_x None
crop_size_y None
log_to_screen True
save_checkpoint True
plot_animations False
---------------------------------------------------
world_size : 16
Initialize distributed process group...
2023-06-28 13:12:06,005 - torch.distributed.distributed_c10d - INFO - Added key: store_based_barrier_key:1 to store for rank: 2
2023-06-28 13:12:06,945 - torch.distributed.distributed_c10d - INFO - Added key: store_based_barrier_key:1 to store for rank: 3
2023-06-28 13:12:09,092 - torch.distributed.distributed_c10d - INFO - Added key: store_based_barrier_key:1 to store for rank: 0
2023-06-28 13:12:09,092 - torch.distributed.distributed_c10d - INFO - Rank 0: Completed store-based barrier for key:store_based_barrier_key:1 with 16 nodes.
2023-06-28 13:12:09,094 - torch.distributed.distributed_c10d - INFO - Rank 3: Completed store-based barrier for key:store_based_barrier_key:1 with 16 nodes.
2023-06-28 13:12:09,094 - torch.distributed.distributed_c10d - INFO - Rank 2: Completed store-based barrier for key:store_based_barrier_key:1 with 16 nodes.
2023-06-28 13:12:09,101 - torch.distributed.distributed_c10d - INFO - Rank 1: Completed store-based barrier for key:store_based_barrier_key:1 with 16 nodes.
2023-06-28 13:12:09,150 - root - INFO - device: cuda:3
2023-06-28 13:12:09,150 - root - INFO - rank 3, begin data loader init
2023-06-28 13:12:09,150 - root - INFO - device: cuda:2
2023-06-28 13:12:09,150 - root - INFO - rank 2, begin data loader init
2023-06-28 13:12:09,155 - root - INFO - Getting file stats from /home/bingxing2/home/scx6115/Ocean_AI_model/sample_01/train/2000.h5
2023-06-28 13:12:09,155 - root - INFO - Getting file stats from /home/bingxing2/home/scx6115/Ocean_AI_model/sample_01/train/2000.h5
2023-06-28 13:12:09,156 - root - INFO - Number of samples per year: 365
2023-06-28 13:12:09,156 - root - INFO - Found data at path /home/bingxing2/home/scx6115/Ocean_AI_model/sample_01/train. Number of examples: 4015. Image Shape: 720 x 1440 x 66
2023-06-28 13:12:09,156 - root - INFO - Delta t: 1 days
2023-06-28 13:12:09,156 - root - INFO - Including 0 days of past history in training at a frequency of 1 days
2023-06-28 13:12:09,157 - root - INFO - Number of samples per year: 365
2023-06-28 13:12:09,157 - root - INFO - Found data at path /home/bingxing2/home/scx6115/Ocean_AI_model/sample_01/train. Number of examples: 4015. Image Shape: 720 x 1440 x 66
2023-06-28 13:12:09,157 - root - INFO - Delta t: 1 days
2023-06-28 13:12:09,157 - root - INFO - Including 0 days of past history in training at a frequency of 1 days
2023-06-28 13:12:09,158 - root - INFO - device: cuda:1
2023-06-28 13:12:09,158 - root - INFO - rank 1, begin data loader init
2023-06-28 13:12:09,160 - root - INFO - Getting file stats from /home/bingxing2/home/scx6115/Ocean_AI_model/sample_01/valid/2011.h5
2023-06-28 13:12:09,160 - root - INFO - Getting file stats from /home/bingxing2/home/scx6115/Ocean_AI_model/sample_01/valid/2011.h5
2023-06-28 13:12:09,161 - root - INFO - Getting file stats from /home/bingxing2/home/scx6115/Ocean_AI_model/sample_01/train/2000.h5
2023-06-28 13:12:09,161 - root - INFO - Number of samples per year: 364
2023-06-28 13:12:09,161 - root - INFO - Number of samples per year: 364
2023-06-28 13:12:09,161 - root - INFO - Found data at path /home/bingxing2/home/scx6115/Ocean_AI_model/sample_01/valid. Number of examples: 364. Image Shape: 720 x 1440 x 66
2023-06-28 13:12:09,161 - root - INFO - Found data at path /home/bingxing2/home/scx6115/Ocean_AI_model/sample_01/valid. Number of examples: 364. Image Shape: 720 x 1440 x 66
2023-06-28 13:12:09,161 - root - INFO - Delta t: 1 days
2023-06-28 13:12:09,162 - root - INFO - Including 0 days of past history in training at a frequency of 1 days
2023-06-28 13:12:09,162 - root - INFO - Delta t: 1 days
2023-06-28 13:12:09,162 - root - INFO - Including 0 days of past history in training at a frequency of 1 days
2023-06-28 13:12:09,162 - root - INFO - rank 3, data loader initialized
2023-06-28 13:12:09,162 - root - INFO - rank 2, data loader initialized
2023-06-28 13:12:09,163 - root - INFO - Number of samples per year: 365
2023-06-28 13:12:09,163 - root - INFO - Found data at path /home/bingxing2/home/scx6115/Ocean_AI_model/sample_01/train. Number of examples: 4015. Image Shape: 720 x 1440 x 66
2023-06-28 13:12:09,163 - root - INFO - Delta t: 1 days
2023-06-28 13:12:09,163 - root - INFO - Including 0 days of past history in training at a frequency of 1 days
2023-06-28 13:12:09,165 - root - INFO - Getting file stats from /home/bingxing2/home/scx6115/Ocean_AI_model/sample_01/valid/2011.h5
2023-06-28 13:12:09,166 - root - INFO - Number of samples per year: 364
2023-06-28 13:12:09,166 - root - INFO - Found data at path /home/bingxing2/home/scx6115/Ocean_AI_model/sample_01/valid. Number of examples: 364. Image Shape: 720 x 1440 x 66
2023-06-28 13:12:09,166 - root - INFO - Delta t: 1 days
2023-06-28 13:12:09,167 - root - INFO - Including 0 days of past history in training at a frequency of 1 days
2023-06-28 13:12:09,167 - root - INFO - rank 1, data loader initialized
2023-06-28 13:12:09,243 - root - INFO - ------------------ Configuration ------------------
2023-06-28 13:12:09,245 - root - INFO - Configuration file: /home/bingxing2/home/scx6115/Ocean_AI_model/config/Model_2.yaml
2023-06-28 13:12:09,246 - root - INFO - Configuration name: Masked_AE_Ocean
2023-06-28 13:12:09,246 - root - INFO - nettype Masked_AE_Ocean
2023-06-28 13:12:09,246 - root - INFO - log_to_wandb True
2023-06-28 13:12:09,246 - root - INFO - lr 0.001
2023-06-28 13:12:09,246 - root - INFO - batch_size 2
2023-06-28 13:12:09,246 - root - INFO - max_epochs 150
2023-06-28 13:12:09,246 - root - INFO - scheduler CosineAnnealingLR
2023-06-28 13:12:09,246 - root - INFO - fusion_3d_2d False
2023-06-28 13:12:09,246 - root - INFO - in_channels [0, 1, 2, 3, 4, 5, 6, 7, 8, 9, 10, 11, 12, 13, 14, 15, 16, 17, 18, 19, 20, 21, 22, 23, 24, 25, 26, 27, 28, 29, 30, 31, 32, 33, 34, 35, 36, 37, 38, 39, 40, 41, 42, 43, 44, 45, 46, 47, 48, 49, 50, 51, 52, 53, 54, 55, 56, 57, 58, 59, 60, 61, 62, 63, 64, 65]
2023-06-28 13:12:09,246 - root - INFO - out_channels [0, 1, 2, 3, 4, 5, 6, 7, 8, 9, 10, 11, 12, 13, 14, 15, 16, 17, 18, 19, 20, 21, 22, 23, 24, 25, 26, 27, 28, 29, 30, 31, 32, 33, 34, 35, 36, 37, 38, 39, 40, 41, 42, 43, 44, 45, 46, 47, 48, 49, 50, 51, 52, 53, 54, 55, 56, 57, 58, 59, 60]
2023-06-28 13:12:09,246 - root - INFO - N_in_channels 66
2023-06-28 13:12:09,246 - root - INFO - N_out_channels 61
2023-06-28 13:12:09,246 - root - INFO - img_size_h 720
2023-06-28 13:12:09,246 - root - INFO - img_size_w 1440
2023-06-28 13:12:09,247 - root - INFO - patch_size_h 8
2023-06-28 13:12:09,247 - root - INFO - patch_size_w 8
2023-06-28 13:12:09,247 - root - INFO - mlp_ratio 4.0
2023-06-28 13:12:09,247 - root - INFO - embed_dim 512
2023-06-28 13:12:09,247 - root - INFO - depth 16
2023-06-28 13:12:09,247 - root - INFO - num_heads 16
2023-06-28 13:12:09,247 - root - INFO - decoder_embed_dim 1024
2023-06-28 13:12:09,247 - root - INFO - decoder_depth 8
2023-06-28 13:12:09,247 - root - INFO - decoder_num_heads 16
2023-06-28 13:12:09,247 - root - INFO - koopman_depth 2
2023-06-28 13:12:09,247 - root - INFO - modes_h_ratio 1
2023-06-28 13:12:09,247 - root - INFO - modes_w_ratio 0.8
2023-06-28 13:12:09,247 - root - INFO - drop_rate 0.0
2023-06-28 13:12:09,247 - root - INFO - drop_path_rate 0.0
2023-06-28 13:12:09,248 - root - INFO - sparsity_threshold 0.01
2023-06-28 13:12:09,248 - root - INFO - hard_thresholding_fraction 1.0
2023-06-28 13:12:09,248 - root - INFO - num_blocks 8
2023-06-28 13:12:09,248 - root - INFO - loss l2
2023-06-28 13:12:09,248 - root - INFO - num_data_workers 0
2023-06-28 13:12:09,248 - root - INFO - dt 1
2023-06-28 13:12:09,248 - root - INFO - n_history 0
2023-06-28 13:12:09,248 - root - INFO - prediction_type iterative
2023-06-28 13:12:09,248 - root - INFO - prediction_length 41
2023-06-28 13:12:09,248 - root - INFO - n_initial_conditions 5
2023-06-28 13:12:09,248 - root - INFO - ics_type default
2023-06-28 13:12:09,248 - root - INFO - date_strings ['2018-09-14 00:00:00']
2023-06-28 13:12:09,248 - root - INFO - save_raw_forecasts True
2023-06-28 13:12:09,248 - root - INFO - save_channel False
2023-06-28 13:12:09,248 - root - INFO - masked_acc False
2023-06-28 13:12:09,249 - root - INFO - maskpath None
2023-06-28 13:12:09,249 - root - INFO - perturb False
2023-06-28 13:12:09,249 - root - INFO - add_grid False
2023-06-28 13:12:09,249 - root - INFO - N_grid_channels 0
2023-06-28 13:12:09,249 - root - INFO - gridtype sinusoidal
2023-06-28 13:12:09,249 - root - INFO - roll False
2023-06-28 13:12:09,249 - root - INFO - enable_nhwc False
2023-06-28 13:12:09,249 - root - INFO - optimizer_type FusedAdam
2023-06-28 13:12:09,249 - root - INFO - exp_dir ./exp_15_levels
2023-06-28 13:12:09,249 - root - INFO - patch_size 8
2023-06-28 13:12:09,249 - root - INFO - width 56
2023-06-28 13:12:09,249 - root - INFO - modes 32
2023-06-28 13:12:09,249 - root - INFO - target default
2023-06-28 13:12:09,250 - root - INFO - train_data_path /home/bingxing2/home/scx6115/Ocean_AI_model/sample_01/train
2023-06-28 13:12:09,250 - root - INFO - valid_data_path /home/bingxing2/home/scx6115/Ocean_AI_model/sample_01/valid
2023-06-28 13:12:09,250 - root - INFO - test_data_path /home/bingxing2/home/scx6115/Ocean_AI_model/sample_01/test
2023-06-28 13:12:09,250 - root - INFO - land_mask True
2023-06-28 13:12:09,250 - root - INFO - land_mask_path /home/bingxing2/home/scx6115/Ocean_AI_model/sample_01/land_mask.h5
2023-06-28 13:12:09,250 - root - INFO - normalize True
2023-06-28 13:12:09,250 - root - INFO - normalization zscore
2023-06-28 13:12:09,250 - root - INFO - global_mins_path /home/bingxing2/home/scx6115/Ocean_AI_model/sample_01/train/global_mins.npy
2023-06-28 13:12:09,250 - root - INFO - global_maxs_path /home/bingxing2/home/scx6115/Ocean_AI_model/sample_01/train/global_maxs.npy
2023-06-28 13:12:09,250 - root - INFO - global_means_path /home/bingxing2/home/scx6115/Ocean_AI_model/sample_01/train/global_means.npy
2023-06-28 13:12:09,250 - root - INFO - global_stds_path /home/bingxing2/home/scx6115/Ocean_AI_model/sample_01/train/global_stds.npy
2023-06-28 13:12:09,250 - root - INFO - orography True
2023-06-28 13:12:09,250 - root - INFO - orography_norm_zscore_path /home/bingxing2/home/scx6115/Ocean_AI_model/sample_01/orography_norm_zscore.h5
2023-06-28 13:12:09,250 - root - INFO - orography_norm_maxmin_path /home/bingxing2/home/scx6115/Ocean_AI_model/sample_01/orography_norm_maxmin.h5
2023-06-28 13:12:09,250 - root - INFO - add_noise False
2023-06-28 13:12:09,251 - root - INFO - noise_std 0
2023-06-28 13:12:09,251 - root - INFO - crop_size_x None
2023-06-28 13:12:09,251 - root - INFO - crop_size_y None
2023-06-28 13:12:09,251 - root - INFO - log_to_screen True
2023-06-28 13:12:09,251 - root - INFO - save_checkpoint True
2023-06-28 13:12:09,251 - root - INFO - plot_animations False
2023-06-28 13:12:09,251 - root - INFO - epsilon_factor 0
2023-06-28 13:12:09,251 - root - INFO - world_size 16
2023-06-28 13:12:09,251 - root - INFO - local_rank 0
2023-06-28 13:12:09,251 - root - INFO - global_batch_size 32
2023-06-28 13:12:09,251 - root - INFO - enable_amp True
2023-06-28 13:12:09,251 - root - INFO - experiment_dir /home/bingxing2/home/scx6115/Ocean_AI_model/exp_15_levels/Masked_AE_Ocean/20230628-131150
2023-06-28 13:12:09,251 - root - INFO - checkpoint_path ./exp_15_levels/Masked_AE_Ocean/20230628-131150/training_checkpoints/ckpt.tar
2023-06-28 13:12:09,251 - root - INFO - best_checkpoint_path ./exp_15_levels/Masked_AE_Ocean/20230628-131150/training_checkpoints/best_ckpt.tar
2023-06-28 13:12:09,251 - root - INFO - resuming False
2023-06-28 13:12:09,252 - root - INFO - entity ocean_ai_model
2023-06-28 13:12:09,252 - root - INFO - project ai4science
2023-06-28 13:12:09,252 - root - INFO - group 025_daily_15_levels
2023-06-28 13:12:09,252 - root - INFO - name Masked_AE_Ocean_20230628-131150
2023-06-28 13:12:09,252 - root - INFO - ---------------------------------------------------
wandb: Tracking run with wandb version 0.15.3
wandb: W&B syncing is set to `offline` in this directory.  
wandb: Run `wandb online` or set WANDB_MODE=online to enable cloud syncing.
2023-06-28 13:12:16,978 - root - INFO - device: cuda:0
2023-06-28 13:12:16,978 - root - INFO - rank 0, begin data loader init
2023-06-28 13:12:16,980 - root - INFO - Getting file stats from /home/bingxing2/home/scx6115/Ocean_AI_model/sample_01/train/2000.h5
2023-06-28 13:12:16,982 - root - INFO - Number of samples per year: 365
2023-06-28 13:12:16,982 - root - INFO - Found data at path /home/bingxing2/home/scx6115/Ocean_AI_model/sample_01/train. Number of examples: 4015. Image Shape: 720 x 1440 x 66
2023-06-28 13:12:16,982 - root - INFO - Delta t: 1 days
2023-06-28 13:12:16,983 - root - INFO - Including 0 days of past history in training at a frequency of 1 days
2023-06-28 13:12:16,985 - root - INFO - Getting file stats from /home/bingxing2/home/scx6115/Ocean_AI_model/sample_01/valid/2011.h5
2023-06-28 13:12:16,986 - root - INFO - Number of samples per year: 364
2023-06-28 13:12:16,986 - root - INFO - Found data at path /home/bingxing2/home/scx6115/Ocean_AI_model/sample_01/valid. Number of examples: 364. Image Shape: 720 x 1440 x 66
2023-06-28 13:12:16,986 - root - INFO - Delta t: 1 days
2023-06-28 13:12:16,987 - root - INFO - Including 0 days of past history in training at a frequency of 1 days
2023-06-28 13:12:16,987 - root - INFO - rank 0, data loader initialized
paraai-n32-h-01-agent-101:1971209:1971209 [0] NCCL INFO Bootstrap : Using eth0:172.16.5.98<0>
paraai-n32-h-01-agent-101:1971209:1971209 [0] NCCL INFO NET/Plugin : No plugin found (libnccl-net.so), using internal implementation
paraai-n32-h-01-agent-101:1971209:1971209 [0] NCCL INFO cudaDriverVersion 11060
NCCL version 2.14.3+cuda11.7
paraai-n32-h-01-agent-101:1971212:1971212 [3] NCCL INFO cudaDriverVersion 11060
paraai-n32-h-01-agent-101:1971210:1971210 [1] NCCL INFO cudaDriverVersion 11060
paraai-n32-h-01-agent-101:1971211:1971211 [2] NCCL INFO cudaDriverVersion 11060
paraai-n32-h-01-agent-101:1971212:1971212 [3] NCCL INFO Bootstrap : Using eth0:172.16.5.98<0>
paraai-n32-h-01-agent-101:1971210:1971210 [1] NCCL INFO Bootstrap : Using eth0:172.16.5.98<0>
paraai-n32-h-01-agent-101:1971211:1971211 [2] NCCL INFO Bootstrap : Using eth0:172.16.5.98<0>
paraai-n32-h-01-agent-101:1971212:1971212 [3] NCCL INFO NET/Plugin : No plugin found (libnccl-net.so), using internal implementation
paraai-n32-h-01-agent-101:1971210:1971210 [1] NCCL INFO NET/Plugin : No plugin found (libnccl-net.so), using internal implementation
paraai-n32-h-01-agent-101:1971211:1971211 [2] NCCL INFO NET/Plugin : No plugin found (libnccl-net.so), using internal implementation
paraai-n32-h-01-agent-101:1971209:1973603 [0] NCCL INFO NET/IB : Using [0]mlx5_0:1/RoCE [1]mlx5_2:1/RoCE [RO]; OOB eth0:172.16.5.98<0>
paraai-n32-h-01-agent-101:1971209:1973603 [0] NCCL INFO Using network IB
paraai-n32-h-01-agent-101:1971212:1973605 [3] NCCL INFO NET/IB : Using [0]mlx5_0:1/RoCE [1]mlx5_2:1/RoCE [RO]; OOB eth0:172.16.5.98<0>
paraai-n32-h-01-agent-101:1971212:1973605 [3] NCCL INFO Using network IB
paraai-n32-h-01-agent-101:1971210:1973608 [1] NCCL INFO NET/IB : Using [0]mlx5_0:1/RoCE [1]mlx5_2:1/RoCE [RO]; OOB eth0:172.16.5.98<0>
paraai-n32-h-01-agent-101:1971210:1973608 [1] NCCL INFO Using network IB
paraai-n32-h-01-agent-101:1971211:1973609 [2] NCCL INFO NET/IB : Using [0]mlx5_0:1/RoCE [1]mlx5_2:1/RoCE [RO]; OOB eth0:172.16.5.98<0>
paraai-n32-h-01-agent-101:1971211:1973609 [2] NCCL INFO Using network IB
paraai-n32-h-01-agent-101:1971212:1973605 [3] NCCL INFO Setting affinity for GPU 3 to ffffffff,00000000,00000000
paraai-n32-h-01-agent-101:1971210:1973608 [1] NCCL INFO Setting affinity for GPU 1 to ffffffff
paraai-n32-h-01-agent-101:1971211:1973609 [2] NCCL INFO Setting affinity for GPU 2 to ffffffff,00000000,00000000
paraai-n32-h-01-agent-101:1971209:1973603 [0] NCCL INFO Setting affinity for GPU 0 to ffffffff
paraai-n32-h-01-agent-101:1971209:1973603 [0] NCCL INFO NCCL_MAX_NCHANNELS set by environment to 16.
paraai-n32-h-01-agent-101:1971211:1973609 [2] NCCL INFO NCCL_MAX_NCHANNELS set by environment to 16.
paraai-n32-h-01-agent-101:1971209:1973603 [0] NCCL INFO NCCL_MIN_NCHANNELS set by environment to 16.
paraai-n32-h-01-agent-101:1971210:1973608 [1] NCCL INFO NCCL_MAX_NCHANNELS set by environment to 16.
paraai-n32-h-01-agent-101:1971211:1973609 [2] NCCL INFO NCCL_MIN_NCHANNELS set by environment to 16.
paraai-n32-h-01-agent-101:1971210:1973608 [1] NCCL INFO NCCL_MIN_NCHANNELS set by environment to 16.
paraai-n32-h-01-agent-101:1971209:1973603 [0] NCCL INFO Channel 00/16 :    0   1   2   3   4   5   6   7   8   9  10  11  12  13  14  15
paraai-n32-h-01-agent-101:1971209:1973603 [0] NCCL INFO Channel 01/16 :    0   6   7   5   4  10  11   9   8  14  15  13  12   2   3   1
paraai-n32-h-01-agent-101:1971209:1973603 [0] NCCL INFO Channel 02/16 :    0   1   2   3   4   5   6   7   8   9  10  11  12  13  14  15
paraai-n32-h-01-agent-101:1971211:1973609 [2] NCCL INFO Trees [0] 3/-1/-1->2->1 [1] 3/10/-1->2->-1 [2] 3/-1/-1->2->1 [3] 3/-1/-1->2->6 [4] 3/-1/-1->2->1 [5] 3/10/-1->2->-1 [6] 3/-1/-1->2->1 [7] 3/-1/-1->2->6 [8] 3/-1/-1->2->1 [9] 3/10/-1->2->-1 [10] 3/-1/-1->2->1 [11] 3/-1/-1->2->6 [12] 3/-1/-1->2->1 [13] 3/10/-1->2->-1 [14] 3/-1/-1->2->1 [15] 3/-1/-1->2->6
paraai-n32-h-01-agent-101:1971209:1973603 [0] NCCL INFO Channel 03/16 :    0   6   7   5   4  10  11   9   8  14  15  13  12   2   3   1
paraai-n32-h-01-agent-101:1971210:1973608 [1] NCCL INFO Trees [0] 2/-1/-1->1->0 [1] -1/-1/-1->1->0 [2] 2/-1/-1->1->0 [3] -1/-1/-1->1->0 [4] 2/-1/-1->1->0 [5] -1/-1/-1->1->0 [6] 2/-1/-1->1->0 [7] -1/-1/-1->1->0 [8] 2/-1/-1->1->0 [9] -1/-1/-1->1->0 [10] 2/-1/-1->1->0 [11] -1/-1/-1->1->0 [12] 2/-1/-1->1->0 [13] -1/-1/-1->1->0 [14] 2/-1/-1->1->0 [15] -1/-1/-1->1->0
paraai-n32-h-01-agent-101:1971209:1973603 [0] NCCL INFO Channel 04/16 :    0   1   2   3   4   5   6   7   8   9  10  11  12  13  14  15
paraai-n32-h-01-agent-101:1971209:1973603 [0] NCCL INFO Channel 05/16 :    0   6   7   5   4  10  11   9   8  14  15  13  12   2   3   1
paraai-n32-h-01-agent-101:1971209:1973603 [0] NCCL INFO Channel 06/16 :    0   1   2   3   4   5   6   7   8   9  10  11  12  13  14  15
paraai-n32-h-01-agent-101:1971209:1973603 [0] NCCL INFO Channel 07/16 :    0   6   7   5   4  10  11   9   8  14  15  13  12   2   3   1
paraai-n32-h-01-agent-101:1971209:1973603 [0] NCCL INFO Channel 08/16 :    0   1   2   3   4   5   6   7   8   9  10  11  12  13  14  15
paraai-n32-h-01-agent-101:1971209:1973603 [0] NCCL INFO Channel 09/16 :    0   6   7   5   4  10  11   9   8  14  15  13  12   2   3   1
paraai-n32-h-01-agent-101:1971209:1973603 [0] NCCL INFO Channel 10/16 :    0   1   2   3   4   5   6   7   8   9  10  11  12  13  14  15
paraai-n32-h-01-agent-101:1971209:1973603 [0] NCCL INFO Channel 11/16 :    0   6   7   5   4  10  11   9   8  14  15  13  12   2   3   1
paraai-n32-h-01-agent-101:1971209:1973603 [0] NCCL INFO Channel 12/16 :    0   1   2   3   4   5   6   7   8   9  10  11  12  13  14  15
paraai-n32-h-01-agent-101:1971209:1973603 [0] NCCL INFO Channel 13/16 :    0   6   7   5   4  10  11   9   8  14  15  13  12   2   3   1
paraai-n32-h-01-agent-101:1971209:1973603 [0] NCCL INFO Channel 14/16 :    0   1   2   3   4   5   6   7   8   9  10  11  12  13  14  15
paraai-n32-h-01-agent-101:1971209:1973603 [0] NCCL INFO Channel 15/16 :    0   6   7   5   4  10  11   9   8  14  15  13  12   2   3   1
paraai-n32-h-01-agent-101:1971209:1973603 [0] NCCL INFO Trees [0] 1/8/-1->0->-1 [1] 1/-1/-1->0->3 [2] 1/-1/-1->0->4 [3] 1/-1/-1->0->3 [4] 1/8/-1->0->-1 [5] 1/-1/-1->0->3 [6] 1/-1/-1->0->4 [7] 1/-1/-1->0->3 [8] 1/8/-1->0->-1 [9] 1/-1/-1->0->3 [10] 1/-1/-1->0->4 [11] 1/-1/-1->0->3 [12] 1/8/-1->0->-1 [13] 1/-1/-1->0->3 [14] 1/-1/-1->0->4 [15] 1/-1/-1->0->3
paraai-n32-h-01-agent-101:1971212:1973605 [3] NCCL INFO NCCL_MAX_NCHANNELS set by environment to 16.
paraai-n32-h-01-agent-101:1971212:1973605 [3] NCCL INFO NCCL_MIN_NCHANNELS set by environment to 16.
paraai-n32-h-01-agent-101:1971212:1973605 [3] NCCL INFO Trees [0] -1/-1/-1->3->2 [1] 0/-1/-1->3->2 [2] -1/-1/-1->3->2 [3] 0/-1/-1->3->2 [4] -1/-1/-1->3->2 [5] 0/-1/-1->3->2 [6] -1/-1/-1->3->2 [7] 0/-1/-1->3->2 [8] -1/-1/-1->3->2 [9] 0/-1/-1->3->2 [10] -1/-1/-1->3->2 [11] 0/-1/-1->3->2 [12] -1/-1/-1->3->2 [13] 0/-1/-1->3->2 [14] -1/-1/-1->3->2 [15] 0/-1/-1->3->2
paraai-n32-h-01-agent-101:1971209:1973603 [0] NCCL INFO Channel 00/0 : 15[82000] -> 0[1000] [receive] via NET/IB/0
paraai-n32-h-01-agent-101:1971211:1973609 [2] NCCL INFO Channel 00 : 2[81000] -> 3[82000] via SHM/direct/direct
paraai-n32-h-01-agent-101:1971211:1973609 [2] NCCL INFO Channel 01 : 2[81000] -> 3[82000] via SHM/direct/direct
paraai-n32-h-01-agent-101:1971210:1973608 [1] NCCL INFO Channel 00 : 1[2000] -> 2[81000] via SHM/direct/direct
paraai-n32-h-01-agent-101:1971211:1973609 [2] NCCL INFO Channel 02 : 2[81000] -> 3[82000] via SHM/direct/direct
paraai-n32-h-01-agent-101:1971210:1973608 [1] NCCL INFO Channel 02 : 1[2000] -> 2[81000] via SHM/direct/direct
paraai-n32-h-01-agent-101:1971211:1973609 [2] NCCL INFO Channel 03 : 2[81000] -> 3[82000] via SHM/direct/direct
paraai-n32-h-01-agent-101:1971210:1973608 [1] NCCL INFO Channel 04 : 1[2000] -> 2[81000] via SHM/direct/direct
paraai-n32-h-01-agent-101:1971211:1973609 [2] NCCL INFO Channel 04 : 2[81000] -> 3[82000] via SHM/direct/direct
paraai-n32-h-01-agent-101:1971210:1973608 [1] NCCL INFO Channel 06 : 1[2000] -> 2[81000] via SHM/direct/direct
paraai-n32-h-01-agent-101:1971211:1973609 [2] NCCL INFO Channel 05 : 2[81000] -> 3[82000] via SHM/direct/direct
paraai-n32-h-01-agent-101:1971210:1973608 [1] NCCL INFO Channel 08 : 1[2000] -> 2[81000] via SHM/direct/direct
paraai-n32-h-01-agent-101:1971211:1973609 [2] NCCL INFO Channel 06 : 2[81000] -> 3[82000] via SHM/direct/direct
paraai-n32-h-01-agent-101:1971210:1973608 [1] NCCL INFO Channel 10 : 1[2000] -> 2[81000] via SHM/direct/direct
paraai-n32-h-01-agent-101:1971211:1973609 [2] NCCL INFO Channel 07 : 2[81000] -> 3[82000] via SHM/direct/direct
paraai-n32-h-01-agent-101:1971210:1973608 [1] NCCL INFO Channel 12 : 1[2000] -> 2[81000] via SHM/direct/direct
paraai-n32-h-01-agent-101:1971211:1973609 [2] NCCL INFO Channel 08 : 2[81000] -> 3[82000] via SHM/direct/direct
paraai-n32-h-01-agent-101:1971210:1973608 [1] NCCL INFO Channel 14 : 1[2000] -> 2[81000] via SHM/direct/direct
paraai-n32-h-01-agent-101:1971211:1973609 [2] NCCL INFO Channel 09 : 2[81000] -> 3[82000] via SHM/direct/direct
paraai-n32-h-01-agent-101:1971211:1973609 [2] NCCL INFO Channel 10 : 2[81000] -> 3[82000] via SHM/direct/direct
paraai-n32-h-01-agent-101:1971211:1973609 [2] NCCL INFO Channel 11 : 2[81000] -> 3[82000] via SHM/direct/direct
paraai-n32-h-01-agent-101:1971211:1973609 [2] NCCL INFO Channel 12 : 2[81000] -> 3[82000] via SHM/direct/direct
paraai-n32-h-01-agent-101:1971211:1973609 [2] NCCL INFO Channel 13 : 2[81000] -> 3[82000] via SHM/direct/direct
paraai-n32-h-01-agent-101:1971211:1973609 [2] NCCL INFO Channel 14 : 2[81000] -> 3[82000] via SHM/direct/direct
paraai-n32-h-01-agent-101:1971211:1973609 [2] NCCL INFO Channel 15 : 2[81000] -> 3[82000] via SHM/direct/direct
paraai-n32-h-01-agent-101:1971212:1973605 [3] NCCL INFO Channel 00/0 : 3[82000] -> 4[1000] [send] via NET/IB/1
paraai-n32-h-01-agent-101:1971209:1973603 [0] NCCL INFO Channel 02/0 : 15[82000] -> 0[1000] [receive] via NET/IB/0
paraai-n32-h-01-agent-101:1971212:1973605 [3] NCCL INFO Channel 02/0 : 3[82000] -> 4[1000] [send] via NET/IB/1
paraai-n32-h-01-agent-101:1971209:1973603 [0] NCCL INFO Channel 04/0 : 15[82000] -> 0[1000] [receive] via NET/IB/0
paraai-n32-h-01-agent-101:1971212:1973605 [3] NCCL INFO Channel 04/0 : 3[82000] -> 4[1000] [send] via NET/IB/1
paraai-n32-h-01-agent-101:1971209:1973603 [0] NCCL INFO Channel 06/0 : 15[82000] -> 0[1000] [receive] via NET/IB/0
paraai-n32-h-01-agent-101:1971212:1973605 [3] NCCL INFO Channel 06/0 : 3[82000] -> 4[1000] [send] via NET/IB/1
paraai-n32-h-01-agent-101:1971209:1973603 [0] NCCL INFO Channel 08/0 : 15[82000] -> 0[1000] [receive] via NET/IB/0
paraai-n32-h-01-agent-101:1971212:1973605 [3] NCCL INFO Channel 08/0 : 3[82000] -> 4[1000] [send] via NET/IB/1
paraai-n32-h-01-agent-101:1971209:1973603 [0] NCCL INFO Channel 10/0 : 15[82000] -> 0[1000] [receive] via NET/IB/0
paraai-n32-h-01-agent-101:1971212:1973605 [3] NCCL INFO Channel 10/0 : 3[82000] -> 4[1000] [send] via NET/IB/1
paraai-n32-h-01-agent-101:1971209:1973603 [0] NCCL INFO Channel 12/0 : 15[82000] -> 0[1000] [receive] via NET/IB/0
paraai-n32-h-01-agent-101:1971212:1973605 [3] NCCL INFO Channel 12/0 : 3[82000] -> 4[1000] [send] via NET/IB/1
paraai-n32-h-01-agent-101:1971209:1973603 [0] NCCL INFO Channel 14/0 : 15[82000] -> 0[1000] [receive] via NET/IB/0
paraai-n32-h-01-agent-101:1971209:1973603 [0] NCCL INFO Channel 00 : 0[1000] -> 1[2000] via SHM/direct/direct
paraai-n32-h-01-agent-101:1971209:1973603 [0] NCCL INFO Channel 02 : 0[1000] -> 1[2000] via SHM/direct/direct
paraai-n32-h-01-agent-101:1971209:1973603 [0] NCCL INFO Channel 04 : 0[1000] -> 1[2000] via SHM/direct/direct
paraai-n32-h-01-agent-101:1971209:1973603 [0] NCCL INFO Channel 06 : 0[1000] -> 1[2000] via SHM/direct/direct
paraai-n32-h-01-agent-101:1971209:1973603 [0] NCCL INFO Channel 08 : 0[1000] -> 1[2000] via SHM/direct/direct
paraai-n32-h-01-agent-101:1971209:1973603 [0] NCCL INFO Channel 10 : 0[1000] -> 1[2000] via SHM/direct/direct
paraai-n32-h-01-agent-101:1971209:1973603 [0] NCCL INFO Channel 12 : 0[1000] -> 1[2000] via SHM/direct/direct
paraai-n32-h-01-agent-101:1971212:1973605 [3] NCCL INFO Channel 14/0 : 3[82000] -> 4[1000] [send] via NET/IB/1
paraai-n32-h-01-agent-101:1971209:1973603 [0] NCCL INFO Channel 14 : 0[1000] -> 1[2000] via SHM/direct/direct
paraai-n32-h-01-agent-101:1971209:1973618 [0] NCCL INFO NCCL_IB_GID_INDEX set by environment to 3.
paraai-n32-h-01-agent-101:1971211:1973609 [2] NCCL INFO Channel 01/0 : 12[1000] -> 2[81000] [receive] via NET/IB/1
paraai-n32-h-01-agent-101:1971212:1973616 [3] NCCL INFO NCCL_IB_GID_INDEX set by environment to 3.
paraai-n32-h-01-agent-101:1971211:1973609 [2] NCCL INFO Channel 03/0 : 12[1000] -> 2[81000] [receive] via NET/IB/1
paraai-n32-h-01-agent-101:1971211:1973609 [2] NCCL INFO Channel 05/0 : 12[1000] -> 2[81000] [receive] via NET/IB/1
paraai-n32-h-01-agent-101:1971212:1973605 [3] NCCL INFO Channel 01 : 3[82000] -> 1[2000] via SHM/direct/direct
paraai-n32-h-01-agent-101:1971212:1973605 [3] NCCL INFO Channel 03 : 3[82000] -> 1[2000] via SHM/direct/direct
paraai-n32-h-01-agent-101:1971212:1973605 [3] NCCL INFO Channel 05 : 3[82000] -> 1[2000] via SHM/direct/direct
paraai-n32-h-01-agent-101:1971212:1973605 [3] NCCL INFO Channel 07 : 3[82000] -> 1[2000] via SHM/direct/direct
paraai-n32-h-01-agent-101:1971212:1973605 [3] NCCL INFO Channel 09 : 3[82000] -> 1[2000] via SHM/direct/direct
paraai-n32-h-01-agent-101:1971212:1973605 [3] NCCL INFO Channel 11 : 3[82000] -> 1[2000] via SHM/direct/direct
paraai-n32-h-01-agent-101:1971212:1973605 [3] NCCL INFO Channel 13 : 3[82000] -> 1[2000] via SHM/direct/direct
paraai-n32-h-01-agent-101:1971212:1973605 [3] NCCL INFO Channel 15 : 3[82000] -> 1[2000] via SHM/direct/direct
paraai-n32-h-01-agent-101:1971210:1973608 [1] NCCL INFO Channel 01 : 1[2000] -> 0[1000] via SHM/direct/direct
paraai-n32-h-01-agent-101:1971210:1973608 [1] NCCL INFO Channel 03 : 1[2000] -> 0[1000] via SHM/direct/direct
paraai-n32-h-01-agent-101:1971210:1973608 [1] NCCL INFO Channel 05 : 1[2000] -> 0[1000] via SHM/direct/direct
paraai-n32-h-01-agent-101:1971210:1973608 [1] NCCL INFO Channel 07 : 1[2000] -> 0[1000] via SHM/direct/direct
paraai-n32-h-01-agent-101:1971210:1973608 [1] NCCL INFO Channel 09 : 1[2000] -> 0[1000] via SHM/direct/direct
paraai-n32-h-01-agent-101:1971210:1973608 [1] NCCL INFO Channel 11 : 1[2000] -> 0[1000] via SHM/direct/direct
paraai-n32-h-01-agent-101:1971210:1973608 [1] NCCL INFO Channel 13 : 1[2000] -> 0[1000] via SHM/direct/direct
paraai-n32-h-01-agent-101:1971210:1973608 [1] NCCL INFO Channel 15 : 1[2000] -> 0[1000] via SHM/direct/direct
paraai-n32-h-01-agent-101:1971212:1973605 [3] NCCL INFO Connected all rings
paraai-n32-h-01-agent-101:1971209:1973603 [0] NCCL INFO Channel 01/0 : 0[1000] -> 6[81000] [send] via NET/IB/0
paraai-n32-h-01-agent-101:1971211:1973609 [2] NCCL INFO Channel 07/0 : 12[1000] -> 2[81000] [receive] via NET/IB/1
paraai-n32-h-01-agent-101:1971209:1973603 [0] NCCL INFO Channel 03/0 : 0[1000] -> 6[81000] [send] via NET/IB/0
paraai-n32-h-01-agent-101:1971209:1973603 [0] NCCL INFO Channel 05/0 : 0[1000] -> 6[81000] [send] via NET/IB/0
paraai-n32-h-01-agent-101:1971209:1973603 [0] NCCL INFO Channel 07/0 : 0[1000] -> 6[81000] [send] via NET/IB/0
paraai-n32-h-01-agent-101:1971209:1973603 [0] NCCL INFO Channel 09/0 : 0[1000] -> 6[81000] [send] via NET/IB/0
paraai-n32-h-01-agent-101:1971211:1973609 [2] NCCL INFO Channel 09/0 : 12[1000] -> 2[81000] [receive] via NET/IB/1
paraai-n32-h-01-agent-101:1971209:1973603 [0] NCCL INFO Channel 11/0 : 0[1000] -> 6[81000] [send] via NET/IB/0
paraai-n32-h-01-agent-101:1971211:1973609 [2] NCCL INFO Channel 11/0 : 12[1000] -> 2[81000] [receive] via NET/IB/1
paraai-n32-h-01-agent-101:1971209:1973603 [0] NCCL INFO Channel 13/0 : 0[1000] -> 6[81000] [send] via NET/IB/0
paraai-n32-h-01-agent-101:1971211:1973609 [2] NCCL INFO Channel 13/0 : 12[1000] -> 2[81000] [receive] via NET/IB/1
paraai-n32-h-01-agent-101:1971209:1973603 [0] NCCL INFO Channel 15/0 : 0[1000] -> 6[81000] [send] via NET/IB/0
paraai-n32-h-01-agent-101:1971211:1973609 [2] NCCL INFO Channel 15/0 : 12[1000] -> 2[81000] [receive] via NET/IB/1
paraai-n32-h-01-agent-101:1971209:1973603 [0] NCCL INFO Connected all rings
paraai-n32-h-01-agent-101:1971209:1973603 [0] NCCL INFO Channel 01 : 0[1000] -> 1[2000] via SHM/direct/direct
paraai-n32-h-01-agent-101:1971209:1973603 [0] NCCL INFO Channel 03 : 0[1000] -> 1[2000] via SHM/direct/direct
paraai-n32-h-01-agent-101:1971209:1973603 [0] NCCL INFO Channel 05 : 0[1000] -> 1[2000] via SHM/direct/direct
paraai-n32-h-01-agent-101:1971209:1973603 [0] NCCL INFO Channel 07 : 0[1000] -> 1[2000] via SHM/direct/direct
paraai-n32-h-01-agent-101:1971209:1973603 [0] NCCL INFO Channel 09 : 0[1000] -> 1[2000] via SHM/direct/direct
paraai-n32-h-01-agent-101:1971209:1973603 [0] NCCL INFO Channel 11 : 0[1000] -> 1[2000] via SHM/direct/direct
paraai-n32-h-01-agent-101:1971209:1973603 [0] NCCL INFO Channel 13 : 0[1000] -> 1[2000] via SHM/direct/direct
paraai-n32-h-01-agent-101:1971209:1973603 [0] NCCL INFO Channel 15 : 0[1000] -> 1[2000] via SHM/direct/direct
paraai-n32-h-01-agent-101:1971210:1973608 [1] NCCL INFO Connected all rings
paraai-n32-h-01-agent-101:1971209:1973603 [0] NCCL INFO Channel 01 : 0[1000] -> 3[82000] via SHM/direct/direct
paraai-n32-h-01-agent-101:1971209:1973603 [0] NCCL INFO Channel 03 : 0[1000] -> 3[82000] via SHM/direct/direct
paraai-n32-h-01-agent-101:1971209:1973603 [0] NCCL INFO Channel 05 : 0[1000] -> 3[82000] via SHM/direct/direct
paraai-n32-h-01-agent-101:1971209:1973603 [0] NCCL INFO Channel 07 : 0[1000] -> 3[82000] via SHM/direct/direct
paraai-n32-h-01-agent-101:1971209:1973603 [0] NCCL INFO Channel 09 : 0[1000] -> 3[82000] via SHM/direct/direct
paraai-n32-h-01-agent-101:1971209:1973603 [0] NCCL INFO Channel 11 : 0[1000] -> 3[82000] via SHM/direct/direct
paraai-n32-h-01-agent-101:1971209:1973603 [0] NCCL INFO Channel 13 : 0[1000] -> 3[82000] via SHM/direct/direct
paraai-n32-h-01-agent-101:1971209:1973603 [0] NCCL INFO Channel 15 : 0[1000] -> 3[82000] via SHM/direct/direct
paraai-n32-h-01-agent-101:1971212:1973605 [3] NCCL INFO Channel 01 : 3[82000] -> 0[1000] via SHM/direct/direct
paraai-n32-h-01-agent-101:1971212:1973605 [3] NCCL INFO Channel 03 : 3[82000] -> 0[1000] via SHM/direct/direct
paraai-n32-h-01-agent-101:1971212:1973605 [3] NCCL INFO Channel 05 : 3[82000] -> 0[1000] via SHM/direct/direct
paraai-n32-h-01-agent-101:1971212:1973605 [3] NCCL INFO Channel 07 : 3[82000] -> 0[1000] via SHM/direct/direct
paraai-n32-h-01-agent-101:1971212:1973605 [3] NCCL INFO Channel 09 : 3[82000] -> 0[1000] via SHM/direct/direct
paraai-n32-h-01-agent-101:1971212:1973605 [3] NCCL INFO Channel 11 : 3[82000] -> 0[1000] via SHM/direct/direct
paraai-n32-h-01-agent-101:1971212:1973605 [3] NCCL INFO Channel 13 : 3[82000] -> 0[1000] via SHM/direct/direct
paraai-n32-h-01-agent-101:1971212:1973605 [3] NCCL INFO Channel 15 : 3[82000] -> 0[1000] via SHM/direct/direct
paraai-n32-h-01-agent-101:1971210:1973608 [1] NCCL INFO Channel 00 : 1[2000] -> 0[1000] via SHM/direct/direct
paraai-n32-h-01-agent-101:1971210:1973608 [1] NCCL INFO Channel 02 : 1[2000] -> 0[1000] via SHM/direct/direct
paraai-n32-h-01-agent-101:1971210:1973608 [1] NCCL INFO Channel 04 : 1[2000] -> 0[1000] via SHM/direct/direct
paraai-n32-h-01-agent-101:1971210:1973608 [1] NCCL INFO Channel 06 : 1[2000] -> 0[1000] via SHM/direct/direct
paraai-n32-h-01-agent-101:1971210:1973608 [1] NCCL INFO Channel 08 : 1[2000] -> 0[1000] via SHM/direct/direct
paraai-n32-h-01-agent-101:1971210:1973608 [1] NCCL INFO Channel 10 : 1[2000] -> 0[1000] via SHM/direct/direct
paraai-n32-h-01-agent-101:1971210:1973608 [1] NCCL INFO Channel 12 : 1[2000] -> 0[1000] via SHM/direct/direct
paraai-n32-h-01-agent-101:1971210:1973608 [1] NCCL INFO Channel 14 : 1[2000] -> 0[1000] via SHM/direct/direct
paraai-n32-h-01-agent-101:1971211:1973619 [2] NCCL INFO NCCL_IB_GID_INDEX set by environment to 3.
paraai-n32-h-01-agent-101:1971211:1973609 [2] NCCL INFO Connected all rings
paraai-n32-h-01-agent-101:1971209:1973603 [0] NCCL INFO Channel 02/0 : 0[1000] -> 4[1000] [send] via NET/IB/0
paraai-n32-h-01-agent-101:1971211:1973609 [2] NCCL INFO Channel 03/0 : 2[81000] -> 6[81000] [send] via NET/IB/1
paraai-n32-h-01-agent-101:1971209:1973603 [0] NCCL INFO Channel 06/0 : 0[1000] -> 4[1000] [send] via NET/IB/0
paraai-n32-h-01-agent-101:1971211:1973609 [2] NCCL INFO Channel 07/0 : 2[81000] -> 6[81000] [send] via NET/IB/1
paraai-n32-h-01-agent-101:1971209:1973603 [0] NCCL INFO Channel 10/0 : 0[1000] -> 4[1000] [send] via NET/IB/0
paraai-n32-h-01-agent-101:1971211:1973609 [2] NCCL INFO Channel 11/0 : 2[81000] -> 6[81000] [send] via NET/IB/1
paraai-n32-h-01-agent-101:1971209:1973603 [0] NCCL INFO Channel 14/0 : 0[1000] -> 4[1000] [send] via NET/IB/0
paraai-n32-h-01-agent-101:1971211:1973609 [2] NCCL INFO Channel 15/0 : 2[81000] -> 6[81000] [send] via NET/IB/1
paraai-n32-h-01-agent-101:1971209:1973603 [0] NCCL INFO Channel 00/0 : 8[1000] -> 0[1000] [receive] via NET/IB/0
paraai-n32-h-01-agent-101:1971211:1973609 [2] NCCL INFO Channel 01/0 : 10[81000] -> 2[81000] [receive] via NET/IB/1
paraai-n32-h-01-agent-101:1971209:1973603 [0] NCCL INFO Channel 04/0 : 8[1000] -> 0[1000] [receive] via NET/IB/0
paraai-n32-h-01-agent-101:1971211:1973609 [2] NCCL INFO Channel 05/0 : 10[81000] -> 2[81000] [receive] via NET/IB/1
paraai-n32-h-01-agent-101:1971209:1973603 [0] NCCL INFO Channel 08/0 : 8[1000] -> 0[1000] [receive] via NET/IB/0
paraai-n32-h-01-agent-101:1971211:1973609 [2] NCCL INFO Channel 09/0 : 10[81000] -> 2[81000] [receive] via NET/IB/1
paraai-n32-h-01-agent-101:1971211:1973609 [2] NCCL INFO Channel 13/0 : 10[81000] -> 2[81000] [receive] via NET/IB/1
paraai-n32-h-01-agent-101:1971209:1973603 [0] NCCL INFO Channel 12/0 : 8[1000] -> 0[1000] [receive] via NET/IB/0
paraai-n32-h-01-agent-101:1971211:1973609 [2] NCCL INFO Channel 01/0 : 2[81000] -> 10[81000] [send] via NET/IB/1
paraai-n32-h-01-agent-101:1971209:1973603 [0] NCCL INFO Channel 00/0 : 0[1000] -> 8[1000] [send] via NET/IB/0
paraai-n32-h-01-agent-101:1971211:1973609 [2] NCCL INFO Channel 05/0 : 2[81000] -> 10[81000] [send] via NET/IB/1
paraai-n32-h-01-agent-101:1971209:1973603 [0] NCCL INFO Channel 04/0 : 0[1000] -> 8[1000] [send] via NET/IB/0
paraai-n32-h-01-agent-101:1971211:1973609 [2] NCCL INFO Channel 09/0 : 2[81000] -> 10[81000] [send] via NET/IB/1
paraai-n32-h-01-agent-101:1971209:1973603 [0] NCCL INFO Channel 08/0 : 0[1000] -> 8[1000] [send] via NET/IB/0
paraai-n32-h-01-agent-101:1971211:1973609 [2] NCCL INFO Channel 13/0 : 2[81000] -> 10[81000] [send] via NET/IB/1
paraai-n32-h-01-agent-101:1971209:1973603 [0] NCCL INFO Channel 12/0 : 0[1000] -> 8[1000] [send] via NET/IB/0
paraai-n32-h-01-agent-101:1971211:1973609 [2] NCCL INFO Channel 03/0 : 6[81000] -> 2[81000] [receive] via NET/IB/1
paraai-n32-h-01-agent-101:1971211:1973609 [2] NCCL INFO Channel 07/0 : 6[81000] -> 2[81000] [receive] via NET/IB/1
paraai-n32-h-01-agent-101:1971211:1973609 [2] NCCL INFO Channel 11/0 : 6[81000] -> 2[81000] [receive] via NET/IB/1
paraai-n32-h-01-agent-101:1971211:1973609 [2] NCCL INFO Channel 15/0 : 6[81000] -> 2[81000] [receive] via NET/IB/1
paraai-n32-h-01-agent-101:1971209:1973603 [0] NCCL INFO Channel 02/0 : 4[1000] -> 0[1000] [receive] via NET/IB/0
paraai-n32-h-01-agent-101:1971209:1973603 [0] NCCL INFO Channel 06/0 : 4[1000] -> 0[1000] [receive] via NET/IB/0
paraai-n32-h-01-agent-101:1971209:1973603 [0] NCCL INFO Channel 10/0 : 4[1000] -> 0[1000] [receive] via NET/IB/0
paraai-n32-h-01-agent-101:1971209:1973603 [0] NCCL INFO Channel 14/0 : 4[1000] -> 0[1000] [receive] via NET/IB/0
paraai-n32-h-01-agent-101:1971211:1973609 [2] NCCL INFO Channel 00 : 2[81000] -> 1[2000] via SHM/direct/direct
paraai-n32-h-01-agent-101:1971211:1973609 [2] NCCL INFO Channel 02 : 2[81000] -> 1[2000] via SHM/direct/direct
paraai-n32-h-01-agent-101:1971211:1973609 [2] NCCL INFO Channel 04 : 2[81000] -> 1[2000] via SHM/direct/direct
paraai-n32-h-01-agent-101:1971211:1973609 [2] NCCL INFO Channel 06 : 2[81000] -> 1[2000] via SHM/direct/direct
paraai-n32-h-01-agent-101:1971211:1973609 [2] NCCL INFO Channel 08 : 2[81000] -> 1[2000] via SHM/direct/direct
paraai-n32-h-01-agent-101:1971211:1973609 [2] NCCL INFO Channel 10 : 2[81000] -> 1[2000] via SHM/direct/direct
paraai-n32-h-01-agent-101:1971211:1973609 [2] NCCL INFO Channel 12 : 2[81000] -> 1[2000] via SHM/direct/direct
paraai-n32-h-01-agent-101:1971211:1973609 [2] NCCL INFO Channel 14 : 2[81000] -> 1[2000] via SHM/direct/direct
paraai-n32-h-01-agent-101:1971212:1973605 [3] NCCL INFO Channel 00 : 3[82000] -> 2[81000] via SHM/direct/direct
paraai-n32-h-01-agent-101:1971212:1973605 [3] NCCL INFO Channel 01 : 3[82000] -> 2[81000] via SHM/direct/direct
paraai-n32-h-01-agent-101:1971212:1973605 [3] NCCL INFO Channel 02 : 3[82000] -> 2[81000] via SHM/direct/direct
paraai-n32-h-01-agent-101:1971212:1973605 [3] NCCL INFO Channel 03 : 3[82000] -> 2[81000] via SHM/direct/direct
paraai-n32-h-01-agent-101:1971212:1973605 [3] NCCL INFO Channel 04 : 3[82000] -> 2[81000] via SHM/direct/direct
paraai-n32-h-01-agent-101:1971212:1973605 [3] NCCL INFO Channel 05 : 3[82000] -> 2[81000] via SHM/direct/direct
paraai-n32-h-01-agent-101:1971212:1973605 [3] NCCL INFO Channel 06 : 3[82000] -> 2[81000] via SHM/direct/direct
paraai-n32-h-01-agent-101:1971212:1973605 [3] NCCL INFO Channel 07 : 3[82000] -> 2[81000] via SHM/direct/direct
paraai-n32-h-01-agent-101:1971212:1973605 [3] NCCL INFO Channel 08 : 3[82000] -> 2[81000] via SHM/direct/direct
paraai-n32-h-01-agent-101:1971212:1973605 [3] NCCL INFO Channel 09 : 3[82000] -> 2[81000] via SHM/direct/direct
paraai-n32-h-01-agent-101:1971212:1973605 [3] NCCL INFO Channel 10 : 3[82000] -> 2[81000] via SHM/direct/direct
paraai-n32-h-01-agent-101:1971212:1973605 [3] NCCL INFO Channel 11 : 3[82000] -> 2[81000] via SHM/direct/direct
paraai-n32-h-01-agent-101:1971212:1973605 [3] NCCL INFO Channel 12 : 3[82000] -> 2[81000] via SHM/direct/direct
paraai-n32-h-01-agent-101:1971212:1973605 [3] NCCL INFO Channel 13 : 3[82000] -> 2[81000] via SHM/direct/direct
paraai-n32-h-01-agent-101:1971212:1973605 [3] NCCL INFO Channel 14 : 3[82000] -> 2[81000] via SHM/direct/direct
paraai-n32-h-01-agent-101:1971212:1973605 [3] NCCL INFO Channel 15 : 3[82000] -> 2[81000] via SHM/direct/direct
paraai-n32-h-01-agent-101:1971209:1973603 [0] NCCL INFO Connected all trees
paraai-n32-h-01-agent-101:1971209:1973603 [0] NCCL INFO threadThresholds 8/8/64 | 128/8/64 | 512 | 512
paraai-n32-h-01-agent-101:1971209:1973603 [0] NCCL INFO 16 coll channels, 16 p2p channels, 2 p2p channels per peer
paraai-n32-h-01-agent-101:1971212:1973605 [3] NCCL INFO Connected all trees
paraai-n32-h-01-agent-101:1971212:1973605 [3] NCCL INFO threadThresholds 8/8/64 | 128/8/64 | 512 | 512
paraai-n32-h-01-agent-101:1971212:1973605 [3] NCCL INFO 16 coll channels, 16 p2p channels, 2 p2p channels per peer
paraai-n32-h-01-agent-101:1971211:1973609 [2] NCCL INFO Connected all trees
paraai-n32-h-01-agent-101:1971211:1973609 [2] NCCL INFO threadThresholds 8/8/64 | 128/8/64 | 512 | 512
paraai-n32-h-01-agent-101:1971211:1973609 [2] NCCL INFO 16 coll channels, 16 p2p channels, 2 p2p channels per peer
paraai-n32-h-01-agent-101:1971210:1973608 [1] NCCL INFO Connected all trees
paraai-n32-h-01-agent-101:1971210:1973608 [1] NCCL INFO threadThresholds 8/8/64 | 128/8/64 | 512 | 512
paraai-n32-h-01-agent-101:1971210:1973608 [1] NCCL INFO 16 coll channels, 16 p2p channels, 2 p2p channels per peer
paraai-n32-h-01-agent-101:1971210:1973608 [1] NCCL INFO comm 0x44966400 rank 1 nranks 16 cudaDev 1 busId 2000 - Init COMPLETE
paraai-n32-h-01-agent-101:1971211:1973609 [2] NCCL INFO comm 0x7a264710 rank 2 nranks 16 cudaDev 2 busId 81000 - Init COMPLETE
paraai-n32-h-01-agent-101:1971212:1973605 [3] NCCL INFO comm 0x3aaa6280 rank 3 nranks 16 cudaDev 3 busId 82000 - Init COMPLETE
paraai-n32-h-01-agent-101:1971209:1973603 [0] NCCL INFO comm 0x4482cbd0 rank 0 nranks 16 cudaDev 0 busId 1000 - Init COMPLETE
2023-06-28 13:12:23,766 - root - INFO - Number of trainable model parameters: 113891901
2023-06-28 13:12:23,767 - root - INFO - Starting Training Loop...
2023-06-28 13:25:31,504 - root - INFO - Val loss improved from 1000000.0 to 0.49509164690971375
2023-06-28 13:25:33,124 - root - INFO - Time taken for epoch 1 is 789.3568789958954 sec
2023-06-28 13:25:33,124 - root - INFO - train data time=31.187899112701416, train step time=165.63053846359253, valid step time=60.36679816246033
2023-06-28 13:25:33,125 - root - INFO - Train loss: 0.488893985748291. Valid loss: 0.49509164690971375
2023-06-28 13:38:35,546 - root - INFO - Val loss improved from 0.49509164690971375 to 0.40011274814605713
2023-06-28 13:38:37,341 - root - INFO - Time taken for epoch 2 is 784.215991973877 sec
2023-06-28 13:38:37,342 - root - INFO - train data time=30.54229211807251, train step time=164.97495317459106, valid step time=60.33955502510071
2023-06-28 13:38:37,342 - root - INFO - Train loss: 0.3927989900112152. Valid loss: 0.40011274814605713
2023-06-28 13:51:39,190 - root - INFO - Val loss improved from 0.40011274814605713 to 0.36264923214912415
2023-06-28 13:51:40,893 - root - INFO - Time taken for epoch 3 is 783.5506229400635 sec
2023-06-28 13:51:40,894 - root - INFO - train data time=39.34722590446472, train step time=140.50987815856934, valid step time=59.42126417160034
2023-06-28 13:51:40,894 - root - INFO - Train loss: 0.3546409606933594. Valid loss: 0.36264923214912415
2023-06-28 14:04:42,072 - root - INFO - Val loss improved from 0.36264923214912415 to 0.34586089849472046
2023-06-28 14:04:44,232 - root - INFO - Time taken for epoch 4 is 783.3379361629486 sec
2023-06-28 14:04:44,233 - root - INFO - train data time=33.494609355926514, train step time=154.23245000839233, valid step time=59.62687420845032
2023-06-28 14:04:44,233 - root - INFO - Train loss: 0.33780932426452637. Valid loss: 0.34586089849472046
2023-06-28 14:17:46,805 - root - INFO - Val loss improved from 0.34586089849472046 to 0.3253551721572876
2023-06-28 14:17:48,974 - root - INFO - Time taken for epoch 5 is 784.7407641410828 sec
2023-06-28 14:17:48,975 - root - INFO - train data time=31.02471947669983, train step time=168.3013789653778, valid step time=58.87602472305298
2023-06-28 14:17:48,975 - root - INFO - Train loss: 0.3177756071090698. Valid loss: 0.3253551721572876
2023-06-28 14:30:54,855 - root - INFO - Val loss improved from 0.3253551721572876 to 0.3164139688014984
2023-06-28 14:30:56,776 - root - INFO - Time taken for epoch 6 is 787.8000380992889 sec
2023-06-28 14:30:56,776 - root - INFO - train data time=30.444191694259644, train step time=172.21164083480835, valid step time=59.6536328792572
2023-06-28 14:30:56,777 - root - INFO - Train loss: 0.3113206923007965. Valid loss: 0.3164139688014984
2023-06-28 14:43:59,773 - root - INFO - Val loss improved from 0.3164139688014984 to 0.30625203251838684
2023-06-28 14:44:01,256 - root - INFO - Time taken for epoch 7 is 784.4793939590454 sec
2023-06-28 14:44:01,257 - root - INFO - train data time=31.53328251838684, train step time=170.29444789886475, valid step time=59.24472188949585
2023-06-28 14:44:01,257 - root - INFO - Train loss: 0.2980411648750305. Valid loss: 0.30625203251838684
2023-06-28 14:57:03,271 - root - INFO - Val loss improved from 0.30625203251838684 to 0.29946285486221313
2023-06-28 14:57:04,802 - root - INFO - Time taken for epoch 8 is 783.5439434051514 sec
2023-06-28 14:57:04,802 - root - INFO - train data time=31.936949491500854, train step time=164.75298261642456, valid step time=59.288719177246094
2023-06-28 14:57:04,803 - root - INFO - Train loss: 0.3002895414829254. Valid loss: 0.29946285486221313
2023-06-28 15:10:12,730 - root - INFO - Val loss improved from 0.29946285486221313 to 0.29226502776145935
2023-06-28 15:10:14,313 - root - INFO - Time taken for epoch 9 is 789.5104830265045 sec
2023-06-28 15:10:14,314 - root - INFO - train data time=30.355334997177124, train step time=174.61085963249207, valid step time=59.9645574092865
2023-06-28 15:10:14,314 - root - INFO - Train loss: 0.2872765362262726. Valid loss: 0.29226502776145935
2023-06-28 15:23:15,476 - root - INFO - Val loss improved from 0.29226502776145935 to 0.28631240129470825
2023-06-28 15:23:17,275 - root - INFO - Time taken for epoch 10 is 782.9608116149902 sec
2023-06-28 15:23:17,276 - root - INFO - train data time=30.957833290100098, train step time=164.33911228179932, valid step time=58.938437938690186
2023-06-28 15:23:17,276 - root - INFO - Train loss: 0.27660393714904785. Valid loss: 0.28631240129470825
2023-06-28 15:36:19,864 - root - INFO - Val loss improved from 0.28631240129470825 to 0.28247568011283875
2023-06-28 15:36:21,572 - root - INFO - Time taken for epoch 11 is 784.2954370975494 sec
2023-06-28 15:36:21,573 - root - INFO - train data time=30.66832423210144, train step time=165.58478164672852, valid step time=59.88771629333496
2023-06-28 15:36:21,573 - root - INFO - Train loss: 0.2755703032016754. Valid loss: 0.28247568011283875
2023-06-28 15:49:24,247 - root - INFO - Val loss improved from 0.28247568011283875 to 0.2781245708465576
2023-06-28 15:49:25,811 - root - INFO - Time taken for epoch 12 is 784.2382600307465 sec
2023-06-28 15:49:25,812 - root - INFO - train data time=31.70226740837097, train step time=162.5266764163971, valid step time=60.09340000152588
2023-06-28 15:49:25,812 - root - INFO - Train loss: 0.2718217372894287. Valid loss: 0.2781245708465576
2023-06-28 16:02:30,385 - root - INFO - Val loss improved from 0.2781245708465576 to 0.27484798431396484
2023-06-28 16:02:32,413 - root - INFO - Time taken for epoch 13 is 786.600736618042 sec
2023-06-28 16:02:32,414 - root - INFO - train data time=41.40861105918884, train step time=143.4263415336609, valid step time=59.57820773124695
2023-06-28 16:02:32,414 - root - INFO - Train loss: 0.27148276567459106. Valid loss: 0.27484798431396484
2023-06-28 16:15:34,625 - root - INFO - Val loss improved from 0.27484798431396484 to 0.2711867094039917
2023-06-28 16:15:36,246 - root - INFO - Time taken for epoch 14 is 783.8311479091644 sec
2023-06-28 16:15:36,247 - root - INFO - train data time=39.27565360069275, train step time=143.64897274971008, valid step time=58.43442487716675
2023-06-28 16:15:36,247 - root - INFO - Train loss: 0.26387450098991394. Valid loss: 0.2711867094039917
2023-06-28 16:28:36,297 - root - INFO - Val loss improved from 0.2711867094039917 to 0.2701472043991089
2023-06-28 16:28:38,299 - root - INFO - Time taken for epoch 15 is 782.0520808696747 sec
2023-06-28 16:28:38,300 - root - INFO - train data time=38.506181955337524, train step time=141.71825885772705, valid step time=60.287270069122314
2023-06-28 16:28:38,300 - root - INFO - Train loss: 0.2631874084472656. Valid loss: 0.2701472043991089
2023-06-28 16:41:42,422 - root - INFO - Val loss improved from 0.2701472043991089 to 0.26536038517951965
2023-06-28 16:41:45,144 - root - INFO - Time taken for epoch 16 is 786.8439698219299 sec
2023-06-28 16:41:45,145 - root - INFO - train data time=38.59415125846863, train step time=148.6992311477661, valid step time=59.01141667366028
2023-06-28 16:41:45,145 - root - INFO - Train loss: 0.25714486837387085. Valid loss: 0.26536038517951965
2023-06-28 16:54:48,967 - root - INFO - Val loss improved from 0.26536038517951965 to 0.2644980549812317
2023-06-28 16:54:50,959 - root - INFO - Time taken for epoch 17 is 785.8133940696716 sec
2023-06-28 16:54:50,959 - root - INFO - train data time=41.24025201797485, train step time=142.62738633155823, valid step time=59.925872802734375
2023-06-28 16:54:50,959 - root - INFO - Train loss: 0.2527405619621277. Valid loss: 0.2644980549812317
2023-06-28 17:07:51,985 - root - INFO - Val loss improved from 0.2644980549812317 to 0.26336029171943665
2023-06-28 17:07:53,571 - root - INFO - Time taken for epoch 18 is 782.6112852096558 sec
2023-06-28 17:07:53,571 - root - INFO - train data time=42.14976954460144, train step time=143.67624306678772, valid step time=59.245471715927124
2023-06-28 17:07:53,572 - root - INFO - Train loss: 0.26800113916397095. Valid loss: 0.26336029171943665
2023-06-28 17:21:00,791 - root - INFO - Val loss improved from 0.26336029171943665 to 0.2589186131954193
2023-06-28 17:21:02,330 - root - INFO - Time taken for epoch 19 is 788.7582786083221 sec
2023-06-28 17:21:02,331 - root - INFO - train data time=39.323822021484375, train step time=155.44644594192505, valid step time=59.490227460861206
2023-06-28 17:21:02,331 - root - INFO - Train loss: 0.24821649491786957. Valid loss: 0.2589186131954193
2023-06-28 17:34:01,486 - root - INFO - Time taken for epoch 20 is 779.1550590991974 sec
2023-06-28 17:34:01,487 - root - INFO - train data time=37.19091176986694, train step time=146.91491389274597, valid step time=58.88944411277771
2023-06-28 17:34:01,487 - root - INFO - Train loss: 0.24809151887893677. Valid loss: 0.2600953280925751
2023-06-28 17:47:06,533 - root - INFO - Time taken for epoch 21 is 785.0452306270599 sec
2023-06-28 17:47:06,533 - root - INFO - train data time=34.94478988647461, train step time=158.2681427001953, valid step time=59.931370973587036
2023-06-28 17:47:06,534 - root - INFO - Train loss: 0.49479517340660095. Valid loss: 0.49811917543411255
2023-06-28 18:00:11,783 - root - INFO - Time taken for epoch 22 is 785.2496201992035 sec
2023-06-28 18:00:11,784 - root - INFO - train data time=41.94723200798035, train step time=138.5478823184967, valid step time=60.88406586647034
2023-06-28 18:00:11,784 - root - INFO - Train loss: 0.33088234066963196. Valid loss: 0.3357687294483185
2023-06-28 18:13:17,127 - root - INFO - Time taken for epoch 23 is 785.3428490161896 sec
2023-06-28 18:13:17,128 - root - INFO - train data time=33.690300703048706, train step time=158.05505919456482, valid step time=61.901233196258545
2023-06-28 18:13:17,128 - root - INFO - Train loss: 0.2741043269634247. Valid loss: 0.28120994567871094
2023-06-28 18:26:19,003 - root - INFO - Time taken for epoch 24 is 781.8745214939117 sec
2023-06-28 18:26:19,004 - root - INFO - train data time=31.78586745262146, train step time=167.32069182395935, valid step time=60.03355646133423
2023-06-28 18:26:19,005 - root - INFO - Train loss: 0.26095813512802124. Valid loss: 0.2683890759944916
2023-06-28 18:39:18,930 - root - INFO - Time taken for epoch 25 is 779.9252254962921 sec
2023-06-28 18:39:18,931 - root - INFO - train data time=29.88041591644287, train step time=169.72973537445068, valid step time=59.854920625686646
2023-06-28 18:39:18,931 - root - INFO - Train loss: 0.25159138441085815. Valid loss: 0.26169097423553467
2023-06-28 18:52:25,155 - root - INFO - Time taken for epoch 26 is 786.2238664627075 sec
2023-06-28 18:52:25,156 - root - INFO - train data time=30.906039237976074, train step time=172.7598180770874, valid step time=59.34227991104126
2023-06-28 18:52:25,156 - root - INFO - Train loss: 0.4027053117752075. Valid loss: 0.3875803053379059
2023-06-28 19:05:27,618 - root - INFO - Time taken for epoch 27 is 782.4618937969208 sec
2023-06-28 19:05:27,619 - root - INFO - train data time=30.878010749816895, train step time=170.23987126350403, valid step time=59.352702140808105
2023-06-28 19:05:27,619 - root - INFO - Train loss: 0.2675425112247467. Valid loss: 0.27762502431869507
2023-06-28 19:18:29,491 - root - INFO - Time taken for epoch 28 is 781.8719837665558 sec
2023-06-28 19:18:29,492 - root - INFO - train data time=31.442313194274902, train step time=167.7674422264099, valid step time=59.1727511882782
2023-06-28 19:18:29,492 - root - INFO - Train loss: 0.25304126739501953. Valid loss: 0.26518866419792175
2023-06-28 19:31:27,594 - root - INFO - Time taken for epoch 29 is 778.1012516021729 sec
2023-06-28 19:31:27,595 - root - INFO - train data time=30.656245470046997, train step time=160.7933006286621, valid step time=60.53932571411133
2023-06-28 19:31:27,595 - root - INFO - Train loss: 0.25521519780158997. Valid loss: 0.2633819878101349
2023-06-28 19:44:27,294 - root - INFO - Time taken for epoch 30 is 779.6982908248901 sec
2023-06-28 19:44:27,294 - root - INFO - train data time=31.0092670917511, train step time=164.04758882522583, valid step time=61.19679021835327
2023-06-28 19:44:27,294 - root - INFO - Train loss: 0.24718037247657776. Valid loss: 0.2600516676902771
2023-06-28 19:57:28,611 - root - INFO - Val loss improved from 0.2589186131954193 to 0.2579164505004883
2023-06-28 19:57:30,038 - root - INFO - Time taken for epoch 31 is 782.7429270744324 sec
2023-06-28 19:57:30,038 - root - INFO - train data time=31.064719676971436, train step time=170.5439932346344, valid step time=60.07311511039734
2023-06-28 19:57:30,038 - root - INFO - Train loss: 0.2442181408405304. Valid loss: 0.2579164505004883
2023-06-28 20:10:35,620 - root - INFO - Val loss improved from 0.2579164505004883 to 0.2544759511947632
2023-06-28 20:10:37,043 - root - INFO - Time taken for epoch 32 is 787.0044350624084 sec
2023-06-28 20:10:37,044 - root - INFO - train data time=31.506725788116455, train step time=165.19503235816956, valid step time=60.0779767036438
2023-06-28 20:10:37,044 - root - INFO - Train loss: 0.24433694779872894. Valid loss: 0.2544759511947632
2023-06-28 20:23:42,435 - root - INFO - Time taken for epoch 33 is 785.3908877372742 sec
2023-06-28 20:23:42,436 - root - INFO - train data time=29.527347803115845, train step time=177.4435625076294, valid step time=59.025957107543945
2023-06-28 20:23:42,436 - root - INFO - Train loss: 0.24393460154533386. Valid loss: 0.2554335296154022
2023-06-28 20:36:46,235 - root - INFO - Time taken for epoch 34 is 783.7990641593933 sec
2023-06-28 20:36:46,236 - root - INFO - train data time=30.751549243927002, train step time=171.77433705329895, valid step time=60.0499963760376
2023-06-28 20:36:46,236 - root - INFO - Train loss: 0.2408803254365921. Valid loss: 0.2548447847366333
2023-06-28 20:49:51,925 - root - INFO - Val loss improved from 0.2544759511947632 to 0.25372225046157837
2023-06-28 20:49:53,727 - root - INFO - Time taken for epoch 35 is 787.4909679889679 sec
2023-06-28 20:49:53,728 - root - INFO - train data time=32.060253858566284, train step time=168.41533994674683, valid step time=59.46466135978699
2023-06-28 20:49:53,728 - root - INFO - Train loss: 0.24926528334617615. Valid loss: 0.25372225046157837
2023-06-28 21:02:53,527 - root - INFO - Val loss improved from 0.25372225046157837 to 0.25254297256469727
2023-06-28 21:02:55,345 - root - INFO - Time taken for epoch 36 is 781.6160662174225 sec
2023-06-28 21:02:55,345 - root - INFO - train data time=30.441110849380493, train step time=170.08947801589966, valid step time=58.70495009422302
2023-06-28 21:02:55,345 - root - INFO - Train loss: 0.2411024570465088. Valid loss: 0.25254297256469727
2023-06-28 21:15:55,735 - root - INFO - Val loss improved from 0.25254297256469727 to 0.2517189681529999
2023-06-28 21:15:57,448 - root - INFO - Time taken for epoch 37 is 782.1019706726074 sec
2023-06-28 21:15:57,449 - root - INFO - train data time=29.656145334243774, train step time=169.7981414794922, valid step time=60.06660485267639
2023-06-28 21:15:57,449 - root - INFO - Train loss: 0.23730553686618805. Valid loss: 0.2517189681529999
2023-06-28 21:29:01,720 - root - INFO - Val loss improved from 0.2517189681529999 to 0.25114884972572327
2023-06-28 21:29:03,172 - root - INFO - Time taken for epoch 38 is 785.7225267887115 sec
2023-06-28 21:29:03,172 - root - INFO - train data time=33.84434652328491, train step time=158.43467473983765, valid step time=59.69966244697571
2023-06-28 21:29:03,172 - root - INFO - Train loss: 0.23576650023460388. Valid loss: 0.25114884972572327
2023-06-28 21:42:05,045 - root - INFO - Val loss improved from 0.25114884972572327 to 0.25067338347435
2023-06-28 21:42:06,658 - root - INFO - Time taken for epoch 39 is 783.4852528572083 sec
2023-06-28 21:42:06,659 - root - INFO - train data time=31.624024629592896, train step time=165.64959239959717, valid step time=60.5286180973053
2023-06-28 21:42:06,659 - root - INFO - Train loss: 0.2330603003501892. Valid loss: 0.25067338347435
2023-06-28 21:55:08,708 - root - INFO - Val loss improved from 0.25067338347435 to 0.250355988740921
2023-06-28 21:55:10,337 - root - INFO - Time taken for epoch 40 is 783.677681684494 sec
2023-06-28 21:55:10,338 - root - INFO - train data time=30.277711868286133, train step time=172.159339427948, valid step time=59.90757131576538
2023-06-28 21:55:10,338 - root - INFO - Train loss: 0.2428305447101593. Valid loss: 0.250355988740921
2023-06-28 22:08:17,919 - root - INFO - Val loss improved from 0.250355988740921 to 0.24933601915836334
2023-06-28 22:08:19,600 - root - INFO - Time taken for epoch 41 is 789.2613189220428 sec
2023-06-28 22:08:19,600 - root - INFO - train data time=29.448307991027832, train step time=176.88225650787354, valid step time=60.486504793167114
2023-06-28 22:08:19,601 - root - INFO - Train loss: 0.23240363597869873. Valid loss: 0.24933601915836334
2023-06-28 22:21:22,894 - root - INFO - Val loss improved from 0.24933601915836334 to 0.24811497330665588
2023-06-28 22:21:24,679 - root - INFO - Time taken for epoch 42 is 785.0784523487091 sec
2023-06-28 22:21:24,680 - root - INFO - train data time=35.07992959022522, train step time=159.46735548973083, valid step time=59.22924566268921
2023-06-28 22:21:24,681 - root - INFO - Train loss: 0.2540971636772156. Valid loss: 0.24811497330665588
2023-06-28 22:34:31,706 - root - INFO - Time taken for epoch 43 is 787.0254104137421 sec
2023-06-28 22:34:31,707 - root - INFO - train data time=41.25448751449585, train step time=146.19042992591858, valid step time=59.92812514305115
2023-06-28 22:34:31,707 - root - INFO - Train loss: 0.23652708530426025. Valid loss: 0.24825884401798248
2023-06-28 22:47:36,042 - root - INFO - Time taken for epoch 44 is 784.3343982696533 sec
2023-06-28 22:47:36,042 - root - INFO - train data time=35.917683362960815, train step time=159.6798632144928, valid step time=59.20821022987366
2023-06-28 22:47:36,043 - root - INFO - Train loss: 0.23216462135314941. Valid loss: 0.24871262907981873
2023-06-28 23:00:41,669 - root - INFO - Val loss improved from 0.24811497330665588 to 0.2475033700466156
2023-06-28 23:00:43,440 - root - INFO - Time taken for epoch 45 is 787.3972907066345 sec
2023-06-28 23:00:43,441 - root - INFO - train data time=33.60358285903931, train step time=157.45420789718628, valid step time=60.479445934295654
2023-06-28 23:00:43,441 - root - INFO - Train loss: 0.23380307853221893. Valid loss: 0.2475033700466156
2023-06-28 23:13:41,961 - root - INFO - Val loss improved from 0.2475033700466156 to 0.24721874296665192
2023-06-28 23:13:43,407 - root - INFO - Time taken for epoch 46 is 779.9656453132629 sec
2023-06-28 23:13:43,408 - root - INFO - train data time=31.338624477386475, train step time=161.5094997882843, valid step time=59.61159014701843
2023-06-28 23:13:43,408 - root - INFO - Train loss: 0.2363768070936203. Valid loss: 0.24721874296665192
2023-06-28 23:26:42,436 - root - INFO - Val loss improved from 0.24721874296665192 to 0.24605998396873474
2023-06-28 23:26:43,888 - root - INFO - Time taken for epoch 47 is 780.4791758060455 sec
2023-06-28 23:26:43,888 - root - INFO - train data time=30.38307499885559, train step time=166.873619556427, valid step time=59.90154266357422
2023-06-28 23:26:43,888 - root - INFO - Train loss: 0.22897589206695557. Valid loss: 0.24605998396873474
2023-06-28 23:39:45,627 - root - INFO - Time taken for epoch 48 is 781.7381613254547 sec
2023-06-28 23:39:45,627 - root - INFO - train data time=39.943612575531006, train step time=146.24332118034363, valid step time=59.12786602973938
2023-06-28 23:39:45,628 - root - INFO - Train loss: 0.2336103767156601. Valid loss: 0.24623560905456543
2023-06-28 23:52:50,809 - root - INFO - Val loss improved from 0.24605998396873474 to 0.24525503814220428
2023-06-28 23:52:52,434 - root - INFO - Time taken for epoch 49 is 786.8062689304352 sec
2023-06-28 23:52:52,435 - root - INFO - train data time=41.800042390823364, train step time=140.94573426246643, valid step time=60.022812366485596
2023-06-28 23:52:52,435 - root - INFO - Train loss: 0.2290862649679184. Valid loss: 0.24525503814220428
2023-06-29 00:05:56,634 - root - INFO - Time taken for epoch 50 is 784.1986176967621 sec
2023-06-29 00:05:56,634 - root - INFO - train data time=42.82757878303528, train step time=140.64093732833862, valid step time=60.23642420768738
2023-06-29 00:05:56,634 - root - INFO - Train loss: 0.23069478571414948. Valid loss: 0.24546480178833008
2023-06-29 00:19:04,075 - root - INFO - Val loss improved from 0.24525503814220428 to 0.24445757269859314
2023-06-29 00:19:05,743 - root - INFO - Time taken for epoch 51 is 789.1079449653625 sec
2023-06-29 00:19:05,743 - root - INFO - train data time=44.21228551864624, train step time=141.4336428642273, valid step time=60.26631474494934
2023-06-29 00:19:05,743 - root - INFO - Train loss: 0.2306675910949707. Valid loss: 0.24445757269859314
2023-06-29 00:32:09,340 - root - INFO - Time taken for epoch 52 is 783.5966107845306 sec
2023-06-29 00:32:09,341 - root - INFO - train data time=40.264283895492554, train step time=141.83676433563232, valid step time=60.089026927948
2023-06-29 00:32:09,341 - root - INFO - Train loss: 0.2307705134153366. Valid loss: 0.2487080693244934
2023-06-29 00:45:15,187 - root - INFO - Time taken for epoch 53 is 785.8458299636841 sec
2023-06-29 00:45:15,188 - root - INFO - train data time=43.01273465156555, train step time=143.42969751358032, valid step time=59.50612664222717
2023-06-29 00:45:15,188 - root - INFO - Train loss: 0.22095558047294617. Valid loss: 0.244656041264534
2023-06-29 00:58:19,252 - root - INFO - Val loss improved from 0.24445757269859314 to 0.24370265007019043
2023-06-29 00:58:20,915 - root - INFO - Time taken for epoch 54 is 785.7272131443024 sec
2023-06-29 00:58:20,916 - root - INFO - train data time=43.0976676940918, train step time=142.69237446784973, valid step time=59.357805252075195
2023-06-29 00:58:20,916 - root - INFO - Train loss: 0.22209657728672028. Valid loss: 0.24370265007019043
2023-06-29 01:11:22,095 - root - INFO - Val loss improved from 0.24370265007019043 to 0.2421453893184662
2023-06-29 01:11:23,749 - root - INFO - Time taken for epoch 55 is 782.8320140838623 sec
2023-06-29 01:11:23,749 - root - INFO - train data time=43.076096057891846, train step time=139.76803970336914, valid step time=59.91825985908508
2023-06-29 01:11:23,749 - root - INFO - Train loss: 0.22895850241184235. Valid loss: 0.2421453893184662
2023-06-29 01:24:29,461 - root - INFO - Time taken for epoch 56 is 785.7112698554993 sec
2023-06-29 01:24:29,461 - root - INFO - train data time=41.72622466087341, train step time=146.07712268829346, valid step time=59.23698973655701
2023-06-29 01:24:29,462 - root - INFO - Train loss: 0.22253529727458954. Valid loss: 0.2424325942993164
2023-06-29 01:37:30,457 - root - INFO - Val loss improved from 0.2421453893184662 to 0.24205398559570312
2023-06-29 01:37:32,117 - root - INFO - Time taken for epoch 57 is 782.6548902988434 sec
2023-06-29 01:37:32,117 - root - INFO - train data time=38.81910490989685, train step time=144.01563692092896, valid step time=59.65699338912964
2023-06-29 01:37:32,118 - root - INFO - Train loss: 0.22242899239063263. Valid loss: 0.24205398559570312
2023-06-29 01:50:38,600 - root - INFO - Time taken for epoch 58 is 786.4821319580078 sec
2023-06-29 01:50:38,601 - root - INFO - train data time=41.62261891365051, train step time=149.53175950050354, valid step time=59.33074498176575
2023-06-29 01:50:38,601 - root - INFO - Train loss: 0.22421254217624664. Valid loss: 0.24252842366695404
2023-06-29 02:03:40,818 - root - INFO - Time taken for epoch 59 is 782.2169845104218 sec
2023-06-29 02:03:40,819 - root - INFO - train data time=33.93197298049927, train step time=156.38702011108398, valid step time=59.46339535713196
2023-06-29 02:03:40,819 - root - INFO - Train loss: 0.2239440232515335. Valid loss: 0.24625982344150543
2023-06-29 02:16:42,909 - root - INFO - Time taken for epoch 60 is 782.0901076793671 sec
2023-06-29 02:16:42,910 - root - INFO - train data time=36.768932819366455, train step time=154.08502650260925, valid step time=58.68715977668762
2023-06-29 02:16:42,910 - root - INFO - Train loss: 0.21890750527381897. Valid loss: 0.2426772564649582
2023-06-29 02:29:45,647 - root - INFO - Time taken for epoch 61 is 782.736362695694 sec
2023-06-29 02:29:45,648 - root - INFO - train data time=46.53240132331848, train step time=135.07333326339722, valid step time=60.29130482673645
2023-06-29 02:29:45,649 - root - INFO - Train loss: 0.22231808304786682. Valid loss: 0.24205876886844635
2023-06-29 02:42:47,012 - root - INFO - Val loss improved from 0.24205398559570312 to 0.2417033165693283
2023-06-29 02:42:48,520 - root - INFO - Time taken for epoch 62 is 782.870815038681 sec
2023-06-29 02:42:48,520 - root - INFO - train data time=44.3624370098114, train step time=136.6946737766266, valid step time=59.63116478919983
2023-06-29 02:42:48,521 - root - INFO - Train loss: 0.2218780219554901. Valid loss: 0.2417033165693283
2023-06-29 02:55:54,293 - root - INFO - Val loss improved from 0.2417033165693283 to 0.24127627909183502
2023-06-29 02:55:55,863 - root - INFO - Time taken for epoch 63 is 787.3426489830017 sec
2023-06-29 02:55:55,864 - root - INFO - train data time=41.657793045043945, train step time=142.52279996871948, valid step time=59.20979714393616
2023-06-29 02:55:55,864 - root - INFO - Train loss: 0.227257639169693. Valid loss: 0.24127627909183502
2023-06-29 03:09:04,698 - root - INFO - Val loss improved from 0.24127627909183502 to 0.24094343185424805
2023-06-29 03:09:06,193 - root - INFO - Time taken for epoch 64 is 790.328599691391 sec
2023-06-29 03:09:06,194 - root - INFO - train data time=43.03001618385315, train step time=149.2235608100891, valid step time=59.71802067756653
2023-06-29 03:09:06,194 - root - INFO - Train loss: 0.21935023367404938. Valid loss: 0.24094343185424805
2023-06-29 03:22:13,153 - root - INFO - Val loss improved from 0.24094343185424805 to 0.2404206246137619
2023-06-29 03:22:15,134 - root - INFO - Time taken for epoch 65 is 788.9396085739136 sec
2023-06-29 03:22:15,134 - root - INFO - train data time=43.20356249809265, train step time=141.87044310569763, valid step time=59.137805461883545
2023-06-29 03:22:15,135 - root - INFO - Train loss: 0.2197853922843933. Valid loss: 0.2404206246137619
2023-06-29 03:35:18,043 - root - INFO - Time taken for epoch 66 is 782.9080190658569 sec
2023-06-29 03:35:18,043 - root - INFO - train data time=36.22532415390015, train step time=150.2091040611267, valid step time=59.66838836669922
2023-06-29 03:35:18,044 - root - INFO - Train loss: 0.21747839450836182. Valid loss: 0.2405640035867691
2023-06-29 03:48:19,353 - root - INFO - Time taken for epoch 67 is 781.3085308074951 sec
2023-06-29 03:48:19,354 - root - INFO - train data time=30.282021284103394, train step time=169.03784775733948, valid step time=58.655235290527344
2023-06-29 03:48:19,354 - root - INFO - Train loss: 0.21754632890224457. Valid loss: 0.24062837660312653
2023-06-29 04:01:18,355 - root - INFO - Val loss improved from 0.2404206246137619 to 0.24015523493289948
2023-06-29 04:01:19,807 - root - INFO - Time taken for epoch 68 is 780.4522235393524 sec
2023-06-29 04:01:19,807 - root - INFO - train data time=29.438952445983887, train step time=168.26256108283997, valid step time=60.277804136276245
2023-06-29 04:01:19,807 - root - INFO - Train loss: 0.21446412801742554. Valid loss: 0.24015523493289948
2023-06-29 04:14:19,384 - root - INFO - Time taken for epoch 69 is 779.5763540267944 sec
2023-06-29 04:14:19,385 - root - INFO - train data time=31.378398895263672, train step time=168.0635576248169, valid step time=58.976760149002075
2023-06-29 04:14:19,385 - root - INFO - Train loss: 0.22275349497795105. Valid loss: 0.24062605202198029
2023-06-29 04:27:15,834 - root - INFO - Val loss improved from 0.24015523493289948 to 0.2392948716878891
2023-06-29 04:27:17,517 - root - INFO - Time taken for epoch 70 is 778.1322131156921 sec
2023-06-29 04:27:17,518 - root - INFO - train data time=29.926903009414673, train step time=165.30398869514465, valid step time=59.06901574134827
2023-06-29 04:27:17,518 - root - INFO - Train loss: 0.21177896857261658. Valid loss: 0.2392948716878891
2023-06-29 04:40:16,650 - root - INFO - Time taken for epoch 71 is 779.1318638324738 sec
2023-06-29 04:40:16,652 - root - INFO - train data time=30.063483238220215, train step time=167.3065481185913, valid step time=59.535773038864136
2023-06-29 04:40:16,652 - root - INFO - Train loss: 0.2264098823070526. Valid loss: 0.2403642237186432
2023-06-29 04:53:18,404 - root - INFO - Time taken for epoch 72 is 781.7518281936646 sec
2023-06-29 04:53:18,405 - root - INFO - train data time=28.85545039176941, train step time=174.70795583724976, valid step time=59.73775124549866
2023-06-29 04:53:18,405 - root - INFO - Train loss: 0.21663372218608856. Valid loss: 0.2441876083612442
2023-06-29 05:06:17,064 - root - INFO - Time taken for epoch 73 is 778.6590633392334 sec
2023-06-29 05:06:17,065 - root - INFO - train data time=29.079190254211426, train step time=175.0118978023529, valid step time=60.207836866378784
2023-06-29 05:06:17,065 - root - INFO - Train loss: 0.21552172303199768. Valid loss: 0.24315504729747772
2023-06-29 05:19:20,301 - root - INFO - Time taken for epoch 74 is 783.2355933189392 sec
2023-06-29 05:19:20,302 - root - INFO - train data time=31.46297550201416, train step time=162.08914589881897, valid step time=59.924099922180176
2023-06-29 05:19:20,302 - root - INFO - Train loss: 0.22202357649803162. Valid loss: 0.2397180050611496
2023-06-29 05:32:23,869 - root - INFO - Val loss improved from 0.2392948716878891 to 0.23840884864330292
2023-06-29 05:32:25,361 - root - INFO - Time taken for epoch 75 is 785.0587196350098 sec
2023-06-29 05:32:25,361 - root - INFO - train data time=29.55208730697632, train step time=177.58799862861633, valid step time=59.83717894554138
2023-06-29 05:32:25,362 - root - INFO - Train loss: 0.214077427983284. Valid loss: 0.23840884864330292
2023-06-29 05:45:24,517 - root - INFO - Val loss improved from 0.23840884864330292 to 0.2376367598772049
2023-06-29 05:45:26,418 - root - INFO - Time taken for epoch 76 is 781.0559184551239 sec
2023-06-29 05:45:26,418 - root - INFO - train data time=29.62649416923523, train step time=170.14366245269775, valid step time=59.535173177719116
2023-06-29 05:45:26,419 - root - INFO - Train loss: 0.2128012776374817. Valid loss: 0.2376367598772049
2023-06-29 05:58:36,010 - root - INFO - Val loss improved from 0.2376367598772049 to 0.236750990152359
2023-06-29 05:58:38,072 - root - INFO - Time taken for epoch 77 is 791.6530709266663 sec
2023-06-29 05:58:38,073 - root - INFO - train data time=30.74429726600647, train step time=167.95678114891052, valid step time=61.113091707229614
2023-06-29 05:58:38,073 - root - INFO - Train loss: 0.23896878957748413. Valid loss: 0.236750990152359
2023-06-29 06:11:43,339 - root - INFO - Time taken for epoch 78 is 785.2652022838593 sec
2023-06-29 06:11:43,339 - root - INFO - train data time=32.70383048057556, train step time=163.87255716323853, valid step time=59.27146005630493
2023-06-29 06:11:43,340 - root - INFO - Train loss: 0.21076233685016632. Valid loss: 0.23712500929832458
2023-06-29 06:24:47,262 - root - INFO - Val loss improved from 0.236750990152359 to 0.23622259497642517
2023-06-29 06:24:49,358 - root - INFO - Time taken for epoch 79 is 786.0179615020752 sec
2023-06-29 06:24:49,358 - root - INFO - train data time=32.73008990287781, train step time=158.49034547805786, valid step time=59.818602323532104
2023-06-29 06:24:49,359 - root - INFO - Train loss: 0.2145601511001587. Valid loss: 0.23622259497642517
2023-06-29 06:37:51,672 - root - INFO - Val loss improved from 0.23622259497642517 to 0.23595385253429413
2023-06-29 06:37:53,225 - root - INFO - Time taken for epoch 80 is 783.8660817146301 sec
2023-06-29 06:37:53,226 - root - INFO - train data time=34.136255502700806, train step time=155.86771273612976, valid step time=59.195754528045654
2023-06-29 06:37:53,226 - root - INFO - Train loss: 0.20654162764549255. Valid loss: 0.23595385253429413
2023-06-29 06:50:57,224 - root - INFO - Time taken for epoch 81 is 783.9978399276733 sec
2023-06-29 06:50:57,225 - root - INFO - train data time=38.17769408226013, train step time=146.8487663269043, valid step time=59.80653715133667
2023-06-29 06:50:57,225 - root - INFO - Train loss: 0.20861484110355377. Valid loss: 0.2363956868648529
2023-06-29 07:03:58,833 - root - INFO - Val loss improved from 0.23595385253429413 to 0.23508667945861816
2023-06-29 07:04:00,924 - root - INFO - Time taken for epoch 82 is 783.698105096817 sec
2023-06-29 07:04:00,925 - root - INFO - train data time=40.80871510505676, train step time=141.68638944625854, valid step time=59.80357909202576
2023-06-29 07:04:00,925 - root - INFO - Train loss: 0.21506381034851074. Valid loss: 0.23508667945861816
2023-06-29 07:17:00,786 - root - INFO - Time taken for epoch 83 is 779.8608646392822 sec
2023-06-29 07:17:00,787 - root - INFO - train data time=41.54759168624878, train step time=139.14192461967468, valid step time=58.69990038871765
2023-06-29 07:17:00,787 - root - INFO - Train loss: 0.21133404970169067. Valid loss: 0.23590894043445587
2023-06-29 07:30:02,585 - root - INFO - Time taken for epoch 84 is 781.7976357936859 sec
2023-06-29 07:30:02,586 - root - INFO - train data time=30.864278554916382, train step time=159.82628464698792, valid step time=59.16668939590454
2023-06-29 07:30:02,586 - root - INFO - Train loss: 0.2038446068763733. Valid loss: 0.23542480170726776
2023-06-29 07:43:03,413 - root - INFO - Time taken for epoch 85 is 780.8260340690613 sec
2023-06-29 07:43:03,413 - root - INFO - train data time=30.119881868362427, train step time=170.92751789093018, valid step time=59.95233416557312
2023-06-29 07:43:03,414 - root - INFO - Train loss: 0.20862159132957458. Valid loss: 0.2351119965314865
2023-06-29 07:56:07,100 - root - INFO - Time taken for epoch 86 is 783.6857600212097 sec
2023-06-29 07:56:07,101 - root - INFO - train data time=33.50022864341736, train step time=162.80010414123535, valid step time=59.26324963569641
2023-06-29 07:56:07,101 - root - INFO - Train loss: 0.20640762150287628. Valid loss: 0.2352057546377182
2023-06-29 08:09:10,776 - root - INFO - Val loss improved from 0.23508667945861816 to 0.23477202653884888
2023-06-29 08:09:12,396 - root - INFO - Time taken for epoch 87 is 785.2940604686737 sec
2023-06-29 08:09:12,396 - root - INFO - train data time=31.319273471832275, train step time=168.79217624664307, valid step time=59.62413454055786
2023-06-29 08:09:12,397 - root - INFO - Train loss: 0.21232667565345764. Valid loss: 0.23477202653884888
2023-06-29 08:22:15,928 - root - INFO - Time taken for epoch 88 is 783.5312848091125 sec
2023-06-29 08:22:15,929 - root - INFO - train data time=32.309547662734985, train step time=162.07258677482605, valid step time=59.31008505821228
2023-06-29 08:22:15,929 - root - INFO - Train loss: 0.21522583067417145. Valid loss: 0.23486462235450745
2023-06-29 08:35:13,219 - root - INFO - Time taken for epoch 89 is 777.2896854877472 sec
2023-06-29 08:35:13,220 - root - INFO - train data time=41.1386501789093, train step time=138.8768081665039, valid step time=59.060681104660034
2023-06-29 08:35:13,220 - root - INFO - Train loss: 0.20969171822071075. Valid loss: 0.23516803979873657
2023-06-29 08:48:13,940 - root - INFO - Time taken for epoch 90 is 780.7190732955933 sec
2023-06-29 08:48:13,940 - root - INFO - train data time=40.232102394104004, train step time=144.32958149909973, valid step time=60.394887924194336
2023-06-29 08:48:13,941 - root - INFO - Train loss: 0.20391283929347992. Valid loss: 0.23486724495887756
2023-06-29 09:01:16,896 - root - INFO - Time taken for epoch 91 is 782.9553394317627 sec
2023-06-29 09:01:16,897 - root - INFO - train data time=41.07165479660034, train step time=141.63950562477112, valid step time=59.492730140686035
2023-06-29 09:01:16,897 - root - INFO - Train loss: 0.201638326048851. Valid loss: 0.23490463197231293
2023-06-29 09:14:19,652 - root - INFO - Time taken for epoch 92 is 782.7541103363037 sec
2023-06-29 09:14:19,654 - root - INFO - train data time=35.92638421058655, train step time=156.41540360450745, valid step time=58.99503421783447
2023-06-29 09:14:19,655 - root - INFO - Train loss: 0.20715081691741943. Valid loss: 0.23557934165000916
2023-06-29 09:27:27,001 - root - INFO - Time taken for epoch 93 is 787.3460159301758 sec
2023-06-29 09:27:27,002 - root - INFO - train data time=37.3306679725647, train step time=158.03385424613953, valid step time=59.670613050460815
2023-06-29 09:27:27,002 - root - INFO - Train loss: 0.21428006887435913. Valid loss: 0.23814229667186737
2023-06-29 09:40:29,750 - root - INFO - Val loss improved from 0.23477202653884888 to 0.2344064563512802
2023-06-29 09:40:31,414 - root - INFO - Time taken for epoch 94 is 784.4119439125061 sec
2023-06-29 09:40:31,415 - root - INFO - train data time=30.10629105567932, train step time=173.0797221660614, valid step time=58.82933306694031
2023-06-29 09:40:31,415 - root - INFO - Train loss: 0.20381034910678864. Valid loss: 0.2344064563512802
2023-06-29 09:53:35,557 - root - INFO - Time taken for epoch 95 is 784.1421463489532 sec
2023-06-29 09:53:35,559 - root - INFO - train data time=31.006616830825806, train step time=171.4387776851654, valid step time=62.0398952960968
2023-06-29 09:53:35,559 - root - INFO - Train loss: 0.20749150216579437. Valid loss: 0.23502707481384277
2023-06-29 10:06:39,158 - root - INFO - Time taken for epoch 96 is 783.5987508296967 sec
2023-06-29 10:06:39,159 - root - INFO - train data time=30.89024806022644, train step time=167.28320956230164, valid step time=59.85529065132141
2023-06-29 10:06:39,159 - root - INFO - Train loss: 0.199387326836586. Valid loss: 0.2347826361656189
2023-06-29 10:19:42,274 - root - INFO - Time taken for epoch 97 is 783.1146929264069 sec
2023-06-29 10:19:42,274 - root - INFO - train data time=29.07914900779724, train step time=176.43600273132324, valid step time=60.24980187416077
2023-06-29 10:19:42,275 - root - INFO - Train loss: 0.2032725214958191. Valid loss: 0.23455333709716797
2023-06-29 10:32:38,620 - root - INFO - Time taken for epoch 98 is 776.3447942733765 sec
2023-06-29 10:32:38,620 - root - INFO - train data time=29.577027797698975, train step time=168.89134049415588, valid step time=59.78326916694641
2023-06-29 10:32:38,621 - root - INFO - Train loss: 0.20205862820148468. Valid loss: 0.2344837784767151
2023-06-29 10:45:43,943 - root - INFO - Time taken for epoch 99 is 785.3217127323151 sec
2023-06-29 10:45:43,943 - root - INFO - train data time=30.232879161834717, train step time=170.9557147026062, valid step time=61.78323411941528
2023-06-29 10:45:43,943 - root - INFO - Train loss: 0.2141156792640686. Valid loss: 0.24268923699855804
2023-06-29 10:58:42,650 - root - INFO - Time taken for epoch 100 is 778.7060277462006 sec
2023-06-29 10:58:42,650 - root - INFO - train data time=32.50733947753906, train step time=159.18792939186096, valid step time=58.955132246017456
2023-06-29 10:58:42,651 - root - INFO - Train loss: 0.20136968791484833. Valid loss: 0.23471933603286743
2023-06-29 11:11:44,373 - root - INFO - Val loss improved from 0.2344064563512802 to 0.23233698308467865
2023-06-29 11:11:46,617 - root - INFO - Time taken for epoch 101 is 783.9661588668823 sec
2023-06-29 11:11:46,618 - root - INFO - train data time=30.470642566680908, train step time=168.81843662261963, valid step time=59.3941912651062
2023-06-29 11:11:46,618 - root - INFO - Train loss: 0.20158062875270844. Valid loss: 0.23233698308467865
2023-06-29 11:24:46,859 - root - INFO - Time taken for epoch 102 is 780.2410497665405 sec
2023-06-29 11:24:46,860 - root - INFO - train data time=30.22710943222046, train step time=170.2711718082428, valid step time=58.60959815979004
2023-06-29 11:24:46,860 - root - INFO - Train loss: 0.20063093304634094. Valid loss: 0.23361104726791382
2023-06-29 11:37:48,104 - root - INFO - Time taken for epoch 103 is 781.2437734603882 sec
2023-06-29 11:37:48,105 - root - INFO - train data time=29.645421504974365, train step time=169.95302200317383, valid step time=59.51067519187927
2023-06-29 11:37:48,105 - root - INFO - Train loss: 0.19859352707862854. Valid loss: 0.23357075452804565
2023-06-29 11:50:50,998 - root - INFO - Time taken for epoch 104 is 782.8921864032745 sec
2023-06-29 11:50:50,998 - root - INFO - train data time=30.34333109855652, train step time=168.614098072052, valid step time=59.62363576889038
2023-06-29 11:50:50,999 - root - INFO - Train loss: 0.2018183320760727. Valid loss: 0.23367208242416382
2023-06-29 12:03:49,904 - root - INFO - Time taken for epoch 105 is 778.9048645496368 sec
2023-06-29 12:03:49,904 - root - INFO - train data time=31.592034578323364, train step time=164.45744252204895, valid step time=59.503557205200195
2023-06-29 12:03:49,905 - root - INFO - Train loss: 0.21617160737514496. Valid loss: 0.23397399485111237
2023-06-29 12:16:50,083 - root - INFO - Time taken for epoch 106 is 780.1776731014252 sec
2023-06-29 12:16:50,083 - root - INFO - train data time=33.47263145446777, train step time=156.06644320487976, valid step time=59.885289430618286
2023-06-29 12:16:50,083 - root - INFO - Train loss: 0.19921597838401794. Valid loss: 0.23328572511672974
2023-06-29 12:29:51,444 - root - INFO - Time taken for epoch 107 is 781.359851360321 sec
2023-06-29 12:29:51,444 - root - INFO - train data time=30.745492935180664, train step time=166.86365842819214, valid step time=59.333667278289795
2023-06-29 12:29:51,444 - root - INFO - Train loss: 0.1977989226579666. Valid loss: 0.23351415991783142
2023-06-29 12:42:48,415 - root - INFO - Time taken for epoch 108 is 776.9698138237 sec
2023-06-29 12:42:48,415 - root - INFO - train data time=29.72704243659973, train step time=171.3769748210907, valid step time=58.90312075614929
2023-06-29 12:42:48,415 - root - INFO - Train loss: 0.1973368227481842. Valid loss: 0.23332537710666656
2023-06-29 12:55:50,309 - root - INFO - Time taken for epoch 109 is 781.893506526947 sec
2023-06-29 12:55:50,310 - root - INFO - train data time=28.837840795516968, train step time=177.81545114517212, valid step time=59.580002784729004
2023-06-29 12:55:50,310 - root - INFO - Train loss: 0.19728723168373108. Valid loss: 0.23394685983657837
2023-06-29 13:08:53,744 - root - INFO - Time taken for epoch 110 is 783.4333000183105 sec
2023-06-29 13:08:53,744 - root - INFO - train data time=30.348561763763428, train step time=173.83862781524658, valid step time=60.10029125213623
2023-06-29 13:08:53,745 - root - INFO - Train loss: 0.19817599654197693. Valid loss: 0.23357538878917694
2023-06-29 13:21:57,264 - root - INFO - Time taken for epoch 111 is 783.5188446044922 sec
2023-06-29 13:21:57,265 - root - INFO - train data time=33.680951833724976, train step time=160.67573618888855, valid step time=59.112656116485596
2023-06-29 13:21:57,266 - root - INFO - Train loss: 0.19908887147903442. Valid loss: 0.23308615386486053
2023-06-29 13:34:58,020 - root - INFO - Time taken for epoch 112 is 780.7535021305084 sec
2023-06-29 13:34:58,020 - root - INFO - train data time=30.464234113693237, train step time=167.81253361701965, valid step time=59.685797929763794
2023-06-29 13:34:58,020 - root - INFO - Train loss: 0.19753265380859375. Valid loss: 0.23352406919002533
2023-06-29 13:47:57,204 - root - INFO - Time taken for epoch 113 is 779.183189868927 sec
2023-06-29 13:47:57,205 - root - INFO - train data time=29.87563157081604, train step time=172.6214542388916, valid step time=59.19656801223755
2023-06-29 13:47:57,205 - root - INFO - Train loss: 0.19677509367465973. Valid loss: 0.23290367424488068
2023-06-29 14:01:00,119 - root - INFO - Time taken for epoch 114 is 782.9142105579376 sec
2023-06-29 14:01:00,120 - root - INFO - train data time=34.33840799331665, train step time=158.33485865592957, valid step time=59.61346077919006
2023-06-29 14:01:00,120 - root - INFO - Train loss: 0.19777905941009521. Valid loss: 0.23314593732357025
2023-06-29 14:14:08,101 - root - INFO - Time taken for epoch 115 is 787.9797112941742 sec
2023-06-29 14:14:08,102 - root - INFO - train data time=39.08561873435974, train step time=148.31733870506287, valid step time=59.64903736114502
2023-06-29 14:14:08,102 - root - INFO - Train loss: 0.19502834975719452. Valid loss: 0.2331882119178772
2023-06-29 14:27:16,429 - root - INFO - Time taken for epoch 116 is 788.3266961574554 sec
2023-06-29 14:27:16,430 - root - INFO - train data time=42.36614632606506, train step time=138.5810465812683, valid step time=60.38911962509155
2023-06-29 14:27:16,430 - root - INFO - Train loss: 0.1954028308391571. Valid loss: 0.23300056159496307
2023-06-29 14:40:19,665 - root - INFO - Time taken for epoch 117 is 783.2339544296265 sec
2023-06-29 14:40:19,665 - root - INFO - train data time=41.518815755844116, train step time=143.03289580345154, valid step time=59.36482334136963
2023-06-29 14:40:19,665 - root - INFO - Train loss: 0.19539421796798706. Valid loss: 0.23318496346473694
2023-06-29 14:53:21,320 - root - INFO - Time taken for epoch 118 is 781.6546795368195 sec
2023-06-29 14:53:21,321 - root - INFO - train data time=29.997217178344727, train step time=177.58853960037231, valid step time=58.87946128845215
2023-06-29 14:53:21,321 - root - INFO - Train loss: 0.19719132781028748. Valid loss: 0.23348473012447357
2023-06-29 15:06:20,763 - root - INFO - Time taken for epoch 119 is 779.4415349960327 sec
2023-06-29 15:06:20,764 - root - INFO - train data time=32.75343203544617, train step time=155.7384593486786, valid step time=60.010730028152466
2023-06-29 15:06:20,764 - root - INFO - Train loss: 0.1960614025592804. Valid loss: 0.23330901563167572
2023-06-29 15:19:23,300 - root - INFO - Val loss improved from 0.23233698308467865 to 0.23222136497497559
2023-06-29 15:19:24,967 - root - INFO - Time taken for epoch 120 is 784.2023181915283 sec
2023-06-29 15:19:24,967 - root - INFO - train data time=30.11939835548401, train step time=174.70466375350952, valid step time=59.98297095298767
2023-06-29 15:19:24,967 - root - INFO - Train loss: 0.19576750695705414. Valid loss: 0.23222136497497559
2023-06-29 15:32:27,269 - root - INFO - Time taken for epoch 121 is 782.3016695976257 sec
2023-06-29 15:32:27,270 - root - INFO - train data time=34.45591330528259, train step time=157.24265503883362, valid step time=59.43369770050049
2023-06-29 15:32:27,270 - root - INFO - Train loss: 0.19531601667404175. Valid loss: 0.23330172896385193
2023-06-29 15:45:32,592 - root - INFO - Time taken for epoch 122 is 785.3211467266083 sec
2023-06-29 15:45:32,593 - root - INFO - train data time=30.686447143554688, train step time=170.39173579216003, valid step time=60.68285655975342
2023-06-29 15:45:32,593 - root - INFO - Train loss: 0.1942649930715561. Valid loss: 0.23305799067020416
2023-06-29 15:58:33,789 - root - INFO - Time taken for epoch 123 is 781.1957249641418 sec
2023-06-29 15:58:33,790 - root - INFO - train data time=30.28622269630432, train step time=170.86907267570496, valid step time=59.94396901130676
2023-06-29 15:58:33,790 - root - INFO - Train loss: 0.19575724005699158. Valid loss: 0.233235165476799
2023-06-29 16:11:42,710 - root - INFO - Time taken for epoch 124 is 788.9195189476013 sec
2023-06-29 16:11:42,710 - root - INFO - train data time=30.777639389038086, train step time=176.9993758201599, valid step time=59.52722907066345
2023-06-29 16:11:42,711 - root - INFO - Train loss: 0.19592691957950592. Valid loss: 0.23340946435928345
2023-06-29 16:24:45,708 - root - INFO - Time taken for epoch 125 is 782.9965567588806 sec
2023-06-29 16:24:45,708 - root - INFO - train data time=32.41536617279053, train step time=163.41986989974976, valid step time=59.78735542297363
2023-06-29 16:24:45,709 - root - INFO - Train loss: 0.19514158368110657. Valid loss: 0.23344363272190094
2023-06-29 16:37:47,714 - root - INFO - Time taken for epoch 126 is 782.0055022239685 sec
2023-06-29 16:37:47,715 - root - INFO - train data time=33.225847005844116, train step time=156.6106572151184, valid step time=60.62745666503906
2023-06-29 16:37:47,715 - root - INFO - Train loss: 0.19700948894023895. Valid loss: 0.23338188230991364
2023-06-29 16:50:50,688 - root - INFO - Time taken for epoch 127 is 782.9722013473511 sec
2023-06-29 16:50:50,688 - root - INFO - train data time=32.82747721672058, train step time=160.1224865913391, valid step time=59.83601665496826
2023-06-29 16:50:50,689 - root - INFO - Train loss: 0.19172468781471252. Valid loss: 0.23307614028453827
2023-06-29 17:03:53,153 - root - INFO - Val loss improved from 0.23222136497497559 to 0.2309504598379135
2023-06-29 17:03:54,869 - root - INFO - Time taken for epoch 128 is 784.1802382469177 sec
2023-06-29 17:03:54,870 - root - INFO - train data time=31.39223003387451, train step time=163.83487796783447, valid step time=59.335243225097656
2023-06-29 17:03:54,870 - root - INFO - Train loss: 0.1930093765258789. Valid loss: 0.2309504598379135
2023-06-29 17:16:54,274 - root - INFO - Time taken for epoch 129 is 779.4035403728485 sec
2023-06-29 17:16:54,274 - root - INFO - train data time=36.12609624862671, train step time=149.957129240036, valid step time=59.49111032485962
2023-06-29 17:16:54,275 - root - INFO - Train loss: 0.19336967170238495. Valid loss: 0.23315872251987457
2023-06-29 17:29:55,375 - root - INFO - Time taken for epoch 130 is 781.1003658771515 sec
2023-06-29 17:29:55,376 - root - INFO - train data time=33.65410876274109, train step time=159.41549944877625, valid step time=60.3599419593811
2023-06-29 17:29:55,376 - root - INFO - Train loss: 0.19339030981063843. Valid loss: 0.23340584337711334
2023-06-29 17:42:59,277 - root - INFO - Time taken for epoch 131 is 783.9001548290253 sec
2023-06-29 17:42:59,277 - root - INFO - train data time=32.52730631828308, train step time=163.5471270084381, valid step time=58.917093992233276
2023-06-29 17:42:59,278 - root - INFO - Train loss: 0.19595086574554443. Valid loss: 0.23355959355831146
2023-06-29 17:56:05,326 - root - INFO - Time taken for epoch 132 is 786.048201084137 sec
2023-06-29 17:56:05,328 - root - INFO - train data time=30.568655014038086, train step time=173.99247479438782, valid step time=60.62114143371582
2023-06-29 17:56:05,328 - root - INFO - Train loss: 0.194359689950943. Valid loss: 0.23321084678173065
2023-06-29 18:09:09,356 - root - INFO - Time taken for epoch 133 is 784.027396440506 sec
2023-06-29 18:09:09,357 - root - INFO - train data time=29.824443101882935, train step time=171.0602068901062, valid step time=59.92711853981018
2023-06-29 18:09:09,357 - root - INFO - Train loss: 0.19575585424900055. Valid loss: 0.23308701813220978
2023-06-29 18:22:08,435 - root - INFO - Time taken for epoch 134 is 779.077260017395 sec
2023-06-29 18:22:08,435 - root - INFO - train data time=30.05856990814209, train step time=172.04782223701477, valid step time=59.03835368156433
2023-06-29 18:22:08,436 - root - INFO - Train loss: 0.1933870166540146. Valid loss: 0.23364058136940002
2023-06-29 18:35:07,812 - root - INFO - Time taken for epoch 135 is 779.3760709762573 sec
2023-06-29 18:35:07,813 - root - INFO - train data time=29.676939010620117, train step time=172.41232538223267, valid step time=59.557207107543945
2023-06-29 18:35:07,813 - root - INFO - Train loss: 0.19195784628391266. Valid loss: 0.2335117906332016
2023-06-29 18:48:10,327 - root - INFO - Time taken for epoch 136 is 782.5132846832275 sec
2023-06-29 18:48:10,327 - root - INFO - train data time=33.629974126815796, train step time=158.92513132095337, valid step time=58.90626311302185
2023-06-29 18:48:10,327 - root - INFO - Train loss: 0.19234687089920044. Valid loss: 0.23341239988803864
2023-06-29 19:01:12,447 - root - INFO - Time taken for epoch 137 is 782.1196749210358 sec
2023-06-29 19:01:12,448 - root - INFO - train data time=31.307161569595337, train step time=164.99407267570496, valid step time=59.496217489242554
2023-06-29 19:01:12,448 - root - INFO - Train loss: 0.19328109920024872. Valid loss: 0.23339420557022095
2023-06-29 19:14:14,052 - root - INFO - Time taken for epoch 138 is 781.6036446094513 sec
2023-06-29 19:14:14,053 - root - INFO - train data time=32.25911045074463, train step time=156.1813280582428, valid step time=60.866060733795166
2023-06-29 19:14:14,053 - root - INFO - Train loss: 0.19472093880176544. Valid loss: 0.23362161219120026
2023-06-29 19:27:19,709 - root - INFO - Time taken for epoch 139 is 785.655579328537 sec
2023-06-29 19:27:19,710 - root - INFO - train data time=42.96939659118652, train step time=143.2708821296692, valid step time=59.280333280563354
2023-06-29 19:27:19,711 - root - INFO - Train loss: 0.19423288106918335. Valid loss: 0.23301935195922852
2023-06-29 19:40:27,344 - root - INFO - Time taken for epoch 140 is 787.6335251331329 sec
2023-06-29 19:40:27,345 - root - INFO - train data time=40.95906329154968, train step time=147.74245524406433, valid step time=60.56756067276001
2023-06-29 19:40:27,345 - root - INFO - Train loss: 0.19479900598526. Valid loss: 0.2335156798362732
2023-06-29 19:53:33,965 - root - INFO - Time taken for epoch 141 is 786.6192095279694 sec
2023-06-29 19:53:33,965 - root - INFO - train data time=38.052345514297485, train step time=150.18480968475342, valid step time=59.02551770210266
2023-06-29 19:53:33,966 - root - INFO - Train loss: 0.19372257590293884. Valid loss: 0.23317185044288635
2023-06-29 20:06:39,214 - root - INFO - Time taken for epoch 142 is 785.2475929260254 sec
2023-06-29 20:06:39,214 - root - INFO - train data time=31.453944206237793, train step time=167.6955804824829, valid step time=59.34335017204285
2023-06-29 20:06:39,214 - root - INFO - Train loss: 0.19180437922477722. Valid loss: 0.2334793508052826
2023-06-29 20:19:42,548 - root - INFO - Time taken for epoch 143 is 783.3333690166473 sec
2023-06-29 20:19:42,549 - root - INFO - train data time=33.71029210090637, train step time=161.9710578918457, valid step time=60.20297336578369
2023-06-29 20:19:42,549 - root - INFO - Train loss: 0.19570593535900116. Valid loss: 0.2336779236793518
2023-06-29 20:32:47,456 - root - INFO - Time taken for epoch 144 is 784.9069011211395 sec
2023-06-29 20:32:47,458 - root - INFO - train data time=32.67619848251343, train step time=163.7923400402069, valid step time=62.133790254592896
2023-06-29 20:32:47,458 - root - INFO - Train loss: 0.19361993670463562. Valid loss: 0.23364664614200592
2023-06-29 20:45:52,429 - root - INFO - Time taken for epoch 145 is 784.9706590175629 sec
2023-06-29 20:45:52,430 - root - INFO - train data time=32.63311505317688, train step time=162.04595470428467, valid step time=60.08360695838928
2023-06-29 20:45:52,430 - root - INFO - Train loss: 0.19740977883338928. Valid loss: 0.23365439474582672
2023-06-29 20:58:59,088 - root - INFO - Time taken for epoch 146 is 786.6573748588562 sec
2023-06-29 20:58:59,089 - root - INFO - train data time=29.771146535873413, train step time=181.6085753440857, valid step time=60.429970264434814
2023-06-29 20:58:59,089 - root - INFO - Train loss: 0.1945522129535675. Valid loss: 0.2336062490940094
2023-06-29 21:12:00,000 - root - INFO - Time taken for epoch 147 is 780.9107112884521 sec
2023-06-29 21:12:00,001 - root - INFO - train data time=32.57027983665466, train step time=157.83354687690735, valid step time=59.3213529586792
2023-06-29 21:12:00,001 - root - INFO - Train loss: 0.1976235806941986. Valid loss: 0.23331104218959808
2023-06-29 21:25:01,353 - root - INFO - Time taken for epoch 148 is 781.3519809246063 sec
2023-06-29 21:25:01,354 - root - INFO - train data time=39.74287009239197, train step time=143.24628829956055, valid step time=59.519439935684204
2023-06-29 21:25:01,354 - root - INFO - Train loss: 0.1924246996641159. Valid loss: 0.2334645837545395
2023-06-29 21:38:02,868 - root - INFO - Time taken for epoch 149 is 781.512868642807 sec
2023-06-29 21:38:02,868 - root - INFO - train data time=42.86662483215332, train step time=136.1176562309265, valid step time=59.60961079597473
2023-06-29 21:38:02,868 - root - INFO - Train loss: 0.19779664278030396. Valid loss: 0.23352999985218048
2023-06-29 21:51:03,902 - root - INFO - Terminating training after reaching params.max_epochs while LR scheduler is set to CosineAnnealingLR
2023-06-29 21:51:03,902 - root - INFO - Terminating training after reaching params.max_epochs while LR scheduler is set to CosineAnnealingLR
2023-06-29 21:51:03,902 - root - INFO - Terminating training after reaching params.max_epochs while LR scheduler is set to CosineAnnealingLR
2023-06-29 21:51:03,902 - root - INFO - Terminating training after reaching params.max_epochs while LR scheduler is set to CosineAnnealingLR
wandb: Waiting for W&B process to finish... (success).
paraai-n32-h-01-agent-101:1971212:1973616 [3] NCCL INFO [Service thread] Connection closed by localRank 3
paraai-n32-h-01-agent-101:1971210:1973617 [1] NCCL INFO [Service thread] Connection closed by localRank 1
paraai-n32-h-01-agent-101:1971210:1971210 [1] NCCL INFO comm 0x44966400 rank 1 nranks 16 cudaDev 1 busId 2000 - Abort COMPLETE
paraai-n32-h-01-agent-101:1971212:1971212 [3] NCCL INFO comm 0x3aaa6280 rank 3 nranks 16 cudaDev 3 busId 82000 - Abort COMPLETE
paraai-n32-h-01-agent-101:1971211:1973619 [2] NCCL INFO [Service thread] Connection closed by localRank 2
paraai-n32-h-01-agent-101:1971211:1971211 [2] NCCL INFO comm 0x7a264710 rank 2 nranks 16 cudaDev 2 busId 81000 - Abort COMPLETE
wandb: 
wandb: Run history:
wandb:         lr ███████▇▇▇▇▇▆▆▆▆▆▅▅▅▄▄▄▄▃▃▃▃▂▂▂▂▂▂▁▁▁▁▁▁
wandb: train_loss █▆▅▄▃▃▃▃▃▃▃▃▃▂▂▂▂▂▂▂▂▂▁▂▂▁▁▁▁▁▁▁▁▁▁▁▁▁▁▁
wandb:   valid_l1 █▆▄▃▃▂▃▃▂▂▂▂▂▂▂▂▂▁▁▂▁▁▁▁▁▁▁▁▁▁▁▁▁▁▁▁▁▁▁▁
wandb: valid_loss █▆▄▃▂▂▂▂▂▂▂▂▂▂▁▁▁▁▁▁▁▁▁▁▁▁▁▁▁▁▁▁▁▁▁▁▁▁▁▁
wandb: 
wandb: Run summary:
wandb:         lr 0.0
wandb: train_loss 0.19401
wandb:   valid_l1 0.0936
wandb: valid_loss 0.23324
wandb: 
wandb: You can sync this run to the cloud by running:
wandb: wandb sync /home/bingxing2/home/scx6115/Ocean_AI_model/wandb/offline-run-20230628_131210-x4vivm5y
wandb: Find logs at: ./wandb/offline-run-20230628_131210-x4vivm5y/logs
paraai-n32-h-01-agent-101:1971209:1973618 [0] NCCL INFO [Service thread] Connection closed by localRank 0
paraai-n32-h-01-agent-101:1971209:1971209 [0] NCCL INFO comm 0x4482cbd0 rank 0 nranks 16 cudaDev 0 busId 1000 - Abort COMPLETE
