master_addr is only used for static rdzv_backend and when rdzv_endpoint is not specified.
WARNING:torch.distributed.run:
*****************************************
Setting OMP_NUM_THREADS environment variable for each process to be 1 in default, to avoid your system being overloaded, please further tune the variable for optimal performance in your application as needed. 
*****************************************
paraai-n32-h-01-agent-87
paraai-n32-h-01-agent-87
paraai-n32-h-01-agent-87
paraai-n32-h-01-agent-87
000


0------------------ Configuration ------------------ ------------------ Configuration ------------------ ------------------ Configuration ------------------ 
   ------------------ Configuration ------------------ /home/bingxing2/home/scx6115/Ocean_AI_model/config/AFNO.yaml/home/bingxing2/home/scx6115/Ocean_AI_model/config/AFNO.yaml/home/bingxing2/home/scx6115/Ocean_AI_model/config/AFNO.yaml 


/home/bingxing2/home/scx6115/Ocean_AI_model/config/AFNO.yaml
log_to_wandb True
lr 0.0005
batch_size 32
max_epochs 500
scheduler CosineAnnealingLR
in_channels [0, 1, 2, 3, 4, 5, 6, 7, 8, 9, 10, 11, 12, 13, 14, 15, 16, 17, 18, 19, 20, 21, 22, 23, 24, 25, 26, 27, 28, 29]
out_channels [0, 1, 2, 3, 4, 5, 6, 7, 8, 9, 10, 11, 12, 13, 14, 15, 16, 17, 18, 19, 20, 21, 22, 23, 24]
N_in_channels 31
N_out_channels 25
img_size_h 720
img_size_w 1440
patch_size_h 5
patch_size_w 5
loss l2
num_data_workers 8
dt 1
n_history 0
prediction_type iterative
prediction_length 30
n_initial_conditions 5
ics_type default
save_raw_forecasts True
save_channel Falselog_to_wandb
 masked_accTrue 
Falselr
 maskpath0.0005 
Nonebatch_size
 perturb32 
Falsemax_epochs
 add_grid500 
Falsescheduler
 N_grid_channelsCosineAnnealingLR 
0in_channels
 gridtype[0, 1, 2, 3, 4, 5, 6, 7, 8, 9, 10, 11, 12, 13, 14, 15, 16, 17, 18, 19, 20, 21, 22, 23, 24, 25, 26, 27, 28, 29] 
sinusoidalout_channels
 roll[0, 1, 2, 3, 4, 5, 6, 7, 8, 9, 10, 11, 12, 13, 14, 15, 16, 17, 18, 19, 20, 21, 22, 23, 24] 
FalseN_in_channels
 num_blocks31 
8N_out_channels
 nettype25 
afnoimg_size_h
log_to_wandb patch_size 720 True
8
img_size_w
lr width 1440 0.0005
56
patch_size_h
batch_size modes 5 32
32
patch_size_w
max_epochs target 5 500
default
loss
scheduler enable_nhwc l2 CosineAnnealingLR
False
num_data_workers
in_channels optimizer_type 8 [0, 1, 2, 3, 4, 5, 6, 7, 8, 9, 10, 11, 12, 13, 14, 15, 16, 17, 18, 19, 20, 21, 22, 23, 24, 25, 26, 27, 28, 29]
FusedAdam
dt
out_channels normalize 1 [0, 1, 2, 3, 4, 5, 6, 7, 8, 9, 10, 11, 12, 13, 14, 15, 16, 17, 18, 19, 20, 21, 22, 23, 24]
True
log_to_wandbn_history
N_in_channels  normalization True0 31

zscore
lrprediction_type
N_out_channels  global_mins_path 0.0005iterative 25

./sample_00/train/global_mins.npy
batch_sizeprediction_length
img_size_h  global_maxs_path 3230 720

./sample_00/train/global_maxs.npy
max_epochsn_initial_conditions
img_size_w  global_means_path 5005 1440

./sample_00/train/global_means.npy
schedulerics_type
patch_size_h  global_stds_path CosineAnnealingLRdefault 5

./sample_00/train/global_stds.npy
in_channelssave_raw_forecasts
patch_size_w  train_data_path [0, 1, 2, 3, 4, 5, 6, 7, 8, 9, 10, 11, 12, 13, 14, 15, 16, 17, 18, 19, 20, 21, 22, 23, 24, 25, 26, 27, 28, 29]True 5

./sample_00/train
out_channelssave_channel
loss  valid_data_path [0, 1, 2, 3, 4, 5, 6, 7, 8, 9, 10, 11, 12, 13, 14, 15, 16, 17, 18, 19, 20, 21, 22, 23, 24]False l2

./sample_00/valid
N_in_channelsmasked_acc
num_data_workers  test_data_path 31False 8

./sample_00/test
N_out_channelsmaskpath
dt  land_mask 25None 1

True
img_size_hperturb
n_history  land_mask_path 720False 0

./sample_00/land_mask.h5
img_size_wadd_grid
prediction_type  orography 1440False iterative

True
patch_size_hN_grid_channels
prediction_length  orography_norm_zscore_path 50 30

./sample_00/orography_norm_zscore.h5
patch_size_wgridtype
n_initial_conditions  orography_norm_maxmin_path 5sinusoidal 5

./sample_00/orography_norm_maxmin.h5
lossroll
ics_type  exp_dir l2False default

./exp
num_data_workersnum_blocks
save_raw_forecasts  add_noise 88 True

False
dtnettype
save_channel  noise_std 1afno False

0
n_historypatch_size
masked_acc  crop_size_x 08 False

None
prediction_typewidth
maskpath  crop_size_y iterative56 None

None
prediction_lengthmodes
perturb  32 30
Falselog_to_screen
target
 n_initial_conditions add_gridTrue default 
5
Falsesave_checkpoint
enable_nhwc
 ics_type N_grid_channelsTrue False 
default
0plot_animations
optimizer_type
 save_raw_forecasts gridtypeFalse FusedAdam 
True
sinusoidal
normalize
---------------------------------------------------save_channel roll
 True Falseworld_size :
False
 normalization
masked_acc16 num_blocks 
zscore FalseInitialize distributed process group...
8

global_mins_path
maskpath nettype ./sample_00/train/global_mins.npy None
afno
global_maxs_path
perturb patch_size ./sample_00/train/global_maxs.npy False
8
global_means_path
add_grid width ./sample_00/train/global_means.npy False
56
global_stds_path
N_grid_channels modes ./sample_00/train/global_stds.npy 0
32
train_data_path
gridtype target ./sample_00/train sinusoidal
default
valid_data_path
roll enable_nhwc ./sample_00/valid False
False
test_data_path
num_blocks optimizer_type ./sample_00/test 8
FusedAdam
land_mask
nettype normalize True afno
True
land_mask_path
patch_size normalization ./sample_00/land_mask.h5 8
zscore
orography
width global_mins_path True 56
./sample_00/train/global_mins.npy
orography_norm_zscore_path
modes global_maxs_path ./sample_00/orography_norm_zscore.h5 32
./sample_00/train/global_maxs.npy
orography_norm_maxmin_path
target global_means_path ./sample_00/orography_norm_maxmin.h5 default
./sample_00/train/global_means.npy
exp_dir
enable_nhwc global_stds_path ./exp False
./sample_00/train/global_stds.npy
add_noise
optimizer_type train_data_path False FusedAdam
./sample_00/train
noise_std
normalize valid_data_path 0 True
./sample_00/valid
crop_size_x
normalization test_data_path None zscore
./sample_00/test
crop_size_y
global_mins_path land_mask None ./sample_00/train/global_mins.npy
True
log_to_screen
global_maxs_path land_mask_path True ./sample_00/train/global_maxs.npy
./sample_00/land_mask.h5
save_checkpoint
global_means_path orography True ./sample_00/train/global_means.npy
True
plot_animations
global_stds_path orography_norm_zscore_path False ./sample_00/train/global_stds.npy
./sample_00/orography_norm_zscore.h5

train_data_path---------------------------------------------------orography_norm_maxmin_path 
 ./sample_00/trainworld_size :./sample_00/orography_norm_maxmin.h5
 
valid_data_path16exp_dir 
 ./sample_00/validInitialize distributed process group..../exp


test_data_pathadd_noise  ./sample_00/testFalse

land_masknoise_std  True0

land_mask_pathcrop_size_x  ./sample_00/land_mask.h5None

orographycrop_size_y  TrueNone

orography_norm_zscore_pathlog_to_screen  ./sample_00/orography_norm_zscore.h5True

orography_norm_maxmin_pathsave_checkpoint  ./sample_00/orography_norm_maxmin.h5True

exp_dirplot_animations  ./expFalse

add_noise False
noise_std 0
---------------------------------------------------crop_size_x
 Noneworld_size :
 crop_size_y16 
NoneInitialize distributed process group...

log_to_screen True
save_checkpoint True
plot_animations False
---------------------------------------------------
world_size : 16
Initialize distributed process group...
2023-06-09 15:55:25,473 - torch.distributed.distributed_c10d - INFO - Added key: store_based_barrier_key:1 to store for rank: 3
2023-06-09 15:55:25,475 - torch.distributed.distributed_c10d - INFO - Added key: store_based_barrier_key:1 to store for rank: 2
2023-06-09 15:55:26,470 - torch.distributed.distributed_c10d - INFO - Added key: store_based_barrier_key:1 to store for rank: 1
2023-06-09 15:55:28,314 - torch.distributed.distributed_c10d - INFO - Added key: store_based_barrier_key:1 to store for rank: 0
2023-06-09 15:55:28,316 - torch.distributed.distributed_c10d - INFO - Rank 0: Completed store-based barrier for key:store_based_barrier_key:1 with 16 nodes.
2023-06-09 15:55:28,318 - torch.distributed.distributed_c10d - INFO - Rank 2: Completed store-based barrier for key:store_based_barrier_key:1 with 16 nodes.
2023-06-09 15:55:28,318 - torch.distributed.distributed_c10d - INFO - Rank 1: Completed store-based barrier for key:store_based_barrier_key:1 with 16 nodes.
2023-06-09 15:55:28,318 - torch.distributed.distributed_c10d - INFO - Rank 3: Completed store-based barrier for key:store_based_barrier_key:1 with 16 nodes.
2023-06-09 15:55:28,372 - root - INFO - device: cuda:2
2023-06-09 15:55:28,373 - root - INFO - rank 2, begin data loader init
2023-06-09 15:55:28,373 - root - INFO - device: cuda:1
2023-06-09 15:55:28,374 - root - INFO - device: cuda:3
2023-06-09 15:55:28,375 - root - INFO - rank 1, begin data loader init
2023-06-09 15:55:28,376 - root - INFO - rank 3, begin data loader init
2023-06-09 15:55:28,413 - root - INFO - Getting file stats from ./sample_00/train/2000.h5
2023-06-09 15:55:28,413 - root - INFO - Getting file stats from ./sample_00/train/2000.h5
2023-06-09 15:55:28,413 - root - INFO - Getting file stats from ./sample_00/train/2000.h5
2023-06-09 15:55:28,416 - root - INFO - Number of samples per year: 365
2023-06-09 15:55:28,417 - root - INFO - Number of samples per year: 365
2023-06-09 15:55:28,418 - root - INFO - Found data at path ./sample_00/train. Number of examples: 4015. Image Shape: 720 x 1440 x 30
2023-06-09 15:55:28,418 - root - INFO - Number of samples per year: 365
2023-06-09 15:55:28,419 - root - INFO - Found data at path ./sample_00/train. Number of examples: 4015. Image Shape: 720 x 1440 x 30
2023-06-09 15:55:28,420 - root - INFO - Delta t: 1 days
2023-06-09 15:55:28,421 - root - INFO - Found data at path ./sample_00/train. Number of examples: 4015. Image Shape: 720 x 1440 x 30
2023-06-09 15:55:28,422 - root - INFO - Delta t: 1 days
2023-06-09 15:55:28,423 - root - INFO - Including 0 days of past history in training at a frequency of 1 days
2023-06-09 15:55:28,424 - root - INFO - Delta t: 1 days
2023-06-09 15:55:28,425 - root - INFO - Including 0 days of past history in training at a frequency of 1 days
2023-06-09 15:55:28,427 - root - INFO - Including 0 days of past history in training at a frequency of 1 days
2023-06-09 15:55:28,430 - root - INFO - Getting file stats from ./sample_00/valid/2011.h5
2023-06-09 15:55:28,430 - root - INFO - Getting file stats from ./sample_00/valid/2011.h5
2023-06-09 15:55:28,430 - root - INFO - Getting file stats from ./sample_00/valid/2011.h5
2023-06-09 15:55:28,432 - root - INFO - Number of samples per year: 364
2023-06-09 15:55:28,433 - root - INFO - Number of samples per year: 364
2023-06-09 15:55:28,434 - root - INFO - Number of samples per year: 364
2023-06-09 15:55:28,434 - root - INFO - Found data at path ./sample_00/valid. Number of examples: 364. Image Shape: 720 x 1440 x 30
2023-06-09 15:55:28,435 - root - INFO - Found data at path ./sample_00/valid. Number of examples: 364. Image Shape: 720 x 1440 x 30
2023-06-09 15:55:28,436 - root - INFO - Found data at path ./sample_00/valid. Number of examples: 364. Image Shape: 720 x 1440 x 30
2023-06-09 15:55:28,437 - root - INFO - Delta t: 1 days
2023-06-09 15:55:28,437 - root - INFO - Delta t: 1 days
2023-06-09 15:55:28,438 - root - INFO - Delta t: 1 days
2023-06-09 15:55:28,439 - root - INFO - Including 0 days of past history in training at a frequency of 1 days
2023-06-09 15:55:28,440 - root - INFO - Including 0 days of past history in training at a frequency of 1 days
2023-06-09 15:55:28,441 - root - INFO - Including 0 days of past history in training at a frequency of 1 days
2023-06-09 15:55:28,442 - root - INFO - rank 1, data loader initialized
2023-06-09 15:55:28,443 - root - INFO - rank 2, data loader initialized
2023-06-09 15:55:28,444 - root - INFO - rank 3, data loader initialized
2023-06-09 15:55:28,466 - root - INFO - ------------------ Configuration ------------------
2023-06-09 15:55:28,468 - root - INFO - Configuration file: /home/bingxing2/home/scx6115/Ocean_AI_model/config/AFNO.yaml
2023-06-09 15:55:28,469 - root - INFO - Configuration name: afno_backbone
2023-06-09 15:55:28,470 - root - INFO - log_to_wandb True
2023-06-09 15:55:28,471 - root - INFO - lr 0.0005
2023-06-09 15:55:28,472 - root - INFO - batch_size 2
2023-06-09 15:55:28,473 - root - INFO - max_epochs 500
2023-06-09 15:55:28,474 - root - INFO - scheduler CosineAnnealingLR
2023-06-09 15:55:28,476 - root - INFO - in_channels [0, 1, 2, 3, 4, 5, 6, 7, 8, 9, 10, 11, 12, 13, 14, 15, 16, 17, 18, 19, 20, 21, 22, 23, 24, 25, 26, 27, 28, 29]
2023-06-09 15:55:28,476 - root - INFO - out_channels [0, 1, 2, 3, 4, 5, 6, 7, 8, 9, 10, 11, 12, 13, 14, 15, 16, 17, 18, 19, 20, 21, 22, 23, 24]
2023-06-09 15:55:28,478 - root - INFO - N_in_channels 31
2023-06-09 15:55:28,478 - root - INFO - N_out_channels 25
2023-06-09 15:55:28,480 - root - INFO - img_size_h 720
2023-06-09 15:55:28,480 - root - INFO - img_size_w 1440
2023-06-09 15:55:28,482 - root - INFO - patch_size_h 5
2023-06-09 15:55:28,483 - root - INFO - patch_size_w 5
2023-06-09 15:55:28,484 - root - INFO - loss l2
2023-06-09 15:55:28,485 - root - INFO - num_data_workers 8
2023-06-09 15:55:28,486 - root - INFO - dt 1
2023-06-09 15:55:28,487 - root - INFO - n_history 0
2023-06-09 15:55:28,488 - root - INFO - prediction_type iterative
2023-06-09 15:55:28,489 - root - INFO - prediction_length 30
2023-06-09 15:55:28,490 - root - INFO - n_initial_conditions 5
2023-06-09 15:55:28,491 - root - INFO - ics_type default
2023-06-09 15:55:28,491 - root - INFO - save_raw_forecasts True
2023-06-09 15:55:28,492 - root - INFO - save_channel False
2023-06-09 15:55:28,493 - root - INFO - masked_acc False
2023-06-09 15:55:28,495 - root - INFO - maskpath None
2023-06-09 15:55:28,496 - root - INFO - perturb False
2023-06-09 15:55:28,497 - root - INFO - add_grid False
2023-06-09 15:55:28,498 - root - INFO - N_grid_channels 0
2023-06-09 15:55:28,499 - root - INFO - gridtype sinusoidal
2023-06-09 15:55:28,500 - root - INFO - roll False
2023-06-09 15:55:28,501 - root - INFO - num_blocks 8
2023-06-09 15:55:28,502 - root - INFO - nettype afno
2023-06-09 15:55:28,503 - root - INFO - patch_size 8
2023-06-09 15:55:28,504 - root - INFO - width 56
2023-06-09 15:55:28,505 - root - INFO - modes 32
2023-06-09 15:55:28,506 - root - INFO - target default
2023-06-09 15:55:28,507 - root - INFO - enable_nhwc False
2023-06-09 15:55:28,508 - root - INFO - optimizer_type FusedAdam
2023-06-09 15:55:28,509 - root - INFO - normalize True
2023-06-09 15:55:28,510 - root - INFO - normalization zscore
2023-06-09 15:55:28,511 - root - INFO - global_mins_path ./sample_00/train/global_mins.npy
2023-06-09 15:55:28,512 - root - INFO - global_maxs_path ./sample_00/train/global_maxs.npy
2023-06-09 15:55:28,513 - root - INFO - global_means_path ./sample_00/train/global_means.npy
2023-06-09 15:55:28,514 - root - INFO - global_stds_path ./sample_00/train/global_stds.npy
2023-06-09 15:55:28,515 - root - INFO - train_data_path ./sample_00/train
2023-06-09 15:55:28,516 - root - INFO - valid_data_path ./sample_00/valid
2023-06-09 15:55:28,517 - root - INFO - test_data_path ./sample_00/test
2023-06-09 15:55:28,518 - root - INFO - land_mask True
2023-06-09 15:55:28,519 - root - INFO - land_mask_path ./sample_00/land_mask.h5
2023-06-09 15:55:28,520 - root - INFO - orography True
2023-06-09 15:55:28,521 - root - INFO - orography_norm_zscore_path ./sample_00/orography_norm_zscore.h5
2023-06-09 15:55:28,522 - root - INFO - orography_norm_maxmin_path ./sample_00/orography_norm_maxmin.h5
2023-06-09 15:55:28,523 - root - INFO - exp_dir ./exp
2023-06-09 15:55:28,524 - root - INFO - add_noise False
2023-06-09 15:55:28,526 - root - INFO - noise_std 0
2023-06-09 15:55:28,527 - root - INFO - crop_size_x None
2023-06-09 15:55:28,528 - root - INFO - crop_size_y None
2023-06-09 15:55:28,529 - root - INFO - log_to_screen True
2023-06-09 15:55:28,530 - root - INFO - save_checkpoint True
2023-06-09 15:55:28,531 - root - INFO - plot_animations False
2023-06-09 15:55:28,532 - root - INFO - epsilon_factor 0
2023-06-09 15:55:28,533 - root - INFO - world_size 16
2023-06-09 15:55:28,534 - root - INFO - local_rank 0
2023-06-09 15:55:28,535 - root - INFO - global_batch_size 32
2023-06-09 15:55:28,536 - root - INFO - enable_amp True
2023-06-09 15:55:28,537 - root - INFO - experiment_dir /home/bingxing2/home/scx6115/Ocean_AI_model/exp/afno_backbone/20230609-155507
2023-06-09 15:55:28,538 - root - INFO - checkpoint_path ./exp/afno_backbone/20230609-155507/training_checkpoints/ckpt.tar
2023-06-09 15:55:28,539 - root - INFO - best_checkpoint_path ./exp/afno_backbone/20230609-155507/training_checkpoints/best_ckpt.tar
2023-06-09 15:55:28,540 - root - INFO - resuming False
2023-06-09 15:55:28,541 - root - INFO - entity ocean_ai_model
2023-06-09 15:55:28,542 - root - INFO - project ai4science
2023-06-09 15:55:28,543 - root - INFO - group 025_daily
2023-06-09 15:55:28,544 - root - INFO - name afno_backbone_20230609-155507
2023-06-09 15:55:28,545 - root - INFO - ---------------------------------------------------
wandb: Tracking run with wandb version 0.15.3
wandb: W&B syncing is set to `offline` in this directory.  
wandb: Run `wandb online` or set WANDB_MODE=online to enable cloud syncing.
2023-06-09 15:55:37,467 - root - INFO - device: cuda:0
2023-06-09 15:55:37,467 - root - INFO - rank 0, begin data loader init
2023-06-09 15:55:37,470 - root - INFO - Getting file stats from ./sample_00/train/2000.h5
2023-06-09 15:55:37,472 - root - INFO - Number of samples per year: 365
2023-06-09 15:55:37,472 - root - INFO - Found data at path ./sample_00/train. Number of examples: 4015. Image Shape: 720 x 1440 x 30
2023-06-09 15:55:37,472 - root - INFO - Delta t: 1 days
2023-06-09 15:55:37,472 - root - INFO - Including 0 days of past history in training at a frequency of 1 days
2023-06-09 15:55:37,474 - root - INFO - Getting file stats from ./sample_00/valid/2011.h5
2023-06-09 15:55:37,475 - root - INFO - Number of samples per year: 364
2023-06-09 15:55:37,476 - root - INFO - Found data at path ./sample_00/valid. Number of examples: 364. Image Shape: 720 x 1440 x 30
2023-06-09 15:55:37,476 - root - INFO - Delta t: 1 days
2023-06-09 15:55:37,476 - root - INFO - Including 0 days of past history in training at a frequency of 1 days
2023-06-09 15:55:37,476 - root - INFO - rank 0, data loader initialized
paraai-n32-h-01-agent-87:2244768:2244768 [0] NCCL INFO Bootstrap : Using eth0:172.16.5.149<0>
paraai-n32-h-01-agent-87:2244768:2244768 [0] NCCL INFO NET/Plugin : No plugin found (libnccl-net.so), using internal implementation
paraai-n32-h-01-agent-87:2244768:2244768 [0] NCCL INFO cudaDriverVersion 11060
paraai-n32-h-01-agent-87:2244771:2244771 [3] NCCL INFO cudaDriverVersion 11060
NCCL version 2.14.3+cuda11.7
paraai-n32-h-01-agent-87:2244770:2244770 [2] NCCL INFO cudaDriverVersion 11060
paraai-n32-h-01-agent-87:2244769:2244769 [1] NCCL INFO cudaDriverVersion 11060
paraai-n32-h-01-agent-87:2244768:2245719 [0] NCCL INFO NCCL_IB_DISABLE set by environment to 0.
paraai-n32-h-01-agent-87:2244771:2244771 [3] NCCL INFO Bootstrap : Using eth0:172.16.5.149<0>
paraai-n32-h-01-agent-87:2244770:2244770 [2] NCCL INFO Bootstrap : Using eth0:172.16.5.149<0>
paraai-n32-h-01-agent-87:2244769:2244769 [1] NCCL INFO Bootstrap : Using eth0:172.16.5.149<0>
paraai-n32-h-01-agent-87:2244769:2244769 [1] NCCL INFO NET/Plugin : No plugin found (libnccl-net.so), using internal implementation
paraai-n32-h-01-agent-87:2244771:2244771 [3] NCCL INFO NET/Plugin : No plugin found (libnccl-net.so), using internal implementation
paraai-n32-h-01-agent-87:2244770:2244770 [2] NCCL INFO NET/Plugin : No plugin found (libnccl-net.so), using internal implementation
paraai-n32-h-01-agent-87:2244771:2245723 [3] NCCL INFO NCCL_IB_DISABLE set by environment to 0.
paraai-n32-h-01-agent-87:2244769:2245724 [1] NCCL INFO NCCL_IB_DISABLE set by environment to 0.
paraai-n32-h-01-agent-87:2244770:2245725 [2] NCCL INFO NCCL_IB_DISABLE set by environment to 0.
paraai-n32-h-01-agent-87:2244768:2245719 [0] NCCL INFO NET/IB : Using [0]mlx5_0:1/RoCE [1]mlx5_1:1/RoCE [2]mlx5_2:1/RoCE [3]mlx5_3:1/RoCE [RO]; OOB eth0:172.16.5.149<0>
paraai-n32-h-01-agent-87:2244768:2245719 [0] NCCL INFO Using network IB
paraai-n32-h-01-agent-87:2244770:2245725 [2] NCCL INFO NET/IB : Using [0]mlx5_0:1/RoCE [1]mlx5_1:1/RoCE [2]mlx5_2:1/RoCE [3]mlx5_3:1/RoCE [RO]; OOB eth0:172.16.5.149<0>
paraai-n32-h-01-agent-87:2244770:2245725 [2] NCCL INFO Using network IB
paraai-n32-h-01-agent-87:2244771:2245723 [3] NCCL INFO NET/IB : Using [0]mlx5_0:1/RoCE [1]mlx5_1:1/RoCE [2]mlx5_2:1/RoCE [3]mlx5_3:1/RoCE [RO]; OOB eth0:172.16.5.149<0>
paraai-n32-h-01-agent-87:2244771:2245723 [3] NCCL INFO Using network IB
paraai-n32-h-01-agent-87:2244769:2245724 [1] NCCL INFO NET/IB : Using [0]mlx5_0:1/RoCE [1]mlx5_1:1/RoCE [2]mlx5_2:1/RoCE [3]mlx5_3:1/RoCE [RO]; OOB eth0:172.16.5.149<0>
paraai-n32-h-01-agent-87:2244769:2245724 [1] NCCL INFO Using network IB
paraai-n32-h-01-agent-87:2244768:2245719 [0] NCCL INFO Setting affinity for GPU 0 to ffffffff
paraai-n32-h-01-agent-87:2244771:2245723 [3] NCCL INFO Setting affinity for GPU 3 to ffffffff,00000000,00000000
paraai-n32-h-01-agent-87:2244769:2245724 [1] NCCL INFO Setting affinity for GPU 1 to ffffffff
paraai-n32-h-01-agent-87:2244770:2245725 [2] NCCL INFO Setting affinity for GPU 2 to ffffffff,00000000,00000000
paraai-n32-h-01-agent-87:2244768:2245719 [0] NCCL INFO Channel 00/02 :    0   1   2   3   4   5   6   7   8   9  10  11  12  13  14  15
paraai-n32-h-01-agent-87:2244770:2245725 [2] NCCL INFO Trees [0] 3/-1/-1->2->1 [1] 3/-1/-1->2->1
paraai-n32-h-01-agent-87:2244768:2245719 [0] NCCL INFO Channel 01/02 :    0   1   2   3   4   5   6   7   8   9  10  11  12  13  14  15
paraai-n32-h-01-agent-87:2244769:2245724 [1] NCCL INFO Trees [0] 2/-1/-1->1->0 [1] 2/-1/-1->1->0
paraai-n32-h-01-agent-87:2244771:2245723 [3] NCCL INFO Trees [0] -1/-1/-1->3->2 [1] -1/-1/-1->3->2
paraai-n32-h-01-agent-87:2244768:2245719 [0] NCCL INFO Trees [0] 1/8/-1->0->-1 [1] 1/-1/-1->0->4
paraai-n32-h-01-agent-87:2244770:2245725 [2] NCCL INFO Channel 00 : 2[81000] -> 3[82000] via SHM/direct/direct
paraai-n32-h-01-agent-87:2244770:2245725 [2] NCCL INFO Channel 01 : 2[81000] -> 3[82000] via SHM/direct/direct
paraai-n32-h-01-agent-87:2244768:2245719 [0] NCCL INFO Channel 00/0 : 15[82000] -> 0[1000] [receive] via NET/IB/0
paraai-n32-h-01-agent-87:2244769:2245724 [1] NCCL INFO Channel 00 : 1[2000] -> 2[81000] via SHM/direct/direct
paraai-n32-h-01-agent-87:2244769:2245724 [1] NCCL INFO Channel 01 : 1[2000] -> 2[81000] via SHM/direct/direct
paraai-n32-h-01-agent-87:2244768:2245719 [0] NCCL INFO Channel 01/0 : 15[82000] -> 0[1000] [receive] via NET/IB/0
paraai-n32-h-01-agent-87:2244768:2245719 [0] NCCL INFO Channel 00 : 0[1000] -> 1[2000] via SHM/direct/direct
paraai-n32-h-01-agent-87:2244768:2245719 [0] NCCL INFO Channel 01 : 0[1000] -> 1[2000] via SHM/direct/direct
paraai-n32-h-01-agent-87:2244769:2245724 [1] NCCL INFO Connected all rings
paraai-n32-h-01-agent-87:2244769:2245724 [1] NCCL INFO Channel 00 : 1[2000] -> 0[1000] via SHM/direct/direct
paraai-n32-h-01-agent-87:2244769:2245724 [1] NCCL INFO Channel 01 : 1[2000] -> 0[1000] via SHM/direct/direct
paraai-n32-h-01-agent-87:2244771:2245723 [3] NCCL INFO Channel 00/0 : 3[82000] -> 4[1000] [send] via NET/IB/0
paraai-n32-h-01-agent-87:2244771:2245723 [3] NCCL INFO Channel 01/0 : 3[82000] -> 4[1000] [send] via NET/IB/0
paraai-n32-h-01-agent-87:2244768:2245739 [0] NCCL INFO NCCL_IB_GID_INDEX set by environment to 3.
paraai-n32-h-01-agent-87:2244768:2245739 [0] NCCL INFO NCCL_IB_TIMEOUT set by environment to 23.
paraai-n32-h-01-agent-87:2244768:2245739 [0] NCCL INFO NCCL_IB_RETRY_CNT set by environment to 7.
paraai-n32-h-01-agent-87:2244768:2245719 [0] NCCL INFO Connected all rings
paraai-n32-h-01-agent-87:2244768:2245719 [0] NCCL INFO Channel 01/0 : 0[1000] -> 4[1000] [send] via NET/IB/0
paraai-n32-h-01-agent-87:2244770:2245725 [2] NCCL INFO Connected all rings
paraai-n32-h-01-agent-87:2244770:2245725 [2] NCCL INFO Channel 00 : 2[81000] -> 1[2000] via SHM/direct/direct
paraai-n32-h-01-agent-87:2244770:2245725 [2] NCCL INFO Channel 01 : 2[81000] -> 1[2000] via SHM/direct/direct
paraai-n32-h-01-agent-87:2244771:2245740 [3] NCCL INFO NCCL_IB_GID_INDEX set by environment to 3.
paraai-n32-h-01-agent-87:2244771:2245723 [3] NCCL INFO Connected all rings
paraai-n32-h-01-agent-87:2244771:2245723 [3] NCCL INFO Channel 00 : 3[82000] -> 2[81000] via SHM/direct/direct
paraai-n32-h-01-agent-87:2244771:2245723 [3] NCCL INFO Channel 01 : 3[82000] -> 2[81000] via SHM/direct/direct
paraai-n32-h-01-agent-87:2244771:2245723 [3] NCCL INFO Connected all trees
paraai-n32-h-01-agent-87:2244771:2245723 [3] NCCL INFO threadThresholds 8/8/64 | 128/8/64 | 512 | 512
paraai-n32-h-01-agent-87:2244771:2245723 [3] NCCL INFO 2 coll channels, 2 p2p channels, 2 p2p channels per peer
paraai-n32-h-01-agent-87:2244770:2245725 [2] NCCL INFO Connected all trees
paraai-n32-h-01-agent-87:2244770:2245725 [2] NCCL INFO threadThresholds 8/8/64 | 128/8/64 | 512 | 512
paraai-n32-h-01-agent-87:2244770:2245725 [2] NCCL INFO 2 coll channels, 2 p2p channels, 2 p2p channels per peer
paraai-n32-h-01-agent-87:2244768:2245719 [0] NCCL INFO Channel 00/0 : 8[1000] -> 0[1000] [receive] via NET/IB/0
paraai-n32-h-01-agent-87:2244768:2245719 [0] NCCL INFO Channel 00/0 : 0[1000] -> 8[1000] [send] via NET/IB/0
paraai-n32-h-01-agent-87:2244768:2245719 [0] NCCL INFO Channel 01/0 : 4[1000] -> 0[1000] [receive] via NET/IB/0
paraai-n32-h-01-agent-87:2244768:2245719 [0] NCCL INFO Connected all trees
paraai-n32-h-01-agent-87:2244768:2245719 [0] NCCL INFO threadThresholds 8/8/64 | 128/8/64 | 512 | 512
paraai-n32-h-01-agent-87:2244768:2245719 [0] NCCL INFO 2 coll channels, 2 p2p channels, 2 p2p channels per peer
paraai-n32-h-01-agent-87:2244769:2245724 [1] NCCL INFO Connected all trees
paraai-n32-h-01-agent-87:2244769:2245724 [1] NCCL INFO threadThresholds 8/8/64 | 128/8/64 | 512 | 512
paraai-n32-h-01-agent-87:2244769:2245724 [1] NCCL INFO 2 coll channels, 2 p2p channels, 2 p2p channels per peer
paraai-n32-h-01-agent-87:2244770:2245725 [2] NCCL INFO comm 0x238ef480 rank 2 nranks 16 cudaDev 2 busId 81000 - Init COMPLETE
paraai-n32-h-01-agent-87:2244771:2245723 [3] NCCL INFO comm 0x36ef1d80 rank 3 nranks 16 cudaDev 3 busId 82000 - Init COMPLETE
paraai-n32-h-01-agent-87:2244768:2245719 [0] NCCL INFO comm 0x2beef340 rank 0 nranks 16 cudaDev 0 busId 1000 - Init COMPLETE
paraai-n32-h-01-agent-87:2244769:2245724 [1] NCCL INFO comm 0x23a5b340 rank 1 nranks 16 cudaDev 1 busId 2000 - Init COMPLETE
paraai-n32-h-01-agent-87:2244771:2245744 [3] NCCL INFO NCCL_IB_TIMEOUT set by environment to 23.
paraai-n32-h-01-agent-87:2244771:2245744 [3] NCCL INFO NCCL_IB_RETRY_CNT set by environment to 7.
2023-06-09 15:55:46,767 - root - INFO - Number of trainable model parameters: 75478272
2023-06-09 15:55:46,768 - root - INFO - Starting Training Loop...
2023-06-09 15:59:59,882 - root - INFO - Val loss improved from 1000000.0 to 0.5082094073295593
2023-06-09 16:00:00,943 - root - INFO - Time taken for epoch 1 is 254.17493605613708 sec
2023-06-09 16:00:00,944 - root - INFO - train data time=24.200801372528076, train step time=76.72146391868591, valid step time=147.2880575656891
2023-06-09 16:00:00,944 - root - INFO - Train loss: 0.4890785217285156. Valid loss: 0.5082094073295593
2023-06-09 16:04:06,159 - root - INFO - Val loss improved from 0.5082094073295593 to 0.43874552845954895
2023-06-09 16:04:07,305 - root - INFO - Time taken for epoch 2 is 246.36091494560242 sec
2023-06-09 16:04:07,306 - root - INFO - train data time=25.603864669799805, train step time=65.80483794212341, valid step time=147.71533966064453
2023-06-09 16:04:07,306 - root - INFO - Train loss: 0.4168073534965515. Valid loss: 0.43874552845954895
2023-06-09 16:08:09,785 - root - INFO - Val loss improved from 0.43874552845954895 to 0.4164891541004181
2023-06-09 16:08:11,155 - root - INFO - Time taken for epoch 3 is 243.8487627506256 sec
2023-06-09 16:08:11,156 - root - INFO - train data time=24.96256995201111, train step time=68.08140420913696, valid step time=143.4059751033783
2023-06-09 16:08:11,156 - root - INFO - Train loss: 0.39555230736732483. Valid loss: 0.4164891541004181
2023-06-09 16:12:17,226 - root - INFO - Val loss improved from 0.4164891541004181 to 0.39963993430137634
2023-06-09 16:12:18,364 - root - INFO - Time taken for epoch 4 is 247.2067584991455 sec
2023-06-09 16:12:18,364 - root - INFO - train data time=23.939932346343994, train step time=69.31988263130188, valid step time=146.90860795974731
2023-06-09 16:12:18,364 - root - INFO - Train loss: 0.38137349486351013. Valid loss: 0.39963993430137634
2023-06-09 16:16:21,141 - root - INFO - Val loss improved from 0.39963993430137634 to 0.39507296681404114
2023-06-09 16:16:22,281 - root - INFO - Time taken for epoch 5 is 243.91636109352112 sec
2023-06-09 16:16:22,282 - root - INFO - train data time=24.036534070968628, train step time=68.41630840301514, valid step time=146.32182693481445
2023-06-09 16:16:22,282 - root - INFO - Train loss: 0.37584084272384644. Valid loss: 0.39507296681404114
2023-06-09 16:20:28,290 - root - INFO - Val loss improved from 0.39507296681404114 to 0.37560024857521057
2023-06-09 16:20:29,362 - root - INFO - Time taken for epoch 6 is 247.08002853393555 sec
2023-06-09 16:20:29,363 - root - INFO - train data time=26.060968160629272, train step time=66.56316256523132, valid step time=147.56962084770203
2023-06-09 16:20:29,363 - root - INFO - Train loss: 0.37144139409065247. Valid loss: 0.37560024857521057
2023-06-09 16:24:34,891 - root - INFO - Val loss improved from 0.37560024857521057 to 0.371163934469223
2023-06-09 16:24:35,953 - root - INFO - Time taken for epoch 7 is 246.58943343162537 sec
2023-06-09 16:24:35,953 - root - INFO - train data time=22.995616912841797, train step time=69.72069191932678, valid step time=147.8441915512085
2023-06-09 16:24:35,953 - root - INFO - Train loss: 0.35589274764060974. Valid loss: 0.371163934469223
2023-06-09 16:28:35,044 - root - INFO - Time taken for epoch 8 is 239.0902373790741 sec
2023-06-09 16:28:35,044 - root - INFO - train data time=22.503623247146606, train step time=69.69627475738525, valid step time=141.01815485954285
2023-06-09 16:28:35,045 - root - INFO - Train loss: 0.36944541335105896. Valid loss: 0.37456220388412476
2023-06-09 16:32:35,928 - root - INFO - Val loss improved from 0.371163934469223 to 0.3587510287761688
2023-06-09 16:32:36,954 - root - INFO - Time taken for epoch 9 is 241.90906739234924 sec
2023-06-09 16:32:36,954 - root - INFO - train data time=25.38011384010315, train step time=67.97642755508423, valid step time=142.68496584892273
2023-06-09 16:32:36,955 - root - INFO - Train loss: 0.34878766536712646. Valid loss: 0.3587510287761688
2023-06-09 16:36:38,521 - root - INFO - Val loss improved from 0.3587510287761688 to 0.35305240750312805
2023-06-09 16:36:39,611 - root - INFO - Time taken for epoch 10 is 242.65568614006042 sec
2023-06-09 16:36:39,611 - root - INFO - train data time=23.937757968902588, train step time=68.95119023323059, valid step time=143.26880383491516
2023-06-09 16:36:39,611 - root - INFO - Train loss: 0.3440830111503601. Valid loss: 0.35305240750312805
2023-06-09 16:40:44,065 - root - INFO - Val loss improved from 0.35305240750312805 to 0.351376473903656
2023-06-09 16:40:45,316 - root - INFO - Time taken for epoch 11 is 245.70464992523193 sec
2023-06-09 16:40:45,317 - root - INFO - train data time=23.969432830810547, train step time=70.5770812034607, valid step time=145.7467348575592
2023-06-09 16:40:45,317 - root - INFO - Train loss: 0.3491871654987335. Valid loss: 0.351376473903656
2023-06-09 16:44:50,043 - root - INFO - Val loss improved from 0.351376473903656 to 0.34605830907821655
2023-06-09 16:44:51,058 - root - INFO - Time taken for epoch 12 is 245.74065136909485 sec
2023-06-09 16:44:51,059 - root - INFO - train data time=24.43390941619873, train step time=68.66261863708496, valid step time=146.06295466423035
2023-06-09 16:44:51,059 - root - INFO - Train loss: 0.3409207761287689. Valid loss: 0.34605830907821655
2023-06-09 16:48:57,167 - root - INFO - Val loss improved from 0.34605830907821655 to 0.34037351608276367
2023-06-09 16:48:58,195 - root - INFO - Time taken for epoch 13 is 247.13547444343567 sec
2023-06-09 16:48:58,195 - root - INFO - train data time=23.087761878967285, train step time=70.8499367237091, valid step time=146.6176393032074
2023-06-09 16:48:58,195 - root - INFO - Train loss: 0.3306306004524231. Valid loss: 0.34037351608276367
2023-06-09 16:53:03,657 - root - INFO - Val loss improved from 0.34037351608276367 to 0.34008991718292236
2023-06-09 16:53:04,769 - root - INFO - Time taken for epoch 14 is 246.5737235546112 sec
2023-06-09 16:53:04,770 - root - INFO - train data time=21.9683096408844, train step time=74.06255912780762, valid step time=145.06559205055237
2023-06-09 16:53:04,770 - root - INFO - Train loss: 0.33598196506500244. Valid loss: 0.34008991718292236
2023-06-09 16:57:12,470 - root - INFO - Val loss improved from 0.34008991718292236 to 0.3399929106235504
2023-06-09 16:57:13,457 - root - INFO - Time taken for epoch 15 is 248.68656754493713 sec
2023-06-09 16:57:13,457 - root - INFO - train data time=23.078084707260132, train step time=70.87229585647583, valid step time=147.4973623752594
2023-06-09 16:57:13,458 - root - INFO - Train loss: 0.3360609710216522. Valid loss: 0.3399929106235504
2023-06-09 17:01:22,830 - root - INFO - Val loss improved from 0.3399929106235504 to 0.3378101885318756
2023-06-09 17:01:23,927 - root - INFO - Time taken for epoch 16 is 250.46906352043152 sec
2023-06-09 17:01:23,927 - root - INFO - train data time=21.94271993637085, train step time=74.34405612945557, valid step time=147.7912676334381
2023-06-09 17:01:23,928 - root - INFO - Train loss: 0.3309031128883362. Valid loss: 0.3378101885318756
2023-06-09 17:05:29,621 - root - INFO - Val loss improved from 0.3378101885318756 to 0.3349964916706085
2023-06-09 17:05:30,620 - root - INFO - Time taken for epoch 17 is 246.69224333763123 sec
2023-06-09 17:05:30,621 - root - INFO - train data time=21.66849160194397, train step time=72.8420684337616, valid step time=146.42312026023865
2023-06-09 17:05:30,621 - root - INFO - Train loss: 0.3261980414390564. Valid loss: 0.3349964916706085
2023-06-09 17:09:34,930 - root - INFO - Val loss improved from 0.3349964916706085 to 0.33285829424858093
2023-06-09 17:09:35,916 - root - INFO - Time taken for epoch 18 is 245.2945041656494 sec
2023-06-09 17:09:35,916 - root - INFO - train data time=22.65812611579895, train step time=73.42488074302673, valid step time=144.10011839866638
2023-06-09 17:09:35,917 - root - INFO - Train loss: 0.33998143672943115. Valid loss: 0.33285829424858093
2023-06-09 17:13:47,704 - root - INFO - Val loss improved from 0.33285829424858093 to 0.3313015401363373
2023-06-09 17:13:48,704 - root - INFO - Time taken for epoch 19 is 252.7872850894928 sec
2023-06-09 17:13:48,705 - root - INFO - train data time=23.445536613464355, train step time=71.21622657775879, valid step time=152.0991611480713
2023-06-09 17:13:48,705 - root - INFO - Train loss: 0.32535552978515625. Valid loss: 0.3313015401363373
2023-06-09 17:17:55,079 - root - INFO - Time taken for epoch 20 is 246.37401509284973 sec
2023-06-09 17:17:55,080 - root - INFO - train data time=21.75030207633972, train step time=73.33123779296875, valid step time=145.81543397903442
2023-06-09 17:17:55,080 - root - INFO - Train loss: 0.3216986358165741. Valid loss: 0.33250105381011963
2023-06-09 17:22:04,997 - root - INFO - Val loss improved from 0.3313015401363373 to 0.3310689330101013
2023-06-09 17:22:06,108 - root - INFO - Time taken for epoch 21 is 251.02732300758362 sec
2023-06-09 17:22:06,108 - root - INFO - train data time=23.362013578414917, train step time=72.6168839931488, valid step time=147.11525583267212
2023-06-09 17:22:06,108 - root - INFO - Train loss: 0.328026682138443. Valid loss: 0.3310689330101013
2023-06-09 17:26:15,531 - root - INFO - Val loss improved from 0.3310689330101013 to 0.3268641233444214
2023-06-09 17:26:16,552 - root - INFO - Time taken for epoch 22 is 250.44350385665894 sec
2023-06-09 17:26:16,553 - root - INFO - train data time=21.61218023300171, train step time=74.0172975063324, valid step time=148.71416234970093
2023-06-09 17:26:16,553 - root - INFO - Train loss: 0.3226070702075958. Valid loss: 0.3268641233444214
2023-06-09 17:30:26,054 - root - INFO - Val loss improved from 0.3268641233444214 to 0.32431063055992126
2023-06-09 17:30:27,065 - root - INFO - Time taken for epoch 23 is 250.51191234588623 sec
2023-06-09 17:30:27,066 - root - INFO - train data time=21.85224986076355, train step time=74.17569375038147, valid step time=147.14130187034607
2023-06-09 17:30:27,066 - root - INFO - Train loss: 0.3164600431919098. Valid loss: 0.32431063055992126
2023-06-09 17:34:38,761 - root - INFO - Val loss improved from 0.32431063055992126 to 0.3213059604167938
2023-06-09 17:34:39,835 - root - INFO - Time taken for epoch 24 is 252.76813411712646 sec
2023-06-09 17:34:39,835 - root - INFO - train data time=21.938021183013916, train step time=75.97167348861694, valid step time=149.08072757720947
2023-06-09 17:34:39,835 - root - INFO - Train loss: 0.31094467639923096. Valid loss: 0.3213059604167938
2023-06-09 17:38:51,501 - root - INFO - Val loss improved from 0.3213059604167938 to 0.31941285729408264
2023-06-09 17:38:52,599 - root - INFO - Time taken for epoch 25 is 252.7634642124176 sec
2023-06-09 17:38:52,600 - root - INFO - train data time=23.37762999534607, train step time=73.27438521385193, valid step time=149.64838099479675
2023-06-09 17:38:52,600 - root - INFO - Train loss: 0.31192004680633545. Valid loss: 0.31941285729408264
2023-06-09 17:43:03,725 - root - INFO - Val loss improved from 0.31941285729408264 to 0.31789058446884155
2023-06-09 17:43:04,966 - root - INFO - Time taken for epoch 26 is 252.36566877365112 sec
2023-06-09 17:43:04,966 - root - INFO - train data time=28.358039617538452, train step time=68.16456651687622, valid step time=149.3870403766632
2023-06-09 17:43:04,967 - root - INFO - Train loss: 0.3125455379486084. Valid loss: 0.31789058446884155
2023-06-09 17:47:14,723 - root - INFO - Val loss improved from 0.31789058446884155 to 0.31661438941955566
2023-06-09 17:47:15,758 - root - INFO - Time taken for epoch 27 is 250.79110503196716 sec
2023-06-09 17:47:15,759 - root - INFO - train data time=22.33257555961609, train step time=75.21366667747498, valid step time=146.76513957977295
2023-06-09 17:47:15,759 - root - INFO - Train loss: 0.30607137084007263. Valid loss: 0.31661438941955566
2023-06-09 17:51:24,140 - root - INFO - Val loss improved from 0.31661438941955566 to 0.31519556045532227
2023-06-09 17:51:25,214 - root - INFO - Time taken for epoch 28 is 249.454838514328 sec
2023-06-09 17:51:25,214 - root - INFO - train data time=20.84830665588379, train step time=77.33595657348633, valid step time=146.30989146232605
2023-06-09 17:51:25,215 - root - INFO - Train loss: 0.3053990602493286. Valid loss: 0.31519556045532227
2023-06-09 17:55:36,779 - root - INFO - Val loss improved from 0.31519556045532227 to 0.31397032737731934
2023-06-09 17:55:37,894 - root - INFO - Time taken for epoch 29 is 252.6786448955536 sec
2023-06-09 17:55:37,894 - root - INFO - train data time=22.023234128952026, train step time=74.77614140510559, valid step time=149.0658860206604
2023-06-09 17:55:37,894 - root - INFO - Train loss: 0.30652281641960144. Valid loss: 0.31397032737731934
2023-06-09 17:59:46,228 - root - INFO - Val loss improved from 0.31397032737731934 to 0.3117809593677521
2023-06-09 17:59:47,334 - root - INFO - Time taken for epoch 30 is 249.43882274627686 sec
2023-06-09 17:59:47,334 - root - INFO - train data time=24.548489093780518, train step time=71.88233542442322, valid step time=146.37242603302002
2023-06-09 17:59:47,335 - root - INFO - Train loss: 0.30153757333755493. Valid loss: 0.3117809593677521
2023-06-09 18:03:57,632 - root - INFO - Val loss improved from 0.3117809593677521 to 0.30883562564849854
2023-06-09 18:03:58,806 - root - INFO - Time taken for epoch 31 is 251.4712269306183 sec
2023-06-09 18:03:58,807 - root - INFO - train data time=24.464701652526855, train step time=71.99728608131409, valid step time=148.14914464950562
2023-06-09 18:03:58,807 - root - INFO - Train loss: 0.2996847927570343. Valid loss: 0.30883562564849854
2023-06-09 18:08:08,379 - root - INFO - Time taken for epoch 32 is 249.5709993839264 sec
2023-06-09 18:08:08,380 - root - INFO - train data time=29.194674730300903, train step time=66.96478176116943, valid step time=148.09137415885925
2023-06-09 18:08:08,380 - root - INFO - Train loss: 0.3018605709075928. Valid loss: 0.31082600355148315
2023-06-09 18:12:19,882 - root - INFO - Val loss improved from 0.30883562564849854 to 0.3080735206604004
2023-06-09 18:12:21,101 - root - INFO - Time taken for epoch 33 is 252.71977519989014 sec
2023-06-09 18:12:21,101 - root - INFO - train data time=29.61419701576233, train step time=67.10422801971436, valid step time=148.4798023700714
2023-06-09 18:12:21,102 - root - INFO - Train loss: 0.3019641935825348. Valid loss: 0.3080735206604004
2023-06-09 18:16:29,405 - root - INFO - Val loss improved from 0.3080735206604004 to 0.30790552496910095
2023-06-09 18:16:30,517 - root - INFO - Time taken for epoch 34 is 249.41546750068665 sec
2023-06-09 18:16:30,518 - root - INFO - train data time=30.18590497970581, train step time=66.22297286987305, valid step time=146.2520158290863
2023-06-09 18:16:30,518 - root - INFO - Train loss: 0.30062705278396606. Valid loss: 0.30790552496910095
2023-06-09 18:20:42,172 - root - INFO - Val loss improved from 0.30790552496910095 to 0.3038724660873413
2023-06-09 18:20:43,405 - root - INFO - Time taken for epoch 35 is 252.8862943649292 sec
2023-06-09 18:20:43,405 - root - INFO - train data time=30.23534917831421, train step time=65.3869469165802, valid step time=149.9855329990387
2023-06-09 18:20:43,406 - root - INFO - Train loss: 0.29965585470199585. Valid loss: 0.3038724660873413
2023-06-09 18:24:52,997 - root - INFO - Val loss improved from 0.3038724660873413 to 0.3021412193775177
2023-06-09 18:24:54,220 - root - INFO - Time taken for epoch 36 is 250.81405353546143 sec
2023-06-09 18:24:54,221 - root - INFO - train data time=29.930333137512207, train step time=65.94542026519775, valid step time=147.81307911872864
2023-06-09 18:24:54,221 - root - INFO - Train loss: 0.292427659034729. Valid loss: 0.3021412193775177
2023-06-09 18:29:03,264 - root - INFO - Time taken for epoch 37 is 249.04227805137634 sec
2023-06-09 18:29:03,264 - root - INFO - train data time=31.110815286636353, train step time=65.1687068939209, valid step time=147.04505562782288
2023-06-09 18:29:03,265 - root - INFO - Train loss: 0.29382026195526123. Valid loss: 0.30453601479530334
2023-06-09 18:33:11,818 - root - INFO - Val loss improved from 0.3021412193775177 to 0.30082589387893677
2023-06-09 18:33:12,964 - root - INFO - Time taken for epoch 38 is 249.69923877716064 sec
2023-06-09 18:33:12,965 - root - INFO - train data time=29.174031734466553, train step time=68.85221648216248, valid step time=146.34082770347595
2023-06-09 18:33:12,965 - root - INFO - Train loss: 0.28984177112579346. Valid loss: 0.30082589387893677
2023-06-09 18:37:22,699 - root - INFO - Time taken for epoch 39 is 249.7336871623993 sec
2023-06-09 18:37:22,700 - root - INFO - train data time=29.66999864578247, train step time=67.19648623466492, valid step time=147.6777536869049
2023-06-09 18:37:22,700 - root - INFO - Train loss: 0.2908232808113098. Valid loss: 0.30089548230171204
2023-06-09 18:41:32,415 - root - INFO - Val loss improved from 0.30082589387893677 to 0.2971392869949341
2023-06-09 18:41:33,567 - root - INFO - Time taken for epoch 40 is 250.8662338256836 sec
2023-06-09 18:41:33,568 - root - INFO - train data time=27.779523134231567, train step time=69.81298112869263, valid step time=147.5390956401825
2023-06-09 18:41:33,568 - root - INFO - Train loss: 0.29119911789894104. Valid loss: 0.2971392869949341
2023-06-09 18:45:40,760 - root - INFO - Val loss improved from 0.2971392869949341 to 0.29659268260002136
2023-06-09 18:45:41,916 - root - INFO - Time taken for epoch 41 is 248.34822058677673 sec
2023-06-09 18:45:41,917 - root - INFO - train data time=26.62283992767334, train step time=69.91165089607239, valid step time=146.63115882873535
2023-06-09 18:45:41,917 - root - INFO - Train loss: 0.28694844245910645. Valid loss: 0.29659268260002136
2023-06-09 18:49:51,864 - root - INFO - Val loss improved from 0.29659268260002136 to 0.2932264804840088
2023-06-09 18:49:53,048 - root - INFO - Time taken for epoch 42 is 251.13013792037964 sec
2023-06-09 18:49:53,048 - root - INFO - train data time=27.193871021270752, train step time=69.67519783973694, valid step time=148.3776571750641
2023-06-09 18:49:53,048 - root - INFO - Train loss: 0.3061937391757965. Valid loss: 0.2932264804840088
2023-06-09 18:54:05,628 - root - INFO - Val loss improved from 0.2932264804840088 to 0.2926647365093231
2023-06-09 18:54:06,711 - root - INFO - Time taken for epoch 43 is 253.6623010635376 sec
2023-06-09 18:54:06,712 - root - INFO - train data time=27.387856006622314, train step time=68.95438027381897, valid step time=150.90335488319397
2023-06-09 18:54:06,712 - root - INFO - Train loss: 0.2841518819332123. Valid loss: 0.2926647365093231
2023-06-09 18:58:17,126 - root - INFO - Val loss improved from 0.2926647365093231 to 0.2912881374359131
2023-06-09 18:58:18,417 - root - INFO - Time taken for epoch 44 is 251.70522356033325 sec
2023-06-09 18:58:18,418 - root - INFO - train data time=26.822452306747437, train step time=69.23600888252258, valid step time=148.07749032974243
2023-06-09 18:58:18,418 - root - INFO - Train loss: 0.2818570137023926. Valid loss: 0.2912881374359131
2023-06-09 19:02:28,715 - root - INFO - Val loss improved from 0.2912881374359131 to 0.28827497363090515
2023-06-09 19:02:29,911 - root - INFO - Time taken for epoch 45 is 251.49225687980652 sec
2023-06-09 19:02:29,912 - root - INFO - train data time=29.62030792236328, train step time=66.91343998908997, valid step time=147.84249806404114
2023-06-09 19:02:29,912 - root - INFO - Train loss: 0.281389981508255. Valid loss: 0.28827497363090515
2023-06-09 19:06:39,508 - root - INFO - Time taken for epoch 46 is 249.59616374969482 sec
2023-06-09 19:06:39,509 - root - INFO - train data time=29.335001707077026, train step time=66.89326453208923, valid step time=147.89449524879456
2023-06-09 19:06:39,509 - root - INFO - Train loss: 0.28258636593818665. Valid loss: 0.2902696132659912
2023-06-09 19:10:50,184 - root - INFO - Time taken for epoch 47 is 250.674329996109 sec
2023-06-09 19:10:50,185 - root - INFO - train data time=29.535701990127563, train step time=67.33337879180908, valid step time=148.0400629043579
2023-06-09 19:10:50,185 - root - INFO - Train loss: 0.2761145532131195. Valid loss: 0.2883068025112152
2023-06-09 19:14:58,882 - root - INFO - Val loss improved from 0.28827497363090515 to 0.2860468029975891
2023-06-09 19:15:00,206 - root - INFO - Time taken for epoch 48 is 250.02057123184204 sec
2023-06-09 19:15:00,207 - root - INFO - train data time=30.069294214248657, train step time=67.87786912918091, valid step time=145.4726927280426
2023-06-09 19:15:00,207 - root - INFO - Train loss: 0.28007709980010986. Valid loss: 0.2860468029975891
2023-06-09 19:19:10,392 - root - INFO - Time taken for epoch 49 is 250.18423414230347 sec
2023-06-09 19:19:10,392 - root - INFO - train data time=29.431198120117188, train step time=66.10900068283081, valid step time=148.60400581359863
2023-06-09 19:19:10,393 - root - INFO - Train loss: 0.2773711681365967. Valid loss: 0.28698045015335083
2023-06-09 19:23:18,776 - root - INFO - Val loss improved from 0.2860468029975891 to 0.28222182393074036
2023-06-09 19:23:19,945 - root - INFO - Time taken for epoch 50 is 249.5520236492157 sec
2023-06-09 19:23:19,946 - root - INFO - train data time=29.10406804084778, train step time=67.08026218414307, valid step time=146.72253799438477
2023-06-09 19:23:19,946 - root - INFO - Train loss: 0.27563419938087463. Valid loss: 0.28222182393074036
2023-06-09 19:27:28,636 - root - INFO - Time taken for epoch 51 is 248.6891884803772 sec
2023-06-09 19:27:28,636 - root - INFO - train data time=30.37942123413086, train step time=65.51168513298035, valid step time=147.50539994239807
2023-06-09 19:27:28,637 - root - INFO - Train loss: 0.2738889157772064. Valid loss: 0.28285032510757446
2023-06-09 19:31:42,119 - root - INFO - Val loss improved from 0.28222182393074036 to 0.2806035578250885
2023-06-09 19:31:43,392 - root - INFO - Time taken for epoch 52 is 254.75513529777527 sec
2023-06-09 19:31:43,393 - root - INFO - train data time=29.13814401626587, train step time=67.80815815925598, valid step time=149.58061408996582
2023-06-09 19:31:43,393 - root - INFO - Train loss: 0.27158451080322266. Valid loss: 0.2806035578250885
2023-06-09 19:35:51,508 - root - INFO - Time taken for epoch 53 is 248.11510944366455 sec
2023-06-09 19:35:51,509 - root - INFO - train data time=30.009361028671265, train step time=66.22395753860474, valid step time=146.50821208953857
2023-06-09 19:35:51,509 - root - INFO - Train loss: 0.2693338096141815. Valid loss: 0.2821069061756134
2023-06-09 19:39:59,584 - root - INFO - Time taken for epoch 54 is 248.07460403442383 sec
2023-06-09 19:39:59,585 - root - INFO - train data time=29.385510444641113, train step time=68.20549821853638, valid step time=145.17227005958557
2023-06-09 19:39:59,586 - root - INFO - Train loss: 0.3363906145095825. Valid loss: 0.34760335087776184
2023-06-09 19:44:13,041 - root - INFO - Time taken for epoch 55 is 253.45553350448608 sec
2023-06-09 19:44:13,042 - root - INFO - train data time=29.88634419441223, train step time=67.09646248817444, valid step time=149.86710858345032
2023-06-09 19:44:13,043 - root - INFO - Train loss: 0.31942689418792725. Valid loss: 0.3261982202529907
2023-06-09 19:48:23,340 - root - INFO - Time taken for epoch 56 is 250.2967975139618 sec
2023-06-09 19:48:23,341 - root - INFO - train data time=29.530287742614746, train step time=67.65012001991272, valid step time=146.65452694892883
2023-06-09 19:48:23,341 - root - INFO - Train loss: 0.30559998750686646. Valid loss: 0.3152540922164917
2023-06-09 19:52:32,863 - root - INFO - Time taken for epoch 57 is 249.52210092544556 sec
2023-06-09 19:52:32,864 - root - INFO - train data time=29.191319465637207, train step time=69.29202508926392, valid step time=146.70464539527893
2023-06-09 19:52:32,864 - root - INFO - Train loss: 0.29439014196395874. Valid loss: 0.30591079592704773
2023-06-09 19:56:42,669 - root - INFO - Time taken for epoch 58 is 249.8044936656952 sec
2023-06-09 19:56:42,670 - root - INFO - train data time=28.268253803253174, train step time=67.73404431343079, valid step time=147.5782985687256
2023-06-09 19:56:42,670 - root - INFO - Train loss: 0.29071205854415894. Valid loss: 0.29874876141548157
2023-06-09 20:00:52,520 - root - INFO - Time taken for epoch 59 is 249.84916710853577 sec
2023-06-09 20:00:52,520 - root - INFO - train data time=27.987494230270386, train step time=67.93894839286804, valid step time=147.7915074825287
2023-06-09 20:00:52,521 - root - INFO - Train loss: 0.2845516800880432. Valid loss: 0.2935962677001953
2023-06-09 20:05:02,702 - root - INFO - Time taken for epoch 60 is 250.18076181411743 sec
2023-06-09 20:05:02,702 - root - INFO - train data time=27.877670288085938, train step time=69.25194334983826, valid step time=148.42885732650757
2023-06-09 20:05:02,703 - root - INFO - Train loss: 0.28006720542907715. Valid loss: 0.29029908776283264
2023-06-09 20:09:12,904 - root - INFO - Time taken for epoch 61 is 250.20150136947632 sec
2023-06-09 20:09:12,905 - root - INFO - train data time=27.539844751358032, train step time=71.22528100013733, valid step time=147.39273142814636
2023-06-09 20:09:12,905 - root - INFO - Train loss: 0.27892714738845825. Valid loss: 0.2867429256439209
2023-06-09 20:13:23,579 - root - INFO - Time taken for epoch 62 is 250.67379665374756 sec
2023-06-09 20:13:23,580 - root - INFO - train data time=27.94277787208557, train step time=68.35624432563782, valid step time=148.9870195388794
2023-06-09 20:13:23,580 - root - INFO - Train loss: 0.27555304765701294. Valid loss: 0.28496238589286804
2023-06-09 20:17:33,906 - root - INFO - Time taken for epoch 63 is 250.32581233978271 sec
2023-06-09 20:17:33,907 - root - INFO - train data time=26.154692888259888, train step time=70.21249651908875, valid step time=148.88875007629395
2023-06-09 20:17:33,907 - root - INFO - Train loss: 0.2838582396507263. Valid loss: 0.2844880223274231
2023-06-09 20:21:42,304 - root - INFO - Time taken for epoch 64 is 248.39595985412598 sec
2023-06-09 20:21:42,304 - root - INFO - train data time=28.870222568511963, train step time=67.21420168876648, valid step time=146.0085437297821
2023-06-09 20:21:42,305 - root - INFO - Train loss: 0.273282915353775. Valid loss: 0.2837868630886078
2023-06-09 20:25:50,419 - root - INFO - Val loss improved from 0.2806035578250885 to 0.27996137738227844
2023-06-09 20:25:51,647 - root - INFO - Time taken for epoch 65 is 249.34160089492798 sec
2023-06-09 20:25:51,647 - root - INFO - train data time=28.182319164276123, train step time=67.17857670783997, valid step time=146.49134874343872
2023-06-09 20:25:51,648 - root - INFO - Train loss: 0.27287840843200684. Valid loss: 0.27996137738227844
2023-06-09 20:29:58,919 - root - INFO - Time taken for epoch 66 is 247.27097487449646 sec
2023-06-09 20:29:58,920 - root - INFO - train data time=26.002276182174683, train step time=70.59945607185364, valid step time=145.52831888198853
2023-06-09 20:29:58,920 - root - INFO - Train loss: 0.29381707310676575. Valid loss: 0.2810307741165161
2023-06-09 20:34:08,647 - root - INFO - Val loss improved from 0.27996137738227844 to 0.27976781129837036
2023-06-09 20:34:09,782 - root - INFO - Time taken for epoch 67 is 250.86194372177124 sec
2023-06-09 20:34:09,783 - root - INFO - train data time=29.09684443473816, train step time=66.0448796749115, valid step time=148.39858722686768
2023-06-09 20:34:09,783 - root - INFO - Train loss: 0.2711954712867737. Valid loss: 0.27976781129837036
2023-06-09 20:38:12,781 - root - INFO - Val loss improved from 0.27976781129837036 to 0.27773529291152954
2023-06-09 20:38:13,997 - root - INFO - Time taken for epoch 68 is 244.21402621269226 sec
2023-06-09 20:38:13,998 - root - INFO - train data time=29.38622760772705, train step time=64.20468735694885, valid step time=143.61788129806519
2023-06-09 20:38:13,998 - root - INFO - Train loss: 0.2659273147583008. Valid loss: 0.27773529291152954
2023-06-09 20:42:21,700 - root - INFO - Val loss improved from 0.27773529291152954 to 0.27744409441947937
2023-06-09 20:42:23,066 - root - INFO - Time taken for epoch 69 is 249.06733417510986 sec
2023-06-09 20:42:23,067 - root - INFO - train data time=31.930934190750122, train step time=62.47812867164612, valid step time=146.8640878200531
2023-06-09 20:42:23,067 - root - INFO - Train loss: 0.26826298236846924. Valid loss: 0.27744409441947937
2023-06-09 20:46:30,864 - root - INFO - Val loss improved from 0.27744409441947937 to 0.2760988473892212
2023-06-09 20:46:32,171 - root - INFO - Time taken for epoch 70 is 249.10344195365906 sec
2023-06-09 20:46:32,171 - root - INFO - train data time=30.417670965194702, train step time=64.269362449646, valid step time=147.38273882865906
2023-06-09 20:46:32,172 - root - INFO - Train loss: 0.26491203904151917. Valid loss: 0.2760988473892212
2023-06-09 20:50:38,922 - root - INFO - Time taken for epoch 71 is 246.75037121772766 sec
2023-06-09 20:50:38,923 - root - INFO - train data time=28.32499861717224, train step time=67.18051505088806, valid step time=146.44078993797302
2023-06-09 20:50:38,923 - root - INFO - Train loss: 0.2725537121295929. Valid loss: 0.27713364362716675
2023-06-09 20:54:44,504 - root - INFO - Time taken for epoch 72 is 245.58080577850342 sec
2023-06-09 20:54:44,505 - root - INFO - train data time=27.270519018173218, train step time=68.14002394676208, valid step time=145.7429234981537
2023-06-09 20:54:44,505 - root - INFO - Train loss: 0.2665145695209503. Valid loss: 0.2766757607460022
2023-06-09 20:58:52,992 - root - INFO - Val loss improved from 0.2760988473892212 to 0.27457430958747864
2023-06-09 20:58:54,141 - root - INFO - Time taken for epoch 73 is 249.6352276802063 sec
2023-06-09 20:58:54,141 - root - INFO - train data time=26.731176376342773, train step time=70.52104234695435, valid step time=147.1657474040985
2023-06-09 20:58:54,142 - root - INFO - Train loss: 0.26354748010635376. Valid loss: 0.27457430958747864
2023-06-09 21:03:03,315 - root - INFO - Val loss improved from 0.27457430958747864 to 0.2734611928462982
2023-06-09 21:03:04,597 - root - INFO - Time taken for epoch 74 is 250.45527601242065 sec
2023-06-09 21:03:04,598 - root - INFO - train data time=28.270443439483643, train step time=66.30997228622437, valid step time=149.40376496315002
2023-06-09 21:03:04,598 - root - INFO - Train loss: 0.2694775462150574. Valid loss: 0.2734611928462982
2023-06-09 21:07:10,944 - root - INFO - Val loss improved from 0.2734611928462982 to 0.2721538245677948
2023-06-09 21:07:12,230 - root - INFO - Time taken for epoch 75 is 247.63101196289062 sec
2023-06-09 21:07:12,230 - root - INFO - train data time=29.053001403808594, train step time=65.51435256004333, valid step time=145.63474655151367
2023-06-09 21:07:12,231 - root - INFO - Train loss: 0.2630195915699005. Valid loss: 0.2721538245677948
2023-06-09 21:11:16,231 - root - INFO - Val loss improved from 0.2721538245677948 to 0.2714008092880249
2023-06-09 21:11:17,350 - root - INFO - Time taken for epoch 76 is 245.11868524551392 sec
2023-06-09 21:11:17,350 - root - INFO - train data time=28.968303680419922, train step time=65.66665196418762, valid step time=144.05078268051147
2023-06-09 21:11:17,350 - root - INFO - Train loss: 0.26288142800331116. Valid loss: 0.2714008092880249
2023-06-09 21:15:21,057 - root - INFO - Time taken for epoch 77 is 243.70668244361877 sec
2023-06-09 21:15:21,058 - root - INFO - train data time=30.19468331336975, train step time=64.43229126930237, valid step time=143.87046575546265
2023-06-09 21:15:21,058 - root - INFO - Train loss: 0.2881390154361725. Valid loss: 0.27185747027397156
2023-06-09 21:19:27,200 - root - INFO - Val loss improved from 0.2714008092880249 to 0.2702223062515259
2023-06-09 21:19:28,460 - root - INFO - Time taken for epoch 78 is 247.40151071548462 sec
2023-06-09 21:19:28,461 - root - INFO - train data time=29.87321424484253, train step time=64.23422574996948, valid step time=146.07635283470154
2023-06-09 21:19:28,461 - root - INFO - Train loss: 0.2582118511199951. Valid loss: 0.2702223062515259
2023-06-09 21:23:33,246 - root - INFO - Time taken for epoch 79 is 244.784255027771 sec
2023-06-09 21:23:33,247 - root - INFO - train data time=30.730772733688354, train step time=64.16383743286133, valid step time=144.6350290775299
2023-06-09 21:23:33,247 - root - INFO - Train loss: 0.26151031255722046. Valid loss: 0.27033060789108276
2023-06-09 21:27:38,106 - root - INFO - Val loss improved from 0.2702223062515259 to 0.26877328753471375
2023-06-09 21:27:39,289 - root - INFO - Time taken for epoch 80 is 246.0420045852661 sec
2023-06-09 21:27:39,290 - root - INFO - train data time=30.2275128364563, train step time=65.6961522102356, valid step time=143.90664148330688
2023-06-09 21:27:39,290 - root - INFO - Train loss: 0.25664442777633667. Valid loss: 0.26877328753471375
2023-06-09 21:31:41,789 - root - INFO - Time taken for epoch 81 is 242.4987337589264 sec
2023-06-09 21:31:41,790 - root - INFO - train data time=31.224791288375854, train step time=62.83539366722107, valid step time=143.27744698524475
2023-06-09 21:31:41,790 - root - INFO - Train loss: 0.25856220722198486. Valid loss: 0.26902881264686584
2023-06-09 21:35:45,644 - root - INFO - Time taken for epoch 82 is 243.85385870933533 sec
2023-06-09 21:35:45,645 - root - INFO - train data time=31.176669120788574, train step time=63.15407729148865, valid step time=144.45042371749878
2023-06-09 21:35:45,645 - root - INFO - Train loss: 0.2769719362258911. Valid loss: 0.2687855660915375
2023-06-09 21:39:54,138 - root - INFO - Val loss improved from 0.26877328753471375 to 0.26749926805496216
2023-06-09 21:39:55,432 - root - INFO - Time taken for epoch 83 is 249.7861294746399 sec
2023-06-09 21:39:55,432 - root - INFO - train data time=29.854231357574463, train step time=65.94045782089233, valid step time=146.39174389839172
2023-06-09 21:39:55,432 - root - INFO - Train loss: 0.2817637324333191. Valid loss: 0.26749926805496216
2023-06-09 21:44:06,829 - root - INFO - Time taken for epoch 84 is 251.39647030830383 sec
2023-06-09 21:44:06,830 - root - INFO - train data time=31.0143461227417, train step time=64.60383176803589, valid step time=149.61322617530823
2023-06-09 21:44:06,830 - root - INFO - Train loss: 0.26492297649383545. Valid loss: 0.28480225801467896
2023-06-09 21:48:12,804 - root - INFO - Time taken for epoch 85 is 245.97363877296448 sec
2023-06-09 21:48:12,805 - root - INFO - train data time=31.975003004074097, train step time=62.31136775016785, valid step time=145.6426558494568
2023-06-09 21:48:12,805 - root - INFO - Train loss: 0.2662283778190613. Valid loss: 0.27715247869491577
2023-06-09 21:52:17,222 - root - INFO - Val loss improved from 0.26749926805496216 to 0.2657088041305542
2023-06-09 21:52:18,407 - root - INFO - Time taken for epoch 86 is 245.6016721725464 sec
2023-06-09 21:52:18,408 - root - INFO - train data time=29.63201642036438, train step time=66.30269360542297, valid step time=143.21014285087585
2023-06-09 21:52:18,408 - root - INFO - Train loss: 0.25518855452537537. Valid loss: 0.2657088041305542
2023-06-09 21:56:22,896 - root - INFO - Val loss improved from 0.2657088041305542 to 0.26483139395713806
2023-06-09 21:56:24,059 - root - INFO - Time taken for epoch 87 is 245.6498999595642 sec
2023-06-09 21:56:24,059 - root - INFO - train data time=29.49840521812439, train step time=65.83835291862488, valid step time=143.91246581077576
2023-06-09 21:56:24,059 - root - INFO - Train loss: 0.2580054998397827. Valid loss: 0.26483139395713806
2023-06-09 22:00:29,649 - root - INFO - Val loss improved from 0.26483139395713806 to 0.26380404829978943
2023-06-09 22:00:30,787 - root - INFO - Time taken for epoch 88 is 246.72754383087158 sec
2023-06-09 22:00:30,788 - root - INFO - train data time=30.88768720626831, train step time=64.65935254096985, valid step time=145.5654125213623
2023-06-09 22:00:30,788 - root - INFO - Train loss: 0.26082468032836914. Valid loss: 0.26380404829978943
2023-06-09 22:04:32,668 - root - INFO - Time taken for epoch 89 is 241.87936234474182 sec
2023-06-09 22:04:32,668 - root - INFO - train data time=29.910813808441162, train step time=64.05098152160645, valid step time=142.28978204727173
2023-06-09 22:04:32,669 - root - INFO - Train loss: 0.2549571990966797. Valid loss: 0.26424020528793335
2023-06-09 22:08:40,951 - root - INFO - Val loss improved from 0.26380404829978943 to 0.26315510272979736
2023-06-09 22:08:42,236 - root - INFO - Time taken for epoch 90 is 249.56692385673523 sec
2023-06-09 22:08:42,236 - root - INFO - train data time=30.277978897094727, train step time=66.07214975357056, valid step time=147.2273850440979
2023-06-09 22:08:42,237 - root - INFO - Train loss: 0.25050148367881775. Valid loss: 0.26315510272979736
2023-06-09 22:12:46,482 - root - INFO - Val loss improved from 0.26315510272979736 to 0.26286253333091736
2023-06-09 22:12:47,779 - root - INFO - Time taken for epoch 91 is 245.5418198108673 sec
2023-06-09 22:12:47,780 - root - INFO - train data time=29.012819528579712, train step time=66.09099006652832, valid step time=143.5011649131775
2023-06-09 22:12:47,780 - root - INFO - Train loss: 0.2485891580581665. Valid loss: 0.26286253333091736
2023-06-09 22:16:57,891 - root - INFO - Val loss improved from 0.26286253333091736 to 0.26192060112953186
2023-06-09 22:16:59,063 - root - INFO - Time taken for epoch 92 is 251.2704610824585 sec
2023-06-09 22:16:59,064 - root - INFO - train data time=30.411977291107178, train step time=65.11838054656982, valid step time=149.15067267417908
2023-06-09 22:16:59,064 - root - INFO - Train loss: 0.2542495131492615. Valid loss: 0.26192060112953186
2023-06-09 22:21:03,198 - root - INFO - Val loss improved from 0.26192060112953186 to 0.2619093656539917
2023-06-09 22:21:04,457 - root - INFO - Time taken for epoch 93 is 245.39281702041626 sec
2023-06-09 22:21:04,458 - root - INFO - train data time=29.830770254135132, train step time=65.43281650543213, valid step time=143.6961019039154
2023-06-09 22:21:04,458 - root - INFO - Train loss: 0.25322675704956055. Valid loss: 0.2619093656539917
2023-06-09 22:25:09,412 - root - INFO - Val loss improved from 0.2619093656539917 to 0.2617700695991516
2023-06-09 22:25:10,556 - root - INFO - Time taken for epoch 94 is 246.09715938568115 sec
2023-06-09 22:25:10,556 - root - INFO - train data time=30.133636236190796, train step time=65.31618094444275, valid step time=143.9940686225891
2023-06-09 22:25:10,556 - root - INFO - Train loss: 0.24970032274723053. Valid loss: 0.2617700695991516
2023-06-09 22:29:14,383 - root - INFO - Val loss improved from 0.2617700695991516 to 0.25989872217178345
2023-06-09 22:29:15,631 - root - INFO - Time taken for epoch 95 is 245.073801279068 sec
2023-06-09 22:29:15,631 - root - INFO - train data time=28.87894058227539, train step time=65.05387663841248, valid step time=144.28748607635498
2023-06-09 22:29:15,631 - root - INFO - Train loss: 0.25058621168136597. Valid loss: 0.25989872217178345
2023-06-09 22:33:25,508 - root - INFO - Time taken for epoch 96 is 249.87657284736633 sec
2023-06-09 22:33:25,509 - root - INFO - train data time=30.97722291946411, train step time=65.5283579826355, valid step time=147.93275690078735
2023-06-09 22:33:25,509 - root - INFO - Train loss: 0.2456049919128418. Valid loss: 0.2619470953941345
2023-06-09 22:37:33,001 - root - INFO - Val loss improved from 0.25989872217178345 to 0.2597779929637909
2023-06-09 22:37:34,181 - root - INFO - Time taken for epoch 97 is 248.67143774032593 sec
2023-06-09 22:37:34,182 - root - INFO - train data time=28.5068142414093, train step time=65.65329599380493, valid step time=147.0992147922516
2023-06-09 22:37:34,182 - root - INFO - Train loss: 0.24871471524238586. Valid loss: 0.2597779929637909
2023-06-09 22:41:37,538 - root - INFO - Val loss improved from 0.2597779929637909 to 0.25904104113578796
2023-06-09 22:41:38,712 - root - INFO - Time taken for epoch 98 is 244.52970242500305 sec
2023-06-09 22:41:38,713 - root - INFO - train data time=27.113463640213013, train step time=68.6639723777771, valid step time=142.5603952407837
2023-06-09 22:41:38,713 - root - INFO - Train loss: 0.24693776667118073. Valid loss: 0.25904104113578796
2023-06-09 22:45:44,322 - root - INFO - Val loss improved from 0.25904104113578796 to 0.2583971619606018
2023-06-09 22:45:45,535 - root - INFO - Time taken for epoch 99 is 246.82215881347656 sec
2023-06-09 22:45:45,536 - root - INFO - train data time=29.18760108947754, train step time=65.41349816322327, valid step time=145.16811323165894
2023-06-09 22:45:45,536 - root - INFO - Train loss: 0.24650415778160095. Valid loss: 0.2583971619606018
2023-06-09 22:49:51,091 - root - INFO - Val loss improved from 0.2583971619606018 to 0.257558673620224
2023-06-09 22:49:52,246 - root - INFO - Time taken for epoch 100 is 246.70925092697144 sec
2023-06-09 22:49:52,246 - root - INFO - train data time=26.662919282913208, train step time=67.90540885925293, valid step time=145.1051540374756
2023-06-09 22:49:52,247 - root - INFO - Train loss: 0.24583792686462402. Valid loss: 0.257558673620224
2023-06-09 22:53:57,468 - root - INFO - Time taken for epoch 101 is 245.2208287715912 sec
2023-06-09 22:53:57,469 - root - INFO - train data time=27.32893204689026, train step time=68.93775272369385, valid step time=143.64538526535034
2023-06-09 22:53:57,469 - root - INFO - Train loss: 0.24796229600906372. Valid loss: 0.25782322883605957
2023-06-09 22:58:04,097 - root - INFO - Time taken for epoch 102 is 246.62805366516113 sec
2023-06-09 22:58:04,098 - root - INFO - train data time=27.52527379989624, train step time=68.25668549537659, valid step time=145.9478724002838
2023-06-09 22:58:04,098 - root - INFO - Train loss: 0.2733249366283417. Valid loss: 0.25767120718955994
2023-06-09 23:02:10,666 - root - INFO - Val loss improved from 0.257558673620224 to 0.25623849034309387
2023-06-09 23:02:11,789 - root - INFO - Time taken for epoch 103 is 247.69092965126038 sec
2023-06-09 23:02:11,790 - root - INFO - train data time=26.80306339263916, train step time=68.66660642623901, valid step time=145.63780808448792
2023-06-09 23:02:11,790 - root - INFO - Train loss: 0.24470068514347076. Valid loss: 0.25623849034309387
2023-06-09 23:06:16,679 - root - INFO - Val loss improved from 0.25623849034309387 to 0.25566112995147705
2023-06-09 23:06:17,872 - root - INFO - Time taken for epoch 104 is 246.08137273788452 sec
2023-06-09 23:06:17,872 - root - INFO - train data time=26.1387460231781, train step time=69.9214608669281, valid step time=144.12879347801208
2023-06-09 23:06:17,873 - root - INFO - Train loss: 0.24319031834602356. Valid loss: 0.25566112995147705
2023-06-09 23:10:24,705 - root - INFO - Time taken for epoch 105 is 246.83181142807007 sec
2023-06-09 23:10:24,705 - root - INFO - train data time=27.43959903717041, train step time=68.49601221084595, valid step time=145.40595507621765
2023-06-09 23:10:24,706 - root - INFO - Train loss: 0.26694077253341675. Valid loss: 0.2564593255519867
2023-06-09 23:14:33,522 - root - INFO - Val loss improved from 0.25566112995147705 to 0.25527921319007874
2023-06-09 23:14:34,748 - root - INFO - Time taken for epoch 106 is 250.0424783229828 sec
2023-06-09 23:14:34,749 - root - INFO - train data time=26.41469979286194, train step time=72.2154791355133, valid step time=145.7189872264862
2023-06-09 23:14:34,749 - root - INFO - Train loss: 0.24619372189044952. Valid loss: 0.25527921319007874
2023-06-09 23:18:42,149 - root - INFO - Time taken for epoch 107 is 247.39927077293396 sec
2023-06-09 23:18:42,150 - root - INFO - train data time=28.96788716316223, train step time=66.10410952568054, valid step time=146.40769696235657
2023-06-09 23:18:42,150 - root - INFO - Train loss: 0.40360236167907715. Valid loss: 0.33279725909233093
2023-06-09 23:22:49,960 - root - INFO - Time taken for epoch 108 is 247.80949473381042 sec
2023-06-09 23:22:49,960 - root - INFO - train data time=28.522343635559082, train step time=67.4925467967987, valid step time=146.64999747276306
2023-06-09 23:22:49,961 - root - INFO - Train loss: 0.2538308799266815. Valid loss: 0.2658226490020752
2023-06-09 23:26:58,652 - root - INFO - Time taken for epoch 109 is 248.69088983535767 sec
2023-06-09 23:26:58,653 - root - INFO - train data time=27.932552099227905, train step time=68.0366587638855, valid step time=147.76940965652466
2023-06-09 23:26:58,653 - root - INFO - Train loss: 0.244063138961792. Valid loss: 0.25754716992378235
2023-06-09 23:31:10,694 - root - INFO - Time taken for epoch 110 is 252.04047107696533 sec
2023-06-09 23:31:10,694 - root - INFO - train data time=27.110989570617676, train step time=68.90804290771484, valid step time=149.84444761276245
2023-06-09 23:31:10,694 - root - INFO - Train loss: 0.2446555495262146. Valid loss: 0.25592347979545593
2023-06-09 23:35:19,937 - root - INFO - Val loss improved from 0.25527921319007874 to 0.2541170120239258
2023-06-09 23:35:21,265 - root - INFO - Time taken for epoch 111 is 250.57038068771362 sec
2023-06-09 23:35:21,266 - root - INFO - train data time=28.0013370513916, train step time=67.0110650062561, valid step time=148.43097853660583
2023-06-09 23:35:21,266 - root - INFO - Train loss: 0.24672406911849976. Valid loss: 0.2541170120239258
2023-06-09 23:39:28,851 - root - INFO - Val loss improved from 0.2541170120239258 to 0.2536299228668213
2023-06-09 23:39:29,988 - root - INFO - Time taken for epoch 112 is 248.72182393074036 sec
2023-06-09 23:39:29,989 - root - INFO - train data time=28.7673442363739, train step time=66.56467247009277, valid step time=147.0824694633484
2023-06-09 23:39:29,989 - root - INFO - Train loss: 0.2433566451072693. Valid loss: 0.2536299228668213
2023-06-09 23:43:34,858 - root - INFO - Val loss improved from 0.2536299228668213 to 0.2531481385231018
2023-06-09 23:43:36,011 - root - INFO - Time taken for epoch 113 is 246.02214550971985 sec
2023-06-09 23:43:36,012 - root - INFO - train data time=28.95532989501953, train step time=65.79938554763794, valid step time=144.7429337501526
2023-06-09 23:43:36,012 - root - INFO - Train loss: 0.2390880137681961. Valid loss: 0.2531481385231018
2023-06-09 23:47:41,943 - root - INFO - Val loss improved from 0.2531481385231018 to 0.25269392132759094
2023-06-09 23:47:43,078 - root - INFO - Time taken for epoch 114 is 247.06554317474365 sec
2023-06-09 23:47:43,079 - root - INFO - train data time=26.880077362060547, train step time=68.39983034133911, valid step time=145.46622681617737
2023-06-09 23:47:43,079 - root - INFO - Train loss: 0.24346855282783508. Valid loss: 0.25269392132759094
2023-06-09 23:51:52,758 - root - INFO - Val loss improved from 0.25269392132759094 to 0.25221148133277893
2023-06-09 23:51:53,852 - root - INFO - Time taken for epoch 115 is 250.77311539649963 sec
2023-06-09 23:51:53,853 - root - INFO - train data time=29.251956939697266, train step time=66.34586548805237, valid step time=149.1737780570984
2023-06-09 23:51:53,853 - root - INFO - Train loss: 0.2361631989479065. Valid loss: 0.25221148133277893
2023-06-09 23:56:03,012 - root - INFO - Time taken for epoch 116 is 249.15814971923828 sec
2023-06-09 23:56:03,013 - root - INFO - train data time=28.453054666519165, train step time=67.32409620285034, valid step time=148.40082359313965
2023-06-09 23:56:03,013 - root - INFO - Train loss: 0.2379891574382782. Valid loss: 0.25281694531440735
2023-06-10 00:00:10,297 - root - INFO - Val loss improved from 0.25221148133277893 to 0.25157833099365234
2023-06-10 00:00:11,434 - root - INFO - Time taken for epoch 117 is 248.4210488796234 sec
2023-06-10 00:00:11,435 - root - INFO - train data time=26.69339895248413, train step time=70.11482858657837, valid step time=145.6549141407013
2023-06-10 00:00:11,435 - root - INFO - Train loss: 0.23984001576900482. Valid loss: 0.25157833099365234
2023-06-10 00:04:17,682 - root - INFO - Val loss improved from 0.25157833099365234 to 0.2513347268104553
2023-06-10 00:04:18,823 - root - INFO - Time taken for epoch 118 is 247.38711524009705 sec
2023-06-10 00:04:18,823 - root - INFO - train data time=27.55482578277588, train step time=67.68292951583862, valid step time=145.6652762889862
2023-06-10 00:04:18,823 - root - INFO - Train loss: 0.234963059425354. Valid loss: 0.2513347268104553
2023-06-10 00:08:26,611 - root - INFO - Val loss improved from 0.2513347268104553 to 0.25091788172721863
2023-06-10 00:08:27,830 - root - INFO - Time taken for epoch 119 is 249.00627040863037 sec
2023-06-10 00:08:27,831 - root - INFO - train data time=29.28470492362976, train step time=66.50932025909424, valid step time=147.44986009597778
2023-06-10 00:08:27,831 - root - INFO - Train loss: 0.240398108959198. Valid loss: 0.25091788172721863
2023-06-10 00:12:37,374 - root - INFO - Val loss improved from 0.25091788172721863 to 0.2503660023212433
2023-06-10 00:12:38,551 - root - INFO - Time taken for epoch 120 is 250.71970105171204 sec
2023-06-10 00:12:38,552 - root - INFO - train data time=27.479240894317627, train step time=69.24783730506897, valid step time=148.08513164520264
2023-06-10 00:12:38,552 - root - INFO - Train loss: 0.2380191534757614. Valid loss: 0.2503660023212433
2023-06-10 00:16:46,046 - root - INFO - Time taken for epoch 121 is 247.49422216415405 sec
2023-06-10 00:16:46,047 - root - INFO - train data time=26.831034660339355, train step time=68.80158996582031, valid step time=146.2335250377655
2023-06-10 00:16:46,047 - root - INFO - Train loss: 0.23904535174369812. Valid loss: 0.25082507729530334
2023-06-10 00:20:56,292 - root - INFO - Val loss improved from 0.2503660023212433 to 0.25000929832458496
2023-06-10 00:20:57,508 - root - INFO - Time taken for epoch 122 is 251.459867477417 sec
2023-06-10 00:20:57,508 - root - INFO - train data time=27.523969650268555, train step time=68.39802837371826, valid step time=148.6728377342224
2023-06-10 00:20:57,508 - root - INFO - Train loss: 0.23507066071033478. Valid loss: 0.25000929832458496
2023-06-10 00:25:06,030 - root - INFO - Val loss improved from 0.25000929832458496 to 0.24957063794136047
2023-06-10 00:25:07,121 - root - INFO - Time taken for epoch 123 is 249.6123743057251 sec
2023-06-10 00:25:07,122 - root - INFO - train data time=26.369338274002075, train step time=70.34367752075195, valid step time=146.8104283809662
2023-06-10 00:25:07,122 - root - INFO - Train loss: 0.23873662948608398. Valid loss: 0.24957063794136047
2023-06-10 00:29:16,505 - root - INFO - Val loss improved from 0.24957063794136047 to 0.2490622103214264
2023-06-10 00:29:17,643 - root - INFO - Time taken for epoch 124 is 250.5004231929779 sec
2023-06-10 00:29:17,643 - root - INFO - train data time=27.75973081588745, train step time=67.66158771514893, valid step time=148.9348030090332
2023-06-10 00:29:17,644 - root - INFO - Train loss: 0.24146631360054016. Valid loss: 0.2490622103214264
2023-06-10 00:33:26,714 - root - INFO - Val loss improved from 0.2490622103214264 to 0.24871382117271423
2023-06-10 00:33:27,963 - root - INFO - Time taken for epoch 125 is 250.3185646533966 sec
2023-06-10 00:33:27,963 - root - INFO - train data time=27.778070211410522, train step time=67.48672294616699, valid step time=148.4398546218872
2023-06-10 00:33:27,964 - root - INFO - Train loss: 0.23659278452396393. Valid loss: 0.24871382117271423
2023-06-10 00:37:36,467 - root - INFO - Time taken for epoch 126 is 248.5026888847351 sec
2023-06-10 00:37:36,467 - root - INFO - train data time=28.35565161705017, train step time=67.06013512611389, valid step time=147.43169498443604
2023-06-10 00:37:36,467 - root - INFO - Train loss: 0.235143780708313. Valid loss: 0.24920639395713806
2023-06-10 00:41:42,061 - root - INFO - Time taken for epoch 127 is 245.59346532821655 sec
2023-06-10 00:41:42,062 - root - INFO - train data time=27.91806197166443, train step time=69.29417514801025, valid step time=144.30049061775208
2023-06-10 00:41:42,062 - root - INFO - Train loss: 0.23071765899658203. Valid loss: 0.24904395639896393
2023-06-10 00:45:49,231 - root - INFO - Val loss improved from 0.24871382117271423 to 0.24791809916496277
2023-06-10 00:45:50,317 - root - INFO - Time taken for epoch 128 is 248.25461554527283 sec
2023-06-10 00:45:50,318 - root - INFO - train data time=28.30790114402771, train step time=67.6685516834259, valid step time=145.43293619155884
2023-06-10 00:45:50,318 - root - INFO - Train loss: 0.23313988745212555. Valid loss: 0.24791809916496277
2023-06-10 00:49:59,239 - root - INFO - Time taken for epoch 129 is 248.92096972465515 sec
2023-06-10 00:49:59,240 - root - INFO - train data time=28.222001791000366, train step time=66.18386006355286, valid step time=148.94699382781982
2023-06-10 00:49:59,240 - root - INFO - Train loss: 0.23326003551483154. Valid loss: 0.2493525892496109
2023-06-10 00:54:05,202 - root - INFO - Time taken for epoch 130 is 245.96117973327637 sec
2023-06-10 00:54:05,202 - root - INFO - train data time=27.566856861114502, train step time=67.99213147163391, valid step time=144.66358137130737
2023-06-10 00:54:05,203 - root - INFO - Train loss: 0.23170053958892822. Valid loss: 0.24893394112586975
2023-06-10 00:58:14,053 - root - INFO - Time taken for epoch 131 is 248.85051107406616 sec
2023-06-10 00:58:14,054 - root - INFO - train data time=29.51184844970703, train step time=65.78392958641052, valid step time=147.25534319877625
2023-06-10 00:58:14,054 - root - INFO - Train loss: 0.23739826679229736. Valid loss: 0.24812564253807068
2023-06-10 01:02:23,148 - root - INFO - Time taken for epoch 132 is 249.09293341636658 sec
2023-06-10 01:02:23,148 - root - INFO - train data time=27.167980670928955, train step time=69.06400060653687, valid step time=147.83842730522156
2023-06-10 01:02:23,148 - root - INFO - Train loss: 0.23533235490322113. Valid loss: 0.2501843273639679
2023-06-10 01:06:34,303 - root - INFO - Val loss improved from 0.24791809916496277 to 0.24727894365787506
2023-06-10 01:06:35,374 - root - INFO - Time taken for epoch 133 is 252.22512364387512 sec
2023-06-10 01:06:35,374 - root - INFO - train data time=27.490328311920166, train step time=68.47662019729614, valid step time=148.7819743156433
2023-06-10 01:06:35,375 - root - INFO - Train loss: 0.23455272614955902. Valid loss: 0.24727894365787506
2023-06-10 01:10:45,820 - root - INFO - Time taken for epoch 134 is 250.44485187530518 sec
2023-06-10 01:10:45,821 - root - INFO - train data time=27.466655254364014, train step time=69.45335984230042, valid step time=148.1232931613922
2023-06-10 01:10:45,821 - root - INFO - Train loss: 0.23080092668533325. Valid loss: 0.2486819177865982
2023-06-10 01:14:57,541 - root - INFO - Time taken for epoch 135 is 251.71986055374146 sec
2023-06-10 01:14:57,542 - root - INFO - train data time=31.143431425094604, train step time=66.18630528450012, valid step time=148.78002214431763
2023-06-10 01:14:57,542 - root - INFO - Train loss: 0.23191428184509277. Valid loss: 0.2500087320804596
2023-06-10 01:19:08,122 - root - INFO - Val loss improved from 0.24727894365787506 to 0.24658988416194916
2023-06-10 01:19:09,450 - root - INFO - Time taken for epoch 136 is 251.90820622444153 sec
2023-06-10 01:19:09,451 - root - INFO - train data time=29.133285760879517, train step time=67.21788287162781, valid step time=147.7531032562256
2023-06-10 01:19:09,452 - root - INFO - Train loss: 0.2311735451221466. Valid loss: 0.24658988416194916
2023-06-10 01:23:16,054 - root - INFO - Val loss improved from 0.24658988416194916 to 0.24633164703845978
2023-06-10 01:23:17,169 - root - INFO - Time taken for epoch 137 is 247.71660017967224 sec
2023-06-10 01:23:17,169 - root - INFO - train data time=29.637941360473633, train step time=65.85046935081482, valid step time=145.31197357177734
2023-06-10 01:23:17,169 - root - INFO - Train loss: 0.23043829202651978. Valid loss: 0.24633164703845978
2023-06-10 01:27:25,891 - root - INFO - Val loss improved from 0.24633164703845978 to 0.24605564773082733
2023-06-10 01:27:27,029 - root - INFO - Time taken for epoch 138 is 249.8589653968811 sec
2023-06-10 01:27:27,029 - root - INFO - train data time=29.5400230884552, train step time=67.21185517311096, valid step time=146.95896816253662
2023-06-10 01:27:27,029 - root - INFO - Train loss: 0.2326509654521942. Valid loss: 0.24605564773082733
2023-06-10 01:31:39,075 - root - INFO - Val loss improved from 0.24605564773082733 to 0.24536660313606262
2023-06-10 01:31:40,323 - root - INFO - Time taken for epoch 139 is 253.29363894462585 sec
2023-06-10 01:31:40,324 - root - INFO - train data time=29.014071226119995, train step time=67.73481726646423, valid step time=150.5070788860321
2023-06-10 01:31:40,324 - root - INFO - Train loss: 0.2347121685743332. Valid loss: 0.24536660313606262
2023-06-10 01:35:50,413 - root - INFO - Val loss improved from 0.24536660313606262 to 0.2449338138103485
2023-06-10 01:35:51,576 - root - INFO - Time taken for epoch 140 is 251.25179815292358 sec
2023-06-10 01:35:51,577 - root - INFO - train data time=27.23118281364441, train step time=71.57938718795776, valid step time=146.8939185142517
2023-06-10 01:35:51,577 - root - INFO - Train loss: 0.23255647718906403. Valid loss: 0.2449338138103485
2023-06-10 01:40:01,751 - root - INFO - Time taken for epoch 141 is 250.1728732585907 sec
2023-06-10 01:40:01,752 - root - INFO - train data time=27.91306161880493, train step time=68.80640625953674, valid step time=147.33688950538635
2023-06-10 01:40:01,752 - root - INFO - Train loss: 0.23074421286582947. Valid loss: 0.2453102320432663
2023-06-10 01:44:10,473 - root - INFO - Time taken for epoch 142 is 248.72008562088013 sec
2023-06-10 01:44:10,474 - root - INFO - train data time=24.03636145591736, train step time=73.82994651794434, valid step time=145.56010508537292
2023-06-10 01:44:10,474 - root - INFO - Train loss: 0.22593851387500763. Valid loss: 0.2450067102909088
2023-06-10 01:48:20,019 - root - INFO - Time taken for epoch 143 is 249.54485154151917 sec
2023-06-10 01:48:20,021 - root - INFO - train data time=27.216995000839233, train step time=71.08008575439453, valid step time=146.03650522232056
2023-06-10 01:48:20,022 - root - INFO - Train loss: 0.262336403131485. Valid loss: 0.24704398214817047
2023-06-10 01:52:32,199 - root - INFO - Time taken for epoch 144 is 252.17661952972412 sec
2023-06-10 01:52:32,199 - root - INFO - train data time=26.17244863510132, train step time=71.2906985282898, valid step time=148.0966808795929
2023-06-10 01:52:32,200 - root - INFO - Train loss: 0.22746004164218903. Valid loss: 0.2451726496219635
2023-06-10 01:56:45,046 - root - INFO - Val loss improved from 0.2449338138103485 to 0.244150310754776
2023-06-10 01:56:46,190 - root - INFO - Time taken for epoch 145 is 253.9899320602417 sec
2023-06-10 01:56:46,190 - root - INFO - train data time=24.2236008644104, train step time=73.73184037208557, valid step time=148.17575645446777
2023-06-10 01:56:46,191 - root - INFO - Train loss: 0.23112139105796814. Valid loss: 0.244150310754776
2023-06-10 02:00:57,703 - root - INFO - Time taken for epoch 146 is 251.51223039627075 sec
2023-06-10 02:00:57,704 - root - INFO - train data time=25.37855553627014, train step time=72.00181841850281, valid step time=148.6939935684204
2023-06-10 02:00:57,704 - root - INFO - Train loss: 0.22962823510169983. Valid loss: 0.24453730881214142
2023-06-10 02:05:07,360 - root - INFO - Time taken for epoch 147 is 249.65545344352722 sec
2023-06-10 02:05:07,360 - root - INFO - train data time=24.439889669418335, train step time=72.59686779975891, valid step time=147.17744970321655
2023-06-10 02:05:07,361 - root - INFO - Train loss: 0.240703746676445. Valid loss: 0.24465546011924744
2023-06-10 02:09:14,868 - root - INFO - Time taken for epoch 148 is 247.50719380378723 sec
2023-06-10 02:09:14,869 - root - INFO - train data time=22.799474954605103, train step time=71.99537968635559, valid step time=146.43165588378906
2023-06-10 02:09:14,869 - root - INFO - Train loss: 0.22572842240333557. Valid loss: 0.2443048655986786
2023-06-10 02:13:24,221 - root - INFO - Val loss improved from 0.244150310754776 to 0.2436934858560562
2023-06-10 02:13:25,243 - root - INFO - Time taken for epoch 149 is 250.37379217147827 sec
2023-06-10 02:13:25,244 - root - INFO - train data time=24.812426805496216, train step time=72.59397411346436, valid step time=146.59036016464233
2023-06-10 02:13:25,244 - root - INFO - Train loss: 0.2344682812690735. Valid loss: 0.2436934858560562
2023-06-10 02:17:31,993 - root - INFO - Time taken for epoch 150 is 246.74824595451355 sec
2023-06-10 02:17:31,993 - root - INFO - train data time=22.77230167388916, train step time=72.17515277862549, valid step time=146.26569628715515
2023-06-10 02:17:31,993 - root - INFO - Train loss: 0.23546890914440155. Valid loss: 0.24395860731601715
2023-06-10 02:21:42,605 - root - INFO - Val loss improved from 0.2436934858560562 to 0.2434808313846588
2023-06-10 02:21:43,665 - root - INFO - Time taken for epoch 151 is 251.67148566246033 sec
2023-06-10 02:21:43,666 - root - INFO - train data time=23.48913073539734, train step time=73.4718747138977, valid step time=147.2820179462433
2023-06-10 02:21:43,666 - root - INFO - Train loss: 0.2271481156349182. Valid loss: 0.2434808313846588
2023-06-10 02:25:52,141 - root - INFO - Val loss improved from 0.2434808313846588 to 0.24319078028202057
2023-06-10 02:25:53,264 - root - INFO - Time taken for epoch 152 is 249.5976119041443 sec
2023-06-10 02:25:53,265 - root - INFO - train data time=23.174509525299072, train step time=73.57972550392151, valid step time=147.13072562217712
2023-06-10 02:25:53,265 - root - INFO - Train loss: 0.22310686111450195. Valid loss: 0.24319078028202057
2023-06-10 02:30:02,691 - root - INFO - Time taken for epoch 153 is 249.42547988891602 sec
2023-06-10 02:30:02,692 - root - INFO - train data time=27.28998303413391, train step time=68.84363889694214, valid step time=147.76259231567383
2023-06-10 02:30:02,692 - root - INFO - Train loss: 0.22525563836097717. Valid loss: 0.2434026300907135
2023-06-10 02:34:13,676 - root - INFO - Time taken for epoch 154 is 250.9832832813263 sec
2023-06-10 02:34:13,676 - root - INFO - train data time=22.56786274909973, train step time=76.12535119056702, valid step time=147.68126225471497
2023-06-10 02:34:13,677 - root - INFO - Train loss: 0.22039107978343964. Valid loss: 0.24365967512130737
2023-06-10 02:38:22,732 - root - INFO - Val loss improved from 0.24319078028202057 to 0.24288280308246613
2023-06-10 02:38:23,886 - root - INFO - Time taken for epoch 155 is 250.20900297164917 sec
2023-06-10 02:38:23,886 - root - INFO - train data time=24.25944447517395, train step time=73.84804916381836, valid step time=146.1678762435913
2023-06-10 02:38:23,887 - root - INFO - Train loss: 0.2357827126979828. Valid loss: 0.24288280308246613
2023-06-10 02:42:33,107 - root - INFO - Time taken for epoch 156 is 249.2199146747589 sec
2023-06-10 02:42:33,107 - root - INFO - train data time=22.339712381362915, train step time=76.0178074836731, valid step time=146.4414668083191
2023-06-10 02:42:33,108 - root - INFO - Train loss: 0.22224052250385284. Valid loss: 0.24385863542556763
2023-06-10 02:46:42,051 - root - INFO - Time taken for epoch 157 is 248.94262886047363 sec
2023-06-10 02:46:42,051 - root - INFO - train data time=21.513312816619873, train step time=75.24452877044678, valid step time=146.102201461792
2023-06-10 02:46:42,051 - root - INFO - Train loss: 0.23527950048446655. Valid loss: 0.2540961802005768
2023-06-10 02:50:51,631 - root - INFO - Time taken for epoch 158 is 249.57901811599731 sec
2023-06-10 02:50:51,631 - root - INFO - train data time=22.733609676361084, train step time=72.82906413078308, valid step time=147.5740840435028
2023-06-10 02:50:51,632 - root - INFO - Train loss: 0.22210031747817993. Valid loss: 0.2431274652481079
2023-06-10 02:55:02,321 - root - INFO - Val loss improved from 0.24288280308246613 to 0.24217694997787476
2023-06-10 02:55:03,416 - root - INFO - Time taken for epoch 159 is 251.7835192680359 sec
2023-06-10 02:55:03,416 - root - INFO - train data time=21.075221300125122, train step time=76.87851238250732, valid step time=147.48244714736938
2023-06-10 02:55:03,416 - root - INFO - Train loss: 0.22185644507408142. Valid loss: 0.24217694997787476
2023-06-10 02:59:14,624 - root - INFO - Time taken for epoch 160 is 251.20741820335388 sec
2023-06-10 02:59:14,625 - root - INFO - train data time=22.617038249969482, train step time=73.89271330833435, valid step time=149.37286710739136
2023-06-10 02:59:14,625 - root - INFO - Train loss: 0.22748789191246033. Valid loss: 0.24272902309894562
2023-06-10 03:03:25,666 - root - INFO - Val loss improved from 0.24217694997787476 to 0.24169866740703583
2023-06-10 03:03:26,599 - root - INFO - Time taken for epoch 161 is 251.97377920150757 sec
2023-06-10 03:03:26,600 - root - INFO - train data time=21.434958457946777, train step time=76.76216626167297, valid step time=147.97748136520386
2023-06-10 03:03:26,600 - root - INFO - Train loss: 0.2424771934747696. Valid loss: 0.24169866740703583
2023-06-10 03:07:35,207 - root - INFO - Time taken for epoch 162 is 248.6073157787323 sec
2023-06-10 03:07:35,208 - root - INFO - train data time=23.667990922927856, train step time=73.1987555027008, valid step time=146.56253099441528
2023-06-10 03:07:35,208 - root - INFO - Train loss: 0.22277536988258362. Valid loss: 0.24182946979999542
2023-06-10 03:11:43,438 - root - INFO - Time taken for epoch 163 is 248.22921109199524 sec
2023-06-10 03:11:43,438 - root - INFO - train data time=21.088086366653442, train step time=76.55120611190796, valid step time=145.60963606834412
2023-06-10 03:11:43,439 - root - INFO - Train loss: 0.24608059227466583. Valid loss: 0.242105171084404
2023-06-10 03:15:54,684 - root - INFO - Time taken for epoch 164 is 251.24535942077637 sec
2023-06-10 03:15:54,685 - root - INFO - train data time=23.71446466445923, train step time=73.70264220237732, valid step time=147.91988682746887
2023-06-10 03:15:54,685 - root - INFO - Train loss: 0.22422721982002258. Valid loss: 0.24195098876953125
2023-06-10 03:20:04,088 - root - INFO - Time taken for epoch 165 is 249.4029664993286 sec
2023-06-10 03:20:04,089 - root - INFO - train data time=22.120850324630737, train step time=74.48326420783997, valid step time=147.11749529838562
2023-06-10 03:20:04,089 - root - INFO - Train loss: 0.23203037679195404. Valid loss: 0.24214354157447815
2023-06-10 03:24:14,480 - root - INFO - Time taken for epoch 166 is 250.3908703327179 sec
2023-06-10 03:24:14,481 - root - INFO - train data time=22.88332200050354, train step time=74.31290245056152, valid step time=147.55144929885864
2023-06-10 03:24:14,481 - root - INFO - Train loss: 0.22054032981395721. Valid loss: 0.2421245574951172
2023-06-10 03:28:23,870 - root - INFO - Time taken for epoch 167 is 249.38870239257812 sec
2023-06-10 03:28:23,871 - root - INFO - train data time=21.718144178390503, train step time=74.76068210601807, valid step time=146.81314301490784
2023-06-10 03:28:23,871 - root - INFO - Train loss: 0.21972627937793732. Valid loss: 0.24173663556575775
2023-06-10 03:32:34,450 - root - INFO - Time taken for epoch 168 is 250.5782859325409 sec
2023-06-10 03:32:34,451 - root - INFO - train data time=21.73905897140503, train step time=76.54098153114319, valid step time=147.6215991973877
2023-06-10 03:32:34,451 - root - INFO - Train loss: 0.22230425477027893. Valid loss: 0.2417593151330948
2023-06-10 03:36:46,896 - root - INFO - Val loss improved from 0.24169866740703583 to 0.24137894809246063
2023-06-10 03:36:47,973 - root - INFO - Time taken for epoch 169 is 253.5220205783844 sec
2023-06-10 03:36:47,974 - root - INFO - train data time=23.329651832580566, train step time=74.46931481361389, valid step time=150.23774456977844
2023-06-10 03:36:47,974 - root - INFO - Train loss: 0.22464323043823242. Valid loss: 0.24137894809246063
2023-06-10 03:40:56,604 - root - INFO - Time taken for epoch 170 is 248.6301383972168 sec
2023-06-10 03:40:56,605 - root - INFO - train data time=23.905465602874756, train step time=71.26519751548767, valid step time=148.0005054473877
2023-06-10 03:40:56,605 - root - INFO - Train loss: 0.22401022911071777. Valid loss: 0.2419467717409134
2023-06-10 03:45:08,204 - root - INFO - Val loss improved from 0.24137894809246063 to 0.24118566513061523
2023-06-10 03:45:09,309 - root - INFO - Time taken for epoch 171 is 252.70338344573975 sec
2023-06-10 03:45:09,309 - root - INFO - train data time=24.012709140777588, train step time=72.27047181129456, valid step time=149.8272864818573
2023-06-10 03:45:09,310 - root - INFO - Train loss: 0.22111603617668152. Valid loss: 0.24118566513061523
2023-06-10 03:49:16,920 - root - INFO - Time taken for epoch 172 is 247.61022925376892 sec
2023-06-10 03:49:16,921 - root - INFO - train data time=23.492506980895996, train step time=73.26725769042969, valid step time=146.18652415275574
2023-06-10 03:49:16,921 - root - INFO - Train loss: 0.21982041001319885. Valid loss: 0.24146220088005066
2023-06-10 03:53:24,463 - root - INFO - Val loss improved from 0.24118566513061523 to 0.2410825937986374
2023-06-10 03:53:25,445 - root - INFO - Time taken for epoch 173 is 248.5131995677948 sec
2023-06-10 03:53:25,446 - root - INFO - train data time=25.185312032699585, train step time=71.96757984161377, valid step time=146.1141653060913
2023-06-10 03:53:25,446 - root - INFO - Train loss: 0.21758142113685608. Valid loss: 0.2410825937986374
2023-06-10 03:57:36,984 - root - INFO - Val loss improved from 0.2410825937986374 to 0.2408556491136551
2023-06-10 03:57:38,074 - root - INFO - Time taken for epoch 174 is 252.6271653175354 sec
2023-06-10 03:57:38,074 - root - INFO - train data time=21.990362882614136, train step time=74.44859886169434, valid step time=150.08927702903748
2023-06-10 03:57:38,074 - root - INFO - Train loss: 0.21759843826293945. Valid loss: 0.2408556491136551
2023-06-10 04:01:45,525 - root - INFO - Time taken for epoch 175 is 247.45018029212952 sec
2023-06-10 04:01:45,526 - root - INFO - train data time=25.225176334381104, train step time=70.82277989387512, valid step time=146.57028579711914
2023-06-10 04:01:45,526 - root - INFO - Train loss: 0.2182239294052124. Valid loss: 0.241094172000885
2023-06-10 04:05:52,504 - root - INFO - Val loss improved from 0.2408556491136551 to 0.24052996933460236
2023-06-10 04:05:53,557 - root - INFO - Time taken for epoch 176 is 248.03102922439575 sec
2023-06-10 04:05:53,558 - root - INFO - train data time=24.56123685836792, train step time=71.56093502044678, valid step time=146.15255999565125
2023-06-10 04:05:53,558 - root - INFO - Train loss: 0.22147920727729797. Valid loss: 0.24052996933460236
2023-06-10 04:09:59,576 - root - INFO - Val loss improved from 0.24052996933460236 to 0.24041177332401276
2023-06-10 04:10:00,574 - root - INFO - Time taken for epoch 177 is 247.01617813110352 sec
2023-06-10 04:10:00,575 - root - INFO - train data time=24.69070839881897, train step time=71.32122254371643, valid step time=145.09687614440918
2023-06-10 04:10:00,575 - root - INFO - Train loss: 0.22063884139060974. Valid loss: 0.24041177332401276
2023-06-10 04:14:05,001 - root - INFO - Time taken for epoch 178 is 244.42565155029297 sec
2023-06-10 04:14:05,002 - root - INFO - train data time=22.809120416641235, train step time=72.6520881652832, valid step time=143.86755204200745
2023-06-10 04:14:05,002 - root - INFO - Train loss: 0.22298666834831238. Valid loss: 0.24055033922195435
2023-06-10 04:18:15,280 - root - INFO - Time taken for epoch 179 is 250.27756237983704 sec
2023-06-10 04:18:15,280 - root - INFO - train data time=24.66284704208374, train step time=71.88271832466125, valid step time=149.11859917640686
2023-06-10 04:18:15,281 - root - INFO - Train loss: 0.21621359884738922. Valid loss: 0.24079807102680206
2023-06-10 04:22:25,506 - root - INFO - Time taken for epoch 180 is 250.22472143173218 sec
2023-06-10 04:22:25,506 - root - INFO - train data time=23.1917564868927, train step time=72.54480290412903, valid step time=149.43821144104004
2023-06-10 04:22:25,507 - root - INFO - Train loss: 0.22462964057922363. Valid loss: 0.24048873782157898
2023-06-10 04:26:33,445 - root - INFO - Time taken for epoch 181 is 247.93801093101501 sec
2023-06-10 04:26:33,446 - root - INFO - train data time=23.533159017562866, train step time=72.93951964378357, valid step time=145.82104873657227
2023-06-10 04:26:33,446 - root - INFO - Train loss: 0.21884554624557495. Valid loss: 0.24057170748710632
2023-06-10 04:30:42,344 - root - INFO - Val loss improved from 0.24041177332401276 to 0.24021752178668976
2023-06-10 04:30:43,412 - root - INFO - Time taken for epoch 182 is 249.9659035205841 sec
2023-06-10 04:30:43,413 - root - INFO - train data time=22.4915611743927, train step time=74.53661870956421, valid step time=146.59524083137512
2023-06-10 04:30:43,413 - root - INFO - Train loss: 0.21657082438468933. Valid loss: 0.24021752178668976
2023-06-10 04:34:50,341 - root - INFO - Time taken for epoch 183 is 246.9280469417572 sec
2023-06-10 04:34:50,342 - root - INFO - train data time=23.176652431488037, train step time=71.91989850997925, valid step time=146.71476221084595
2023-06-10 04:34:50,342 - root - INFO - Train loss: 0.22369703650474548. Valid loss: 0.24371975660324097
2023-06-10 04:38:58,228 - root - INFO - Val loss improved from 0.24021752178668976 to 0.24016784131526947
2023-06-10 04:38:59,381 - root - INFO - Time taken for epoch 184 is 249.03826665878296 sec
2023-06-10 04:38:59,381 - root - INFO - train data time=23.690595149993896, train step time=72.4837863445282, valid step time=145.95457530021667
2023-06-10 04:38:59,382 - root - INFO - Train loss: 0.2178150713443756. Valid loss: 0.24016784131526947
2023-06-10 04:43:05,369 - root - INFO - Val loss improved from 0.24016784131526947 to 0.24003542959690094
2023-06-10 04:43:06,431 - root - INFO - Time taken for epoch 185 is 247.04874324798584 sec
2023-06-10 04:43:06,431 - root - INFO - train data time=23.452669620513916, train step time=71.39385032653809, valid step time=145.74010038375854
2023-06-10 04:43:06,432 - root - INFO - Train loss: 0.21658337116241455. Valid loss: 0.24003542959690094
2023-06-10 04:47:12,761 - root - INFO - Val loss improved from 0.24003542959690094 to 0.23987285792827606
2023-06-10 04:47:13,759 - root - INFO - Time taken for epoch 186 is 247.32716035842896 sec
2023-06-10 04:47:13,760 - root - INFO - train data time=23.502663373947144, train step time=72.39685606956482, valid step time=145.0353970527649
2023-06-10 04:47:13,760 - root - INFO - Train loss: 0.21619471907615662. Valid loss: 0.23987285792827606
2023-06-10 04:51:21,096 - root - INFO - Val loss improved from 0.23987285792827606 to 0.23953743278980255
2023-06-10 04:51:22,254 - root - INFO - Time taken for epoch 187 is 248.4932827949524 sec
2023-06-10 04:51:22,254 - root - INFO - train data time=23.70115876197815, train step time=72.4756178855896, valid step time=145.8942744731903
2023-06-10 04:51:22,254 - root - INFO - Train loss: 0.21808229386806488. Valid loss: 0.23953743278980255
2023-06-10 04:55:28,718 - root - INFO - Val loss improved from 0.23953743278980255 to 0.23919640481472015
2023-06-10 04:55:29,846 - root - INFO - Time taken for epoch 188 is 247.59144711494446 sec
2023-06-10 04:55:29,847 - root - INFO - train data time=22.716914176940918, train step time=72.61224603652954, valid step time=146.06339931488037
2023-06-10 04:55:29,847 - root - INFO - Train loss: 0.21350964903831482. Valid loss: 0.23919640481472015
2023-06-10 04:59:39,804 - root - INFO - Time taken for epoch 189 is 249.95658588409424 sec
2023-06-10 04:59:39,804 - root - INFO - train data time=23.49283456802368, train step time=72.67028546333313, valid step time=148.36877179145813
2023-06-10 04:59:39,805 - root - INFO - Train loss: 0.2120542973279953. Valid loss: 0.2394126057624817
2023-06-10 05:03:48,813 - root - INFO - Time taken for epoch 190 is 249.00756978988647 sec
2023-06-10 05:03:48,814 - root - INFO - train data time=23.146763801574707, train step time=73.25543236732483, valid step time=147.61617803573608
2023-06-10 05:03:48,814 - root - INFO - Train loss: 0.2182801365852356. Valid loss: 0.24001169204711914
2023-06-10 05:08:01,270 - root - INFO - Val loss improved from 0.23919640481472015 to 0.23903816938400269
2023-06-10 05:08:02,383 - root - INFO - Time taken for epoch 191 is 253.56880378723145 sec
2023-06-10 05:08:02,384 - root - INFO - train data time=23.43702268600464, train step time=73.25170135498047, valid step time=150.2975549697876
2023-06-10 05:08:02,384 - root - INFO - Train loss: 0.21681058406829834. Valid loss: 0.23903816938400269
2023-06-10 05:12:10,692 - root - INFO - Time taken for epoch 192 is 248.30797219276428 sec
2023-06-10 05:12:10,693 - root - INFO - train data time=22.935500383377075, train step time=72.37771320343018, valid step time=147.58281707763672
2023-06-10 05:12:10,693 - root - INFO - Train loss: 0.21610677242279053. Valid loss: 0.2393464744091034
2023-06-10 05:16:19,556 - root - INFO - Time taken for epoch 193 is 248.8623390197754 sec
2023-06-10 05:16:19,556 - root - INFO - train data time=25.227614402770996, train step time=72.49651765823364, valid step time=146.5365960597992
2023-06-10 05:16:19,557 - root - INFO - Train loss: 0.21566562354564667. Valid loss: 0.23952966928482056
2023-06-10 05:20:28,950 - root - INFO - Time taken for epoch 194 is 249.39305710792542 sec
2023-06-10 05:20:28,951 - root - INFO - train data time=23.36265778541565, train step time=75.102215051651, valid step time=146.90512561798096
2023-06-10 05:20:28,951 - root - INFO - Train loss: 0.21733048558235168. Valid loss: 0.24030333757400513
2023-06-10 05:24:39,521 - root - INFO - Time taken for epoch 195 is 250.5693643093109 sec
2023-06-10 05:24:39,521 - root - INFO - train data time=23.035824060440063, train step time=74.29751086235046, valid step time=148.20657563209534
2023-06-10 05:24:39,522 - root - INFO - Train loss: 0.21454550325870514. Valid loss: 0.23945674300193787
2023-06-10 05:28:47,305 - root - INFO - Time taken for epoch 196 is 247.7836012840271 sec
2023-06-10 05:28:47,306 - root - INFO - train data time=22.800908088684082, train step time=73.60645031929016, valid step time=145.8648533821106
2023-06-10 05:28:47,306 - root - INFO - Train loss: 0.21529677510261536. Valid loss: 0.23954269289970398
2023-06-10 05:32:57,581 - root - INFO - Val loss improved from 0.23903816938400269 to 0.2388438582420349
2023-06-10 05:32:58,675 - root - INFO - Time taken for epoch 197 is 251.3687446117401 sec
2023-06-10 05:32:58,676 - root - INFO - train data time=22.92564296722412, train step time=74.47247648239136, valid step time=148.65692687034607
2023-06-10 05:32:58,676 - root - INFO - Train loss: 0.23265139758586884. Valid loss: 0.2388438582420349
2023-06-10 05:37:06,039 - root - INFO - Val loss improved from 0.2388438582420349 to 0.2383233606815338
2023-06-10 05:37:07,141 - root - INFO - Time taken for epoch 198 is 248.4641637802124 sec
2023-06-10 05:37:07,141 - root - INFO - train data time=23.365280151367188, train step time=73.1978874206543, valid step time=146.112154006958
2023-06-10 05:37:07,141 - root - INFO - Train loss: 0.2141774296760559. Valid loss: 0.2383233606815338
2023-06-10 05:41:13,370 - root - INFO - Time taken for epoch 199 is 246.22837018966675 sec
2023-06-10 05:41:13,371 - root - INFO - train data time=22.151489973068237, train step time=73.39822578430176, valid step time=145.73852348327637
2023-06-10 05:41:13,371 - root - INFO - Train loss: 0.22447335720062256. Valid loss: 0.23877288401126862
2023-06-10 05:45:21,038 - root - INFO - Time taken for epoch 200 is 247.66714668273926 sec
2023-06-10 05:45:21,039 - root - INFO - train data time=22.316479682922363, train step time=76.08731937408447, valid step time=145.0543828010559
2023-06-10 05:45:21,039 - root - INFO - Train loss: 0.21579058468341827. Valid loss: 0.23862704634666443
2023-06-10 05:49:27,245 - root - INFO - Val loss improved from 0.2383233606815338 to 0.2378806173801422
2023-06-10 05:49:28,372 - root - INFO - Time taken for epoch 201 is 247.33283615112305 sec
2023-06-10 05:49:28,373 - root - INFO - train data time=22.28116774559021, train step time=73.5882523059845, valid step time=144.54795932769775
2023-06-10 05:49:28,373 - root - INFO - Train loss: 0.21663422882556915. Valid loss: 0.2378806173801422
2023-06-10 05:53:35,145 - root - INFO - Val loss improved from 0.2378806173801422 to 0.23761656880378723
2023-06-10 05:53:36,246 - root - INFO - Time taken for epoch 202 is 247.8725082874298 sec
2023-06-10 05:53:36,247 - root - INFO - train data time=23.337963819503784, train step time=72.58400201797485, valid step time=146.01601433753967
2023-06-10 05:53:36,247 - root - INFO - Train loss: 0.22555416822433472. Valid loss: 0.23761656880378723
2023-06-10 05:57:41,890 - root - INFO - Time taken for epoch 203 is 245.642826795578 sec
2023-06-10 05:57:41,891 - root - INFO - train data time=25.448336839675903, train step time=69.76834845542908, valid step time=145.63990306854248
2023-06-10 05:57:41,891 - root - INFO - Train loss: 0.21514931321144104. Valid loss: 0.23761853575706482
2023-06-10 06:01:50,602 - root - INFO - Time taken for epoch 204 is 248.71043133735657 sec
2023-06-10 06:01:50,622 - root - INFO - train data time=21.720688581466675, train step time=76.88159584999084, valid step time=145.9604024887085
2023-06-10 06:01:50,623 - root - INFO - Train loss: 0.2137712836265564. Valid loss: 0.23782505095005035
2023-06-10 06:05:58,731 - root - INFO - Val loss improved from 0.23761656880378723 to 0.2373831570148468
2023-06-10 06:05:59,823 - root - INFO - Time taken for epoch 205 is 249.1997983455658 sec
2023-06-10 06:05:59,823 - root - INFO - train data time=23.28934383392334, train step time=72.8280975818634, valid step time=146.10948991775513
2023-06-10 06:05:59,823 - root - INFO - Train loss: 0.21389754116535187. Valid loss: 0.2373831570148468
2023-06-10 06:10:08,211 - root - INFO - Val loss improved from 0.2373831570148468 to 0.23708847165107727
2023-06-10 06:10:09,272 - root - INFO - Time taken for epoch 206 is 249.4483892917633 sec
2023-06-10 06:10:09,273 - root - INFO - train data time=23.67642593383789, train step time=71.63064479827881, valid step time=147.78541660308838
2023-06-10 06:10:09,273 - root - INFO - Train loss: 0.21072062849998474. Valid loss: 0.23708847165107727
2023-06-10 06:14:18,309 - root - INFO - Time taken for epoch 207 is 249.03603839874268 sec
2023-06-10 06:14:18,310 - root - INFO - train data time=22.89503002166748, train step time=75.71003890037537, valid step time=146.0369622707367
2023-06-10 06:14:18,310 - root - INFO - Train loss: 0.21688318252563477. Valid loss: 0.23727518320083618
2023-06-10 06:18:24,398 - root - INFO - Time taken for epoch 208 is 246.0875072479248 sec
2023-06-10 06:18:24,399 - root - INFO - train data time=23.187333822250366, train step time=73.42989444732666, valid step time=145.51888132095337
2023-06-10 06:18:24,399 - root - INFO - Train loss: 0.21235856413841248. Valid loss: 0.24009235203266144
2023-06-10 06:22:35,767 - root - INFO - Val loss improved from 0.23708847165107727 to 0.23704540729522705
2023-06-10 06:22:36,790 - root - INFO - Time taken for epoch 209 is 252.3905770778656 sec
2023-06-10 06:22:36,790 - root - INFO - train data time=24.212894678115845, train step time=74.09188055992126, valid step time=149.01013684272766
2023-06-10 06:22:36,790 - root - INFO - Train loss: 0.21617457270622253. Valid loss: 0.23704540729522705
2023-06-10 06:26:43,968 - root - INFO - Val loss improved from 0.23704540729522705 to 0.23683016002178192
2023-06-10 06:26:45,013 - root - INFO - Time taken for epoch 210 is 248.22209763526917 sec
2023-06-10 06:26:45,013 - root - INFO - train data time=23.18424081802368, train step time=71.99584817886353, valid step time=146.56617832183838
2023-06-10 06:26:45,014 - root - INFO - Train loss: 0.2099163830280304. Valid loss: 0.23683016002178192
2023-06-10 06:30:51,853 - root - INFO - Time taken for epoch 211 is 246.8385715484619 sec
2023-06-10 06:30:51,853 - root - INFO - train data time=23.462955951690674, train step time=72.69857430458069, valid step time=145.5247528553009
2023-06-10 06:30:51,854 - root - INFO - Train loss: 0.2109338343143463. Valid loss: 0.23715394735336304
2023-06-10 06:35:02,150 - root - INFO - Val loss improved from 0.23683016002178192 to 0.23646561801433563
2023-06-10 06:35:03,287 - root - INFO - Time taken for epoch 212 is 251.43282270431519 sec
2023-06-10 06:35:03,288 - root - INFO - train data time=24.590372562408447, train step time=70.23910093307495, valid step time=150.60692501068115
2023-06-10 06:35:03,289 - root - INFO - Train loss: 0.20941099524497986. Valid loss: 0.23646561801433563
2023-06-10 06:39:10,920 - root - INFO - Time taken for epoch 213 is 247.63052463531494 sec
2023-06-10 06:39:10,920 - root - INFO - train data time=25.929269552230835, train step time=69.4051263332367, valid step time=146.5879487991333
2023-06-10 06:39:10,921 - root - INFO - Train loss: 0.20986172556877136. Valid loss: 0.23654186725616455
2023-06-10 06:43:14,738 - root - INFO - Time taken for epoch 214 is 243.81702518463135 sec
2023-06-10 06:43:14,739 - root - INFO - train data time=23.470208644866943, train step time=72.01859092712402, valid step time=142.96993827819824
2023-06-10 06:43:14,739 - root - INFO - Train loss: 0.22884312272071838. Valid loss: 0.237600177526474
2023-06-10 06:47:21,360 - root - INFO - Val loss improved from 0.23646561801433563 to 0.235870823264122
2023-06-10 06:47:22,463 - root - INFO - Time taken for epoch 215 is 247.72391176223755 sec
2023-06-10 06:47:22,464 - root - INFO - train data time=23.115731477737427, train step time=71.3033127784729, valid step time=146.7218153476715
2023-06-10 06:47:22,464 - root - INFO - Train loss: 0.20824505388736725. Valid loss: 0.235870823264122
2023-06-10 06:51:29,789 - root - INFO - Time taken for epoch 216 is 247.32478308677673 sec
2023-06-10 06:51:29,789 - root - INFO - train data time=23.329030513763428, train step time=72.14639711380005, valid step time=145.8447117805481
2023-06-10 06:51:29,790 - root - INFO - Train loss: 0.20862416923046112. Valid loss: 0.23813189566135406
2023-06-10 06:55:34,311 - root - INFO - Time taken for epoch 217 is 244.52106761932373 sec
2023-06-10 06:55:34,312 - root - INFO - train data time=23.367823123931885, train step time=72.20149350166321, valid step time=143.6002073287964
2023-06-10 06:55:34,312 - root - INFO - Train loss: 0.20908653736114502. Valid loss: 0.23638685047626495
2023-06-10 06:59:39,115 - root - INFO - Time taken for epoch 218 is 244.80285739898682 sec
2023-06-10 06:59:39,116 - root - INFO - train data time=24.715255737304688, train step time=71.08170485496521, valid step time=144.22700333595276
2023-06-10 06:59:39,116 - root - INFO - Train loss: 0.2116910219192505. Valid loss: 0.23603062331676483
2023-06-10 07:03:47,278 - root - INFO - Time taken for epoch 219 is 248.16111254692078 sec
2023-06-10 07:03:47,278 - root - INFO - train data time=23.166821241378784, train step time=72.27871561050415, valid step time=146.69619512557983
2023-06-10 07:03:47,279 - root - INFO - Train loss: 0.20988157391548157. Valid loss: 0.2361220419406891
2023-06-10 07:07:52,114 - root - INFO - Time taken for epoch 220 is 244.83531546592712 sec
2023-06-10 07:07:52,115 - root - INFO - train data time=24.047898292541504, train step time=70.31917357444763, valid step time=144.57860398292542
2023-06-10 07:07:52,115 - root - INFO - Train loss: 0.20976227521896362. Valid loss: 0.23599742352962494
2023-06-10 07:11:59,568 - root - INFO - Time taken for epoch 221 is 247.45301723480225 sec
2023-06-10 07:11:59,569 - root - INFO - train data time=22.213759422302246, train step time=74.09330034255981, valid step time=144.8656871318817
2023-06-10 07:11:59,569 - root - INFO - Train loss: 0.21078486740589142. Valid loss: 0.23598723113536835
2023-06-10 07:16:10,231 - root - INFO - Time taken for epoch 222 is 250.6614317893982 sec
2023-06-10 07:16:10,232 - root - INFO - train data time=22.80110478401184, train step time=74.18787598609924, valid step time=148.52974677085876
2023-06-10 07:16:10,232 - root - INFO - Train loss: 0.20699931681156158. Valid loss: 0.23632831871509552
2023-06-10 07:20:17,328 - root - INFO - Time taken for epoch 223 is 247.0955686569214 sec
2023-06-10 07:20:17,329 - root - INFO - train data time=23.151819944381714, train step time=72.43544554710388, valid step time=146.47725343704224
2023-06-10 07:20:17,329 - root - INFO - Train loss: 0.20728710293769836. Valid loss: 0.23589205741882324
2023-06-10 07:24:21,525 - root - INFO - Time taken for epoch 224 is 244.1961588859558 sec
2023-06-10 07:24:21,526 - root - INFO - train data time=25.53289294242859, train step time=71.37477564811707, valid step time=143.02408480644226
2023-06-10 07:24:21,526 - root - INFO - Train loss: 0.2052198201417923. Valid loss: 0.23620836436748505
2023-06-10 07:28:26,057 - root - INFO - Time taken for epoch 225 is 244.5306692123413 sec
2023-06-10 07:28:26,058 - root - INFO - train data time=24.195146799087524, train step time=71.27024388313293, valid step time=143.6084668636322
2023-06-10 07:28:26,058 - root - INFO - Train loss: 0.20931540429592133. Valid loss: 0.23625707626342773
2023-06-10 07:32:29,366 - root - INFO - Time taken for epoch 226 is 243.30766534805298 sec
2023-06-10 07:32:29,368 - root - INFO - train data time=24.9430730342865, train step time=69.40313673019409, valid step time=144.2507562637329
2023-06-10 07:32:29,369 - root - INFO - Train loss: 0.20722851157188416. Valid loss: 0.23760122060775757
2023-06-10 07:36:33,361 - root - INFO - Time taken for epoch 227 is 243.99169611930847 sec
2023-06-10 07:36:33,361 - root - INFO - train data time=23.37392234802246, train step time=72.77219009399414, valid step time=142.90868258476257
2023-06-10 07:36:33,362 - root - INFO - Train loss: 0.21200090646743774. Valid loss: 0.2372332364320755
2023-06-10 07:40:36,385 - root - INFO - Time taken for epoch 228 is 243.02263164520264 sec
2023-06-10 07:40:36,385 - root - INFO - train data time=25.280815362930298, train step time=68.31053853034973, valid step time=144.26404857635498
2023-06-10 07:40:36,386 - root - INFO - Train loss: 0.20787331461906433. Valid loss: 0.2359510213136673
2023-06-10 07:44:41,368 - root - INFO - Val loss improved from 0.235870823264122 to 0.23520559072494507
2023-06-10 07:44:42,475 - root - INFO - Time taken for epoch 229 is 246.0887472629547 sec
2023-06-10 07:44:42,476 - root - INFO - train data time=23.82845401763916, train step time=69.67811393737793, valid step time=145.44845533370972
2023-06-10 07:44:42,476 - root - INFO - Train loss: 0.23785822093486786. Valid loss: 0.23520559072494507
2023-06-10 07:48:46,393 - root - INFO - Time taken for epoch 230 is 243.91684746742249 sec
2023-06-10 07:48:46,394 - root - INFO - train data time=26.697976112365723, train step time=67.74014210700989, valid step time=143.33531069755554
2023-06-10 07:48:46,394 - root - INFO - Train loss: 0.206784188747406. Valid loss: 0.23619481921195984
2023-06-10 07:52:47,393 - root - INFO - Time taken for epoch 231 is 240.99854946136475 sec
2023-06-10 07:52:47,394 - root - INFO - train data time=25.218492031097412, train step time=68.1571593284607, valid step time=142.061133146286
2023-06-10 07:52:47,394 - root - INFO - Train loss: 0.2088111937046051. Valid loss: 0.23582881689071655
2023-06-10 07:56:46,722 - root - INFO - Time taken for epoch 232 is 239.327330827713 sec
2023-06-10 07:56:46,722 - root - INFO - train data time=24.695894718170166, train step time=69.52702951431274, valid step time=140.30566120147705
2023-06-10 07:56:46,723 - root - INFO - Train loss: 0.24979345500469208. Valid loss: 0.23731911182403564
2023-06-10 08:00:47,760 - root - INFO - Time taken for epoch 233 is 241.03716039657593 sec
2023-06-10 08:00:47,764 - root - INFO - train data time=31.64749813079834, train step time=61.43568134307861, valid step time=141.52153992652893
2023-06-10 08:00:47,764 - root - INFO - Train loss: 0.20480391383171082. Valid loss: 0.23585331439971924
2023-06-10 08:04:48,487 - root - INFO - Time taken for epoch 234 is 240.72165274620056 sec
2023-06-10 08:04:48,487 - root - INFO - train data time=29.304565906524658, train step time=64.28877139091492, valid step time=140.37223505973816
2023-06-10 08:04:48,488 - root - INFO - Train loss: 0.22230666875839233. Valid loss: 0.23617255687713623
2023-06-10 08:08:57,786 - root - INFO - Time taken for epoch 235 is 249.29851007461548 sec
2023-06-10 08:08:57,787 - root - INFO - train data time=28.57992696762085, train step time=66.70765447616577, valid step time=148.02844405174255
2023-06-10 08:08:57,787 - root - INFO - Train loss: 0.20900066196918488. Valid loss: 0.23560486733913422
2023-06-10 08:13:05,214 - root - INFO - Time taken for epoch 236 is 247.42600679397583 sec
2023-06-10 08:13:05,214 - root - INFO - train data time=27.43799328804016, train step time=67.71818256378174, valid step time=146.88191962242126
2023-06-10 08:13:05,215 - root - INFO - Train loss: 0.2020677924156189. Valid loss: 0.23540601134300232
2023-06-10 08:17:09,527 - root - INFO - Time taken for epoch 237 is 244.31237292289734 sec
2023-06-10 08:17:09,528 - root - INFO - train data time=28.61060643196106, train step time=67.70305800437927, valid step time=143.15440106391907
2023-06-10 08:17:09,528 - root - INFO - Train loss: 0.20653024315834045. Valid loss: 0.23606428503990173
2023-06-10 08:21:10,535 - root - INFO - Time taken for epoch 238 is 241.00650191307068 sec
2023-06-10 08:21:10,536 - root - INFO - train data time=28.086369514465332, train step time=66.04835748672485, valid step time=140.89366030693054
2023-06-10 08:21:10,536 - root - INFO - Train loss: 0.20481258630752563. Valid loss: 0.23691332340240479
2023-06-10 08:25:17,497 - root - INFO - Time taken for epoch 239 is 246.9609694480896 sec
2023-06-10 08:25:17,498 - root - INFO - train data time=27.478214740753174, train step time=69.42196226119995, valid step time=145.2577519416809
2023-06-10 08:25:17,498 - root - INFO - Train loss: 0.20985151827335358. Valid loss: 0.2374739646911621
2023-06-10 08:29:24,218 - root - INFO - Time taken for epoch 240 is 246.71957802772522 sec
2023-06-10 08:29:24,219 - root - INFO - train data time=30.876275300979614, train step time=64.84321117401123, valid step time=147.1516797542572
2023-06-10 08:29:24,219 - root - INFO - Train loss: 0.2142105996608734. Valid loss: 0.23697058856487274
2023-06-10 08:33:30,239 - root - INFO - Time taken for epoch 241 is 246.01931500434875 sec
2023-06-10 08:33:30,240 - root - INFO - train data time=28.45276975631714, train step time=67.52675032615662, valid step time=144.76139211654663
2023-06-10 08:33:30,240 - root - INFO - Train loss: 0.2036784589290619. Valid loss: 0.236414834856987
2023-06-10 08:37:35,462 - root - INFO - Time taken for epoch 242 is 245.2213854789734 sec
2023-06-10 08:37:35,462 - root - INFO - train data time=30.240925788879395, train step time=65.64243459701538, valid step time=144.5895495414734
2023-06-10 08:37:35,462 - root - INFO - Train loss: 0.20702984929084778. Valid loss: 0.23793596029281616
2023-06-10 08:41:43,224 - root - INFO - Time taken for epoch 243 is 247.76161336898804 sec
2023-06-10 08:41:43,225 - root - INFO - train data time=29.487537622451782, train step time=67.03092908859253, valid step time=146.53294348716736
2023-06-10 08:41:43,226 - root - INFO - Train loss: 0.20721597969532013. Valid loss: 0.23646101355552673
2023-06-10 08:45:46,984 - root - INFO - Time taken for epoch 244 is 243.75815987586975 sec
2023-06-10 08:45:46,985 - root - INFO - train data time=30.76217770576477, train step time=64.70203900337219, valid step time=143.4517183303833
2023-06-10 08:45:46,985 - root - INFO - Train loss: 0.208031564950943. Valid loss: 0.23539230227470398
2023-06-10 08:49:56,249 - root - INFO - Time taken for epoch 245 is 249.2634093761444 sec
2023-06-10 08:49:56,249 - root - INFO - train data time=30.182070016860962, train step time=69.24308347702026, valid step time=145.7971112728119
2023-06-10 08:49:56,250 - root - INFO - Train loss: 0.20308735966682434. Valid loss: 0.2359817624092102
2023-06-10 08:54:02,643 - root - INFO - Time taken for epoch 246 is 246.39320921897888 sec
2023-06-10 08:54:02,672 - root - INFO - train data time=30.989632844924927, train step time=66.13481163978577, valid step time=144.96754574775696
2023-06-10 08:54:02,673 - root - INFO - Train loss: 0.20294465124607086. Valid loss: 0.2352798730134964
2023-06-10 08:58:09,165 - root - INFO - Val loss improved from 0.23520559072494507 to 0.23497159779071808
2023-06-10 08:58:10,446 - root - INFO - Time taken for epoch 247 is 247.77269315719604 sec
2023-06-10 08:58:10,446 - root - INFO - train data time=29.28317403793335, train step time=65.46577715873718, valid step time=145.19819569587708
2023-06-10 08:58:10,446 - root - INFO - Train loss: 0.20670947432518005. Valid loss: 0.23497159779071808
2023-06-10 09:02:14,170 - root - INFO - Time taken for epoch 248 is 243.7228546142578 sec
2023-06-10 09:02:14,170 - root - INFO - train data time=30.81358051300049, train step time=63.74240469932556, valid step time=143.02988409996033
2023-06-10 09:02:14,171 - root - INFO - Train loss: 0.20298245549201965. Valid loss: 0.23545747995376587
2023-06-10 09:06:17,199 - root - INFO - Time taken for epoch 249 is 243.02764678001404 sec
2023-06-10 09:06:17,199 - root - INFO - train data time=30.83028292655945, train step time=63.80856680870056, valid step time=142.56549310684204
2023-06-10 09:06:17,200 - root - INFO - Train loss: 0.20749111473560333. Valid loss: 0.23818466067314148
2023-06-10 09:10:26,939 - root - INFO - Time taken for epoch 250 is 249.73918533325195 sec
2023-06-10 09:10:26,940 - root - INFO - train data time=30.722691297531128, train step time=65.58863854408264, valid step time=148.36464500427246
2023-06-10 09:10:26,940 - root - INFO - Train loss: 0.2100127935409546. Valid loss: 0.23716910183429718
2023-06-10 09:14:34,303 - root - INFO - Time taken for epoch 251 is 247.36303973197937 sec
2023-06-10 09:14:34,304 - root - INFO - train data time=31.71471858024597, train step time=62.97467017173767, valid step time=145.91710710525513
2023-06-10 09:14:34,304 - root - INFO - Train loss: 0.21054455637931824. Valid loss: 0.23721782863140106
2023-06-10 09:18:42,981 - root - INFO - Time taken for epoch 252 is 248.67667174339294 sec
2023-06-10 09:18:42,982 - root - INFO - train data time=29.061378479003906, train step time=67.28263568878174, valid step time=146.83217000961304
2023-06-10 09:18:42,982 - root - INFO - Train loss: 0.23123382031917572. Valid loss: 0.237193301320076
2023-06-10 09:22:52,909 - root - INFO - Time taken for epoch 253 is 249.92648220062256 sec
2023-06-10 09:22:52,910 - root - INFO - train data time=30.598880767822266, train step time=65.26573967933655, valid step time=148.80024361610413
2023-06-10 09:22:52,910 - root - INFO - Train loss: 0.21043559908866882. Valid loss: 0.23694626986980438
2023-06-10 09:27:00,326 - root - INFO - Time taken for epoch 254 is 247.4158058166504 sec
2023-06-10 09:27:00,327 - root - INFO - train data time=30.14850354194641, train step time=66.24524688720703, valid step time=146.32835960388184
2023-06-10 09:27:00,327 - root - INFO - Train loss: 0.2031208574771881. Valid loss: 0.23541343212127686
2023-06-10 09:31:11,004 - root - INFO - Time taken for epoch 255 is 250.67622566223145 sec
2023-06-10 09:31:11,005 - root - INFO - train data time=29.725480318069458, train step time=67.28811621665955, valid step time=149.0534269809723
2023-06-10 09:31:11,005 - root - INFO - Train loss: 0.20816859602928162. Valid loss: 0.23527708649635315
2023-06-10 09:35:19,707 - root - INFO - Time taken for epoch 256 is 248.70189261436462 sec
2023-06-10 09:35:19,708 - root - INFO - train data time=29.521798133850098, train step time=67.47491335868835, valid step time=146.48704838752747
2023-06-10 09:35:19,708 - root - INFO - Train loss: 0.2044483721256256. Valid loss: 0.2355634719133377
2023-06-10 09:39:25,937 - root - INFO - Time taken for epoch 257 is 246.22818040847778 sec
2023-06-10 09:39:25,937 - root - INFO - train data time=30.877787113189697, train step time=64.10153365135193, valid step time=145.64663076400757
2023-06-10 09:39:25,938 - root - INFO - Train loss: 0.20531994104385376. Valid loss: 0.23532919585704803
2023-06-10 09:43:32,521 - root - INFO - Time taken for epoch 258 is 246.5831434726715 sec
2023-06-10 09:43:32,522 - root - INFO - train data time=31.038450956344604, train step time=65.11857461929321, valid step time=145.56819581985474
2023-06-10 09:43:32,522 - root - INFO - Train loss: 0.20711193978786469. Valid loss: 0.2352210432291031
2023-06-10 09:47:40,362 - root - INFO - Time taken for epoch 259 is 247.83942079544067 sec
2023-06-10 09:47:40,363 - root - INFO - train data time=30.75796341896057, train step time=63.49803876876831, valid step time=146.80292415618896
2023-06-10 09:47:40,363 - root - INFO - Train loss: 0.20386013388633728. Valid loss: 0.23623594641685486
2023-06-10 09:51:48,431 - root - INFO - Time taken for epoch 260 is 248.06772875785828 sec
2023-06-10 09:51:48,432 - root - INFO - train data time=29.91994595527649, train step time=64.65171837806702, valid step time=148.0857801437378
2023-06-10 09:51:48,432 - root - INFO - Train loss: 0.21641775965690613. Valid loss: 0.2422432154417038
2023-06-10 09:55:56,581 - root - INFO - Time taken for epoch 261 is 248.14885997772217 sec
2023-06-10 09:55:56,582 - root - INFO - train data time=29.78188419342041, train step time=66.69544720649719, valid step time=146.5996277332306
2023-06-10 09:55:56,582 - root - INFO - Train loss: 0.21362146735191345. Valid loss: 0.23505912721157074
2023-06-10 10:00:02,773 - root - INFO - Time taken for epoch 262 is 246.1905815601349 sec
2023-06-10 10:00:02,774 - root - INFO - train data time=30.902841091156006, train step time=65.32803153991699, valid step time=145.43483424186707
2023-06-10 10:00:02,774 - root - INFO - Train loss: 0.20397993922233582. Valid loss: 0.23526038229465485
2023-06-10 10:04:10,874 - root - INFO - Time taken for epoch 263 is 248.09954166412354 sec
2023-06-10 10:04:10,875 - root - INFO - train data time=32.710479974746704, train step time=62.52177953720093, valid step time=146.93912720680237
2023-06-10 10:04:10,875 - root - INFO - Train loss: 0.20916017889976501. Valid loss: 0.23520433902740479
2023-06-10 10:08:20,410 - root - INFO - Time taken for epoch 264 is 249.5346381664276 sec
2023-06-10 10:08:20,411 - root - INFO - train data time=30.533345937728882, train step time=66.05196762084961, valid step time=148.49001669883728
2023-06-10 10:08:20,411 - root - INFO - Train loss: 0.2052556723356247. Valid loss: 0.23576660454273224
2023-06-10 10:12:30,160 - root - INFO - Time taken for epoch 265 is 249.7487244606018 sec
2023-06-10 10:12:30,161 - root - INFO - train data time=30.04489493370056, train step time=66.29003858566284, valid step time=147.89933156967163
2023-06-10 10:12:30,161 - root - INFO - Train loss: 0.21580937504768372. Valid loss: 0.2377171367406845
2023-06-10 10:16:39,602 - root - INFO - Time taken for epoch 266 is 249.44088888168335 sec
2023-06-10 10:16:39,603 - root - INFO - train data time=27.910813808441162, train step time=68.91444396972656, valid step time=147.9972140789032
2023-06-10 10:16:39,603 - root - INFO - Train loss: 0.20372958481311798. Valid loss: 0.23710432648658752
2023-06-10 10:20:44,691 - root - INFO - Time taken for epoch 267 is 245.0872585773468 sec
2023-06-10 10:20:44,692 - root - INFO - train data time=31.67281746864319, train step time=64.08535671234131, valid step time=143.57259130477905
2023-06-10 10:20:44,692 - root - INFO - Train loss: 0.2065930813550949. Valid loss: 0.2365858107805252
2023-06-10 10:24:50,018 - root - INFO - Time taken for epoch 268 is 245.32585525512695 sec
2023-06-10 10:24:50,019 - root - INFO - train data time=26.23684334754944, train step time=67.46198415756226, valid step time=145.4784083366394
2023-06-10 10:24:50,019 - root - INFO - Train loss: 0.20650574564933777. Valid loss: 0.23724700510501862
2023-06-10 10:28:57,127 - root - INFO - Time taken for epoch 269 is 247.10732913017273 sec
2023-06-10 10:28:57,128 - root - INFO - train data time=26.75116491317749, train step time=69.38887691497803, valid step time=145.44316387176514
2023-06-10 10:28:57,128 - root - INFO - Train loss: 0.2050897479057312. Valid loss: 0.23642447590827942
2023-06-10 10:33:00,320 - root - INFO - Time taken for epoch 270 is 243.19150733947754 sec
2023-06-10 10:33:00,321 - root - INFO - train data time=27.125746488571167, train step time=65.9408667087555, valid step time=143.05968046188354
2023-06-10 10:33:00,321 - root - INFO - Train loss: 0.20546789467334747. Valid loss: 0.23636502027511597
2023-06-10 10:37:06,178 - root - INFO - Val loss improved from 0.23497159779071808 to 0.23479022085666656
2023-06-10 10:37:07,089 - root - INFO - Time taken for epoch 271 is 246.76727175712585 sec
2023-06-10 10:37:07,089 - root - INFO - train data time=23.762461185455322, train step time=71.41146421432495, valid step time=146.2534327507019
2023-06-10 10:37:07,090 - root - INFO - Train loss: 0.20339404046535492. Valid loss: 0.23479022085666656
2023-06-10 10:41:10,354 - root - INFO - Time taken for epoch 272 is 243.2642056941986 sec
2023-06-10 10:41:10,355 - root - INFO - train data time=21.96726417541504, train step time=71.40423464775085, valid step time=144.21189618110657
2023-06-10 10:41:10,355 - root - INFO - Train loss: 0.20235848426818848. Valid loss: 0.23535268008708954
2023-06-10 10:45:13,772 - root - INFO - Time taken for epoch 273 is 243.41626477241516 sec
2023-06-10 10:45:13,775 - root - INFO - train data time=22.898629426956177, train step time=71.56492280960083, valid step time=144.25411653518677
2023-06-10 10:45:13,775 - root - INFO - Train loss: 0.20290663838386536. Valid loss: 0.23533666133880615
